   6.28318530718       0.00000000000    
   12.5663706144      0.915239788596E-02
   18.8495559215      0.174155393788E-04
   25.1327412287      0.837025015789E-06
   31.4159265359      0.691625442203E-07
   37.6991118431      0.122116176545E-07
   43.9822971503      0.222291756564E-08
   50.2654824574      0.673108137634E-09
   56.5486677646      0.180516392061E-09
   62.8318530718      0.638391626771E-10
   69.1150383790      0.219151411186E-10
   75.3982236862      0.973606409329E-11
   81.6814089933      0.546040217391E-11
   87.9645943005      0.387031411251E-11
   94.2477796077      0.321049161861E-11
   100.530964915      0.316267891653E-11
   106.814150222      0.319258218116E-11
   113.097335529      0.308814563100E-11
   119.380520836      0.311645828320E-11
   125.663706144      0.310568585528E-11
   131.946891451      0.296366117882E-11
   138.230076758      0.252794348598E-11
   144.513262065      0.252831861844E-11
   150.796447372      0.232198957458E-11
   157.079632679      0.192694204814E-11
   163.362817987      0.164698966310E-11
   169.646003294      0.144153766473E-11
   175.929188601      0.117107356910E-11
   182.212373908      0.825473915680E-12
   188.495559215      0.653756605829E-12
   194.778744523      0.456278451339E-12
   201.061929830      0.310575519951E-12
   207.345115137      0.179214103943E-12
   213.628300444      0.106849375356E-12
   219.911485751      0.524954454877E-13
   226.194671058      0.209908489843E-13
   232.477856366      0.618780490851E-14
   238.761041673      0.149920828062E-14
   245.044226980      0.577658749221E-15
   251.327412287      0.794367575356E-15
   257.610597594      0.811109898204E-15
   263.893782902      0.492473855309E-15
   270.176968209      0.170748292619E-15
   276.460153516      0.398134908748E-16
   282.743338823      0.362809999275E-16
   289.026524130      0.412724935051E-16
   295.309709437      0.194593669716E-16
   301.592894745      0.612880495631E-17
   307.876080052      0.438674639366E-17
   314.159265359      0.421828220507E-17
   320.442450666      0.158231409920E-17
   326.725635973      0.847748056504E-18
   333.008821281      0.705486016028E-18
   339.292006588      0.340895221961E-18
   345.575191895      0.182654229795E-18
   351.858377202      0.132951955466E-18
   358.141562509      0.645532696599E-19
   364.424747816      0.423491779601E-19
   370.707933124      0.264099532573E-19
   376.991118431      0.150092661692E-19
   383.274303738      0.102751184498E-19
   389.557489045      0.646693174183E-20
   395.840674352      0.466534011400E-20
   402.123859659      0.344958080553E-20
   408.407044967      0.252469102231E-20
   414.690230274      0.207666975434E-20
   420.973415581      0.160423326633E-20
   427.256600888      0.144473355513E-20
   433.539786195      0.124385223484E-20
   439.822971503      0.104204064964E-20
   446.106156810      0.829933917527E-21
   452.389342117      0.727758669850E-21
   458.672527424      0.603932954938E-21
   464.955712731      0.491016504464E-21
   471.238898038      0.372216733352E-21
   477.522083346      0.282703094391E-21
   483.805268653      0.211354787372E-21
   490.088453960      0.168050280253E-21
   496.371639267      0.122731875837E-21
   502.654824574      0.912357716153E-22
   508.938009882      0.572859830545E-22
   515.221195189      0.308253636296E-22
   521.504380496      0.205640530472E-22
   527.787565803      0.133592278401E-22
   534.070751110      0.470415944039E-23
   540.353936417      0.178423009105E-23
   546.637121725      0.189330690683E-23
   552.920307032      0.687445202974E-24
   559.203492339      0.397956036861E-24
   565.486677646      0.244842322574E-24
   571.769862953      0.861357942677E-25
   578.053048261      0.356254961287E-25
   584.336233568      0.679371011831E-26
   590.619418875      0.107303028214E-26
   596.902604182      0.334219532291E-27
   603.185789489      0.235147205403E-28
   609.468974796      0.438082784318E-30
   615.752160104      0.255907545221E-31
   622.035345411      0.540419264280E-34
   628.318530718      0.234520670784E-35
   634.601716025      0.242762796574E-35
   640.884901332      0.219186420869E-35
   647.168086639      0.184944637795E-35
   653.451271947      0.182741398259E-35
   659.734457254      0.179434536082E-35
   666.017642561      0.175475637592E-35
   672.300827868      0.167474518224E-35
   678.584013175      0.127457356317E-35
   684.867198483      0.123094407617E-35
   691.150383790      0.112142087187E-35
   697.433569097      0.961324691858E-36
   703.716754404      0.107756316075E-35
   709.999939711      0.880653201267E-36
   716.283125018      0.915608183533E-36
   722.566310326      0.685845972855E-36
   728.849495633      0.713991931984E-36
   735.132680940      0.702537330413E-36
   741.415866247      0.510003023413E-36
   747.699051554      0.442519805317E-36
   753.982236862      0.388861106971E-36
   760.265422169      0.344132554395E-36
   766.548607476      0.292094457636E-36
   772.831792783      0.264153092046E-36
   779.114978090      0.234323993723E-36
   785.398163397      0.212611448928E-36
   791.681348705      0.190202960821E-36
   797.964534012      0.166078801619E-36
   804.247719319      0.154005904929E-36
   810.530904626      0.134257689270E-36
   816.814089933      0.117744598794E-36
   823.097275241      0.103500617360E-36
   829.380460548      0.922935877886E-37
   835.663645855      0.761818791815E-37
   841.946831162      0.661834785103E-37
   848.230016469      0.581647836101E-37
   854.513201776      0.468670190748E-37
   860.796387084      0.386147979338E-37
   867.079572391      0.291819136442E-37
   873.362757698      0.270026961988E-37
   879.645943005      0.210109707083E-37
   885.929128312      0.159788090188E-37
   892.212313620      0.788092203995E-38
   898.495498927      0.967004398613E-38
   904.778684234      0.612765190781E-38
   911.061869541      0.299411417072E-38
   917.345054848      0.732000177631E-39
   923.628240155      0.512847949356E-39
   929.911425463      0.602019921559E-40
   936.194610770       0.00000000000    
   942.477796077       0.00000000000    
   948.760981384       0.00000000000    
   955.044166691       0.00000000000    
   961.327351998       0.00000000000    
   967.610537306       0.00000000000    
   973.893722613       0.00000000000    
   980.176907920       0.00000000000    
   986.460093227       0.00000000000    
   992.743278534       0.00000000000    
   999.026463842       0.00000000000    
   1005.30964915       0.00000000000    
   1011.59283446       0.00000000000    
   1017.87601976       0.00000000000    
   1024.15920507       0.00000000000    
   1030.44239038       0.00000000000    
   1036.72557568       0.00000000000    
   1043.00876099       0.00000000000    
   1049.29194630       0.00000000000    
   1055.57513161       0.00000000000    
   1061.85831691       0.00000000000    
   1068.14150222       0.00000000000    
   1074.42468753       0.00000000000    
   1080.70787283       0.00000000000    
   1086.99105814       0.00000000000    
   1093.27424345       0.00000000000    
   1099.55742876       0.00000000000    
   1105.84061406       0.00000000000    
   1112.12379937       0.00000000000    
   1118.40698468       0.00000000000    
   1124.69016999       0.00000000000    
   1130.97335529       0.00000000000    
   1137.25654060       0.00000000000    
   1143.53972591       0.00000000000    
   1149.82291121       0.00000000000    
   1156.10609652       0.00000000000    
   1162.38928183       0.00000000000    
   1168.67246714       0.00000000000    
   1174.95565244       0.00000000000    
   1181.23883775       0.00000000000    
   1187.52202306       0.00000000000    
   1193.80520836       0.00000000000    
   1200.08839367       0.00000000000    
   1206.37157898       0.00000000000    
   1212.65476429       0.00000000000    
   1218.93794959       0.00000000000    
   1225.22113490       0.00000000000    
   1231.50432021       0.00000000000    
   1237.78750551       0.00000000000    
   1244.07069082       0.00000000000    
   1250.35387613       0.00000000000    
   1256.63706144       0.00000000000    
   1262.92024674       0.00000000000    
   1269.20343205       0.00000000000    
   1275.48661736       0.00000000000    
   1281.76980266       0.00000000000    
   1288.05298797       0.00000000000    
   1294.33617328       0.00000000000    
   1300.61935859       0.00000000000    
   1306.90254389       0.00000000000    
   1313.18572920       0.00000000000    
   1319.46891451       0.00000000000    
   1325.75209981       0.00000000000    
   1332.03528512       0.00000000000    
   1338.31847043       0.00000000000    
   1344.60165574       0.00000000000    
   1350.88484104       0.00000000000    
   1357.16802635       0.00000000000    
   1363.45121166       0.00000000000    
   1369.73439697       0.00000000000    
   1376.01758227       0.00000000000    
   1382.30076758       0.00000000000    
   1388.58395289       0.00000000000    
   1394.86713819       0.00000000000    
   6.28318530718      0.459749323150E-37
   12.5663706144      0.914689916218E-02
   18.8495559215      0.222743749771E-04
   25.1327412287      0.110048080727E-05
   31.4159265359      0.927971688941E-07
   37.6991118431      0.185923418272E-07
   43.9822971503      0.315430412219E-08
   50.2654824574      0.101704710214E-08
   56.5486677646      0.271761001902E-09
   62.8318530718      0.979810028457E-10
   69.1150383790      0.336845106776E-10
   75.3982236862      0.136348214744E-10
   81.6814089933      0.664836821136E-11
   87.9645943005      0.382859688069E-11
   94.2477796077      0.271627215245E-11
   100.530964915      0.254065908874E-11
   106.814150222      0.251832079007E-11
   113.097335529      0.246024437796E-11
   119.380520836      0.255339512448E-11
   125.663706144      0.267344215197E-11
   131.946891451      0.264468159685E-11
   138.230076758      0.231885254549E-11
   144.513262065      0.247131270935E-11
   150.796447372      0.239104901248E-11
   157.079632679      0.208408848076E-11
   163.362817987      0.186165392795E-11
   169.646003294      0.176389948535E-11
   175.929188601      0.152311630458E-11
   182.212373908      0.114545335695E-11
   188.495559215      0.978202074064E-12
   194.778744523      0.758591765553E-12
   201.061929830      0.568250910504E-12
   207.345115137      0.370221921520E-12
   213.628300444      0.258808211971E-12
   219.911485751      0.156420781787E-12
   226.194671058      0.827788357673E-13
   232.477856366      0.367109150576E-13
   238.761041673      0.153243526440E-13
   245.044226980      0.416645199780E-14
   251.327412287      0.870495121599E-15
   257.610597594      0.543572017102E-15
   263.893782902      0.654123695367E-15
   270.176968209      0.522299487825E-15
   276.460153516      0.234492430845E-15
   282.743338823      0.605931773509E-16
   289.026524130      0.281067014095E-16
   295.309709437      0.315961374399E-16
   301.592894745      0.213498659780E-16
   307.876080052      0.663330041612E-17
   314.159265359      0.373392956161E-17
   320.442450666      0.315039418473E-17
   326.725635973      0.151360560284E-17
   333.008821281      0.679541891185E-18
   339.292006588      0.555918354577E-18
   345.575191895      0.271904080815E-18
   351.858377202      0.149299349447E-18
   358.141562509      0.945147735025E-19
   364.424747816      0.504129163914E-19
   370.707933124      0.322983047148E-19
   376.991118431      0.186685976401E-19
   383.274303738      0.118369602676E-19
   389.557489045      0.751528346010E-20
   395.840674352      0.511209097754E-20
   402.123859659      0.375545105612E-20
   408.407044967      0.272540327280E-20
   414.690230274      0.216006546543E-20
   420.973415581      0.169867419416E-20
   427.256600888      0.148483662761E-20
   433.539786195      0.127223180540E-20
   439.822971503      0.105844816583E-20
   446.106156810      0.828607175384E-21
   452.389342117      0.755016521403E-21
   458.672527424      0.603793770284E-21
   464.955712731      0.496303339087E-21
   471.238898038      0.373333082895E-21
   477.522083346      0.283829726158E-21
   483.805268653      0.214956285859E-21
   490.088453960      0.167702289037E-21
   496.371639267      0.121865351849E-21
   502.654824574      0.912957223666E-22
   508.938009882      0.567131298117E-22
   515.221195189      0.301282048188E-22
   521.504380496      0.203069737773E-22
   527.787565803      0.132591094428E-22
   534.070751110      0.453050699151E-23
   540.353936417      0.174166101566E-23
   546.637121725      0.186351263495E-23
   552.920307032      0.705563916747E-24
   559.203492339      0.325830748272E-24
   565.486677646      0.214176069461E-24
   571.769862953      0.939129354477E-25
   578.053048261      0.282404419593E-25
   584.336233568      0.476155957137E-26
   590.619418875      0.915981955383E-27
   596.902604182      0.312716501287E-27
   603.185789489      0.235147428972E-28
   609.468974796      0.438121058330E-30
   615.752160104      0.256048748860E-31
   622.035345411      0.645699027707E-34
   628.318530718      0.125369452245E-34
   634.601716025      0.133712320052E-34
   640.884901332      0.118889443093E-34
   647.168086639      0.971762474468E-35
   653.451271947      0.113472251134E-34
   659.734457254      0.121027538546E-34
   666.017642561      0.109734308172E-34
   672.300827868      0.104976395710E-34
   678.584013175      0.100890960969E-34
   684.867198483      0.114285692438E-34
   691.150383790      0.866328475827E-35
   697.433569097      0.965794358946E-35
   703.716754404      0.140206418543E-34
   709.999939711      0.210039056556E-34
   716.283125018      0.152936913351E-34
   722.566310326      0.101116733520E-34
   728.849495633      0.107695822131E-34
   735.132680940      0.121076617757E-34
   741.415866247      0.955894790715E-35
   747.699051554      0.857947649077E-35
   753.982236862      0.975454146660E-35
   760.265422169      0.108073403312E-34
   766.548607476      0.986490921844E-35
   772.831792783      0.881004353260E-35
   779.114978090      0.910086238413E-35
   785.398163397      0.113393055126E-34
   791.681348705      0.855342898801E-35
   797.964534012      0.942409191432E-35
   804.247719319      0.182425088786E-34
   810.530904626      0.122633577164E-34
   816.814089933      0.888156754029E-35
   823.097275241      0.842050913241E-35
   829.380460548      0.766969882480E-35
   835.663645855      0.823519007579E-35
   841.946831162      0.741379809079E-35
   848.230016469      0.677724170296E-35
   854.513201776      0.733483644457E-35
   860.796387084      0.711389776070E-35
   867.079572391      0.666685628370E-35
   873.362757698      0.695559293857E-35
   879.645943005      0.616101017944E-35
   885.929128312      0.658295471239E-35
   892.212313620      0.583933066217E-35
   898.495498927      0.599763139507E-35
   904.778684234      0.586344818484E-35
   911.061869541      0.545731756064E-35
   917.345054848      0.553837223950E-35
   923.628240155      0.537932918191E-35
   929.911425463      0.508721464266E-35
   936.194610770      0.519441061333E-35
   942.477796077      0.503807185539E-35
   948.760981384      0.492128705222E-35
   955.044166691      0.452647461756E-35
   961.327351998      0.479014531073E-35
   967.610537306      0.432751877152E-35
   973.893722613      0.445747533407E-35
   980.176907920      0.417430988885E-35
   986.460093227      0.414197496519E-35
   992.743278534      0.417002757060E-35
   999.026463842      0.398835075213E-35
   1005.30964915      0.389274684512E-35
   1011.59283446      0.356441653117E-35
   1017.87601976      0.365939255464E-35
   1024.15920507      0.354281654443E-35
   1030.44239038      0.311808544965E-35
   1036.72557568      0.368583041755E-35
   1043.00876099      0.296249781569E-35
   1049.29194630      0.301919617982E-35
   1055.57513161      0.284566190004E-35
   1061.85831691      0.264534722303E-35
   1068.14150222      0.286394619272E-35
   1074.42468753      0.251020176991E-35
   1080.70787283      0.232782607488E-35
   1086.99105814      0.236514421368E-35
   1093.27424345      0.201537798673E-35
   1099.55742876      0.210118609247E-35
   1105.84061406      0.187084046101E-35
   1112.12379937      0.192061712150E-35
   1118.40698468      0.164108105780E-35
   1124.69016999      0.204492919620E-35
   1130.97335529      0.165773238545E-35
   1137.25654060      0.139541596555E-35
   1143.53972591      0.120461860834E-35
   1149.82291121      0.105519862521E-35
   1156.10609652      0.973027134057E-36
   1162.38928183      0.912390809940E-36
   1168.67246714      0.863643439357E-36
   1174.95565244      0.786884089953E-36
   1181.23883775      0.738899762803E-36
   1187.52202306      0.686665627033E-36
   1193.80520836      0.632269268382E-36
   1200.08839367      0.596152939446E-36
   1206.37157898      0.556219741531E-36
   1212.65476429      0.496765930732E-36
   1218.93794959      0.482538120754E-36
   1225.22113490      0.444564264655E-36
   1231.50432021      0.411330749855E-36
   1237.78750551      0.369516418176E-36
   1244.07069082      0.358895208692E-36
   1250.35387613      0.320468635438E-36
   1256.63706144      0.292211825224E-36
   1262.92024674      0.253005182967E-36
   1269.20343205      0.243006545951E-36
   1275.48661736      0.215053958211E-36
   1281.76980266      0.204061324631E-36
   1288.05298797      0.172348551525E-36
   1294.33617328      0.170058618507E-36
   1300.61935859      0.138944005101E-36
   1306.90254389      0.119352659774E-36
   1313.18572920      0.119136044994E-36
   1319.46891451      0.114777432963E-36
   1325.75209981      0.873955017866E-37
   1332.03528512      0.734969129588E-37
   1338.31847043      0.573889964024E-37
   1344.60165574      0.578368995896E-37
   1350.88484104      0.518607553935E-37
   1357.16802635      0.355029106110E-37
   1363.45121166      0.190987479570E-37
   1369.73439697      0.240301911273E-37
   1376.01758227      0.173531414371E-37
   1382.30076758      0.898973096029E-38
   1388.58395289      0.203968812956E-38
   1394.86713819      0.443091909138E-39
   6.28318530718      0.650319177102E-37
   12.5663706144      0.913835500946E-02
   18.8495559215      0.297512916329E-04
   25.1327412287      0.165024500302E-05
   31.4159265359      0.148385647881E-06
   37.6991118431      0.338550717681E-07
   43.9822971503      0.600197507843E-08
   50.2654824574      0.209484036681E-08
   56.5486677646      0.568175623404E-09
   62.8318530718      0.218639077915E-09
   69.1150383790      0.751639231810E-10
   75.3982236862      0.312089807271E-10
   81.6814089933      0.133236660740E-10
   87.9645943005      0.623706879327E-11
   94.2477796077      0.333867495292E-11
   100.530964915      0.241358957607E-11
   106.814150222      0.206234241236E-11
   113.097335529      0.189186384073E-11
   119.380520836      0.193052325899E-11
   125.663706144      0.210708041367E-11
   131.946891451      0.213829843074E-11
   138.230076758      0.190473235274E-11
   144.513262065      0.216963912273E-11
   150.796447372      0.221187332650E-11
   157.079632679      0.202112361481E-11
   163.362817987      0.187438806632E-11
   169.646003294      0.192732027143E-11
   175.929188601      0.176368524413E-11
   182.212373908      0.140656288889E-11
   188.495559215      0.128200605053E-11
   194.778744523      0.109652112619E-11
   201.061929830      0.888209622522E-12
   207.345115137      0.635707611762E-12
   213.628300444      0.502229901799E-12
   219.911485751      0.351889963608E-12
   226.194671058      0.222472926585E-12
   232.477856366      0.123796148067E-12
   238.761041673      0.710901163655E-13
   245.044226980      0.310597374331E-13
   251.327412287      0.110412357802E-13
   257.610597594      0.304481017313E-14
   263.893782902      0.800506363059E-15
   270.176968209      0.445067767241E-15
   276.460153516      0.448268672020E-15
   282.743338823      0.271102200279E-15
   289.026524130      0.959357792027E-16
   295.309709437      0.240646764476E-16
   301.592894745      0.250983781948E-16
   307.876080052      0.190772611995E-16
   314.159265359      0.809596597794E-17
   320.442450666      0.283035771242E-17
   326.725635973      0.247034401850E-17
   333.008821281      0.131086658441E-17
   339.292006588      0.568787747665E-18
   345.575191895      0.397081727332E-18
   351.858377202      0.222540426559E-18
   358.141562509      0.113301778784E-18
   364.424747816      0.675623218516E-19
   370.707933124      0.390870126919E-19
   376.991118431      0.222921772223E-19
   383.274303738      0.143181341816E-19
   389.557489045      0.878719238358E-20
   395.840674352      0.572668399629E-20
   402.123859659      0.412355083384E-20
   408.407044967      0.290811514579E-20
   414.690230274      0.229457548506E-20
   420.973415581      0.179014969516E-20
   427.256600888      0.154004802583E-20
   433.539786195      0.130474572468E-20
   439.822971503      0.107000003516E-20
   446.106156810      0.839347645789E-21
   452.389342117      0.775660310372E-21
   458.672527424      0.604451364177E-21
   464.955712731      0.504551746080E-21
   471.238898038      0.375023198266E-21
   477.522083346      0.286785747796E-21
   483.805268653      0.217215099575E-21
   490.088453960      0.166146705371E-21
   496.371639267      0.123556788616E-21
   502.654824574      0.906898559698E-22
   508.938009882      0.558405074930E-22
   515.221195189      0.303914190965E-22
   521.504380496      0.201372835002E-22
   527.787565803      0.130835179454E-22
   534.070751110      0.467616898418E-23
   540.353936417      0.191925749290E-23
   546.637121725      0.174425252383E-23
   552.920307032      0.748389788579E-24
   559.203492339      0.271686246781E-24
   565.486677646      0.175960249518E-24
   571.769862953      0.104897679668E-24
   578.053048261      0.213454443912E-25
   584.336233568      0.342866583151E-26
   590.619418875      0.851291786857E-27
   596.902604182      0.312716575849E-27
   603.185789489      0.235147152355E-28
   609.468974796      0.438110170084E-30
   615.752160104      0.256080559477E-31
   622.035345411      0.666004120734E-34
   628.318530718      0.130098612549E-34
   634.601716025      0.147132955406E-34
   640.884901332      0.139536244776E-34
   647.168086639      0.134772089395E-34
   653.451271947      0.136006971054E-34
   659.734457254      0.165321656455E-34
   666.017642561      0.128884390581E-34
   672.300827868      0.117855798854E-34
   678.584013175      0.113211933074E-34
   684.867198483      0.129772690494E-34
   691.150383790      0.100592665856E-34
   697.433569097      0.101595430172E-34
   703.716754404      0.159094226679E-34
   709.999939711      0.200340934886E-34
   716.283125018      0.146891016462E-34
   722.566310326      0.101857570980E-34
   728.849495633      0.110500564534E-34
   735.132680940      0.110244159052E-34
   741.415866247      0.108334158807E-34
   747.699051554      0.102185585920E-34
   753.982236862      0.107680516766E-34
   760.265422169      0.140794285591E-34
   766.548607476      0.106317026438E-34
   772.831792783      0.107885513450E-34
   779.114978090      0.887007254255E-35
   785.398163397      0.102873552380E-34
   791.681348705      0.863337225130E-35
   797.964534012      0.101663163370E-34
   804.247719319      0.259814047733E-34
   810.530904626      0.114235972547E-34
   816.814089933      0.888389782487E-35
   823.097275241      0.852534774231E-35
   829.380460548      0.769356860276E-35
   835.663645855      0.804539127187E-35
   841.946831162      0.757479824123E-35
   848.230016469      0.704771104656E-35
   854.513201776      0.762527587082E-35
   860.796387084      0.700856780407E-35
   867.079572391      0.710374253065E-35
   873.362757698      0.666479579949E-35
   879.645943005      0.637579141200E-35
   885.929128312      0.658805748890E-35
   892.212313620      0.624785158871E-35
   898.495498927      0.607854996244E-35
   904.778684234      0.582247784775E-35
   911.061869541      0.536782261403E-35
   917.345054848      0.554428351931E-35
   923.628240155      0.531780563131E-35
   929.911425463      0.509368610377E-35
   936.194610770      0.507892020071E-35
   942.477796077      0.515903894709E-35
   948.760981384      0.507014810087E-35
   955.044166691      0.444983335842E-35
   961.327351998      0.487970654385E-35
   967.610537306      0.433447503866E-35
   973.893722613      0.423813675565E-35
   980.176907920      0.446058410245E-35
   986.460093227      0.435284684390E-35
   992.743278534      0.400736275203E-35
   999.026463842      0.416424381751E-35
   1005.30964915      0.425604248292E-35
   1011.59283446      0.357551984132E-35
   1017.87601976      0.361665686121E-35
   1024.15920507      0.347593537692E-35
   1030.44239038      0.325994604021E-35
   1036.72557568      0.352545829700E-35
   1043.00876099      0.309926829504E-35
   1049.29194630      0.312799584499E-35
   1055.57513161      0.290194753381E-35
   1061.85831691      0.268985455547E-35
   1068.14150222      0.298311846394E-35
   1074.42468753      0.249608984887E-35
   1080.70787283      0.266027535436E-35
   1086.99105814      0.238203128927E-35
   1093.27424345      0.217712490753E-35
   1099.55742876      0.215616284336E-35
   1105.84061406      0.196183786641E-35
   1112.12379937      0.213277388032E-35
   1118.40698468      0.180120219656E-35
   1124.69016999      0.188880488494E-35
   1130.97335529      0.171515494882E-35
   1137.25654060      0.134416282497E-35
   1143.53972591      0.120167763773E-35
   1149.82291121      0.106499025863E-35
   1156.10609652      0.991986509687E-36
   1162.38928183      0.924799198287E-36
   1168.67246714      0.877879884599E-36
   1174.95565244      0.801398041610E-36
   1181.23883775      0.752185159904E-36
   1187.52202306      0.689780712922E-36
   1193.80520836      0.635490417600E-36
   1200.08839367      0.611042454487E-36
   1206.37157898      0.569726498639E-36
   1212.65476429      0.520016977006E-36
   1218.93794959      0.498516597947E-36
   1225.22113490      0.451904834488E-36
   1231.50432021      0.422163430390E-36
   1237.78750551      0.371955041141E-36
   1244.07069082      0.356921099399E-36
   1250.35387613      0.348776321922E-36
   1256.63706144      0.306518927200E-36
   1262.92024674      0.261594223657E-36
   1269.20343205      0.254054502041E-36
   1275.48661736      0.216389523660E-36
   1281.76980266      0.216674366759E-36
   1288.05298797      0.179136528918E-36
   1294.33617328      0.168639403379E-36
   1300.61935859      0.141252812961E-36
   1306.90254389      0.116311173121E-36
   1313.18572920      0.126419963091E-36
   1319.46891451      0.111426057164E-36
   1325.75209981      0.866386974880E-37
   1332.03528512      0.684175065886E-37
   1338.31847043      0.657932177459E-37
   1344.60165574      0.568597349306E-37
   1350.88484104      0.513273521631E-37
   1357.16802635      0.349640061637E-37
   1363.45121166      0.241962606823E-37
   1369.73439697      0.223243205181E-37
   1376.01758227      0.183893599394E-37
   1382.30076758      0.852544096400E-38
   1388.58395289      0.232317637047E-38
   1394.86713819      0.413451196522E-39
   6.28318530718      0.904617712585E-37
   12.5663706144      0.912606915235E-02
   18.8495559215      0.402576367483E-04
   25.1327412287      0.271684329487E-05
   31.4159265359      0.270974559125E-06
   37.6991118431      0.668632944359E-07
   43.9822971503      0.142600881104E-07
   50.2654824574      0.518728812020E-08
   56.5486677646      0.146174220460E-08
   62.8318530718      0.608979149935E-09
   69.1150383790      0.210258116945E-09
   75.3982236862      0.960337182614E-10
   81.6814089933      0.385260226592E-10
   87.9645943005      0.173437292595E-10
   94.2477796077      0.798410954197E-11
   100.530964915      0.415652426892E-11
   106.814150222      0.258664639706E-11
   113.097335529      0.179743816529E-11
   119.380520836      0.153407272522E-11
   125.663706144      0.160264935791E-11
   131.946891451      0.159860954370E-11
   138.230076758      0.140052492887E-11
   144.513262065      0.169820283204E-11
   150.796447372      0.181953867861E-11
   157.079632679      0.173551498230E-11
   163.362817987      0.165357997370E-11
   169.646003294      0.185398435122E-11
   175.929188601      0.179504100980E-11
   182.212373908      0.151117154697E-11
   188.495559215      0.145709005306E-11
   194.778744523      0.137284939683E-11
   201.061929830      0.118969739465E-11
   207.345115137      0.918894855039E-12
   213.628300444      0.803900781800E-12
   219.911485751      0.633327058918E-12
   226.194671058      0.455257488247E-12
   232.477856366      0.293445221971E-12
   238.761041673      0.205984933181E-12
   245.044226980      0.116858554054E-12
   251.327412287      0.589222958268E-13
   257.610597594      0.261541539235E-13
   263.893782902      0.107611586044E-13
   270.176968209      0.265224704058E-14
   276.460153516      0.557698614664E-15
   282.743338823      0.306467229209E-15
   289.026524130      0.244351470736E-15
   295.309709437      0.104956441800E-15
   301.592894745      0.318804460974E-16
   307.876080052      0.169273110555E-16
   314.159265359      0.176510418929E-16
   320.442450666      0.826125083465E-17
   326.725635973      0.282333345810E-17
   333.008821281      0.167933264055E-17
   339.292006588      0.101881302611E-17
   345.575191895      0.439091727951E-18
   351.858377202      0.293111535326E-18
   358.141562509      0.174890327652E-18
   364.424747816      0.841751844584E-19
   370.707933124      0.487341594768E-19
   376.991118431      0.267569172039E-19
   383.274303738      0.167622869527E-19
   389.557489045      0.101400815609E-19
   395.840674352      0.675604219502E-20
   402.123859659      0.437857936148E-20
   408.407044967      0.323695664810E-20
   414.690230274      0.240923367509E-20
   420.973415581      0.190057267812E-20
   427.256600888      0.160775334021E-20
   433.539786195      0.134846087335E-20
   439.822971503      0.107358346535E-20
   446.106156810      0.869307114075E-21
   452.389342117      0.776971200904E-21
   458.672527424      0.621556759806E-21
   464.955712731      0.506404136060E-21
   471.238898038      0.380304595532E-21
   477.522083346      0.289031634554E-21
   483.805268653      0.219304783831E-21
   490.088453960      0.164946296941E-21
   496.371639267      0.125661391695E-21
   502.654824574      0.898802527118E-22
   508.938009882      0.553907702331E-22
   515.221195189      0.309528994535E-22
   521.504380496      0.204735748435E-22
   527.787565803      0.125990357773E-22
   534.070751110      0.500576763724E-23
   540.353936417      0.221083191430E-23
   546.637121725      0.169105697787E-23
   552.920307032      0.784344748988E-24
   559.203492339      0.241696369053E-24
   565.486677646      0.147532926313E-24
   571.769862953      0.106954650735E-24
   578.053048261      0.176267654047E-25
   584.336233568      0.284703308346E-26
   590.619418875      0.868062571502E-27
   596.902604182      0.312716567877E-27
   603.185789489      0.235147228958E-28
   609.468974796      0.438113260959E-30
   615.752160104      0.256099745964E-31
   622.035345411      0.690646177744E-34
   628.318530718      0.152680778923E-34
   634.601716025      0.167057145492E-34
   640.884901332      0.145722152101E-34
   647.168086639      0.141112365862E-34
   653.451271947      0.161022134423E-34
   659.734457254      0.152367774304E-34
   666.017642561      0.148861935417E-34
   672.300827868      0.152737915947E-34
   678.584013175      0.129267207375E-34
   684.867198483      0.170263168226E-34
   691.150383790      0.119421039056E-34
   697.433569097      0.109122452838E-34
   703.716754404      0.144972790159E-34
   709.999939711      0.211706172565E-34
   716.283125018      0.138949955574E-34
   722.566310326      0.116059128161E-34
   728.849495633      0.114296082583E-34
   735.132680940      0.122651925983E-34
   741.415866247      0.113184526518E-34
   747.699051554      0.113681843928E-34
   753.982236862      0.124923848088E-34
   760.265422169      0.125341676458E-34
   766.548607476      0.127356440726E-34
   772.831792783      0.105623155503E-34
   779.114978090      0.104347298172E-34
   785.398163397      0.154218769085E-34
   791.681348705      0.945230193704E-35
   797.964534012      0.987413578402E-35
   804.247719319      0.198476958970E-34
   810.530904626      0.109853310126E-34
   816.814089933      0.905945871347E-35
   823.097275241      0.882227091270E-35
   829.380460548      0.825508982004E-35
   835.663645855      0.878578621506E-35
   841.946831162      0.762869104322E-35
   848.230016469      0.680173477379E-35
   854.513201776      0.760413107355E-35
   860.796387084      0.686402994706E-35
   867.079572391      0.705041608087E-35
   873.362757698      0.657497842524E-35
   879.645943005      0.624537920230E-35
   885.929128312      0.713291228944E-35
   892.212313620      0.599061541845E-35
   898.495498927      0.598973780294E-35
   904.778684234      0.606225838791E-35
   911.061869541      0.550884240029E-35
   917.345054848      0.577184089548E-35
   923.628240155      0.534596869009E-35
   929.911425463      0.513835188861E-35
   936.194610770      0.515941233995E-35
   942.477796077      0.523619454043E-35
   948.760981384      0.476113695868E-35
   955.044166691      0.452122863172E-35
   961.327351998      0.497800813342E-35
   967.610537306      0.467485447889E-35
   973.893722613      0.450322975532E-35
   980.176907920      0.457936705037E-35
   986.460093227      0.433299207723E-35
   992.743278534      0.406088272155E-35
   999.026463842      0.399896636826E-35
   1005.30964915      0.392946472475E-35
   1011.59283446      0.358167013174E-35
   1017.87601976      0.372603954002E-35
   1024.15920507      0.346843077311E-35
   1030.44239038      0.335354034714E-35
   1036.72557568      0.352932839202E-35
   1043.00876099      0.299429047367E-35
   1049.29194630      0.315678613293E-35
   1055.57513161      0.288886997792E-35
   1061.85831691      0.307138765545E-35
   1068.14150222      0.284011610792E-35
   1074.42468753      0.243657103253E-35
   1080.70787283      0.244650946641E-35
   1086.99105814      0.238383610123E-35
   1093.27424345      0.219834436592E-35
   1099.55742876      0.220779422240E-35
   1105.84061406      0.199785238757E-35
   1112.12379937      0.203786054388E-35
   1118.40698468      0.179051690525E-35
   1124.69016999      0.191407249449E-35
   1130.97335529      0.159971938721E-35
   1137.25654060      0.138843003849E-35
   1143.53972591      0.120674120225E-35
   1149.82291121      0.107400907961E-35
   1156.10609652      0.999534707544E-36
   1162.38928183      0.929549353910E-36
   1168.67246714      0.870185104468E-36
   1174.95565244      0.819176791241E-36
   1181.23883775      0.765794851898E-36
   1187.52202306      0.723896344103E-36
   1193.80520836      0.645746494054E-36
   1200.08839367      0.615776648299E-36
   1206.37157898      0.579637100073E-36
   1212.65476429      0.512662731111E-36
   1218.93794959      0.486853168611E-36
   1225.22113490      0.468303661303E-36
   1231.50432021      0.426086342879E-36
   1237.78750551      0.371945976430E-36
   1244.07069082      0.348237440222E-36
   1250.35387613      0.341911176131E-36
   1256.63706144      0.308648357108E-36
   1262.92024674      0.264697379215E-36
   1269.20343205      0.259470493272E-36
   1275.48661736      0.217031793721E-36
   1281.76980266      0.222123351851E-36
   1288.05298797      0.187432576285E-36
   1294.33617328      0.170504243455E-36
   1300.61935859      0.149522578533E-36
   1306.90254389      0.119578601453E-36
   1313.18572920      0.124002394166E-36
   1319.46891451      0.105139020995E-36
   1325.75209981      0.924103779514E-37
   1332.03528512      0.814778617181E-37
   1338.31847043      0.678874605197E-37
   1344.60165574      0.617983560099E-37
   1350.88484104      0.479675350018E-37
   1357.16802635      0.352477901247E-37
   1363.45121166      0.233662688806E-37
   1369.73439697      0.268056204640E-37
   1376.01758227      0.154152595778E-37
   1382.30076758      0.112886976922E-37
   1388.58395289      0.203890911178E-38
   1394.86713819      0.275888004005E-39
   6.28318530718      0.467597044571E-37
   12.5663706144      0.910946660048E-02
   18.8495559215      0.539436341710E-04
   25.1327412287      0.462978439043E-05
   31.4159265359      0.521269357053E-06
   37.6991118431      0.132944525696E-06
   43.9822971503      0.358148727022E-07
   50.2654824574      0.133413440400E-07
   56.5486677646      0.397240366134E-08
   62.8318530718      0.177935949293E-08
   69.1150383790      0.633908378094E-09
   75.3982236862      0.315991639124E-09
   81.6814089933      0.126523518920E-09
   87.9645943005      0.591512773690E-10
   94.2477796077      0.275329307291E-10
   100.530964915      0.130547335431E-10
   106.814150222      0.684655371254E-11
   113.097335529      0.357866912913E-11
   119.380520836      0.217255630769E-11
   125.663706144      0.160493108092E-11
   131.946891451      0.131730427186E-11
   138.230076758      0.101117235070E-11
   144.513262065      0.122711879722E-11
   150.796447372      0.134772564182E-11
   157.079632679      0.131907046292E-11
   163.362817987      0.126522394321E-11
   169.646003294      0.155415533616E-11
   175.929188601      0.158889997361E-11
   182.212373908      0.140503773883E-11
   188.495559215      0.141851115240E-11
   194.778744523      0.147787849353E-11
   201.061929830      0.136132297453E-11
   207.345115137      0.112019329364E-11
   213.628300444      0.107286593316E-11
   219.911485751      0.935680364326E-12
   226.194671058      0.744346916379E-12
   232.477856366      0.533030780166E-12
   238.761041673      0.433449961738E-12
   245.044226980      0.292315733204E-12
   251.327412287      0.180557152866E-12
   257.610597594      0.103954172305E-12
   263.893782902      0.610452343604E-13
   270.176968209      0.252241358133E-13
   276.460153516      0.820586100449E-14
   282.743338823      0.231940125501E-14
   289.026524130      0.660636787152E-15
   295.309709437      0.184791880189E-15
   301.592894745      0.944996929765E-16
   307.876080052      0.305026698328E-16
   314.159265359      0.145622844373E-16
   320.442450666      0.144312438892E-16
   326.725635973      0.909649771955E-17
   333.008821281      0.339809178472E-17
   339.292006588      0.126409422517E-17
   345.575191895      0.661198297440E-18
   351.858377202      0.317479956714E-18
   358.141562509      0.213447345947E-18
   364.424747816      0.141602964823E-18
   370.707933124      0.664846974902E-19
   376.991118431      0.304294583195E-19
   383.274303738      0.188663886591E-19
   389.557489045      0.114086675694E-19
   395.840674352      0.799542139985E-20
   402.123859659      0.507715539601E-20
   408.407044967      0.342298315191E-20
   414.690230274      0.265107343633E-20
   420.973415581      0.198946777787E-20
   427.256600888      0.170520656372E-20
   433.539786195      0.139811974601E-20
   439.822971503      0.108988875736E-20
   446.106156810      0.899904137956E-21
   452.389342117      0.783092729333E-21
   458.672527424      0.635677610610E-21
   464.955712731      0.512892691150E-21
   471.238898038      0.386644553178E-21
   477.522083346      0.291221203154E-21
   483.805268653      0.222073471055E-21
   490.088453960      0.164082315275E-21
   496.371639267      0.127554064607E-21
   502.654824574      0.894361884557E-22
   508.938009882      0.555697136559E-22
   515.221195189      0.313805378885E-22
   521.504380496      0.213337604690E-22
   527.787565803      0.122979068914E-22
   534.070751110      0.531005938003E-23
   540.353936417      0.252915978949E-23
   546.637121725      0.176877685203E-23
   552.920307032      0.804878913211E-24
   559.203492339      0.235891311248E-24
   565.486677646      0.131993107984E-24
   571.769862953      0.103545413418E-24
   578.053048261      0.177660543156E-25
   584.336233568      0.342074713683E-26
   590.619418875      0.103692570912E-26
   596.902604182      0.308032138136E-27
   603.185789489      0.235147832640E-28
   609.468974796      0.438124001299E-30
   615.752160104      0.256129951123E-31
   622.035345411      0.704028466827E-34
   628.318530718      0.176019517410E-34
   634.601716025      0.209353246427E-34
   640.884901332      0.171729650711E-34
   647.168086639      0.154538440974E-34
   653.451271947      0.177566663389E-34
   659.734457254      0.192930390268E-34
   666.017642561      0.171021296380E-34
   672.300827868      0.155037367201E-34
   678.584013175      0.144442646753E-34
   684.867198483      0.158376242392E-34
   691.150383790      0.130098821944E-34
   697.433569097      0.142383968010E-34
   703.716754404      0.159724523853E-34
   709.999939711      0.191582395650E-34
   716.283125018      0.226880956951E-34
   722.566310326      0.119974087737E-34
   728.849495633      0.119108364659E-34
   735.132680940      0.133826303845E-34
   741.415866247      0.125078152450E-34
   747.699051554      0.107849882005E-34
   753.982236862      0.140687415716E-34
   760.265422169      0.123207910743E-34
   766.548607476      0.130520005858E-34
   772.831792783      0.111243938173E-34
   779.114978090      0.102194461615E-34
   785.398163397      0.123152773295E-34
   791.681348705      0.954565616758E-35
   797.964534012      0.109933814216E-34
   804.247719319      0.183462544349E-34
   810.530904626      0.110479093895E-34
   816.814089933      0.983824835222E-35
   823.097275241      0.917614898398E-35
   829.380460548      0.818818862322E-35
   835.663645855      0.877072311605E-35
   841.946831162      0.762564175243E-35
   848.230016469      0.721914074177E-35
   854.513201776      0.736020511140E-35
   860.796387084      0.736839185916E-35
   867.079572391      0.673531502865E-35
   873.362757698      0.688223667522E-35
   879.645943005      0.614820262775E-35
   885.929128312      0.694089790587E-35
   892.212313620      0.629281165145E-35
   898.495498927      0.638536900328E-35
   904.778684234      0.615593281152E-35
   911.061869541      0.557955413730E-35
   917.345054848      0.571856795480E-35
   923.628240155      0.559767197348E-35
   929.911425463      0.507084867353E-35
   936.194610770      0.507142015503E-35
   942.477796077      0.523215800266E-35
   948.760981384      0.496791766918E-35
   955.044166691      0.456556784246E-35
   961.327351998      0.513837809843E-35
   967.610537306      0.469759349067E-35
   973.893722613      0.445227523005E-35
   980.176907920      0.445585237053E-35
   986.460093227      0.437323749970E-35
   992.743278534      0.410161039638E-35
   999.026463842      0.406394459171E-35
   1005.30964915      0.413150077586E-35
   1011.59283446      0.369376987025E-35
   1017.87601976      0.373301650109E-35
   1024.15920507      0.348592787748E-35
   1030.44239038      0.313411972656E-35
   1036.72557568      0.362900068067E-35
   1043.00876099      0.285214717165E-35
   1049.29194630      0.313056429102E-35
   1055.57513161      0.289175246510E-35
   1061.85831691      0.279078860505E-35
   1068.14150222      0.288709197855E-35
   1074.42468753      0.252274663770E-35
   1080.70787283      0.240109880547E-35
   1086.99105814      0.249823277442E-35
   1093.27424345      0.222357827577E-35
   1099.55742876      0.232984233771E-35
   1105.84061406      0.193410797704E-35
   1112.12379937      0.224304232967E-35
   1118.40698468      0.178410904574E-35
   1124.69016999      0.184637185139E-35
   1130.97335529      0.168795939610E-35
   1137.25654060      0.149256294272E-35
   1143.53972591      0.120542989267E-35
   1149.82291121      0.106105980704E-35
   1156.10609652      0.990745577415E-36
   1162.38928183      0.912104657998E-36
   1168.67246714      0.865962341948E-36
   1174.95565244      0.798956714428E-36
   1181.23883775      0.757930324628E-36
   1187.52202306      0.720353681897E-36
   1193.80520836      0.662896362281E-36
   1200.08839367      0.617891327236E-36
   1206.37157898      0.571723728531E-36
   1212.65476429      0.512460011531E-36
   1218.93794959      0.493551832822E-36
   1225.22113490      0.469555175879E-36
   1231.50432021      0.418780912297E-36
   1237.78750551      0.383507672237E-36
   1244.07069082      0.367682500268E-36
   1250.35387613      0.332105901399E-36
   1256.63706144      0.317003038414E-36
   1262.92024674      0.261146068141E-36
   1269.20343205      0.261797510809E-36
   1275.48661736      0.228245355673E-36
   1281.76980266      0.202969935369E-36
   1288.05298797      0.179737160009E-36
   1294.33617328      0.172319364233E-36
   1300.61935859      0.146520408255E-36
   1306.90254389      0.122152273620E-36
   1313.18572920      0.126485193836E-36
   1319.46891451      0.114020844816E-36
   1325.75209981      0.912274990579E-37
   1332.03528512      0.773111120193E-37
   1338.31847043      0.631143476924E-37
   1344.60165574      0.582222577985E-37
   1350.88484104      0.492971407302E-37
   1357.16802635      0.317380878499E-37
   1363.45121166      0.251432970708E-37
   1369.73439697      0.215195628062E-37
   1376.01758227      0.186052458310E-37
   1382.30076758      0.751574347325E-38
   1388.58395289      0.163382238146E-38
   1394.86713819      0.381795606905E-39
   6.28318530718      0.110663937723E-36
   12.5663706144      0.908812879844E-02
   18.8495559215      0.706775835333E-04
   25.1327412287      0.779200992000E-05
   31.4159265359      0.990359170704E-06
   37.6991118431      0.255605627414E-06
   43.9822971503      0.846593148503E-07
   50.2654824574      0.328555439822E-07
   56.5486677646      0.103844247246E-07
   62.8318530718      0.491844069416E-08
   69.1150383790      0.185891861115E-08
   75.3982236862      0.997107891947E-09
   81.6814089933      0.412656002492E-09
   87.9645943005      0.199426847481E-09
   94.2477796077      0.985851426440E-10
   100.530964915      0.488143613073E-10
   106.814150222      0.248770370549E-10
   113.097335529      0.126069067463E-10
   119.380520836      0.688305273161E-11
   125.663706144      0.366353448148E-11
   131.946891451      0.210698608387E-11
   138.230076758      0.118384751107E-11
   144.513262065      0.108704394838E-11
   150.796447372      0.103562535038E-11
   157.079632679      0.948108632177E-12
   163.362817987      0.865028693042E-12
   169.646003294      0.114548843664E-11
   175.929188601      0.122456994011E-11
   182.212373908      0.112642521289E-11
   188.495559215      0.117013793113E-11
   194.778744523      0.135936479346E-11
   201.061929830      0.132499309701E-11
   207.345115137      0.114853701046E-11
   213.628300444      0.119576684177E-11
   219.911485751      0.114747098345E-11
   226.194671058      0.994491388302E-12
   232.477856366      0.771732024491E-12
   238.761041673      0.707098984536E-12
   245.044226980      0.544145570706E-12
   251.327412287      0.385430297252E-12
   257.610597594      0.261375939216E-12
   263.893782902      0.192122853171E-12
   270.176968209      0.105659044768E-12
   276.460153516      0.498141948486E-13
   282.743338823      0.219957916916E-13
   289.026524130      0.946870443933E-14
   295.309709437      0.234569169096E-14
   301.592894745      0.550644666756E-15
   307.876080052      0.151208248423E-15
   314.159265359      0.452255848670E-16
   320.442450666      0.174142613604E-16
   326.725635973      0.161574015920E-16
   333.008821281      0.134326766375E-16
   339.292006588      0.579436629718E-17
   345.575191895      0.153188240775E-17
   351.858377202      0.457357855184E-18
   358.141562509      0.232769778034E-18
   364.424747816      0.204029820223E-18
   370.707933124      0.148226205260E-18
   376.991118431      0.624984692590E-19
   383.274303738      0.226449386899E-19
   389.557489045      0.120844263991E-19
   395.840674352      0.964238716973E-20
   402.123859659      0.698463415347E-20
   408.407044967      0.408330955157E-20
   414.690230274      0.282779729897E-20
   420.973415581      0.215174527495E-20
   427.256600888      0.182150673948E-20
   433.539786195      0.148573576710E-20
   439.822971503      0.112605538101E-20
   446.106156810      0.933576330148E-21
   452.389342117      0.799137890939E-21
   458.672527424      0.647151969336E-21
   464.955712731      0.523299103093E-21
   471.238898038      0.394437110459E-21
   477.522083346      0.299707351864E-21
   483.805268653      0.223163714969E-21
   490.088453960      0.163888146831E-21
   496.371639267      0.129961767096E-21
   502.654824574      0.894562985163E-22
   508.938009882      0.559951584234E-22
   515.221195189      0.318696991789E-22
   521.504380496      0.225078079564E-22
   527.787565803      0.124150391165E-22
   534.070751110      0.571754990072E-23
   540.353936417      0.278651546056E-23
   546.637121725      0.196133360844E-23
   552.920307032      0.851908787234E-24
   559.203492339      0.258471379648E-24
   565.486677646      0.129067687744E-24
   571.769862953      0.106456319722E-24
   578.053048261      0.205761579964E-25
   584.336233568      0.602701106294E-26
   590.619418875      0.231788583018E-26
   596.902604182      0.890104018495E-27
   603.185789489      0.246815142314E-27
   609.468974796      0.482748305478E-28
   615.752160104      0.212908935509E-28
   622.035345411      0.397813197041E-29
   628.318530718      0.193298218453E-34
   634.601716025      0.208432299427E-34
   640.884901332      0.195219366276E-34
   647.168086639      0.178169834024E-34
   653.451271947      0.191502021866E-34
   659.734457254      0.197172880982E-34
   666.017642561      0.182682580246E-34
   672.300827868      0.166293861836E-34
   678.584013175      0.150481412950E-34
   684.867198483      0.150227519592E-34
   691.150383790      0.139361303141E-34
   697.433569097      0.127754773786E-34
   703.716754404      0.180991587507E-34
   709.999939711      0.179182773444E-34
   716.283125018      0.297414554337E-34
   722.566310326      0.124901381823E-34
   728.849495633      0.123185285998E-34
   735.132680940      0.123779897552E-34
   741.415866247      0.112396433572E-34
   747.699051554      0.109647150837E-34
   753.982236862      0.114526251156E-34
   760.265422169      0.111268690332E-34
   766.548607476      0.125967045083E-34
   772.831792783      0.104409590533E-34
   779.114978090      0.106014426898E-34
   785.398163397      0.113598207651E-34
   791.681348705      0.904944457488E-35
   797.964534012      0.942163841916E-35
   804.247719319      0.276159786255E-34
   810.530904626      0.165746789770E-34
   816.814089933      0.873109600108E-35
   823.097275241      0.856518243311E-35
   829.380460548      0.757106501421E-35
   835.663645855      0.757241737947E-35
   841.946831162      0.714455619912E-35
   848.230016469      0.661991942855E-35
   854.513201776      0.707917501518E-35
   860.796387084      0.696105115489E-35
   867.079572391      0.651995581648E-35
   873.362757698      0.651931090647E-35
   879.645943005      0.608160078247E-35
   885.929128312      0.656879774919E-35
   892.212313620      0.580688384818E-35
   898.495498927      0.578012034157E-35
   904.778684234      0.565843318367E-35
   911.061869541      0.530605662717E-35
   917.345054848      0.565997763272E-35
   923.628240155      0.522008275328E-35
   929.911425463      0.484767709086E-35
   936.194610770      0.496228610329E-35
   942.477796077      0.482967229535E-35
   948.760981384      0.465343503554E-35
   955.044166691      0.433547273693E-35
   961.327351998      0.502477129384E-35
   967.610537306      0.452878445761E-35
   973.893722613      0.430535243277E-35
   980.176907920      0.412948833651E-35
   986.460093227      0.409105471542E-35
   992.743278534      0.392701840849E-35
   999.026463842      0.390573790015E-35
   1005.30964915      0.381223921935E-35
   1011.59283446      0.338149409070E-35
   1017.87601976      0.359674756931E-35
   1024.15920507      0.334945792986E-35
   1030.44239038      0.318079137116E-35
   1036.72557568      0.334098258272E-35
   1043.00876099      0.283046279819E-35
   1049.29194630      0.299034752019E-35
   1055.57513161      0.287793237826E-35
   1061.85831691      0.282314507272E-35
   1068.14150222      0.286558855525E-35
   1074.42468753      0.247451934879E-35
   1080.70787283      0.243182339007E-35
   1086.99105814      0.234113371236E-35
   1093.27424345      0.205925853305E-35
   1099.55742876      0.221071385393E-35
   1105.84061406      0.193063338532E-35
   1112.12379937      0.191364060324E-35
   1118.40698468      0.172117076283E-35
   1124.69016999      0.172489974007E-35
   1130.97335529      0.153635485181E-35
   1137.25654060      0.139765473484E-35
   1143.53972591      0.119693225379E-35
   1149.82291121      0.109646529945E-35
   1156.10609652      0.101500885552E-35
   1162.38928183      0.929023472714E-36
   1168.67246714      0.881858581543E-36
   1174.95565244      0.801624297944E-36
   1181.23883775      0.762193613940E-36
   1187.52202306      0.735773505503E-36
   1193.80520836      0.680349320039E-36
   1200.08839367      0.632386162715E-36
   1206.37157898      0.574991085820E-36
   1212.65476429      0.524080935391E-36
   1218.93794959      0.503855251039E-36
   1225.22113490      0.447488204286E-36
   1231.50432021      0.426817249117E-36
   1237.78750551      0.374106844631E-36
   1244.07069082      0.354930665116E-36
   1250.35387613      0.344721142047E-36
   1256.63706144      0.308713272816E-36
   1262.92024674      0.271043198068E-36
   1269.20343205      0.259591922184E-36
   1275.48661736      0.221497681902E-36
   1281.76980266      0.215084866522E-36
   1288.05298797      0.181179259596E-36
   1294.33617328      0.187030825802E-36
   1300.61935859      0.153506642253E-36
   1306.90254389      0.122193058938E-36
   1313.18572920      0.119377333611E-36
   1319.46891451      0.119821515929E-36
   1325.75209981      0.989176768731E-37
   1332.03528512      0.743889780594E-37
   1338.31847043      0.664707656270E-37
   1344.60165574      0.697055914055E-37
   1350.88484104      0.548649905360E-37
   1357.16802635      0.338442307284E-37
   1363.45121166      0.230124739189E-37
   1369.73439697      0.279088958905E-37
   1376.01758227      0.225017047821E-37
   1382.30076758      0.985200597810E-38
   1388.58395289      0.176614564417E-38
   1394.86713819      0.504368806940E-39
   6.28318530718      0.162423652334E-37
   12.5663706144      0.906179774334E-02
   18.8495559215      0.900902285376E-04
   25.1327412287      0.126305330312E-04
   31.4159265359      0.179689533029E-05
   37.6991118431      0.467301007847E-06
   43.9822971503      0.179974694186E-06
   50.2654824574      0.749586164955E-07
   56.5486677646      0.252096368470E-07
   62.8318530718      0.122895767625E-07
   69.1150383790      0.497485180776E-08
   75.3982236862      0.289344197369E-08
   81.6814089933      0.125576024402E-08
   87.9645943005      0.615514662124E-09
   94.2477796077      0.322873278449E-09
   100.530964915      0.176515708983E-09
   106.814150222      0.889340195079E-10
   113.097335529      0.470639214644E-10
   119.380520836      0.265596040371E-10
   125.663706144      0.138322838806E-10
   131.946891451      0.698774992167E-11
   138.230076758      0.338158371244E-11
   144.513262065      0.232621107836E-11
   150.796447372      0.146556191046E-11
   157.079632679      0.961866780379E-12
   163.362817987      0.706279173988E-12
   169.646003294      0.839112080526E-12
   175.929188601      0.871791128890E-12
   182.212373908      0.802269287442E-12
   188.495559215      0.820311423510E-12
   194.778744523      0.107225821389E-11
   201.061929830      0.109859286474E-11
   207.345115137      0.989308546841E-12
   213.628300444      0.111149208125E-11
   219.911485751      0.117470062084E-11
   226.194671058      0.109847467507E-11
   232.477856366      0.908180653873E-12
   238.761041673      0.923563675652E-12
   245.044226980      0.795668544313E-12
   251.327412287      0.623933435390E-12
   257.610597594      0.474121902887E-12
   263.893782902      0.412105811950E-12
   270.176968209      0.272761441816E-12
   276.460153516      0.160080125982E-12
   282.743338823      0.917579992454E-13
   289.026524130      0.551001862927E-13
   295.309709437      0.211444059312E-13
   301.592894745      0.756521588916E-14
   307.876080052      0.269000414689E-14
   314.159265359      0.857712284156E-15
   320.442450666      0.209275151272E-15
   326.725635973      0.675223548408E-16
   333.008821281      0.495542929320E-16
   339.292006588      0.320530036782E-16
   345.575191895      0.139598764995E-16
   351.858377202      0.466230092452E-17
   358.141562509      0.185557436857E-17
   364.424747816      0.692602047871E-18
   370.707933124      0.453111137669E-18
   376.991118431      0.303884556480E-18
   383.274303738      0.143490569711E-18
   389.557489045      0.401411844990E-19
   395.840674352      0.194341400885E-19
   402.123859659      0.154015224727E-19
   408.407044967      0.105802094149E-19
   414.690230274      0.475274169709E-20
   420.973415581      0.273131021218E-20
   427.256600888      0.226153373218E-20
   433.539786195      0.184013268919E-20
   439.822971503      0.124405381162E-20
   446.106156810      0.100574832567E-20
   452.389342117      0.837902067316E-21
   458.672527424      0.673603894909E-21
   464.955712731      0.529989024002E-21
   471.238898038      0.411190196599E-21
   477.522083346      0.315890997476E-21
   483.805268653      0.224295060989E-21
   490.088453960      0.165492363892E-21
   496.371639267      0.132548963900E-21
   502.654824574      0.902571673468E-22
   508.938009882      0.572320193092E-22
   515.221195189      0.325625702812E-22
   521.504380496      0.239119911962E-22
   527.787565803      0.127785383222E-22
   534.070751110      0.651167805668E-23
   540.353936417      0.302166394503E-23
   546.637121725      0.223274892842E-23
   552.920307032      0.959158380364E-24
   559.203492339      0.328436092816E-24
   565.486677646      0.147393696084E-24
   571.769862953      0.117999946988E-24
   578.053048261      0.268046182248E-25
   584.336233568      0.957585388817E-26
   590.619418875      0.469275242343E-26
   596.902604182      0.286401982725E-26
   603.185789489      0.164323898790E-26
   609.468974796      0.105431658016E-26
   615.752160104      0.835886264544E-27
   622.035345411      0.609254234973E-27
   628.318530718      0.403398764260E-27
   634.601716025      0.254077820397E-27
   640.884901332      0.101880545710E-27
   647.168086639      0.217960623819E-28
   653.451271947      0.100807749043E-28
   659.734457254      0.118771198135E-29
   666.017642561      0.199181440722E-34
   672.300827868      0.185760884111E-34
   678.584013175      0.159807332245E-34
   684.867198483      0.172016838049E-34
   691.150383790      0.146349135435E-34
   697.433569097      0.143269373492E-34
   703.716754404      0.190367132915E-34
   709.999939711      0.156441351352E-34
   716.283125018      0.170313754678E-34
   722.566310326      0.133652004936E-34
   728.849495633      0.133675157282E-34
   735.132680940      0.134519929008E-34
   741.415866247      0.117482267039E-34
   747.699051554      0.106952023073E-34
   753.982236862      0.120415582174E-34
   760.265422169      0.112923126963E-34
   766.548607476      0.110064188033E-34
   772.831792783      0.104989340944E-34
   779.114978090      0.100452553645E-34
   785.398163397      0.103645411299E-34
   791.681348705      0.968293730496E-35
   797.964534012      0.931104004854E-35
   804.247719319      0.299088322371E-34
   810.530904626      0.134452924065E-34
   816.814089933      0.880348648912E-35
   823.097275241      0.869707243259E-35
   829.380460548      0.785459123633E-35
   835.663645855      0.795629163160E-35
   841.946831162      0.744711290787E-35
   848.230016469      0.675625880153E-35
   854.513201776      0.701897506412E-35
   860.796387084      0.667346157920E-35
   867.079572391      0.662912015740E-35
   873.362757698      0.635181856623E-35
   879.645943005      0.606015272637E-35
   885.929128312      0.665262405368E-35
   892.212313620      0.599483075724E-35
   898.495498927      0.580522252527E-35
   904.778684234      0.569181863581E-35
   911.061869541      0.544979148279E-35
   917.345054848      0.557208552003E-35
   923.628240155      0.504815043951E-35
   929.911425463      0.494245686002E-35
   936.194610770      0.495870265400E-35
   942.477796077      0.502022118868E-35
   948.760981384      0.480622008371E-35
   955.044166691      0.449648194827E-35
   961.327351998      0.464272161833E-35
   967.610537306      0.437963924900E-35
   973.893722613      0.412628231619E-35
   980.176907920      0.434033115519E-35
   986.460093227      0.408892222658E-35
   992.743278534      0.397227608824E-35
   999.026463842      0.391080412682E-35
   1005.30964915      0.386212238477E-35
   1011.59283446      0.351807929827E-35
   1017.87601976      0.366658036229E-35
   1024.15920507      0.332224768575E-35
   1030.44239038      0.304697342215E-35
   1036.72557568      0.334883708350E-35
   1043.00876099      0.277120686803E-35
   1049.29194630      0.304117587849E-35
   1055.57513161      0.285443094119E-35
   1061.85831691      0.271818722403E-35
   1068.14150222      0.278736938207E-35
   1074.42468753      0.237360527273E-35
   1080.70787283      0.235748228646E-35
   1086.99105814      0.234878182485E-35
   1093.27424345      0.207790139880E-35
   1099.55742876      0.218787454907E-35
   1105.84061406      0.192934163032E-35
   1112.12379937      0.206938934386E-35
   1118.40698468      0.170354931444E-35
   1124.69016999      0.184204719799E-35
   1130.97335529      0.151356028812E-35
   1137.25654060      0.142259348865E-35
   1143.53972591      0.124604722990E-35
   1149.82291121      0.110194384072E-35
   1156.10609652      0.100822249925E-35
   1162.38928183      0.955298830502E-36
   1168.67246714      0.892920088417E-36
   1174.95565244      0.812527056081E-36
   1181.23883775      0.778125793113E-36
   1187.52202306      0.712159637381E-36
   1193.80520836      0.650616500930E-36
   1200.08839367      0.627074681578E-36
   1206.37157898      0.592546330372E-36
   1212.65476429      0.525492807574E-36
   1218.93794959      0.512079546175E-36
   1225.22113490      0.456664618493E-36
   1231.50432021      0.442143870324E-36
   1237.78750551      0.387013009025E-36
   1244.07069082      0.366428670968E-36
   1250.35387613      0.347342493383E-36
   1256.63706144      0.328668781674E-36
   1262.92024674      0.269902584202E-36
   1269.20343205      0.278320690546E-36
   1275.48661736      0.221097830014E-36
   1281.76980266      0.210991954854E-36
   1288.05298797      0.182572700986E-36
   1294.33617328      0.187284140369E-36
   1300.61935859      0.152261368686E-36
   1306.90254389      0.125300514065E-36
   1313.18572920      0.122692479856E-36
   1319.46891451      0.114597529742E-36
   1325.75209981      0.104947188069E-36
   1332.03528512      0.790571102596E-37
   1338.31847043      0.641034799018E-37
   1344.60165574      0.700328402500E-37
   1350.88484104      0.600334667629E-37
   1357.16802635      0.385145327340E-37
   1363.45121166      0.241494743339E-37
   1369.73439697      0.343488772728E-37
   1376.01758227      0.190053335761E-37
   1382.30076758      0.923379151350E-38
   1388.58395289      0.181374922661E-38
   1394.86713819      0.492083739103E-39
   6.28318530718      0.480697754271E-37
   12.5663706144      0.903035129165E-02
   18.8495559215      0.111672014045E-03
   25.1327412287      0.195381611252E-04
   31.4159265359      0.307478409502E-05
   37.6991118431      0.808761605878E-06
   43.9822971503      0.341656968186E-06
   50.2654824574      0.156636214792E-06
   56.5486677646      0.564149827750E-07
   62.8318530718      0.274647699287E-07
   69.1150383790      0.117770746702E-07
   75.3982236862      0.758554436654E-08
   81.6814089933      0.346551987536E-08
   87.9645943005      0.170414344493E-08
   94.2477796077      0.922732659771E-09
   100.530964915      0.577504971707E-09
   106.814150222      0.288366021332E-09
   113.097335529      0.157112617391E-09
   119.380520836      0.938101752768E-10
   125.663706144      0.529961223294E-10
   131.946891451      0.266360185608E-10
   138.230076758      0.123721915928E-10
   144.513262065      0.896438787568E-11
   150.796447372      0.474541698970E-11
   157.079632679      0.241892329499E-11
   163.362817987      0.142589017740E-11
   169.646003294      0.109175641842E-11
   175.929188601      0.820702996913E-12
   182.212373908      0.628394445591E-12
   188.495559215      0.546136853349E-12
   194.778744523      0.764704782831E-12
   201.061929830      0.798786778863E-12
   207.345115137      0.725897067517E-12
   213.628300444      0.863934033519E-12
   219.911485751      0.101181190253E-11
   226.194671058      0.101282937226E-11
   232.477856366      0.878928996364E-12
   238.761041673      0.983054845749E-12
   245.044226980      0.942238167081E-12
   251.327412287      0.801556077206E-12
   257.610597594      0.661353556687E-12
   263.893782902      0.662359253589E-12
   270.176968209      0.502310294733E-12
   276.460153516      0.342094811233E-12
   282.743338823      0.232477828543E-12
   289.026524130      0.175068939840E-12
   295.309709437      0.882275558080E-13
   301.592894745      0.426909693101E-13
   307.876080052      0.207065232832E-13
   314.159265359      0.901787798933E-14
   320.442450666      0.279056432312E-14
   326.725635973      0.868339561566E-15
   333.008821281      0.422564446114E-15
   339.292006588      0.200900505070E-15
   345.575191895      0.925823367253E-16
   351.858377202      0.418000249932E-16
   358.141562509      0.236016881321E-16
   364.424747816      0.850276870348E-17
   370.707933124      0.333218369264E-17
   376.991118431      0.195813580226E-17
   383.274303738      0.125514623766E-17
   389.557489045      0.513190146023E-18
   395.840674352      0.201162854721E-18
   402.123859659      0.103684041251E-18
   408.407044967      0.688530988118E-19
   414.690230274      0.328964280393E-19
   420.973415581      0.142547301525E-19
   427.256600888      0.841350994999E-20
   433.539786195      0.528772247509E-20
   439.822971503      0.279412204277E-20
   446.106156810      0.168562485989E-20
   452.389342117      0.127512473961E-20
   458.672527424      0.851148569779E-21
   464.955712731      0.600838559704E-21
   471.238898038      0.467769858981E-21
   477.522083346      0.355195365390E-21
   483.805268653      0.237345062117E-21
   490.088453960      0.174295395529E-21
   496.371639267      0.136420580075E-21
   502.654824574      0.931926318324E-22
   508.938009882      0.608363510920E-22
   515.221195189      0.342520449300E-22
   521.504380496      0.256664318158E-22
   527.787565803      0.138681916978E-22
   534.070751110      0.764466506420E-23
   540.353936417      0.354177470937E-23
   546.637121725      0.257527827840E-23
   552.920307032      0.118047020013E-23
   559.203492339      0.484341148821E-24
   565.486677646      0.217247305613E-24
   571.769862953      0.144027144649E-24
   578.053048261      0.435700934943E-25
   584.336233568      0.161299728863E-25
   590.619418875      0.832532086932E-26
   596.902604182      0.582646184513E-26
   603.185789489      0.363595738430E-26
   609.468974796      0.275112890435E-26
   615.752160104      0.234603350143E-26
   622.035345411      0.192353736767E-26
   628.318530718      0.154052613746E-26
   634.601716025      0.130578715377E-26
   640.884901332      0.991136094726E-27
   647.168086639      0.694839367033E-27
   653.451271947      0.610166969611E-27
   659.734457254      0.428136375687E-27
   666.017642561      0.325008724568E-27
   672.300827868      0.168464736422E-27
   678.584013175      0.438475465341E-28
   684.867198483      0.169249874897E-28
   691.150383790      0.583001089342E-29
   697.433569097      0.151807513117E-34
   703.716754404      0.188006930092E-34
   709.999939711      0.186128832394E-34
   716.283125018      0.163640605918E-34
   722.566310326      0.142930550040E-34
   728.849495633      0.133760473874E-34
   735.132680940      0.147384816663E-34
   741.415866247      0.122875768831E-34
   747.699051554      0.118573758677E-34
   753.982236862      0.118103629941E-34
   760.265422169      0.122086737733E-34
   766.548607476      0.110350698266E-34
   772.831792783      0.102289293167E-34
   779.114978090      0.106692253285E-34
   785.398163397      0.102784511314E-34
   791.681348705      0.970608877982E-35
   797.964534012      0.931576978942E-35
   804.247719319      0.203704248410E-34
   810.530904626      0.288416843097E-34
   816.814089933      0.911786970911E-35
   823.097275241      0.900581506351E-35
   829.380460548      0.817713790429E-35
   835.663645855      0.827723663299E-35
   841.946831162      0.747096374567E-35
   848.230016469      0.692304849182E-35
   854.513201776      0.711055766174E-35
   860.796387084      0.689524462324E-35
   867.079572391      0.661415611628E-35
   873.362757698      0.615141599515E-35
   879.645943005      0.593486254483E-35
   885.929128312      0.644552414505E-35
   892.212313620      0.555709973473E-35
   898.495498927      0.572093892654E-35
   904.778684234      0.561975770116E-35
   911.061869541      0.547357255895E-35
   917.345054848      0.560742565018E-35
   923.628240155      0.533327847966E-35
   929.911425463      0.486484823683E-35
   936.194610770      0.504208673840E-35
   942.477796077      0.478047171315E-35
   948.760981384      0.479175570100E-35
   955.044166691      0.452730093176E-35
   961.327351998      0.459571316471E-35
   967.610537306      0.437873949476E-35
   973.893722613      0.433994369806E-35
   980.176907920      0.421802766292E-35
   986.460093227      0.442115085562E-35
   992.743278534      0.404812393857E-35
   999.026463842      0.381584003351E-35
   1005.30964915      0.380468301451E-35
   1011.59283446      0.358077693784E-35
   1017.87601976      0.371289857566E-35
   1024.15920507      0.351202382024E-35
   1030.44239038      0.312136598466E-35
   1036.72557568      0.367801104126E-35
   1043.00876099      0.296884479498E-35
   1049.29194630      0.297966306353E-35
   1055.57513161      0.283761428131E-35
   1061.85831691      0.293188378568E-35
   1068.14150222      0.290552378956E-35
   1074.42468753      0.225977129797E-35
   1080.70787283      0.241638754263E-35
   1086.99105814      0.231475543029E-35
   1093.27424345      0.222114190872E-35
   1099.55742876      0.230383468603E-35
   1105.84061406      0.191032343956E-35
   1112.12379937      0.203860560557E-35
   1118.40698468      0.170872496382E-35
   1124.69016999      0.174723603313E-35
   1130.97335529      0.153004121525E-35
   1137.25654060      0.141677318568E-35
   1143.53972591      0.130635860719E-35
   1149.82291121      0.108809831287E-35
   1156.10609652      0.102808839398E-35
   1162.38928183      0.949295641397E-36
   1168.67246714      0.894422841794E-36
   1174.95565244      0.809375175433E-36
   1181.23883775      0.808820006986E-36
   1187.52202306      0.748021623598E-36
   1193.80520836      0.655323054591E-36
   1200.08839367      0.623816224497E-36
   1206.37157898      0.604888031849E-36
   1212.65476429      0.531441423336E-36
   1218.93794959      0.525832295395E-36
   1225.22113490      0.480292756557E-36
   1231.50432021      0.436529211934E-36
   1237.78750551      0.395879715008E-36
   1244.07069082      0.384931208340E-36
   1250.35387613      0.343755949782E-36
   1256.63706144      0.325266335236E-36
   1262.92024674      0.276582973516E-36
   1269.20343205      0.271073760341E-36
   1275.48661736      0.217901556296E-36
   1281.76980266      0.223959507680E-36
   1288.05298797      0.182960113374E-36
   1294.33617328      0.175324760753E-36
   1300.61935859      0.156072397529E-36
   1306.90254389      0.136841541101E-36
   1313.18572920      0.128840913385E-36
   1319.46891451      0.118776863181E-36
   1325.75209981      0.998111251304E-37
   1332.03528512      0.827087656609E-37
   1338.31847043      0.754166656883E-37
   1344.60165574      0.678609251606E-37
   1350.88484104      0.494286509193E-37
   1357.16802635      0.354383989795E-37
   1363.45121166      0.229906012628E-37
   1369.73439697      0.286201631538E-37
   1376.01758227      0.178938561735E-37
   1382.30076758      0.134933377259E-37
   1388.58395289      0.242884765685E-38
   1394.86713819      0.990380705818E-39
   6.28318530718      0.857499443758E-37
   12.5663706144      0.899375746416E-02
   18.8495559215      0.134898529316E-03
   25.1327412287      0.288225034939E-04
   31.4159265359      0.495261026408E-05
   37.6991118431      0.132604727139E-05
   43.9822971503      0.585258101569E-06
   50.2654824574      0.298997209858E-06
   56.5486677646      0.116274687800E-06
   62.8318530718      0.554196512883E-07
   69.1150383790      0.245535324512E-07
   75.3982236862      0.178218232207E-07
   81.6814089933      0.858008253905E-08
   87.9645943005      0.424151611405E-08
   94.2477796077      0.227413234926E-08
   100.530964915      0.166225454600E-08
   106.814150222      0.837926387855E-09
   113.097335529      0.455364211017E-09
   119.380520836      0.286823515295E-09
   125.663706144      0.180431664060E-09
   131.946891451      0.932334249728E-10
   138.230076758      0.411603789219E-10
   144.513262065      0.342796081638E-10
   150.796447372      0.183099444066E-10
   157.079632679      0.900381255934E-11
   163.362817987      0.506158057275E-11
   169.646003294      0.347191783948E-11
   175.929188601      0.189642617365E-11
   182.212373908      0.101870207787E-11
   188.495559215      0.654605587713E-12
   194.778744523      0.680567723206E-12
   201.061929830      0.608523704603E-12
   207.345115137      0.502191773809E-12
   213.628300444      0.584107420255E-12
   219.911485751      0.753784310157E-12
   226.194671058      0.794830106283E-12
   232.477856366      0.709093532051E-12
   238.761041673      0.863120265189E-12
   245.044226980      0.922918514503E-12
   251.327412287      0.841439597006E-12
   257.610597594      0.734990580868E-12
   263.893782902      0.840933669527E-12
   270.176968209      0.711655973603E-12
   276.460153516      0.541511243284E-12
   282.743338823      0.414943737277E-12
   289.026524130      0.371970365677E-12
   295.309709437      0.226721610365E-12
   301.592894745      0.134162310545E-12
   307.876080052      0.814052294514E-13
   314.159265359      0.458096150289E-13
   320.442450666      0.183318499192E-13
   326.725635973      0.694209926563E-14
   333.008821281      0.345175537851E-14
   339.292006588      0.146448117257E-14
   345.575191895      0.581384612554E-15
   351.858377202      0.257565304617E-15
   358.141562509      0.172728014556E-15
   364.424747816      0.725251963729E-16
   370.707933124      0.282866341382E-16
   376.991118431      0.143335592061E-16
   383.274303738      0.900475590775E-17
   389.557489045      0.418301674684E-17
   395.840674352      0.190446936048E-17
   402.123859659      0.949603699965E-18
   408.407044967      0.572853795238E-18
   414.690230274      0.276694443678E-18
   420.973415581      0.134183012797E-18
   427.256600888      0.808192460739E-19
   433.539786195      0.420010817930E-19
   439.822971503      0.203056824029E-19
   446.106156810      0.978300367830E-20
   452.389342117      0.692871394633E-20
   458.672527424      0.345666521147E-20
   464.955712731      0.174787622021E-20
   471.238898038      0.106990211786E-20
   477.522083346      0.749730663691E-21
   483.805268653      0.405144228528E-21
   490.088453960      0.260827423076E-21
   496.371639267      0.180958468343E-21
   502.654824574      0.116818590339E-21
   508.938009882      0.741475192758E-22
   515.221195189      0.424780494902E-22
   521.504380496      0.307246496074E-22
   527.787565803      0.180818182374E-22
   534.070751110      0.964499642635E-23
   540.353936417      0.485274721275E-23
   546.637121725      0.329014519443E-23
   552.920307032      0.171769181155E-23
   559.203492339      0.848563245588E-24
   565.486677646      0.440996911879E-24
   571.769862953      0.248288884703E-24
   578.053048261      0.101346226506E-24
   584.336233568      0.437763955458E-25
   590.619418875      0.232207536996E-25
   596.902604182      0.142081586108E-25
   603.185789489      0.866523110086E-26
   609.468974796      0.592563128759E-26
   615.752160104      0.492683503091E-26
   622.035345411      0.404816325244E-26
   628.318530718      0.331366510382E-26
   634.601716025      0.294148693227E-26
   640.884901332      0.244572762798E-26
   647.168086639      0.189929743441E-26
   653.451271947      0.166708083708E-26
   659.734457254      0.141616325283E-26
   666.017642561      0.118224800136E-26
   672.300827868      0.997183682701E-27
   678.584013175      0.749629776389E-27
   684.867198483      0.597068633548E-27
   691.150383790      0.492628684052E-27
   697.433569097      0.314760184620E-27
   703.716754404      0.207997156483E-27
   709.999939711      0.113559202406E-27
   716.283125018      0.242562517765E-28
   722.566310326      0.828900214543E-29
   728.849495633      0.182643012008E-29
   735.132680940      0.159451666561E-34
   741.415866247      0.128934951305E-34
   747.699051554      0.122931583550E-34
   753.982236862      0.125640426870E-34
   760.265422169      0.144916397309E-34
   766.548607476      0.117324530764E-34
   772.831792783      0.100882728950E-34
   779.114978090      0.108253817384E-34
   785.398163397      0.131105278472E-34
   791.681348705      0.965943836999E-35
   797.964534012      0.954412053572E-35
   804.247719319      0.283361124900E-34
   810.530904626      0.167389353968E-34
   816.814089933      0.902755544588E-35
   823.097275241      0.909399988684E-35
   829.380460548      0.783805852902E-35
   835.663645855      0.820567173194E-35
   841.946831162      0.754718284729E-35
   848.230016469      0.706878076804E-35
   854.513201776      0.713382864685E-35
   860.796387084      0.713798016038E-35
   867.079572391      0.667226597277E-35
   873.362757698      0.659336410901E-35
   879.645943005      0.621642081562E-35
   885.929128312      0.646412646257E-35
   892.212313620      0.559174284174E-35
   898.495498927      0.575769865242E-35
   904.778684234      0.573305596019E-35
   911.061869541      0.524974193153E-35
   917.345054848      0.540654487560E-35
   923.628240155      0.530686181163E-35
   929.911425463      0.505280450886E-35
   936.194610770      0.491565502503E-35
   942.477796077      0.488124412900E-35
   948.760981384      0.477158149039E-35
   955.044166691      0.444958823003E-35
   961.327351998      0.459953664995E-35
   967.610537306      0.429616385995E-35
   973.893722613      0.434152055901E-35
   980.176907920      0.419878165879E-35
   986.460093227      0.436404439394E-35
   992.743278534      0.396702112966E-35
   999.026463842      0.402562381990E-35
   1005.30964915      0.377890805897E-35
   1011.59283446      0.349780484943E-35
   1017.87601976      0.353562359712E-35
   1024.15920507      0.361201868808E-35
   1030.44239038      0.307261453291E-35
   1036.72557568      0.332298427550E-35
   1043.00876099      0.289649484023E-35
   1049.29194630      0.300074092780E-35
   1055.57513161      0.287105287908E-35
   1061.85831691      0.275131295238E-35
   1068.14150222      0.287058760603E-35
   1074.42468753      0.256497551129E-35
   1080.70787283      0.247647590576E-35
   1086.99105814      0.243579043964E-35
   1093.27424345      0.213373284625E-35
   1099.55742876      0.217061660393E-35
   1105.84061406      0.186721783089E-35
   1112.12379937      0.199481987059E-35
   1118.40698468      0.170704704358E-35
   1124.69016999      0.186549422092E-35
   1130.97335529      0.161618986325E-35
   1137.25654060      0.137034283905E-35
   1143.53972591      0.130292534216E-35
   1149.82291121      0.112394370030E-35
   1156.10609652      0.104543948828E-35
   1162.38928183      0.973022364509E-36
   1168.67246714      0.919923584117E-36
   1174.95565244      0.828165421649E-36
   1181.23883775      0.786158826408E-36
   1187.52202306      0.748618889325E-36
   1193.80520836      0.687498604887E-36
   1200.08839367      0.642951681199E-36
   1206.37157898      0.596396198905E-36
   1212.65476429      0.530063853087E-36
   1218.93794959      0.499120842394E-36
   1225.22113490      0.472843290402E-36
   1231.50432021      0.437321252427E-36
   1237.78750551      0.381847048067E-36
   1244.07069082      0.377537367338E-36
   1250.35387613      0.371614783521E-36
   1256.63706144      0.327305326127E-36
   1262.92024674      0.279605609446E-36
   1269.20343205      0.263882408166E-36
   1275.48661736      0.231158392752E-36
   1281.76980266      0.230320035310E-36
   1288.05298797      0.191858975410E-36
   1294.33617328      0.187058706283E-36
   1300.61935859      0.164925177891E-36
   1306.90254389      0.134672423957E-36
   1313.18572920      0.129952611272E-36
   1319.46891451      0.122910512796E-36
   1325.75209981      0.100586666722E-36
   1332.03528512      0.791232810129E-37
   1338.31847043      0.624164357571E-37
   1344.60165574      0.712101336366E-37
   1350.88484104      0.580894248335E-37
   1357.16802635      0.364398107180E-37
   1363.45121166      0.215763603361E-37
   1369.73439697      0.289763696837E-37
   1376.01758227      0.183655870198E-37
   1382.30076758      0.116969145089E-37
   1388.58395289      0.329821924026E-38
   1394.86713819      0.552800023282E-39
   6.28318530718      0.433895261595E-37
   12.5663706144      0.895201871843E-02
   18.8495559215      0.159355901507E-03
   25.1327412287      0.406731163979E-04
   31.4159265359      0.752858717333E-05
   37.6991118431      0.206484700183E-05
   43.9822971503      0.921839960233E-06
   50.2654824574      0.522180737214E-06
   56.5486677646      0.220467171034E-06
   62.8318530718      0.102875113510E-06
   69.1150383790      0.457036600055E-07
   75.3982236862      0.374638307660E-07
   81.6814089933      0.190263760423E-07
   87.9645943005      0.957773815197E-08
   94.2477796077      0.488776642022E-08
   100.530964915      0.416691792665E-08
   106.814150222      0.218040325881E-08
   113.097335529      0.115924706397E-08
   119.380520836      0.752882926960E-09
   125.663706144      0.531825288173E-09
   131.946891451      0.287169075865E-09
   138.230076758      0.119901858516E-09
   144.513262065      0.113135362656E-09
   150.796447372      0.640295292564E-10
   157.079632679      0.320427191717E-10
   163.362817987      0.171134743713E-10
   169.646003294      0.132733424324E-10
   175.929188601      0.694486890427E-11
   182.212373908      0.327529563212E-11
   188.495559215      0.200806418203E-11
   194.778744523      0.144709591035E-11
   201.061929830      0.877211486877E-12
   207.345115137      0.526182375005E-12
   213.628300444      0.466360872820E-12
   219.911485751      0.560781744581E-12
   226.194671058      0.573512082420E-12
   232.477856366      0.498918061833E-12
   238.761041673      0.637554223383E-12
   245.044226980      0.764962730042E-12
   251.327412287      0.740408761950E-12
   257.610597594      0.664688191777E-12
   263.893782902      0.872389032231E-12
   270.176968209      0.812299260208E-12
   276.460153516      0.675758384708E-12
   282.743338823      0.564581597957E-12
   289.026524130      0.586691617770E-12
   295.309709437      0.413709684199E-12
   301.592894745      0.282734226605E-12
   307.876080052      0.203206032701E-12
   314.159265359      0.140363967766E-12
   320.442450666      0.695406003721E-13
   326.725635973      0.319711194738E-13
   333.008821281      0.181269355710E-13
   339.292006588      0.833299791428E-14
   345.575191895      0.326314841107E-14
   351.858377202      0.136259668190E-14
   358.141562509      0.937515957349E-15
   364.424747816      0.418059984175E-15
   370.707933124      0.173907301944E-15
   376.991118431      0.878628939099E-16
   383.274303738      0.538894100507E-16
   389.557489045      0.248913119429E-16
   395.840674352      0.119546018144E-16
   402.123859659      0.632942935966E-17
   408.407044967      0.389310859476E-17
   414.690230274      0.184266173389E-17
   420.973415581      0.921812223945E-18
   427.256600888      0.611210639345E-18
   433.539786195      0.323557863986E-18
   439.822971503      0.156729456605E-18
   446.106156810      0.746918616024E-19
   452.389342117      0.565183678493E-19
   458.672527424      0.279550101016E-19
   464.955712731      0.135862502339E-19
   471.238898038      0.707734312065E-20
   477.522083346      0.495606990669E-20
   483.805268653      0.237568219469E-20
   490.088453960      0.122734050109E-20
   496.371639267      0.733768312852E-21
   502.654824574      0.439886169138E-21
   508.938009882      0.221569698972E-21
   515.221195189      0.115990273264E-21
   521.504380496      0.806123829462E-22
   527.787565803      0.481427117601E-22
   534.070751110      0.230423896121E-22
   540.353936417      0.115018295484E-22
   546.637121725      0.754725945316E-23
   552.920307032      0.407780287045E-23
   559.203492339      0.222804524970E-23
   565.486677646      0.131937772373E-23
   571.769862953      0.805666323413E-24
   578.053048261      0.398099418165E-24
   584.336233568      0.199348451524E-24
   590.619418875      0.119696134161E-24
   596.902604182      0.676431577377E-25
   603.185789489      0.384522082769E-25
   609.468974796      0.219431676315E-25
   615.752160104      0.157294011845E-25
   622.035345411      0.103890102257E-25
   628.318530718      0.748545982720E-26
   634.601716025      0.611749577935E-26
   640.884901332      0.503527396570E-26
   647.168086639      0.405511067676E-26
   653.451271947      0.348776161040E-26
   659.734457254      0.301800113472E-26
   666.017642561      0.249655053857E-26
   672.300827868      0.217499687965E-26
   678.584013175      0.187763918532E-26
   684.867198483      0.155524589498E-26
   691.150383790      0.137202272426E-26
   697.433569097      0.112552827353E-26
   703.716754404      0.973839966176E-27
   709.999939711      0.815006099608E-27
   716.283125018      0.590150731974E-27
   722.566310326      0.456091142306E-27
   728.849495633      0.326704429957E-27
   735.132680940      0.245252287354E-27
   741.415866247      0.133989891104E-27
   747.699051554      0.309342817548E-28
   753.982236862      0.108038126523E-28
   760.265422169      0.354588205618E-29
   766.548607476      0.123626204078E-34
   772.831792783      0.108282910614E-34
   779.114978090      0.115341777673E-34
   785.398163397      0.118060169526E-34
   791.681348705      0.116863719738E-34
   797.964534012      0.986966055734E-35
   804.247719319      0.264791012593E-34
   810.530904626      0.131016586749E-34
   816.814089933      0.941514426778E-35
   823.097275241      0.910726820317E-35
   829.380460548      0.832031636204E-35
   835.663645855      0.844046008478E-35
   841.946831162      0.781907858465E-35
   848.230016469      0.710774283948E-35
   854.513201776      0.738228311935E-35
   860.796387084      0.700591182935E-35
   867.079572391      0.683787348353E-35
   873.362757698      0.671084306218E-35
   879.645943005      0.616979201091E-35
   885.929128312      0.672510534380E-35
   892.212313620      0.591503201694E-35
   898.495498927      0.607847384436E-35
   904.778684234      0.565998981494E-35
   911.061869541      0.530746593992E-35
   917.345054848      0.530294656666E-35
   923.628240155      0.519779461399E-35
   929.911425463      0.494672642870E-35
   936.194610770      0.518797671679E-35
   942.477796077      0.472200018491E-35
   948.760981384      0.469239765465E-35
   955.044166691      0.457820713124E-35
   961.327351998      0.500527051419E-35
   967.610537306      0.457720449669E-35
   973.893722613      0.443589800664E-35
   980.176907920      0.432232088659E-35
   986.460093227      0.425730429109E-35
   992.743278534      0.407956498972E-35
   999.026463842      0.400486810413E-35
   1005.30964915      0.385361345935E-35
   1011.59283446      0.350303160262E-35
   1017.87601976      0.353005805093E-35
   1024.15920507      0.344685434936E-35
   1030.44239038      0.310310249634E-35
   1036.72557568      0.351594730587E-35
   1043.00876099      0.299523168208E-35
   1049.29194630      0.309423706282E-35
   1055.57513161      0.298614293071E-35
   1061.85831691      0.280343603681E-35
   1068.14150222      0.287997903450E-35
   1074.42468753      0.249605143219E-35
   1080.70787283      0.240147707335E-35
   1086.99105814      0.231883539169E-35
   1093.27424345      0.223168201203E-35
   1099.55742876      0.224034949673E-35
   1105.84061406      0.206461872890E-35
   1112.12379937      0.220614122842E-35
   1118.40698468      0.178463133862E-35
   1124.69016999      0.206479308819E-35
   1130.97335529      0.172779534243E-35
   1137.25654060      0.144504939453E-35
   1143.53972591      0.127221446513E-35
   1149.82291121      0.111165746453E-35
   1156.10609652      0.103105879406E-35
   1162.38928183      0.973259184832E-36
   1168.67246714      0.925038964603E-36
   1174.95565244      0.846398413029E-36
   1181.23883775      0.788903441936E-36
   1187.52202306      0.725090106442E-36
   1193.80520836      0.683757155906E-36
   1200.08839367      0.636611659238E-36
   1206.37157898      0.599558642787E-36
   1212.65476429      0.546488607895E-36
   1218.93794959      0.530580525561E-36
   1225.22113490      0.474851535898E-36
   1231.50432021      0.443176758438E-36
   1237.78750551      0.397553581147E-36
   1244.07069082      0.378551490315E-36
   1250.35387613      0.356857834644E-36
   1256.63706144      0.327900944142E-36
   1262.92024674      0.292533002946E-36
   1269.20343205      0.274673403530E-36
   1275.48661736      0.223422669132E-36
   1281.76980266      0.220635935794E-36
   1288.05298797      0.206541815749E-36
   1294.33617328      0.186931668994E-36
   1300.61935859      0.155602148253E-36
   1306.90254389      0.130540569045E-36
   1313.18572920      0.130279991982E-36
   1319.46891451      0.126248213493E-36
   1325.75209981      0.106238070635E-36
   1332.03528512      0.823840207090E-37
   1338.31847043      0.650361780870E-37
   1344.60165574      0.618031902348E-37
   1350.88484104      0.555250416658E-37
   1357.16802635      0.396016331862E-37
   1363.45121166      0.271919604300E-37
   1369.73439697      0.288976607484E-37
   1376.01758227      0.171749856831E-37
   1382.30076758      0.842573897703E-38
   1388.58395289      0.137927516701E-38
   1394.86713819      0.271786395931E-39
   6.28318530718      0.682244128603E-38
   12.5663706144      0.890511723170E-02
   18.8495559215      0.184842168355E-03
   25.1327412287      0.551497828004E-04
   31.4159265359      0.108465814175E-04
   37.6991118431      0.306377716216E-05
   43.9822971503      0.136466427329E-05
   50.2654824574      0.838290382018E-06
   56.5486677646      0.384795844065E-06
   62.8318530718      0.178859069869E-06
   69.1150383790      0.776544771768E-07
   75.3982236862      0.707943424183E-07
   81.6814089933      0.379351559014E-07
   87.9645943005      0.197711537355E-07
   94.2477796077      0.939279824828E-08
   100.530964915      0.914018035969E-08
   106.814150222      0.506796029391E-08
   113.097335529      0.265712865810E-08
   119.380520836      0.170964320458E-08
   125.663706144      0.135888288977E-08
   131.946891451      0.772129393689E-09
   138.230076758      0.311629716653E-09
   144.513262065      0.317854503793E-09
   150.796447372      0.193806855443E-09
   157.079632679      0.101272447340E-09
   163.362817987      0.492520715854E-10
   169.646003294      0.450493239593E-10
   175.929188601      0.244274524490E-10
   182.212373908      0.114141268445E-10
   188.495559215      0.703375816918E-11
   194.778744523      0.509271657135E-11
   201.061929830      0.265453002903E-11
   207.345115137      0.127645054612E-11
   213.628300444      0.915191606655E-12
   219.911485751      0.711568825595E-12
   226.194671058      0.535692800597E-12
   232.477856366      0.383652276742E-12
   238.761041673      0.441050251107E-12
   245.044226980      0.568893806738E-12
   251.327412287      0.570079990786E-12
   257.610597594      0.498377757713E-12
   263.893782902      0.759829574696E-12
   270.176968209      0.771893667060E-12
   276.460153516      0.693342729662E-12
   282.743338823      0.613972123418E-12
   289.026524130      0.731584937884E-12
   295.309709437      0.581992916650E-12
   301.592894745      0.442774592762E-12
   307.876080052      0.363196167902E-12
   314.159265359      0.297584231796E-12
   320.442450666      0.175669565890E-12
   326.725635973      0.952368140027E-13
   333.008821281      0.627690363804E-13
   339.292006588      0.332066292887E-13
   345.575191895      0.141549917300E-13
   351.858377202      0.600393581141E-14
   358.141562509      0.414841656246E-14
   364.424747816      0.187293476003E-14
   370.707933124      0.805887107276E-15
   376.991118431      0.417957364738E-15
   383.274303738      0.261032156055E-15
   389.557489045      0.119050347455E-15
   395.840674352      0.570053985030E-16
   402.123859659      0.310758509656E-16
   408.407044967      0.200147397768E-16
   414.690230274      0.949377883198E-17
   420.973415581      0.471747543859E-17
   427.256600888      0.330389302223E-17
   433.539786195      0.183540558922E-17
   439.822971503      0.907236162159E-18
   446.106156810      0.433804603313E-18
   452.389342117      0.353123390241E-18
   458.672527424      0.180882342292E-18
   464.955712731      0.918883917860E-19
   471.238898038      0.479137785627E-19
   477.522083346      0.354728010576E-19
   483.805268653      0.176376183762E-19
   490.088453960      0.895130879606E-20
   496.371639267      0.529399636706E-20
   502.654824574      0.340899184876E-20
   508.938009882      0.166955074045E-20
   515.221195189      0.784260627373E-21
   521.504380496      0.591571235266E-21
   527.787565803      0.325432100110E-21
   534.070751110      0.157746591185E-21
   540.353936417      0.765654808542E-22
   546.637121725      0.543522176478E-22
   552.920307032      0.268610331678E-22
   559.203492339      0.134160535201E-22
   565.486677646      0.775640035381E-23
   571.769862953      0.523344887333E-23
   578.053048261      0.263563041435E-23
   584.336233568      0.129199640094E-23
   590.619418875      0.860479476742E-24
   596.902604182      0.503007672692E-24
   603.185789489      0.268787832085E-24
   609.468974796      0.134956171960E-24
   615.752160104      0.101446342118E-24
   622.035345411      0.566312107679E-25
   628.318530718      0.324072129573E-25
   634.601716025      0.207285966647E-25
   640.884901332      0.152193650013E-25
   647.168086639      0.101881293729E-25
   653.451271947      0.773710892218E-26
   659.734457254      0.612639652287E-26
   666.017642561      0.501830027806E-26
   672.300827868      0.418745190804E-26
   678.584013175      0.364841652482E-26
   684.867198483      0.305499774082E-26
   691.150383790      0.266259244756E-26
   697.433569097      0.229508649811E-26
   703.716754404      0.203862021237E-26
   709.999939711      0.176484893420E-26
   716.283125018      0.150298237794E-26
   722.566310326      0.125936523870E-26
   728.849495633      0.109830466026E-26
   735.132680940      0.923655330404E-27
   741.415866247      0.755779507286E-27
   747.699051554      0.563521420142E-27
   753.982236862      0.477728143258E-27
   760.265422169      0.339587111842E-27
   766.548607476      0.218535441716E-27
   772.831792783      0.119976239247E-27
   779.114978090      0.531831541805E-28
   785.398163397      0.111563087999E-28
   791.681348705      0.295270795815E-29
   797.964534012      0.102347794831E-34
   804.247719319      0.225395303596E-34
   810.530904626      0.191845405256E-34
   816.814089933      0.986538905020E-35
   823.097275241      0.933303487657E-35
   829.380460548      0.848483111393E-35
   835.663645855      0.869118022544E-35
   841.946831162      0.800315262808E-35
   848.230016469      0.747819142606E-35
   854.513201776      0.744885650713E-35
   860.796387084      0.706923477239E-35
   867.079572391      0.691201950300E-35
   873.362757698      0.675166549209E-35
   879.645943005      0.617179582380E-35
   885.929128312      0.662319650010E-35
   892.212313620      0.601822933329E-35
   898.495498927      0.585328875411E-35
   904.778684234      0.583928941816E-35
   911.061869541      0.544645515957E-35
   917.345054848      0.549580537549E-35
   923.628240155      0.563478235753E-35
   929.911425463      0.519773776299E-35
   936.194610770      0.533393241286E-35
   942.477796077      0.503907882700E-35
   948.760981384      0.482868968544E-35
   955.044166691      0.448362325066E-35
   961.327351998      0.465804800640E-35
   967.610537306      0.442444044445E-35
   973.893722613      0.417544965176E-35
   980.176907920      0.421702765749E-35
   986.460093227      0.430115473101E-35
   992.743278534      0.420416944202E-35
   999.026463842      0.382679587998E-35
   1005.30964915      0.406466844381E-35
   1011.59283446      0.359003794433E-35
   1017.87601976      0.367698362740E-35
   1024.15920507      0.345034925850E-35
   1030.44239038      0.318819910594E-35
   1036.72557568      0.337993661376E-35
   1043.00876099      0.310363169363E-35
   1049.29194630      0.303198951098E-35
   1055.57513161      0.292922100021E-35
   1061.85831691      0.273286153067E-35
   1068.14150222      0.303285653480E-35
   1074.42468753      0.252744199709E-35
   1080.70787283      0.248136354455E-35
   1086.99105814      0.249095431023E-35
   1093.27424345      0.224469062150E-35
   1099.55742876      0.240218705599E-35
   1105.84061406      0.205516825548E-35
   1112.12379937      0.222198904502E-35
   1118.40698468      0.179254938155E-35
   1124.69016999      0.184415700528E-35
   1130.97335529      0.159882771879E-35
   1137.25654060      0.147451862231E-35
   1143.53972591      0.134171221694E-35
   1149.82291121      0.114436601065E-35
   1156.10609652      0.107616428645E-35
   1162.38928183      0.100736784645E-35
   1168.67246714      0.900819382481E-36
   1174.95565244      0.847899758725E-36
   1181.23883775      0.837919098412E-36
   1187.52202306      0.764089040841E-36
   1193.80520836      0.688694223962E-36
   1200.08839367      0.652161167656E-36
   1206.37157898      0.616929373165E-36
   1212.65476429      0.536583006304E-36
   1218.93794959      0.523601758221E-36
   1225.22113490      0.483842663363E-36
   1231.50432021      0.446160159054E-36
   1237.78750551      0.401394779230E-36
   1244.07069082      0.397939402869E-36
   1250.35387613      0.374038401604E-36
   1256.63706144      0.336483241820E-36
   1262.92024674      0.287145100854E-36
   1269.20343205      0.281369151681E-36
   1275.48661736      0.239758301099E-36
   1281.76980266      0.223791752225E-36
   1288.05298797      0.195389150708E-36
   1294.33617328      0.183732644445E-36
   1300.61935859      0.170186672649E-36
   1306.90254389      0.143065810759E-36
   1313.18572920      0.140870071025E-36
   1319.46891451      0.121507217537E-36
   1325.75209981      0.945933091237E-37
   1332.03528512      0.785281657466E-37
   1338.31847043      0.675221255147E-37
   1344.60165574      0.709703122596E-37
   1350.88484104      0.592922318370E-37
   1357.16802635      0.396409148215E-37
   1363.45121166      0.272833010930E-37
   1369.73439697      0.296850032835E-37
   1376.01758227      0.223561481852E-37
   1382.30076758      0.105504519477E-37
   1388.58395289      0.272676482593E-38
   1394.86713819      0.937219439936E-39
   6.28318530718      0.113821037317E-36
   12.5663706144      0.885296987583E-02
   18.8495559215      0.211429358826E-03
   25.1327412287      0.721879425811E-04
   31.4159265359      0.148800227235E-04
   37.6991118431      0.435106930819E-05
   43.9822971503      0.193657108137E-05
   50.2654824574      0.124702901769E-05
   56.5486677646      0.621541446747E-06
   62.8318530718      0.294112256757E-06
   69.1150383790      0.123235423974E-06
   75.3982236862      0.121512694461E-06
   81.6814089933      0.685198062821E-07
   87.9645943005      0.374615805079E-07
   94.2477796077      0.166181939881E-07
   100.530964915      0.178125724997E-07
   106.814150222      0.105087202047E-07
   113.097335529      0.559378644724E-08
   119.380520836      0.342337552394E-08
   125.663706144      0.304619887703E-08
   131.946891451      0.181909029915E-08
   138.230076758      0.737799593247E-09
   144.513262065      0.768640735549E-09
   150.796447372      0.506670166692E-09
   157.079632679      0.281679308103E-09
   163.362817987      0.122472859574E-09
   169.646003294      0.131010274543E-09
   175.929188601      0.747498976886E-10
   182.212373908      0.361644095591E-10
   188.495559215      0.212333228695E-10
   194.778744523      0.172784416434E-10
   201.061929830      0.907811840278E-11
   207.345115137      0.408572935137E-11
   213.628300444      0.303799244452E-11
   219.911485751      0.195275968732E-11
   226.194671058      0.108338643539E-11
   232.477856366      0.563986902934E-12
   238.761041673      0.473329233364E-12
   245.044226980      0.487949027025E-12
   251.327412287      0.443454906056E-12
   257.610597594      0.332361322557E-12
   263.893782902      0.581575943904E-12
   270.176968209      0.632276198071E-12
   276.460153516      0.606495179690E-12
   282.743338823      0.550201093500E-12
   289.026524130      0.752280645655E-12
   295.309709437      0.666173599109E-12
   301.592894745      0.550207873551E-12
   307.876080052      0.500360465739E-12
   314.159265359      0.475889332370E-12
   320.442450666      0.325206988819E-12
   326.725635973      0.201828133132E-12
   333.008821281      0.153879134806E-12
   339.292006588      0.948480152727E-13
   345.575191895      0.457502335599E-13
   351.858377202      0.208143439299E-13
   358.141562509      0.149396386296E-13
   364.424747816      0.690394990669E-14
   370.707933124      0.302751859477E-14
   376.991118431      0.159998623855E-14
   383.274303738      0.103145184118E-14
   389.557489045      0.472785273918E-15
   395.840674352      0.223800287175E-15
   402.123859659      0.122173627748E-15
   408.407044967      0.814206815709E-16
   414.690230274      0.390323988258E-16
   420.973415581      0.191597355232E-16
   427.256600888      0.137669399176E-16
   433.539786195      0.792162034066E-17
   439.822971503      0.399501644747E-17
   446.106156810      0.190204191587E-17
   452.389342117      0.164276827575E-17
   458.672527424      0.867644022207E-18
   464.955712731      0.455111165905E-18
   471.238898038      0.241723656394E-18
   477.522083346      0.190210479260E-18
   483.805268653      0.988134261468E-19
   490.088453960      0.515100655542E-19
   496.371639267      0.310915389002E-19
   502.654824574      0.216081500432E-19
   508.938009882      0.111264052648E-19
   515.221195189      0.514042588612E-20
   521.504380496      0.423456946183E-20
   527.787565803      0.233281775689E-20
   534.070751110      0.117308669453E-20
   540.353936417      0.581440715671E-21
   546.637121725      0.457769667828E-21
   552.920307032      0.229972570852E-21
   559.203492339      0.111151616369E-21
   565.486677646      0.630078403922E-22
   571.769862953      0.449441755869E-22
   578.053048261      0.224843911428E-22
   584.336233568      0.105847640338E-22
   590.619418875      0.732540710737E-23
   596.902604182      0.440141418034E-23
   603.185789489      0.225392782808E-23
   609.468974796      0.101935331202E-23
   615.752160104      0.855939359384E-24
   622.035345411      0.456574177225E-24
   628.318530718      0.236592330019E-24
   634.601716025      0.128033313797E-24
   640.884901332      0.980340867416E-25
   647.168086639      0.534433465683E-25
   653.451271947      0.315719195980E-25
   659.734457254      0.201929076826E-25
   666.017642561      0.151577521099E-25
   672.300827868      0.102559692209E-25
   678.584013175      0.751999112656E-26
   684.867198483      0.620633831131E-26
   691.150383790      0.510197068276E-26
   697.433569097      0.421125390476E-26
   703.716754404      0.367335409467E-26
   709.999939711      0.316391998411E-26
   716.283125018      0.281986456935E-26
   722.566310326      0.241046862649E-26
   728.849495633      0.215410007171E-26
   735.132680940      0.189732895668E-26
   741.415866247      0.168089340122E-26
   747.699051554      0.139019288541E-26
   753.982236862      0.123269382905E-26
   760.265422169      0.100959397602E-26
   766.548607476      0.860270110842E-27
   772.831792783      0.705203164368E-27
   779.114978090      0.575293822260E-27
   785.398163397      0.425027087785E-27
   791.681348705      0.290053274761E-27
   797.964534012      0.174301991315E-27
   804.247719319      0.141081372473E-27
   810.530904626      0.437140354101E-28
   816.814089933      0.648919977050E-29
   823.097275241      0.205595336181E-29
   829.380460548      0.261464399440E-30
   835.663645855      0.883055691743E-35
   841.946831162      0.820763430329E-35
   848.230016469      0.738121778067E-35
   854.513201776      0.771910215140E-35
   860.796387084      0.698256734866E-35
   867.079572391      0.704709505766E-35
   873.362757698      0.693489572088E-35
   879.645943005      0.683335621209E-35
   885.929128312      0.719752826938E-35
   892.212313620      0.593567528920E-35
   898.495498927      0.581871204703E-35
   904.778684234      0.582823459446E-35
   911.061869541      0.566565456605E-35
   917.345054848      0.569055123340E-35
   923.628240155      0.517311310294E-35
   929.911425463      0.516987989161E-35
   936.194610770      0.520798124690E-35
   942.477796077      0.508783155151E-35
   948.760981384      0.512525901953E-35
   955.044166691      0.484575186586E-35
   961.327351998      0.476732355931E-35
   967.610537306      0.452316501551E-35
   973.893722613      0.472782515039E-35
   980.176907920      0.448073465691E-35
   986.460093227      0.441903167896E-35
   992.743278534      0.409511694262E-35
   999.026463842      0.406561534569E-35
   1005.30964915      0.414035102685E-35
   1011.59283446      0.358418887634E-35
   1017.87601976      0.361875266473E-35
   1024.15920507      0.367883295364E-35
   1030.44239038      0.318928801383E-35
   1036.72557568      0.360975430646E-35
   1043.00876099      0.300776495562E-35
   1049.29194630      0.312147785443E-35
   1055.57513161      0.294229880510E-35
   1061.85831691      0.295780265670E-35
   1068.14150222      0.297666596688E-35
   1074.42468753      0.256976872512E-35
   1080.70787283      0.259194776059E-35
   1086.99105814      0.259989081294E-35
   1093.27424345      0.218352980038E-35
   1099.55742876      0.221065572376E-35
   1105.84061406      0.196892490788E-35
   1112.12379937      0.218898168232E-35
   1118.40698468      0.179434557525E-35
   1124.69016999      0.197254349485E-35
   1130.97335529      0.165541553077E-35
   1137.25654060      0.148052482446E-35
   1143.53972591      0.133108152124E-35
   1149.82291121      0.116752315375E-35
   1156.10609652      0.105529771543E-35
   1162.38928183      0.994278478577E-36
   1168.67246714      0.938185496884E-36
   1174.95565244      0.862313777620E-36
   1181.23883775      0.812027670721E-36
   1187.52202306      0.797877563039E-36
   1193.80520836      0.709752209102E-36
   1200.08839367      0.667182242236E-36
   1206.37157898      0.628848361857E-36
   1212.65476429      0.555036887203E-36
   1218.93794959      0.524089407595E-36
   1225.22113490      0.492857484274E-36
   1231.50432021      0.462463145602E-36
   1237.78750551      0.415211633888E-36
   1244.07069082      0.393899262382E-36
   1250.35387613      0.369537522193E-36
   1256.63706144      0.344690313965E-36
   1262.92024674      0.297711482126E-36
   1269.20343205      0.288482821183E-36
   1275.48661736      0.247769735416E-36
   1281.76980266      0.245298420363E-36
   1288.05298797      0.220149947648E-36
   1294.33617328      0.202356451454E-36
   1300.61935859      0.162345583212E-36
   1306.90254389      0.147293159250E-36
   1313.18572920      0.138643929543E-36
   1319.46891451      0.131522758046E-36
   1325.75209981      0.103678209502E-36
   1332.03528512      0.858483123949E-37
   1338.31847043      0.691771955034E-37
   1344.60165574      0.721637784018E-37
   1350.88484104      0.607274085651E-37
   1357.16802635      0.378116138135E-37
   1363.45121166      0.280873987454E-37
   1369.73439697      0.268311489476E-37
   1376.01758227      0.210274452165E-37
   1382.30076758      0.117456207448E-37
   1388.58395289      0.165586407530E-38
   1394.86713819      0.326405334571E-39
   6.28318530718      0.212350478895E-37
   12.5663706144      0.879539821479E-02
   18.8495559215      0.239480674005E-03
   25.1327412287      0.916129842763E-04
   31.4159265359      0.195308734542E-04
   37.6991118431      0.594845329196E-05
   43.9822971503      0.266843432512E-05
   50.2654824574      0.173919291350E-05
   56.5486677646      0.938490559142E-06
   62.8318530718      0.457674070729E-06
   69.1150383790      0.186530849968E-06
   75.3982236862      0.191987977441E-06
   81.6814089933      0.113144428473E-06
   87.9645943005      0.654056150337E-07
   94.2477796077      0.277646899748E-07
   100.530964915      0.314371313642E-07
   106.814150222      0.195327232743E-07
   113.097335529      0.108867721446E-07
   119.380520836      0.622547309027E-08
   125.663706144      0.607816183210E-08
   131.946891451      0.379857271085E-08
   138.230076758      0.160863860520E-08
   144.513262065      0.162884153325E-08
   150.796447372      0.115671972272E-08
   157.079632679      0.687293548873E-09
   163.362817987      0.273919772016E-09
   169.646003294      0.329719570049E-09
   175.929188601      0.197871359624E-09
   182.212373908      0.101760261257E-09
   188.495559215      0.548340978286E-10
   194.778744523      0.508281067819E-10
   201.061929830      0.279614108951E-10
   207.345115137      0.123523395453E-10
   213.628300444      0.953990097252E-11
   219.911485751      0.633679970844E-11
   226.194671058      0.333023735935E-11
   232.477856366      0.149432017144E-11
   238.761041673      0.115289511545E-11
   245.044226980      0.809778071388E-12
   251.327412287      0.525371433892E-12
   257.610597594      0.284290524690E-12
   263.893782902      0.465408171970E-12
   270.176968209      0.487345679291E-12
   276.460153516      0.479273066536E-12
   282.743338823      0.419012203048E-12
   289.026524130      0.660360011113E-12
   295.309709437      0.645558051856E-12
   301.592894745      0.568757655109E-12
   307.876080052      0.557892552215E-12
   314.159265359      0.608887388577E-12
   320.442450666      0.471632128969E-12
   326.725635973      0.326320239516E-12
   333.008821281      0.284253854430E-12
   339.292006588      0.203535082216E-12
   345.575191895      0.112202183037E-12
   351.858377202      0.560495852280E-13
   358.141562509      0.433227112085E-13
   364.424747816      0.211365024267E-13
   370.707933124      0.955150544057E-14
   376.991118431      0.512876646011E-14
   383.274303738      0.341584226963E-14
   389.557489045      0.159300633546E-14
   395.840674352      0.752522723686E-15
   402.123859659      0.407821581170E-15
   408.407044967      0.277254225263E-15
   414.690230274      0.133960183573E-15
   420.973415581      0.650047615427E-16
   427.256600888      0.472241903700E-16
   433.539786195      0.277118536164E-16
   439.822971503      0.141560913137E-16
   446.106156810      0.665960373539E-17
   452.389342117      0.601507028704E-17
   458.672527424      0.324805766156E-17
   464.955712731      0.173608500065E-17
   471.238898038      0.929051114520E-18
   477.522083346      0.773156350157E-18
   483.805268653      0.416313165258E-18
   490.088453960      0.222361197975E-18
   496.371639267      0.136691620676E-18
   502.654824574      0.101371881195E-18
   508.938009882      0.546687472859E-19
   515.221195189      0.253663955998E-19
   521.504380496      0.224321614067E-19
   527.787565803      0.128423033717E-19
   534.070751110      0.667127672278E-20
   540.353936417      0.334702015720E-20
   546.637121725      0.287743312967E-20
   552.920307032      0.151657641528E-20
   559.203492339      0.747709591176E-21
   565.486677646      0.425339424003E-21
   571.769862953      0.322603063315E-21
   578.053048261      0.165740038959E-21
   584.336233568      0.781166821470E-22
   590.619418875      0.555635504265E-22
   596.902604182      0.346035474241E-22
   603.185789489      0.177539349839E-22
   609.468974796      0.767435847120E-23
   615.752160104      0.693339899213E-23
   622.035345411      0.368117036667E-23
   628.318530718      0.185881632004E-23
   634.601716025      0.923465066925E-24
   640.884901332      0.775779094836E-24
   647.168086639      0.407453853782E-24
   653.451271947      0.212687894318E-24
   659.734457254      0.121548073672E-24
   666.017642561      0.919674107377E-25
   672.300827868      0.517955414889E-25
   678.584013175      0.279001441531E-25
   684.867198483      0.212084365306E-25
   691.150383790      0.150943284049E-25
   697.433569097      0.100836959113E-25
   703.716754404      0.730003555688E-26
   709.999939711      0.620350822213E-26
   716.283125018      0.514708572923E-26
   722.566310326      0.424549390148E-26
   728.849495633      0.366335430208E-26
   735.132680940      0.323206160205E-26
   741.415866247      0.290943658642E-26
   747.699051554      0.255873002163E-26
   753.982236862      0.233743570611E-26
   760.265422169      0.199833116452E-26
   766.548607476      0.175835232768E-26
   772.831792783      0.151514680755E-26
   779.114978090      0.129846354184E-26
   785.398163397      0.110851244735E-26
   791.681348705      0.909769790831E-27
   797.964534012      0.752575827036E-27
   804.247719319      0.693108388839E-27
   810.530904626      0.521145624954E-27
   816.814089933      0.321529957116E-27
   823.097275241      0.232719699314E-27
   829.380460548      0.178683048194E-27
   835.663645855      0.852897383567E-28
   841.946831162      0.180836592727E-28
   848.230016469      0.451022594149E-29
   854.513201776      0.125319305555E-29
   860.796387084      0.724653432528E-35
   867.079572391      0.722018574233E-35
   873.362757698      0.731382767220E-35
   879.645943005      0.668924834332E-35
   885.929128312      0.732778459719E-35
   892.212313620      0.649583632586E-35
   898.495498927      0.624497848822E-35
   904.778684234      0.628539183527E-35
   911.061869541      0.594984100254E-35
   917.345054848      0.623083960274E-35
   923.628240155      0.568324467832E-35
   929.911425463      0.526203336326E-35
   936.194610770      0.534737754037E-35
   942.477796077      0.520878948083E-35
   948.760981384      0.528554091001E-35
   955.044166691      0.465507494630E-35
   961.327351998      0.506188247124E-35
   967.610537306      0.482145653453E-35
   973.893722613      0.467516615989E-35
   980.176907920      0.449313509196E-35
   986.460093227      0.456303970516E-35
   992.743278534      0.430797221463E-35
   999.026463842      0.424207544500E-35
   1005.30964915      0.428490369609E-35
   1011.59283446      0.381871871183E-35
   1017.87601976      0.374903074219E-35
   1024.15920507      0.364313616897E-35
   1030.44239038      0.321251795413E-35
   1036.72557568      0.365022474137E-35
   1043.00876099      0.307152614655E-35
   1049.29194630      0.323121937181E-35
   1055.57513161      0.293086933911E-35
   1061.85831691      0.289849554518E-35
   1068.14150222      0.303348941458E-35
   1074.42468753      0.254352974048E-35
   1080.70787283      0.257547328841E-35
   1086.99105814      0.251381338417E-35
   1093.27424345      0.235653631961E-35
   1099.55742876      0.244721635331E-35
   1105.84061406      0.208383610223E-35
   1112.12379937      0.220294890000E-35
   1118.40698468      0.198774656877E-35
   1124.69016999      0.194866552546E-35
   1130.97335529      0.163875666100E-35
   1137.25654060      0.147495410946E-35
   1143.53972591      0.132124322928E-35
   1149.82291121      0.114391296242E-35
   1156.10609652      0.106737038955E-35
   1162.38928183      0.102962964859E-35
   1168.67246714      0.969675459150E-36
   1174.95565244      0.859522736562E-36
   1181.23883775      0.830828879583E-36
   1187.52202306      0.772457696696E-36
   1193.80520836      0.702096655664E-36
   1200.08839367      0.665659655678E-36
   1206.37157898      0.616815436729E-36
   1212.65476429      0.562041635393E-36
   1218.93794959      0.566586720294E-36
   1225.22113490      0.495416472533E-36
   1231.50432021      0.462085991934E-36
   1237.78750551      0.417681654908E-36
   1244.07069082      0.411170594797E-36
   1250.35387613      0.395919255860E-36
   1256.63706144      0.346088704812E-36
   1262.92024674      0.294570316026E-36
   1269.20343205      0.288830483780E-36
   1275.48661736      0.250728235789E-36
   1281.76980266      0.243667147837E-36
   1288.05298797      0.202217593110E-36
   1294.33617328      0.197051251332E-36
   1300.61935859      0.175090860037E-36
   1306.90254389      0.134239505515E-36
   1313.18572920      0.142318658087E-36
   1319.46891451      0.125521490499E-36
   1325.75209981      0.110506999169E-36
   1332.03528512      0.887449198878E-37
   1338.31847043      0.747086452916E-37
   1344.60165574      0.849175114329E-37
   1350.88484104      0.584521390126E-37
   1357.16802635      0.415990710780E-37
   1363.45121166      0.291649802576E-37
   1369.73439697      0.302714045784E-37
   1376.01758227      0.173964102768E-37
   1382.30076758      0.969537221830E-38
   1388.58395289      0.211635087765E-38
   1394.86713819      0.236297103805E-39
   6.28318530718      0.561591569084E-38
   12.5663706144      0.873211586547E-02
   18.8495559215      0.269625208572E-03
   25.1327412287      0.113154815370E-03
   31.4159265359      0.246490240433E-04
   37.6991118431      0.788061245240E-05
   43.9822971503      0.358718236904E-05
   50.2654824574      0.230790269940E-05
   56.5486677646      0.134052288541E-05
   62.8318530718      0.671872760913E-06
   69.1150383790      0.274330254976E-06
   75.3982236862      0.282596628130E-06
   81.6814089933      0.172589295329E-06
   87.9645943005      0.105886450821E-06
   94.2477796077      0.444570028792E-07
   100.530964915      0.511986460005E-07
   106.814150222      0.328858575293E-07
   113.097335529      0.195088841885E-07
   119.380520836      0.106595061943E-07
   125.663706144      0.109555489516E-07
   131.946891451      0.712797681303E-08
   138.230076758      0.323805182164E-08
   144.513262065      0.309081177223E-08
   150.796447372      0.234316791595E-08
   157.079632679      0.147400221093E-08
   163.362817987      0.572480313121E-09
   169.646003294      0.731485981276E-09
   175.929188601      0.458051377759E-09
   182.212373908      0.253283458763E-09
   188.495559215      0.124940295077E-09
   194.778744523      0.129786173808E-09
   201.061929830      0.752250403357E-10
   207.345115137      0.336755973150E-10
   213.628300444      0.259084038100E-10
   219.911485751      0.186195233860E-10
   226.194671058      0.100613196141E-10
   232.477856366      0.430770535818E-11
   238.761041673      0.347079605016E-11
   245.044226980      0.223157889588E-11
   251.327412287      0.117059701276E-11
   257.610597594      0.525109354396E-12
   263.893782902      0.612197246681E-12
   270.176968209      0.474089146666E-12
   276.460153516      0.404542632143E-12
   282.743338823      0.298912635687E-12
   289.026524130      0.523958831220E-12
   295.309709437      0.551965393523E-12
   301.592894745      0.510223566760E-12
   307.876080052      0.521153440551E-12
   314.159265359      0.650848141823E-12
   320.442450666      0.562889894008E-12
   326.725635973      0.424389232257E-12
   333.008821281      0.415678269355E-12
   339.292006588      0.343314169774E-12
   345.575191895      0.215815461498E-12
   351.858377202      0.118871339034E-12
   358.141562509      0.101501989665E-12
   364.424747816      0.537244719417E-13
   370.707933124      0.255631916211E-13
   376.991118431      0.140620386268E-13
   383.274303738      0.970405770055E-14
   389.557489045      0.464078378202E-14
   395.840674352      0.221349951040E-14
   402.123859659      0.119482870502E-14
   408.407044967      0.823421627820E-15
   414.690230274      0.399509809264E-15
   420.973415581      0.191898970092E-15
   427.256600888      0.139941885544E-15
   433.539786195      0.829004634568E-16
   439.822971503      0.425652993705E-16
   446.106156810      0.196782115560E-16
   452.389342117      0.183452953672E-16
   458.672527424      0.100383775171E-16
   464.955712731      0.541694996718E-17
   471.238898038      0.288322299433E-17
   477.522083346      0.251364555015E-17
   483.805268653      0.139080429146E-17
   490.088453960      0.755478886883E-18
   496.371639267      0.468539112848E-18
   502.654824574      0.367441987219E-18
   508.938009882      0.205625553246E-18
   515.221195189      0.958355927139E-19
   521.504380496      0.896964156707E-19
   527.787565803      0.537347304666E-19
   534.070751110      0.288639933925E-19
   540.353936417      0.144993480850E-19
   546.637121725      0.134457808309E-19
   552.920307032      0.743923483092E-20
   559.203492339      0.379135789928E-20
   565.486677646      0.216802479250E-20
   571.769862953      0.175507085182E-20
   578.053048261      0.936787858349E-21
   584.336233568      0.448337896326E-21
   590.619418875      0.327841632831E-21
   596.902604182      0.213854045930E-21
   603.185789489      0.112498809198E-21
   609.468974796      0.481109894254E-22
   615.752160104      0.459072329413E-22
   622.035345411      0.248578592702E-22
   628.318530718      0.126624263444E-22
   634.601716025      0.604883857555E-23
   640.884901332      0.541120056436E-23
   647.168086639      0.287374732029E-23
   653.451271947      0.145586319081E-23
   659.734457254      0.800584410457E-24
   666.017642561      0.640581045424E-24
   672.300827868      0.346839118708E-24
   678.584013175      0.165991014661E-24
   684.867198483      0.123653894111E-24
   691.150383790      0.826252892191E-25
   697.433569097      0.462568991431E-25
   703.716754404      0.240087508324E-25
   709.999939711      0.219332056746E-25
   716.283125018      0.142395953387E-25
   722.566310326      0.974569823161E-26
   728.849495633      0.703789098064E-26
   735.132680940      0.616100718720E-26
   741.415866247      0.509838130400E-26
   747.699051554      0.420719554938E-26
   753.982236862      0.381487411244E-26
   760.265422169      0.328175366292E-26
   766.548607476      0.295161079212E-26
   772.831792783      0.257285520647E-26
   779.114978090      0.228882000673E-26
   785.398163397      0.204400040109E-26
   791.681348705      0.175135865409E-26
   797.964534012      0.151499215625E-26
   804.247719319      0.137588244277E-26
   810.530904626      0.116367646227E-26
   816.814089933      0.942866926703E-27
   823.097275241      0.825363100568E-27
   829.380460548      0.700738068461E-27
   835.663645855      0.576490476363E-27
   841.946831162      0.358883005778E-27
   848.230016469      0.266694958227E-27
   854.513201776      0.203069149013E-27
   860.796387084      0.100849106779E-27
   867.079572391      0.313332163664E-28
   873.362757698      0.122425505286E-28
   879.645943005      0.188130524837E-29
   885.929128312      0.707985548504E-35
   892.212313620      0.654577535117E-35
   898.495498927      0.653953950323E-35
   904.778684234      0.599976948875E-35
   911.061869541      0.560140168560E-35
   917.345054848      0.605277257580E-35
   923.628240155      0.531380100324E-35
   929.911425463      0.529415278101E-35
   936.194610770      0.552645276480E-35
   942.477796077      0.549174097778E-35
   948.760981384      0.518277673683E-35
   955.044166691      0.479278727376E-35
   961.327351998      0.512501188166E-35
   967.610537306      0.472249618783E-35
   973.893722613      0.445562939703E-35
   980.176907920      0.450388825858E-35
   986.460093227      0.455306808237E-35
   992.743278534      0.454592249183E-35
   999.026463842      0.420662797052E-35
   1005.30964915      0.426594778412E-35
   1011.59283446      0.374507127547E-35
   1017.87601976      0.412344938829E-35
   1024.15920507      0.384838596980E-35
   1030.44239038      0.340616316844E-35
   1036.72557568      0.377203088655E-35
   1043.00876099      0.312230780816E-35
   1049.29194630      0.331460738183E-35
   1055.57513161      0.316458303521E-35
   1061.85831691      0.298558164107E-35
   1068.14150222      0.302119503259E-35
   1074.42468753      0.269875411016E-35
   1080.70787283      0.261690355041E-35
   1086.99105814      0.259545400864E-35
   1093.27424345      0.230429520624E-35
   1099.55742876      0.236507837969E-35
   1105.84061406      0.209839742904E-35
   1112.12379937      0.220296504045E-35
   1118.40698468      0.197970977481E-35
   1124.69016999      0.223185061367E-35
   1130.97335529      0.182350179047E-35
   1137.25654060      0.147859650141E-35
   1143.53972591      0.138406361130E-35
   1149.82291121      0.115166766016E-35
   1156.10609652      0.110310058950E-35
   1162.38928183      0.103074310903E-35
   1168.67246714      0.960422596277E-36
   1174.95565244      0.889474093204E-36
   1181.23883775      0.826510212533E-36
   1187.52202306      0.786123654346E-36
   1193.80520836      0.727705958604E-36
   1200.08839367      0.699104580630E-36
   1206.37157898      0.658766876229E-36
   1212.65476429      0.571752044734E-36
   1218.93794959      0.559216693844E-36
   1225.22113490      0.505274061555E-36
   1231.50432021      0.468493957465E-36
   1237.78750551      0.417332300106E-36
   1244.07069082      0.402743493549E-36
   1250.35387613      0.386487473041E-36
   1256.63706144      0.363036218886E-36
   1262.92024674      0.310012127198E-36
   1269.20343205      0.290316652021E-36
   1275.48661736      0.243738928397E-36
   1281.76980266      0.240522729734E-36
   1288.05298797      0.207519443473E-36
   1294.33617328      0.209816183771E-36
   1300.61935859      0.180311930357E-36
   1306.90254389      0.156419164738E-36
   1313.18572920      0.138325132039E-36
   1319.46891451      0.121845671259E-36
   1325.75209981      0.111844773227E-36
   1332.03528512      0.836295347197E-37
   1338.31847043      0.756864377521E-37
   1344.60165574      0.728021537041E-37
   1350.88484104      0.647518315929E-37
   1357.16802635      0.413287717231E-37
   1363.45121166      0.258982454522E-37
   1369.73439697      0.343135002825E-37
   1376.01758227      0.185113322354E-37
   1382.30076758      0.109889000438E-37
   1388.58395289      0.158582810416E-38
   1394.86713819      0.432634317342E-39
   6.28318530718      0.476019131388E-37
   12.5663706144      0.866273357968E-02
   18.8495559215      0.302697556175E-03
   25.1327412287      0.136458977119E-03
   31.4159265359      0.300725630726E-04
   37.6991118431      0.101820430328E-04
   43.9822971503      0.470510975399E-05
   50.2654824574      0.295925232812E-05
   56.5486677646      0.183017669273E-05
   62.8318530718      0.930277925288E-06
   69.1150383790      0.396870613080E-06
   75.3982236862      0.390767918611E-06
   81.6814089933      0.246633752864E-06
   87.9645943005      0.160014187854E-06
   94.2477796077      0.684501081636E-07
   100.530964915      0.782072707651E-07
   106.814150222      0.507956657428E-07
   113.097335529      0.320253037651E-07
   119.380520836      0.176913358259E-07
   125.663706144      0.181479483084E-07
   131.946891451      0.121728000852E-07
   138.230076758      0.600018085687E-08
   144.513262065      0.538150862728E-08
   150.796447372      0.428674253896E-08
   157.079632679      0.280418844956E-08
   163.362817987      0.113601775114E-08
   169.646003294      0.145962169504E-08
   175.929188601      0.942362879844E-09
   182.212373908      0.557430626060E-09
   188.495559215      0.260047493417E-09
   194.778744523      0.292684725858E-09
   201.061929830      0.177604636108E-09
   207.345115137      0.828062572776E-10
   213.628300444      0.617254048810E-10
   219.911485751      0.480358396067E-10
   226.194671058      0.271086664345E-10
   232.477856366      0.115768795860E-10
   238.761041673      0.952656498877E-11
   245.044226980      0.636377595793E-11
   251.327412287      0.324644826247E-11
   257.610597594      0.139035754221E-11
   263.893782902      0.142628510895E-11
   270.176968209      0.832934055022E-12
   276.460153516      0.518900842616E-12
   282.743338823      0.282941744342E-12
   289.026524130      0.448738976905E-12
   295.309709437      0.455523741010E-12
   301.592894745      0.423133180977E-12
   307.876080052      0.422460619863E-12
   314.159265359      0.603410490528E-12
   320.442450666      0.575182644282E-12
   326.725635973      0.463431888625E-12
   333.008821281      0.500300687245E-12
   339.292006588      0.473275350897E-12
   345.575191895      0.336846932966E-12
   351.858377202      0.203186398147E-12
   358.141562509      0.194813415247E-12
   364.424747816      0.113860120566E-12
   370.707933124      0.582018818523E-13
   376.991118431      0.332502169215E-13
   383.274303738      0.239878051619E-13
   389.557489045      0.118590113266E-13
   395.840674352      0.577032335913E-14
   402.123859659      0.312660371561E-14
   408.407044967      0.218630484631E-14
   414.690230274      0.106523666279E-14
   420.973415581      0.507793669201E-15
   427.256600888      0.370439246137E-15
   433.539786195      0.220484345021E-15
   439.822971503      0.113191177807E-15
   446.106156810      0.513104861199E-16
   452.389342117      0.488295817232E-16
   458.672527424      0.268633679903E-16
   464.955712731      0.145432413955E-16
   471.238898038      0.762466519287E-17
   477.522083346      0.688747106697E-17
   483.805268653      0.388164750561E-17
   490.088453960      0.213017217082E-17
   496.371639267      0.131810824211E-17
   502.654824574      0.108348293706E-17
   508.938009882      0.623707781490E-18
   515.221195189      0.290868484895E-18
   521.504380496      0.284366862413E-18
   527.787565803      0.177640855539E-18
   534.070751110      0.986445013416E-19
   540.353936417      0.492445802881E-19
   546.637121725      0.488021707218E-19
   552.920307032      0.282097385624E-19
   559.203492339      0.149002980303E-19
   565.486677646      0.853327014110E-20
   571.769862953      0.737013944683E-20
   578.053048261      0.409626467708E-20
   584.336233568      0.199776491988E-20
   590.619418875      0.149685978645E-20
   596.902604182      0.102768203431E-20
   603.185789489      0.558520238122E-21
   609.468974796      0.238491606475E-21
   615.752160104      0.239365167272E-21
   622.035345411      0.133638004874E-21
   628.318530718      0.696827619464E-22
   634.601716025      0.327223254421E-22
   640.884901332      0.307747307691E-22
   647.168086639      0.166950583149E-22
   653.451271947      0.848169054839E-23
   659.734457254      0.457839922016E-23
   666.017642561      0.385063494345E-23
   672.300827868      0.209065456512E-23
   678.584013175      0.977106191913E-24
   684.867198483      0.735315371886E-24
   691.150383790      0.496851368396E-24
   697.433569097      0.268921144801E-24
   703.716754404      0.117778313279E-24
   709.999939711      0.119745433980E-24
   716.283125018      0.682021914475E-25
   722.566310326      0.390739309482E-25
   728.849495633      0.217898227582E-25
   735.132680940      0.197470159275E-25
   741.415866247      0.131729846033E-25
   747.699051554      0.887734236290E-26
   753.982236862      0.699383972354E-26
   760.265422169      0.588634667948E-26
   766.548607476      0.501757040938E-26
   772.831792783      0.415197793744E-26
   779.114978090      0.361271180239E-26
   785.398163397      0.323610704526E-26
   791.681348705      0.287082256056E-26
   797.964534012      0.250688976473E-26
   804.247719319      0.227020117812E-26
   810.530904626      0.203464855361E-26
   816.814089933      0.178239243484E-26
   823.097275241      0.154646814512E-26
   829.380460548      0.132288133346E-26
   835.663645855      0.116483594043E-26
   841.946831162      0.895840514141E-27
   848.230016469      0.803437014003E-27
   854.513201776      0.686059941677E-27
   860.796387084      0.503766876964E-27
   867.079572391      0.303316505700E-27
   873.362757698      0.273598925276E-27
   879.645943005      0.166566695661E-27
   885.929128312      0.877127697602E-28
   892.212313620      0.298317252790E-28
   898.495498927      0.146391221418E-28
   904.778684234      0.122596290114E-29
   911.061869541      0.895640522261E-31
   917.345054848      0.594288184923E-35
   923.628240155      0.587216424224E-35
   929.911425463      0.534149605309E-35
   936.194610770      0.569237676128E-35
   942.477796077      0.556248818318E-35
   948.760981384      0.529849003225E-35
   955.044166691      0.484644270729E-35
   961.327351998      0.508704188680E-35
   967.610537306      0.489376207717E-35
   973.893722613      0.466088452369E-35
   980.176907920      0.454172333288E-35
   986.460093227      0.449784792894E-35
   992.743278534      0.438013366715E-35
   999.026463842      0.437790964745E-35
   1005.30964915      0.462405769071E-35
   1011.59283446      0.391140281340E-35
   1017.87601976      0.393489917497E-35
   1024.15920507      0.392899261658E-35
   1030.44239038      0.334416598190E-35
   1036.72557568      0.379262813864E-35
   1043.00876099      0.331232338146E-35
   1049.29194630      0.339599780385E-35
   1055.57513161      0.304889904103E-35
   1061.85831691      0.323442637754E-35
   1068.14150222      0.336296132662E-35
   1074.42468753      0.265153981625E-35
   1080.70787283      0.262429591788E-35
   1086.99105814      0.266386048610E-35
   1093.27424345      0.232226465716E-35
   1099.55742876      0.237324177526E-35
   1105.84061406      0.218738098644E-35
   1112.12379937      0.237516529619E-35
   1118.40698468      0.193388643787E-35
   1124.69016999      0.203816461029E-35
   1130.97335529      0.191104252749E-35
   1137.25654060      0.153147345327E-35
   1143.53972591      0.137917186048E-35
   1149.82291121      0.119816223583E-35
   1156.10609652      0.115382032401E-35
   1162.38928183      0.104474951718E-35
   1168.67246714      0.989374844166E-36
   1174.95565244      0.898391596166E-36
   1181.23883775      0.852934092340E-36
   1187.52202306      0.771888246211E-36
   1193.80520836      0.739214801221E-36
   1200.08839367      0.711331350614E-36
   1206.37157898      0.658186907300E-36
   1212.65476429      0.589656571707E-36
   1218.93794959      0.564778719192E-36
   1225.22113490      0.523391425295E-36
   1231.50432021      0.486884210026E-36
   1237.78750551      0.423477698821E-36
   1244.07069082      0.406200300217E-36
   1250.35387613      0.384675582849E-36
   1256.63706144      0.350897697124E-36
   1262.92024674      0.310331499593E-36
   1269.20343205      0.297539927560E-36
   1275.48661736      0.244190487923E-36
   1281.76980266      0.246047727597E-36
   1288.05298797      0.223091851860E-36
   1294.33617328      0.196558865083E-36
   1300.61935859      0.172091848065E-36
   1306.90254389      0.145898029345E-36
   1313.18572920      0.147936830031E-36
   1319.46891451      0.132785324184E-36
   1325.75209981      0.112073281021E-36
   1332.03528512      0.897278602956E-37
   1338.31847043      0.694770562002E-37
   1344.60165574      0.808913919837E-37
   1350.88484104      0.706678307135E-37
   1357.16802635      0.434793693545E-37
   1363.45121166      0.240498143569E-37
   1369.73439697      0.326005983932E-37
   1376.01758227      0.228018180007E-37
   1382.30076758      0.159565650508E-37
   1388.58395289      0.376838499015E-38
   1394.86713819      0.452563215941E-39
   6.28318530718      0.649435510940E-37
   12.5663706144      0.858678131061E-02
   18.8495559215      0.339651066386E-03
   25.1327412287      0.161099717019E-03
   31.4159265359      0.356814957933E-04
   37.6991118431      0.128923779415E-04
   43.9822971503      0.602381235320E-05
   50.2654824574      0.371345127548E-05
   56.5486677646      0.240506879958E-05
   62.8318530718      0.122057935235E-05
   69.1150383790      0.564887726133E-06
   75.3982236862      0.510966599369E-06
   81.6814089933      0.336237119418E-06
   87.9645943005      0.226827495607E-06
   94.2477796077      0.101433779939E-06
   100.530964915      0.113069384237E-06
   106.814150222      0.729081287552E-07
   113.097335529      0.483717780907E-07
   119.380520836      0.286080172883E-07
   125.663706144      0.281392808867E-07
   131.946891451      0.191820568820E-07
   138.230076758      0.101965988821E-07
   144.513262065      0.878670375903E-08
   150.796447372      0.721260054880E-08
   157.079632679      0.481079266687E-08
   163.362817987      0.212514293009E-08
   169.646003294      0.266587441280E-08
   175.929188601      0.175593229137E-08
   182.212373908      0.108987174663E-08
   188.495559215      0.507579890859E-09
   194.778744523      0.593743658855E-09
   201.061929830      0.372878934713E-09
   207.345115137      0.184298790136E-09
   213.628300444      0.132098133490E-09
   219.911485751      0.109986262666E-09
   226.194671058      0.647834019024E-10
   232.477856366      0.284399607465E-10
   238.761041673      0.231957271891E-10
   245.044226980      0.164292080137E-10
   251.327412287      0.865176556220E-11
   257.610597594      0.356920117526E-11
   263.893782902      0.377342909607E-11
   270.176968209      0.206472276166E-11
   276.460153516      0.108664032401E-11
   282.743338823      0.497022858525E-12
   289.026524130      0.588894768940E-12
   295.309709437      0.460213734082E-12
   301.592894745      0.375582267552E-12
   307.876080052      0.323506363847E-12
   314.159265359      0.512022712881E-12
   320.442450666      0.524230839254E-12
   326.725635973      0.442491543279E-12
   333.008821281      0.511934414895E-12
   339.292006588      0.551535655267E-12
   345.575191895      0.440343382540E-12
   351.858377202      0.286849071809E-12
   358.141562509      0.311989787567E-12
   364.424747816      0.203223769488E-12
   370.707933124      0.113218823164E-12
   376.991118431      0.680558067683E-13
   383.274303738      0.520011388452E-13
   389.557489045      0.268410830771E-13
   395.840674352      0.134490472979E-13
   402.123859659      0.737734057522E-14
   408.407044967      0.526052389655E-14
   414.690230274      0.258420338552E-14
   420.973415581      0.122819618388E-14
   427.256600888      0.895434718957E-15
   433.539786195      0.535021557252E-15
   439.822971503      0.274013756478E-15
   446.106156810      0.121932261596E-15
   452.389342117      0.117445004971E-15
   458.672527424      0.645748983298E-16
   464.955712731      0.349333871908E-16
   471.238898038      0.179434016698E-16
   477.522083346      0.166159683888E-16
   483.805268653      0.946001738712E-17
   490.088453960      0.521890997383E-17
   496.371639267      0.318996331111E-17
   502.654824574      0.272365293531E-17
   508.938009882      0.159949874883E-17
   515.221195189      0.743700444113E-18
   521.504380496      0.749758152750E-18
   527.787565803      0.484869353579E-18
   534.070751110      0.277497545023E-18
   540.353936417      0.136894780998E-18
   546.637121725      0.143723143188E-18
   552.920307032      0.862485612023E-19
   559.203492339      0.471709370158E-19
   565.486677646      0.269073720739E-19
   571.769862953      0.247317023230E-19
   578.053048261      0.143006947160E-19
   584.336233568      0.711975209349E-20
   590.619418875      0.543609879427E-20
   596.902604182      0.393439960911E-20
   603.185789489      0.221475324383E-20
   609.468974796      0.946177903598E-21
   615.752160104      0.997010297362E-21
   622.035345411      0.576268037393E-21
   628.318530718      0.309398316136E-21
   634.601716025      0.143870092655E-21
   640.884901332      0.142025536974E-21
   647.168086639      0.790257532615E-22
   653.451271947      0.407991209428E-22
   659.734457254      0.217446147483E-22
   666.017642561      0.191240364009E-22
   672.300827868      0.105277025067E-22
   678.584013175      0.491170263350E-23
   684.867198483      0.372996406623E-23
   691.150383790      0.258588799330E-23
   697.433569097      0.141158896661E-23
   703.716754404      0.581219859500E-24
   709.999939711      0.631652026301E-24
   716.283125018      0.355831784447E-24
   722.566310326      0.193704843004E-24
   728.849495633      0.955692395586E-25
   735.132680940      0.915675014193E-25
   741.415866247      0.544108608999E-25
   747.699051554      0.302831528375E-25
   753.982236862      0.198343551380E-25
   760.265422169      0.166922195596E-25
   766.548607476      0.116989390085E-25
   772.831792783      0.793284622257E-26
   779.114978090      0.673036820385E-26
   785.398163397      0.554256642562E-26
   791.681348705      0.458447128866E-26
   797.964534012      0.384054948367E-26
   804.247719319      0.347026038152E-26
   810.530904626      0.301833670833E-26
   816.814089933      0.270105711175E-26
   823.097275241      0.230557762358E-26
   829.380460548      0.196742694121E-26
   835.663645855      0.179278735144E-26
   841.946831162      0.149878270238E-26
   848.230016469      0.133006995486E-26
   854.513201776      0.113625678035E-26
   860.796387084      0.840951871246E-27
   867.079572391      0.669655522790E-27
   873.362757698      0.611600510452E-27
   879.645943005      0.458167083618E-27
   885.929128312      0.332837782222E-27
   892.212313620      0.151257964393E-27
   898.495498927      0.149655596376E-27
   904.778684234      0.667407490899E-28
   911.061869541      0.318088524426E-28
   917.345054848      0.459667081126E-29
   923.628240155      0.220399876104E-29
   929.911425463      0.361633410448E-31
   936.194610770      0.530072131453E-35
   942.477796077      0.537675968007E-35
   948.760981384      0.534974298718E-35
   955.044166691      0.509205831281E-35
   961.327351998      0.523892613517E-35
   967.610537306      0.494613222626E-35
   973.893722613      0.477833371818E-35
   980.176907920      0.470024113059E-35
   986.460093227      0.478960936714E-35
   992.743278534      0.430346498736E-35
   999.026463842      0.443081485547E-35
   1005.30964915      0.448886182576E-35
   1011.59283446      0.382826313432E-35
   1017.87601976      0.385534835681E-35
   1024.15920507      0.361824373170E-35
   1030.44239038      0.348196171336E-35
   1036.72557568      0.374756700191E-35
   1043.00876099      0.321252993903E-35
   1049.29194630      0.332838830596E-35
   1055.57513161      0.303431831463E-35
   1061.85831691      0.304491939328E-35
   1068.14150222      0.325900210098E-35
   1074.42468753      0.273708639666E-35
   1080.70787283      0.271235827654E-35
   1086.99105814      0.250869127049E-35
   1093.27424345      0.230776992948E-35
   1099.55742876      0.232232484224E-35
   1105.84061406      0.205487074607E-35
   1112.12379937      0.242943622337E-35
   1118.40698468      0.208531347137E-35
   1124.69016999      0.209929949430E-35
   1130.97335529      0.173104389915E-35
   1137.25654060      0.163120952439E-35
   1143.53972591      0.142547640943E-35
   1149.82291121      0.120578374793E-35
   1156.10609652      0.111762483027E-35
   1162.38928183      0.104095586602E-35
   1168.67246714      0.983881142645E-36
   1174.95565244      0.892290809919E-36
   1181.23883775      0.855044469091E-36
   1187.52202306      0.798877216508E-36
   1193.80520836      0.752349678234E-36
   1200.08839367      0.690343577648E-36
   1206.37157898      0.652512977434E-36
   1212.65476429      0.581098017651E-36
   1218.93794959      0.547722842331E-36
   1225.22113490      0.500780483630E-36
   1231.50432021      0.488426759225E-36
   1237.78750551      0.434831881811E-36
   1244.07069082      0.417962475364E-36
   1250.35387613      0.393249707217E-36
   1256.63706144      0.364543084927E-36
   1262.92024674      0.320744463125E-36
   1269.20343205      0.298875639816E-36
   1275.48661736      0.259774271826E-36
   1281.76980266      0.238644996088E-36
   1288.05298797      0.204287534797E-36
   1294.33617328      0.193805309660E-36
   1300.61935859      0.182693569717E-36
   1306.90254389      0.157607962369E-36
   1313.18572920      0.145487599694E-36
   1319.46891451      0.134734750885E-36
   1325.75209981      0.109705773543E-36
   1332.03528512      0.883937040325E-37
   1338.31847043      0.756713100427E-37
   1344.60165574      0.798967682320E-37
   1350.88484104      0.727530107333E-37
   1357.16802635      0.491527362385E-37
   1363.45121166      0.303745751551E-37
   1369.73439697      0.350122234864E-37
   1376.01758227      0.239488729944E-37
   1382.30076758      0.110492578842E-37
   1388.58395289      0.112925059684E-38
   1394.86713819      0.373663035647E-39
   6.28318530718      0.765096447415E-38
   12.5663706144      0.850374576322E-02
   18.8495559215      0.381452602270E-03
   25.1327412287      0.186609227372E-03
   31.4159265359      0.414474651421E-04
   37.6991118431      0.160397286537E-04
   43.9822971503      0.754895661102E-05
   50.2654824574      0.459891095008E-05
   56.5486677646      0.305441602319E-05
   62.8318530718      0.152858873107E-05
   69.1150383790      0.782930645273E-06
   75.3982236862      0.637106878145E-06
   81.6814089933      0.444668569027E-06
   87.9645943005      0.303158719859E-06
   94.2477796077      0.145544381156E-06
   100.530964915      0.154531568885E-06
   106.814150222      0.985103904424E-07
   113.097335529      0.683721402417E-07
   119.380520836      0.444357604362E-07
   125.663706144      0.414253002901E-07
   131.946891451      0.283083833583E-07
   138.230076758      0.159425431969E-07
   144.513262065      0.136285754054E-07
   150.796447372      0.113327047281E-07
   157.079632679      0.760728738327E-08
   163.362817987      0.370898490994E-08
   169.646003294      0.450775959794E-08
   175.929188601      0.301665456999E-08
   182.212373908      0.191553148811E-08
   188.495559215      0.941032555816E-09
   194.778744523      0.109982602626E-08
   201.061929830      0.707788450084E-09
   207.345115137      0.373136999400E-09
   213.628300444      0.259207450256E-09
   219.911485751      0.226941055941E-09
   226.194671058      0.138786234450E-09
   232.477856366      0.638549118765E-10
   238.761041673      0.508999652801E-10
   245.044226980      0.380391896504E-10
   251.327412287      0.209526733095E-10
   257.610597594      0.838231433441E-11
   263.893782902      0.935259272439E-11
   270.176968209      0.517948619959E-11
   276.460153516      0.265594019067E-11
   282.743338823      0.116531730049E-11
   289.026524130      0.121071493098E-11
   295.309709437      0.731644519691E-12
   301.592894745      0.457800757061E-12
   307.876080052      0.301325850996E-12
   314.159265359      0.451884007377E-12
   320.442450666      0.457252002359E-12
   326.725635973      0.389535018632E-12
   333.008821281      0.460927619317E-12
   339.292006588      0.561285302461E-12
   345.575191895      0.496778791763E-12
   351.858377202      0.342455763530E-12
   358.141562509      0.425240339321E-12
   364.424747816      0.309647650926E-12
   370.707933124      0.189642316079E-12
   376.991118431      0.121052968363E-12
   383.274303738      0.993754990757E-13
   389.557489045      0.541540006734E-13
   395.840674352      0.281990543424E-13
   402.123859659      0.157875836178E-13
   408.407044967      0.115567738460E-13
   414.690230274      0.576062299309E-14
   420.973415581      0.274692090084E-14
   427.256600888      0.200416252743E-14
   433.539786195      0.120394786348E-14
   439.822971503      0.615304841431E-15
   446.106156810      0.269756586045E-15
   452.389342117      0.261493049393E-15
   458.672527424      0.143163362953E-15
   464.955712731      0.772187569738E-16
   471.238898038      0.388097536171E-16
   477.522083346      0.365040777625E-16
   483.805268653      0.208492896218E-16
   490.088453960      0.115232387263E-16
   496.371639267      0.690762459833E-17
   502.654824574      0.607207316760E-17
   508.938009882      0.360994189099E-17
   515.221195189      0.166982442013E-17
   521.504380496      0.171488613103E-17
   527.787565803      0.113858806278E-17
   534.070751110      0.668095265926E-18
   540.353936417      0.324349818529E-18
   546.637121725      0.357470470319E-18
   552.920307032      0.221090572348E-18
   559.203492339      0.124848028425E-18
   565.486677646      0.704940920367E-19
   571.769862953      0.686618777350E-19
   578.053048261      0.411857709713E-19
   584.336233568      0.209540670542E-19
   590.619418875      0.161949283324E-19
   596.902604182      0.123511609264E-19
   603.185789489      0.720510830015E-20
   609.468974796      0.308286390966E-20
   615.752160104      0.340177747768E-20
   622.035345411      0.203828964888E-20
   628.318530718      0.113004935616E-20
   634.601716025      0.521421928964E-21
   640.884901332      0.540614446496E-21
   647.168086639      0.309291540769E-21
   653.451271947      0.163332861574E-21
   659.734457254      0.861120425563E-22
   666.017642561      0.791255082155E-22
   672.300827868      0.443954628787E-22
   678.584013175      0.208457843887E-22
   684.867198483      0.158986049738E-22
   691.150383790      0.113420810083E-22
   697.433569097      0.628904999574E-23
   703.716754404      0.252001615773E-23
   709.999939711      0.285668170410E-23
   716.283125018      0.162963858303E-23
   722.566310326      0.885746661342E-24
   728.849495633      0.417328376076E-24
   735.132680940      0.419323298089E-24
   741.415866247      0.244141526671E-24
   747.699051554      0.128503201114E-24
   753.982236862      0.760261208074E-25
   760.265422169      0.664457872691E-25
   766.548607476      0.406834770460E-25
   772.831792783      0.217514200140E-25
   779.114978090      0.183572105347E-25
   785.398163397      0.137439953938E-25
   791.681348705      0.960907192245E-26
   797.964534012      0.651059437494E-26
   804.247719319      0.617162626082E-26
   810.530904626      0.474727759070E-26
   816.814089933      0.397251811157E-26
   823.097275241      0.313696041544E-26
   829.380460548      0.273558844095E-26
   835.663645855      0.240978525115E-26
   841.946831162      0.205994850842E-26
   848.230016469      0.179987500866E-26
   854.513201776      0.148559514531E-26
   860.796387084      0.111284574041E-26
   867.079572391      0.976229372864E-27
   873.362757698      0.832894602821E-27
   879.645943005      0.631609735255E-27
   885.929128312      0.441090467668E-27
   892.212313620      0.250031053137E-27
   898.495498927      0.273120455764E-27
   904.778684234      0.160337799453E-27
   911.061869541      0.106256765998E-27
   917.345054848      0.236339259096E-28
   923.628240155      0.171819351336E-28
   929.911425463      0.156819054748E-29
   936.194610770      0.565905490969E-35
   942.477796077      0.555550425237E-35
   948.760981384      0.527233024410E-35
   955.044166691      0.502413104061E-35
   961.327351998      0.541781127747E-35
   967.610537306      0.509395294742E-35
   973.893722613      0.472678003280E-35
   980.176907920      0.467014546246E-35
   986.460093227      0.434927316632E-35
   992.743278534      0.433295486157E-35
   999.026463842      0.444789114421E-35
   1005.30964915      0.436614510775E-35
   1011.59283446      0.390956658288E-35
   1017.87601976      0.417943625487E-35
   1024.15920507      0.387704984140E-35
   1030.44239038      0.340358517512E-35
   1036.72557568      0.388670137205E-35
   1043.00876099      0.325290169324E-35
   1049.29194630      0.341375155591E-35
   1055.57513161      0.319254843148E-35
   1061.85831691      0.302835994153E-35
   1068.14150222      0.327981293580E-35
   1074.42468753      0.267713890548E-35
   1080.70787283      0.270763114909E-35
   1086.99105814      0.285750976361E-35
   1093.27424345      0.238016482266E-35
   1099.55742876      0.260458915338E-35
   1105.84061406      0.223746126165E-35
   1112.12379937      0.236879331783E-35
   1118.40698468      0.192547797502E-35
   1124.69016999      0.251496494467E-35
   1130.97335529      0.192632520995E-35
   1137.25654060      0.158720870824E-35
   1143.53972591      0.141277094994E-35
   1149.82291121      0.122847728916E-35
   1156.10609652      0.115056999324E-35
   1162.38928183      0.103346940259E-35
   1168.67246714      0.100325534117E-35
   1174.95565244      0.904196734284E-36
   1181.23883775      0.884571386172E-36
   1187.52202306      0.806620242994E-36
   1193.80520836      0.756437630424E-36
   1200.08839367      0.699510009507E-36
   1206.37157898      0.676956252500E-36
   1212.65476429      0.603100199351E-36
   1218.93794959      0.572458137856E-36
   1225.22113490      0.519406262053E-36
   1231.50432021      0.486217372517E-36
   1237.78750551      0.426414167471E-36
   1244.07069082      0.411659713690E-36
   1250.35387613      0.376415265847E-36
   1256.63706144      0.354337811407E-36
   1262.92024674      0.304987565482E-36
   1269.20343205      0.311055257923E-36
   1275.48661736      0.266901010625E-36
   1281.76980266      0.251669667387E-36
   1288.05298797      0.213019117908E-36
   1294.33617328      0.215996647012E-36
   1300.61935859      0.183596901953E-36
   1306.90254389      0.149925627678E-36
   1313.18572920      0.141991850718E-36
   1319.46891451      0.144936524262E-36
   1325.75209981      0.118311597545E-36
   1332.03528512      0.894848788360E-37
   1338.31847043      0.822252313512E-37
   1344.60165574      0.892482992822E-37
   1350.88484104      0.635119630180E-37
   1357.16802635      0.399559594570E-37
   1363.45121166      0.292943065720E-37
   1369.73439697      0.309380213396E-37
   1376.01758227      0.201867273249E-37
   1382.30076758      0.128570946089E-37
   1388.58395289      0.157744668565E-38
   1394.86713819      0.589095862566E-39
   6.28318530718      0.244384128624E-37
   12.5663706144      0.841312092557E-02
   18.8495559215      0.428965754863E-03
   25.1327412287      0.212538394781E-03
   31.4159265359      0.474533930118E-04
   37.6991118431      0.196241167831E-04
   43.9822971503      0.929520023968E-05
   50.2654824574      0.564822137969E-05
   56.5486677646      0.375724595845E-05
   62.8318530718      0.184375566590E-05
   69.1150383790      0.104482231917E-05
   75.3982236862      0.766011975912E-06
   81.6814089933      0.575261174365E-06
   87.9645943005      0.385018296719E-06
   94.2477796077      0.203159409252E-06
   100.530964915      0.198912390469E-06
   106.814150222      0.126975308738E-06
   113.097335529      0.924378201867E-07
   119.380520836      0.654686254994E-07
   125.663706144      0.583803686455E-07
   131.946891451      0.394629394554E-07
   138.230076758      0.232865931147E-07
   144.513262065      0.201617376027E-07
   150.796447372      0.168022769303E-07
   157.079632679      0.113339398889E-07
   163.362817987      0.604354060854E-08
   169.646003294      0.710205416126E-08
   175.929188601      0.483576810512E-08
   182.212373908      0.308059025202E-08
   188.495559215      0.166445207837E-08
   194.778744523      0.188019244418E-08
   201.061929830      0.123489632301E-08
   207.345115137      0.692554946708E-09
   213.628300444      0.473667993603E-09
   219.911485751      0.427739447682E-09
   226.194671058      0.270117400320E-09
   232.477856366      0.131425441367E-09
   238.761041673      0.102479890564E-09
   245.044226980      0.798282992999E-10
   251.327412287      0.459056893394E-10
   257.610597594      0.181967683219E-10
   263.893782902      0.211294494085E-10
   270.176968209      0.120058423325E-10
   276.460153516      0.626838719932E-11
   282.743338823      0.272217116139E-11
   289.026524130      0.281079996913E-11
   295.309709437      0.156330406193E-11
   301.592894745      0.815604343492E-12
   307.876080052      0.454934367646E-12
   314.159265359      0.525909676947E-12
   320.442450666      0.444495674713E-12
   326.725635973      0.348587430983E-12
   333.008821281      0.388299975866E-12
   339.292006588      0.519834639536E-12
   345.575191895      0.499677965775E-12
   351.858377202      0.354160107648E-12
   358.141562509      0.503563617592E-12
   364.424747816      0.409070738476E-12
   370.707933124      0.276454765188E-12
   376.991118431      0.188168436931E-12
   383.274303738      0.168240588101E-12
   389.557489045      0.978683950761E-13
   395.840674352      0.534364888874E-13
   402.123859659      0.307680361942E-13
   408.407044967      0.232914636675E-13
   414.690230274      0.118666272652E-13
   420.973415581      0.571706662301E-14
   427.256600888      0.418919341963E-14
   433.539786195      0.253748156787E-14
   439.822971503      0.129667673502E-14
   446.106156810      0.562890827318E-15
   452.389342117      0.547536039186E-15
   458.672527424      0.298038919717E-15
   464.955712731      0.160132121924E-15
   471.238898038      0.788994135502E-16
   477.522083346      0.748357859696E-16
   483.805268653      0.426569210197E-16
   490.088453960      0.235640129363E-16
   496.371639267      0.138034744457E-16
   502.654824574      0.123899301147E-16
   508.938009882      0.740664133406E-17
   515.221195189      0.340596359625E-17
   521.504380496      0.352606175612E-17
   527.787565803      0.238404614936E-17
   534.070751110      0.142511991504E-17
   540.353936417      0.679345378687E-18
   546.637121725      0.778383322920E-18
   552.920307032      0.492366171782E-18
   559.203492339      0.285868017961E-18
   565.486677646      0.158825932856E-18
   571.769862953      0.162982015367E-18
   578.053048261      0.100944053365E-18
   584.336233568      0.524919840794E-19
   590.619418875      0.407667244118E-19
   596.902604182      0.326921985635E-19
   603.185789489      0.197396017700E-19
   609.468974796      0.846658020154E-20
   615.752160104      0.974761344575E-20
   622.035345411      0.605378450208E-20
   628.318530718      0.347064128771E-20
   634.601716025      0.159044739848E-20
   640.884901332      0.173178414646E-20
   647.168086639      0.102040653042E-20
   653.451271947      0.553376706413E-21
   659.734457254      0.288800107675E-21
   666.017642561      0.277458510412E-21
   672.300827868      0.159202502206E-21
   678.584013175      0.756365887672E-22
   684.867198483      0.577551155740E-22
   691.150383790      0.424811510468E-22
   697.433569097      0.239706963229E-22
   703.716754404      0.946553328623E-23
   709.999939711      0.110719379165E-22
   716.283125018      0.640949209359E-23
   722.566310326      0.351975592362E-23
   728.849495633      0.161775401140E-23
   735.132680940      0.168903746346E-23
   741.415866247      0.986855824295E-24
   747.699051554      0.518445057739E-24
   753.982236862      0.293257277746E-24
   760.265422169      0.267410402793E-24
   766.548607476      0.157968985010E-24
   772.831792783      0.759687633427E-25
   779.114978090      0.637496296229E-25
   785.398163397      0.464416898685E-25
   791.681348705      0.288613755285E-25
   797.964534012      0.146165299112E-25
   804.247719319      0.155140081038E-25
   810.530904626      0.103450111539E-25
   816.814089933      0.723929057934E-26
   823.097275241      0.491292227409E-26
   829.380460548      0.448589882037E-26
   835.663645855      0.354268525656E-26
   841.946831162      0.280262844401E-26
   848.230016469      0.232001274584E-26
   854.513201776      0.185321365839E-26
   860.796387084      0.138248573456E-26
   867.079572391      0.125418254483E-26
   873.362757698      0.982029423079E-27
   879.645943005      0.745849544026E-27
   885.929128312      0.502273956292E-27
   892.212313620      0.314826521630E-27
   898.495498927      0.319242120975E-27
   904.778684234      0.183207257675E-27
   911.061869541      0.116335744861E-27
   917.345054848      0.316428428184E-28
   923.628240155      0.267257725001E-28
   929.911425463      0.380241184656E-29
   936.194610770      0.562496709631E-35
   942.477796077      0.552203503139E-35
   948.760981384      0.535707313913E-35
   955.044166691      0.515628652177E-35
   961.327351998      0.528458560124E-35
   967.610537306      0.517394125066E-35
   973.893722613      0.492208829432E-35
   980.176907920      0.483041141709E-35
   986.460093227      0.457721528512E-35
   992.743278534      0.472409458531E-35
   999.026463842      0.430201604343E-35
   1005.30964915      0.455629207688E-35
   1011.59283446      0.406296800793E-35
   1017.87601976      0.403732551632E-35
   1024.15920507      0.377836474238E-35
   1030.44239038      0.350223680456E-35
   1036.72557568      0.376315537692E-35
   1043.00876099      0.315467952861E-35
   1049.29194630      0.337023638235E-35
   1055.57513161      0.320853028911E-35
   1061.85831691      0.310695046530E-35
   1068.14150222      0.317246742073E-35
   1074.42468753      0.277670527752E-35
   1080.70787283      0.277375621653E-35
   1086.99105814      0.290240699000E-35
   1093.27424345      0.244734129243E-35
   1099.55742876      0.267928320300E-35
   1105.84061406      0.225395702907E-35
   1112.12379937      0.223743638118E-35
   1118.40698468      0.195695413629E-35
   1124.69016999      0.210090627424E-35
   1130.97335529      0.173778099587E-35
   1137.25654060      0.171189918505E-35
   1143.53972591      0.139003554744E-35
   1149.82291121      0.123576404849E-35
   1156.10609652      0.113936969551E-35
   1162.38928183      0.107453432041E-35
   1168.67246714      0.101429286667E-35
   1174.95565244      0.914670636947E-36
   1181.23883775      0.864274853763E-36
   1187.52202306      0.818593018123E-36
   1193.80520836      0.747239031184E-36
   1200.08839367      0.696406909717E-36
   1206.37157898      0.669493908251E-36
   1212.65476429      0.609141655254E-36
   1218.93794959      0.582620114022E-36
   1225.22113490      0.540569964060E-36
   1231.50432021      0.501854203589E-36
   1237.78750551      0.427961702849E-36
   1244.07069082      0.409322337514E-36
   1250.35387613      0.408715279897E-36
   1256.63706144      0.364249561105E-36
   1262.92024674      0.324223513666E-36
   1269.20343205      0.313173159848E-36
   1275.48661736      0.258711068191E-36
   1281.76980266      0.260790275673E-36
   1288.05298797      0.218459733295E-36
   1294.33617328      0.206272993725E-36
   1300.61935859      0.187485289133E-36
   1306.90254389      0.144097116383E-36
   1313.18572920      0.147767538508E-36
   1319.46891451      0.133277498500E-36
   1325.75209981      0.114800388457E-36
   1332.03528512      0.941306699096E-37
   1338.31847043      0.740252968459E-37
   1344.60165574      0.817083677157E-37
   1350.88484104      0.604648178546E-37
   1357.16802635      0.434595791387E-37
   1363.45121166      0.295384350169E-37
   1369.73439697      0.391539998064E-37
   1376.01758227      0.275919867849E-37
   1382.30076758      0.100385803137E-37
   1388.58395289      0.303741065132E-38
   1394.86713819      0.599225708481E-39
   6.28318530718      0.685947234917E-38
   12.5663706144      0.831446757355E-02
   18.8495559215      0.482830959908E-03
   25.1327412287      0.238552442716E-03
   31.4159265359      0.538613039030E-04
   37.6991118431      0.236160843433E-04
   43.9822971503      0.112727341266E-04
   50.2654824574      0.689247463789E-05
   56.5486677646      0.448277940864E-05
   62.8318530718      0.217290586492E-05
   69.1150383790      0.133480857942E-05
   75.3982236862      0.900487585744E-06
   81.6814089933      0.728922956880E-06
   87.9645943005      0.469030650626E-06
   94.2477796077      0.274567268388E-06
   100.530964915      0.242502283101E-06
   106.814150222      0.158248999965E-06
   113.097335529      0.121409591527E-06
   119.380520836      0.913264801139E-07
   125.663706144      0.789920707770E-07
   131.946891451      0.519875251078E-07
   138.230076758      0.325393599945E-07
   144.513262065      0.284252723506E-07
   150.796447372      0.237319450121E-07
   157.079632679      0.161413132435E-07
   163.362817987      0.928711035765E-08
   169.646003294      0.104760342983E-07
   175.929188601      0.727548662465E-08
   182.212373908      0.462493202492E-08
   188.495559215      0.281422022353E-08
   194.778744523      0.299154573387E-08
   201.061929830      0.200641781103E-08
   207.345115137      0.118985211968E-08
   213.628300444      0.815410754404E-09
   219.911485751      0.744866688917E-09
   226.194671058      0.483833667426E-09
   232.477856366      0.249187867523E-09
   238.761041673      0.192057893838E-09
   245.044226980      0.153642082138E-09
   251.327412287      0.915327948762E-10
   257.610597594      0.370517670050E-10
   263.893782902      0.437325395930E-10
   270.176968209      0.255033173570E-10
   276.460153516      0.136847242995E-10
   282.743338823      0.597230035450E-11
   289.026524130      0.627544163998E-11
   295.309709437      0.347536367598E-11
   301.592894745      0.171443987113E-11
   307.876080052      0.936598261910E-12
   314.159265359      0.885117614223E-12
   320.442450666      0.583930923941E-12
   326.725635973      0.373283995874E-12
   333.008821281      0.353934739819E-12
   339.292006588      0.471747305731E-12
   345.575191895      0.469300660558E-12
   351.858377202      0.327329027045E-12
   358.141562509      0.530545287526E-12
   364.424747816      0.476891443861E-12
   370.707933124      0.355364339776E-12
   376.991118431      0.257469115658E-12
   383.274303738      0.253766602186E-12
   389.557489045      0.159145510474E-12
   395.840674352      0.918742260381E-13
   402.123859659      0.547853333037E-13
   408.407044967      0.432195762618E-13
   414.690230274      0.226717861093E-13
   420.973415581      0.111101505332E-13
   427.256600888      0.822046559489E-14
   433.539786195      0.503935276851E-14
   439.822971503      0.258288019736E-14
   446.106156810      0.111619428932E-14
   452.389342117      0.108885076908E-14
   458.672527424      0.589532294528E-15
   464.955712731      0.315514164832E-15
   471.238898038      0.153000646146E-15
   477.522083346      0.145588381939E-15
   483.805268653      0.825528247753E-16
   490.088453960      0.455025948683E-16
   496.371639267      0.260470599076E-16
   502.654824574      0.237002854104E-16
   508.938009882      0.141670051630E-16
   515.221195189      0.647761185980E-17
   521.504380496      0.670835107939E-17
   527.787565803      0.458487487194E-17
   534.070751110      0.277361235946E-17
   540.353936417      0.129798182333E-17
   546.637121725      0.153099219250E-17
   552.920307032      0.983086283760E-18
   559.203492339      0.583847795472E-18
   565.486677646      0.317722529506E-18
   571.769862953      0.341026883222E-18
   578.053048261      0.216799544600E-18
   584.336233568      0.115128061813E-18
   590.619418875      0.891929261913E-19
   596.902604182      0.749214614078E-19
   603.185789489      0.466881602997E-19
   609.468974796      0.200844537063E-19
   615.752160104      0.240120899399E-19
   622.035345411      0.154338877634E-19
   628.318530718      0.915064531734E-20
   634.601716025      0.416745554109E-20
   640.884901332      0.475948924168E-20
   647.168086639      0.289070184733E-20
   653.451271947      0.161406636082E-20
   659.734457254      0.834233142156E-21
   666.017642561      0.838652510896E-21
   672.300827868      0.493319297037E-21
   678.584013175      0.238159290440E-21
   684.867198483      0.181777234151E-21
   691.150383790      0.138140037773E-21
   697.433569097      0.794478457039E-22
   703.716754404      0.311176126774E-22
   709.999939711      0.373962259727E-22
   716.283125018      0.219657197561E-22
   722.566310326      0.122286249578E-22
   728.849495633      0.551890606341E-23
   735.132680940      0.595003476449E-23
   741.415866247      0.350475810588E-23
   747.699051554      0.186048423932E-23
   753.982236862      0.102418355711E-23
   760.265422169      0.968220762202E-24
   766.548607476      0.571454798033E-24
   772.831792783      0.267131991862E-24
   779.114978090      0.223040336177E-24
   785.398163397      0.164452349791E-24
   791.681348705      0.986110931864E-25
   797.964534012      0.419269274518E-25
   804.247719319      0.490217691049E-25
   810.530904626      0.305849433742E-25
   816.814089933      0.188145258445E-25
   823.097275241      0.103755300939E-25
   829.380460548      0.102852490419E-25
   835.663645855      0.716583728070E-26
   841.946831162      0.478154511620E-26
   848.230016469      0.340129550318E-26
   854.513201776      0.280076045701E-26
   860.796387084      0.192450323200E-26
   867.079572391      0.159427967426E-26
   873.362757698      0.114025311922E-26
   879.645943005      0.829984080835E-27
   885.929128312      0.527787502991E-27
   892.212313620      0.339322856110E-27
   898.495498927      0.316959229301E-27
   904.778684234      0.180636069765E-27
   911.061869541      0.115987896563E-27
   917.345054848      0.333066772448E-28
   923.628240155      0.309463422251E-28
   929.911425463      0.506847784648E-29
   936.194610770      0.559041859062E-35
   942.477796077      0.565509124898E-35
   948.760981384      0.544290540805E-35
   955.044166691      0.506482136976E-35
   961.327351998      0.499638174167E-35
   967.610537306      0.493463704847E-35
   973.893722613      0.476693098867E-35
   980.176907920      0.467293406798E-35
   986.460093227      0.451124135952E-35
   992.743278534      0.450862324521E-35
   999.026463842      0.483293303430E-35
   1005.30964915      0.459513176887E-35
   1011.59283446      0.408422572393E-35
   1017.87601976      0.399996895110E-35
   1024.15920507      0.377288902792E-35
   1030.44239038      0.354957773332E-35
   1036.72557568      0.398414034552E-35
   1043.00876099      0.322575797465E-35
   1049.29194630      0.345748983903E-35
   1055.57513161      0.327368862828E-35
   1061.85831691      0.305266989668E-35
   1068.14150222      0.318088384552E-35
   1074.42468753      0.267246155077E-35
   1080.70787283      0.271818339345E-35
   1086.99105814      0.277404866763E-35
   1093.27424345      0.240922705795E-35
   1099.55742876      0.259193952104E-35
   1105.84061406      0.231125180876E-35
   1112.12379937      0.245405035071E-35
   1118.40698468      0.205543349265E-35
   1124.69016999      0.211884924433E-35
   1130.97335529      0.177737230191E-35
   1137.25654060      0.159025801583E-35
   1143.53972591      0.141180994016E-35
   1149.82291121      0.125034800454E-35
   1156.10609652      0.113901698373E-35
   1162.38928183      0.107873250074E-35
   1168.67246714      0.101441927249E-35
   1174.95565244      0.938977584399E-36
   1181.23883775      0.863902758792E-36
   1187.52202306      0.826944963478E-36
   1193.80520836      0.759118965710E-36
   1200.08839367      0.713973534746E-36
   1206.37157898      0.686012934724E-36
   1212.65476429      0.614367403324E-36
   1218.93794959      0.597587999404E-36
   1225.22113490      0.540322220336E-36
   1231.50432021      0.518932314980E-36
   1237.78750551      0.451636979675E-36
   1244.07069082      0.424580552694E-36
   1250.35387613      0.410473029413E-36
   1256.63706144      0.377082866211E-36
   1262.92024674      0.320409884202E-36
   1269.20343205      0.324451220930E-36
   1275.48661736      0.264842948773E-36
   1281.76980266      0.267583931291E-36
   1288.05298797      0.224304001090E-36
   1294.33617328      0.212777571415E-36
   1300.61935859      0.184955648771E-36
   1306.90254389      0.157119487837E-36
   1313.18572920      0.157100111289E-36
   1319.46891451      0.130780155440E-36
   1325.75209981      0.116571237913E-36
   1332.03528512      0.943700894497E-37
   1338.31847043      0.786625011714E-37
   1344.60165574      0.764747460245E-37
   1350.88484104      0.637425754484E-37
   1357.16802635      0.399678239509E-37
   1363.45121166      0.311907561933E-37
   1369.73439697      0.337631882883E-37
   1376.01758227      0.229258037829E-37
   1382.30076758      0.161217609627E-37
   1388.58395289      0.185372607708E-38
   1394.86713819      0.376000870977E-39
   6.28318530718      0.812708540805E-37
   12.5663706144      0.820747591522E-02
   18.8495559215      0.543355407478E-03
   25.1327412287      0.264541420672E-03
   31.4159265359      0.608374778807E-04
   37.6991118431      0.279677781335E-04
   43.9822971503      0.134795494447E-04
   50.2654824574      0.834321181982E-05
   56.5486677646      0.520070459265E-05
   62.8318530718      0.254674755657E-05
   69.1150383790      0.163282416904E-05
   75.3982236862      0.105362241390E-05
   81.6814089933      0.902286021497E-06
   87.9645943005      0.553260394462E-06
   94.2477796077      0.356622712075E-06
   100.530964915      0.284553377119E-06
   106.814150222      0.193348783221E-06
   113.097335529      0.155701297125E-06
   119.380520836      0.121022188981E-06
   125.663706144      0.102337043300E-06
   131.946891451      0.648780426149E-07
   138.230076758      0.444269727863E-07
   144.513262065      0.381635166243E-07
   150.796447372      0.323060734368E-07
   157.079632679      0.220388447668E-07
   163.362817987      0.136315834530E-07
   169.646003294      0.145323557307E-07
   175.929188601      0.103327824002E-07
   182.212373908      0.660089852221E-08
   188.495559215      0.454637202791E-08
   194.778744523      0.446815290796E-08
   201.061929830      0.306120041137E-08
   207.345115137      0.191160046971E-08
   213.628300444      0.133390985581E-08
   219.911485751      0.121089141208E-08
   226.194671058      0.806682206490E-09
   232.477856366      0.438114594693E-09
   238.761041673      0.338517360823E-09
   245.044226980      0.273984607347E-09
   251.327412287      0.167551069997E-09
   257.610597594      0.714998319324E-10
   263.893782902      0.836754378859E-10
   270.176968209      0.499951239865E-10
   276.460153516      0.275731508214E-10
   282.743338823      0.123077166967E-10
   289.026524130      0.130570904204E-10
   295.309709437      0.733266824801E-11
   301.592894745      0.362743246244E-11
   307.876080052      0.200402018233E-11
   314.159265359      0.177115352395E-11
   320.442450666      0.102251417373E-11
   326.725635973      0.533931498871E-12
   333.008821281      0.433393003146E-12
   339.292006588      0.479748429228E-12
   345.575191895      0.446122299263E-12
   351.858377202      0.286218120271E-12
   358.141562509      0.514641099163E-12
   364.424747816      0.501725115726E-12
   370.707933124      0.409400735258E-12
   376.991118431      0.312950659127E-12
   383.274303738      0.343386432350E-12
   389.557489045      0.234000369664E-12
   395.840674352      0.143862597838E-12
   402.123859659      0.893862016741E-13
   408.407044967      0.740720688281E-13
   414.690230274      0.402890020778E-13
   420.973415581      0.202016126546E-13
   427.256600888      0.151925224459E-13
   433.539786195      0.946521005394E-14
   439.822971503      0.488492294409E-14
   446.106156810      0.211226862813E-14
   452.389342117      0.206868313998E-14
   458.672527424      0.111633560790E-14
   464.955712731      0.595477736681E-15
   471.238898038      0.285610720893E-15
   477.522083346      0.271762460963E-15
   483.805268653      0.153081738395E-15
   490.088453960      0.840819973340E-16
   496.371639267      0.471796838326E-16
   502.654824574      0.432473123002E-16
   508.938009882      0.257416143183E-16
   515.221195189      0.117070798257E-16
   521.504380496      0.120777725829E-16
   527.787565803      0.829068405722E-17
   534.070751110      0.504439918146E-17
   540.353936417      0.232145943262E-17
   546.637121725      0.279237016561E-17
   552.920307032      0.180814998518E-17
   559.203492339      0.109216125911E-17
   565.486677646      0.580816280208E-18
   571.769862953      0.646660339815E-18
   578.053048261      0.419175889211E-18
   584.336233568      0.226857933716E-18
   590.619418875      0.174243562370E-18
   596.902604182      0.152460026944E-18
   603.185789489      0.976267667140E-19
   609.468974796      0.421229817426E-19
   615.752160104      0.519992878871E-19
   622.035345411      0.344911509960E-19
   628.318530718      0.211195198111E-19
   634.601716025      0.956411332292E-20
   640.884901332      0.114264347299E-19
   647.168086639      0.715225267988E-20
   653.451271947      0.411774607044E-20
   659.734457254      0.210878913925E-20
   666.017642561      0.221842242405E-20
   672.300827868      0.134002715163E-20
   678.584013175      0.659670248939E-21
   684.867198483      0.502968582556E-21
   691.150383790      0.395653088920E-21
   697.433569097      0.232342356014E-21
   703.716754404      0.906511173555E-22
   709.999939711      0.111777212071E-21
   716.283125018      0.666650791663E-22
   722.566310326      0.376937589555E-22
   728.849495633      0.167688554871E-22
   735.132680940      0.185988620766E-22
   741.415866247      0.110586859946E-22
   747.699051554      0.594416774243E-23
   753.982236862      0.320585231716E-23
   760.265422169      0.312148531892E-23
   766.548607476      0.185565646648E-23
   772.831792783      0.864624336720E-24
   779.114978090      0.716394321511E-24
   785.398163397      0.539020712400E-24
   791.681348705      0.322801127765E-24
   797.964534012      0.127452154973E-24
   804.247719319      0.157777792551E-24
   810.530904626      0.973270622997E-25
   816.814089933      0.573763901083E-25
   823.097275241      0.276452315324E-25
   829.380460548      0.296865829876E-25
   835.663645855      0.192164768793E-25
   841.946831162      0.112802495099E-25
   848.230016469      0.682861846612E-26
   854.513201776      0.606921180107E-26
   860.796387084      0.386314944174E-26
   867.079572391      0.246418568092E-26
   873.362757698      0.172094101084E-26
   879.645943005      0.119910480229E-26
   885.929128312      0.688672751822E-27
   892.212313620      0.378856483780E-27
   898.495498927      0.315842430575E-27
   904.778684234      0.170289948892E-27
   911.061869541      0.965026415212E-28
   917.345054848      0.280776069345E-28
   923.628240155      0.282404128834E-28
   929.911425463      0.555715373765E-29
   936.194610770      0.568168224229E-35
   942.477796077      0.561568890656E-35
   948.760981384      0.535582789747E-35
   955.044166691      0.521045350671E-35
   961.327351998      0.538663370365E-35
   967.610537306      0.496009236994E-35
   973.893722613      0.484185343028E-35
   980.176907920      0.475662450211E-35
   986.460093227      0.468450469242E-35
   992.743278534      0.457663904369E-35
   999.026463842      0.441873394521E-35
   1005.30964915      0.455901915968E-35
   1011.59283446      0.393337020720E-35
   1017.87601976      0.426846080367E-35
   1024.15920507      0.385317712862E-35
   1030.44239038      0.350627626315E-35
   1036.72557568      0.403241290893E-35
   1043.00876099      0.326614286722E-35
   1049.29194630      0.342396041080E-35
   1055.57513161      0.325654187074E-35
   1061.85831691      0.335550657273E-35
   1068.14150222      0.324461450979E-35
   1074.42468753      0.282183992120E-35
   1080.70787283      0.270943817143E-35
   1086.99105814      0.273988028901E-35
   1093.27424345      0.246369722775E-35
   1099.55742876      0.253349758897E-35
   1105.84061406      0.225951414949E-35
   1112.12379937      0.244676295078E-35
   1118.40698468      0.198718029171E-35
   1124.69016999      0.207647083156E-35
   1130.97335529      0.192197494756E-35
   1137.25654060      0.160127572993E-35
   1143.53972591      0.142407524099E-35
   1149.82291121      0.125171294858E-35
   1156.10609652      0.118057429574E-35
   1162.38928183      0.110687943298E-35
   1168.67246714      0.101534399481E-35
   1174.95565244      0.956244577465E-36
   1181.23883775      0.898024809322E-36
   1187.52202306      0.830369163020E-36
   1193.80520836      0.764947307498E-36
   1200.08839367      0.721946640083E-36
   1206.37157898      0.680454673889E-36
   1212.65476429      0.618390698410E-36
   1218.93794959      0.596436112429E-36
   1225.22113490      0.538754351912E-36
   1231.50432021      0.495547411805E-36
   1237.78750551      0.430145671884E-36
   1244.07069082      0.431114876937E-36
   1250.35387613      0.400813325904E-36
   1256.63706144      0.370538332085E-36
   1262.92024674      0.318498354878E-36
   1269.20343205      0.310227772923E-36
   1275.48661736      0.261464376017E-36
   1281.76980266      0.265392196586E-36
   1288.05298797      0.222964785452E-36
   1294.33617328      0.212343760792E-36
   1300.61935859      0.191382564644E-36
   1306.90254389      0.152976219638E-36
   1313.18572920      0.150043003335E-36
   1319.46891451      0.133797676320E-36
   1325.75209981      0.109620885669E-36
   1332.03528512      0.877883099450E-37
   1338.31847043      0.796796426418E-37
   1344.60165574      0.739776920948E-37
   1350.88484104      0.682027234359E-37
   1357.16802635      0.428029110317E-37
   1363.45121166      0.331530801875E-37
   1369.73439697      0.385513253869E-37
   1376.01758227      0.272255949897E-37
   1382.30076758      0.118988176924E-37
   1388.58395289      0.389261943272E-38
   1394.86713819      0.698315680450E-39
   6.28318530718      0.164527768352E-37
   12.5663706144      0.809202394093E-02
   18.8495559215      0.610430886670E-03
   25.1327412287      0.290701944510E-03
   31.4159265359      0.684889164084E-04
   37.6991118431      0.326092512130E-04
   43.9822971503      0.159164948202E-04
   50.2654824574      0.997684345801E-05
   56.5486677646      0.590254590681E-05
   62.8318530718      0.299434466326E-05
   69.1150383790      0.192994594150E-05
   75.3982236862      0.125041849305E-05
   81.6814089933      0.108173137796E-05
   87.9645943005      0.638797365606E-06
   94.2477796077      0.444077851202E-06
   100.530964915      0.327495855805E-06
   106.814150222      0.233959691847E-06
   113.097335529      0.195062692621E-06
   119.380520836      0.152897434474E-06
   125.663706144      0.126358164651E-06
   131.946891451      0.777849447727E-07
   138.230076758      0.596772174240E-07
   144.513262065      0.490380260793E-07
   150.796447372      0.427362398170E-07
   157.079632679      0.287447128741E-07
   163.362817987      0.193026415938E-07
   169.646003294      0.190463590511E-07
   175.929188601      0.140183395080E-07
   182.212373908      0.907088857378E-08
   188.495559215      0.699295122653E-08
   194.778744523      0.631672317991E-08
   201.061929830      0.441181684374E-08
   207.345115137      0.289945377859E-08
   213.628300444      0.208665379126E-08
   219.911485751      0.185663262576E-08
   226.194671058      0.126349964304E-08
   232.477856366      0.719720099043E-09
   238.761041673      0.565043381273E-09
   245.044226980      0.456760552409E-09
   251.327412287      0.284364505660E-09
   257.610597594      0.131447038096E-09
   263.893782902      0.149245049740E-09
   270.176968209      0.912380568547E-10
   276.460153516      0.516130395949E-10
   282.743338823      0.239830716519E-10
   289.026524130      0.253354855607E-10
   295.309709437      0.144632065387E-10
   301.592894745      0.733569444549E-11
   307.876080052      0.408814738693E-11
   314.159265359      0.357519873888E-11
   320.442450666      0.199155360148E-11
   326.725635973      0.937180619274E-12
   333.008821281      0.728031155552E-12
   339.292006588      0.624197589526E-12
   345.575191895      0.484613380204E-12
   351.858377202      0.265787502586E-12
   358.141562509      0.488017886829E-12
   364.424747816      0.493020223670E-12
   370.707933124      0.432311753221E-12
   376.991118431      0.342202071746E-12
   383.274303738      0.420522126801E-12
   389.557489045      0.312925180728E-12
   395.840674352      0.206020712716E-12
   402.123859659      0.134026361542E-12
   408.407044967      0.117597173649E-12
   414.690230274      0.667664356427E-13
   420.973415581      0.344286202597E-13
   427.256600888      0.264990232136E-13
   433.539786195      0.168537184827E-13
   439.822971503      0.879795022760E-14
   446.106156810      0.382389339875E-14
   452.389342117      0.376784272074E-14
   458.672527424      0.203303212145E-14
   464.955712731      0.108197586721E-14
   471.238898038      0.516021183134E-15
   477.522083346      0.490111672946E-15
   483.805268653      0.274306738949E-15
   490.088453960      0.149988811700E-15
   496.371639267      0.829465443538E-16
   502.654824574      0.761930363877E-16
   508.938009882      0.450364583659E-16
   515.221195189      0.203770322440E-16
   521.504380496      0.209267718263E-16
   527.787565803      0.143495656533E-16
   534.070751110      0.873599296240E-17
   540.353936417      0.396653611321E-17
   546.637121725      0.482393903107E-17
   552.920307032      0.313307733172E-17
   559.203492339      0.191334002525E-17
   565.486677646      0.994969091659E-18
   571.769862953      0.113856308900E-17
   578.053048261      0.747532976380E-18
   584.336233568      0.410987123407E-18
   590.619418875      0.311760589885E-18
   596.902604182      0.282092458988E-18
   603.185789489      0.184612474363E-18
   609.468974796      0.798600312360E-19
   615.752160104      0.101151343157E-18
   622.035345411      0.689498998204E-19
   628.318530718      0.434775706195E-19
   634.601716025      0.195858617251E-19
   640.884901332      0.243809066694E-19
   647.168086639      0.157064903786E-19
   653.451271947      0.932539377878E-20
   659.734457254      0.473485922820E-20
   666.017642561      0.520674923145E-20
   672.300827868      0.323240158433E-20
   678.584013175      0.162679378355E-20
   684.867198483      0.123896210158E-20
   691.150383790      0.101012951595E-20
   697.433569097      0.606785837165E-21
   703.716754404      0.236636593787E-21
   709.999939711      0.299292349040E-21
   716.283125018      0.181519340776E-21
   722.566310326      0.104414593757E-21
   728.849495633      0.459468414528E-22
   735.132680940      0.523284671697E-22
   741.415866247      0.314477008385E-22
   747.699051554      0.171230720179E-22
   753.982236862      0.908603154651E-23
   760.265422169      0.907102178675E-23
   766.548607476      0.543782871619E-23
   772.831792783      0.254407514685E-23
   779.114978090      0.208986668161E-23
   785.398163397      0.160245116119E-23
   791.681348705      0.965806537206E-24
   797.964534012      0.370363265777E-24
   804.247719319      0.473400861076E-24
   810.530904626      0.292441109200E-24
   816.814089933      0.171970525249E-24
   823.097275241      0.777863922410E-25
   829.380460548      0.881129736650E-25
   835.663645855      0.556692554380E-25
   841.946831162      0.316091413205E-25
   848.230016469      0.173743749455E-25
   854.513201776      0.167129187442E-25
   860.796387084      0.103379211254E-25
   867.079572391      0.530657113277E-26
   873.362757698      0.407335556934E-26
   879.645943005      0.279981573144E-26
   885.929128312      0.156563584342E-26
   892.212313620      0.639416082401E-27
   898.495498927      0.555109797283E-27
   904.778684234      0.276443836357E-27
   911.061869541      0.113291577373E-27
   917.345054848      0.253678184238E-28
   923.628240155      0.218483001347E-28
   929.911425463      0.440982841480E-29
   936.194610770      0.573593113365E-35
   942.477796077      0.541690807146E-35
   948.760981384      0.559988334940E-35
   955.044166691      0.508966262377E-35
   961.327351998      0.537164200882E-35
   967.610537306      0.518098954627E-35
   973.893722613      0.485433378129E-35
   980.176907920      0.469444633219E-35
   986.460093227      0.483797610373E-35
   992.743278534      0.466107763098E-35
   999.026463842      0.461871207939E-35
   1005.30964915      0.455761482478E-35
   1011.59283446      0.409413059811E-35
   1017.87601976      0.415159665608E-35
   1024.15920507      0.395247067500E-35
   1030.44239038      0.374016402745E-35
   1036.72557568      0.415460419753E-35
   1043.00876099      0.338506213985E-35
   1049.29194630      0.357229872020E-35
   1055.57513161      0.317682977797E-35
   1061.85831691      0.320379094342E-35
   1068.14150222      0.334902925871E-35
   1074.42468753      0.281732470180E-35
   1080.70787283      0.280885120456E-35
   1086.99105814      0.291616490686E-35
   1093.27424345      0.252298597316E-35
   1099.55742876      0.259046749409E-35
   1105.84061406      0.230173234745E-35
   1112.12379937      0.264534555272E-35
   1118.40698468      0.204083912251E-35
   1124.69016999      0.213987061446E-35
   1130.97335529      0.185833215810E-35
   1137.25654060      0.173625598311E-35
   1143.53972591      0.142695080254E-35
   1149.82291121      0.126196895665E-35
   1156.10609652      0.115581001422E-35
   1162.38928183      0.107662601408E-35
   1168.67246714      0.101755707499E-35
   1174.95565244      0.959038569177E-36
   1181.23883775      0.912405608256E-36
   1187.52202306      0.835661805386E-36
   1193.80520836      0.766845012360E-36
   1200.08839367      0.730684405133E-36
   1206.37157898      0.691459329018E-36
   1212.65476429      0.608418759586E-36
   1218.93794959      0.589223119220E-36
   1225.22113490      0.549670964322E-36
   1231.50432021      0.507607958246E-36
   1237.78750551      0.448749812832E-36
   1244.07069082      0.438127140236E-36
   1250.35387613      0.418116424653E-36
   1256.63706144      0.373532854245E-36
   1262.92024674      0.325733627286E-36
   1269.20343205      0.327160626909E-36
   1275.48661736      0.278252156654E-36
   1281.76980266      0.275267440756E-36
   1288.05298797      0.224313291221E-36
   1294.33617328      0.210222121307E-36
   1300.61935859      0.179761221703E-36
   1306.90254389      0.155292022394E-36
   1313.18572920      0.153696665983E-36
   1319.46891451      0.143316452338E-36
   1325.75209981      0.114901426950E-36
   1332.03528512      0.992041784116E-37
   1338.31847043      0.794049085690E-37
   1344.60165574      0.818390291895E-37
   1350.88484104      0.662851318968E-37
   1357.16802635      0.442626622572E-37
   1363.45121166      0.279769438819E-37
   1369.73439697      0.389366521658E-37
   1376.01758227      0.248572808384E-37
   1382.30076758      0.129687858984E-37
   1388.58395289      0.179800241930E-38
   1394.86713819      0.670096502337E-39
   6.28318530718      0.258560215677E-37
   12.5663706144      0.796822332345E-02
   18.8495559215      0.683499796066E-03
   25.1327412287      0.317540798966E-03
   31.4159265359      0.768730630049E-04
   37.6991118431      0.374179744068E-04
   43.9822971503      0.185750172314E-04
   50.2654824574      0.117680911345E-04
   56.5486677646      0.658959308625E-05
   62.8318530718      0.353452040451E-05
   69.1150383790      0.224570866481E-05
   75.3982236862      0.151161534704E-05
   81.6814089933      0.124696834569E-05
   87.9645943005      0.730116971474E-06
   94.2477796077      0.531908484459E-06
   100.530964915      0.374458977348E-06
   106.814150222      0.281019403658E-06
   113.097335529      0.238094764391E-06
   119.380520836      0.185345753644E-06
   125.663706144      0.148816182056E-06
   131.946891451      0.917631310256E-07
   138.230076758      0.781165931891E-07
   144.513262065      0.610993927148E-07
   150.796447372      0.548334198285E-07
   157.079632679      0.358214187566E-07
   163.362817987      0.264546363602E-07
   169.646003294      0.237762853214E-07
   175.929188601      0.184657743023E-07
   182.212373908      0.120698544955E-07
   188.495559215      0.101999383460E-07
   194.778744523      0.850213883181E-08
   201.061929830      0.605385666691E-08
   207.345115137      0.418615653227E-08
   213.628300444      0.313425957303E-08
   219.911485751      0.271048909030E-08
   226.194671058      0.187306270766E-08
   232.477856366      0.111391506024E-08
   238.761041673      0.897237553297E-09
   245.044226980      0.717856494100E-09
   251.327412287      0.452174469883E-09
   257.610597594      0.230507538812E-09
   263.893782902      0.249907948412E-09
   270.176968209      0.156297014787E-09
   276.460153516      0.905109655802E-10
   282.743338823      0.444218457550E-10
   289.026524130      0.461152856722E-10
   295.309709437      0.267546914070E-10
   301.592894745      0.140240234523E-10
   307.876080052      0.787396316762E-11
   314.159265359      0.690545125965E-11
   320.442450666      0.385112532599E-11
   326.725635973      0.175463652905E-11
   333.008821281      0.138580997338E-11
   339.292006588      0.101351838407E-11
   345.575191895      0.654296913342E-12
   351.858377202      0.306622093747E-12
   358.141562509      0.499461991343E-12
   364.424747816      0.479923863920E-12
   370.707933124      0.433395204480E-12
   376.991118431      0.343711529796E-12
   383.274303738      0.471867126956E-12
   389.557489045      0.383474761226E-12
   395.840674352      0.271192523388E-12
   402.123859659      0.185293620063E-12
   408.407044967      0.173448850248E-12
   414.690230274      0.103444271881E-12
   420.973415581      0.550953137047E-13
   427.256600888      0.436857971467E-13
   433.539786195      0.284964695737E-13
   439.822971503      0.151212838202E-13
   446.106156810      0.663263204179E-14
   452.389342117      0.659262649160E-14
   458.672527424      0.357063951241E-14
   464.955712731      0.189863932926E-14
   471.238898038      0.905057923738E-15
   477.522083346      0.857449922879E-15
   483.805268653      0.477423392060E-15
   490.088453960      0.259741373011E-15
   496.371639267      0.142535860561E-15
   502.654824574      0.130607423315E-15
   508.938009882      0.765745037268E-16
   515.221195189      0.344716655664E-16
   521.504380496      0.353058885773E-16
   527.787565803      0.240792380013E-16
   534.070751110      0.146118875668E-16
   540.353936417      0.657596681048E-17
   546.637121725      0.802422163644E-17
   552.920307032      0.520708615509E-17
   559.203492339      0.319661143552E-17
   565.486677646      0.163144824275E-17
   571.769862953      0.190019509901E-17
   578.053048261      0.125591363614E-17
   584.336233568      0.698387883392E-18
   590.619418875      0.523007023902E-18
   596.902604182      0.485029702340E-18
   603.185789489      0.322479497336E-18
   609.468974796      0.139757686112E-18
   615.752160104      0.180452505758E-18
   622.035345411      0.125748249503E-18
   628.318530718      0.813117439604E-19
   634.601716025      0.364536891800E-19
   640.884901332      0.470276488493E-19
   647.168086639      0.310992001486E-19
   653.451271947      0.190177277807E-19
   659.734457254      0.958086257866E-20
   666.017642561      0.109856960533E-19
   672.300827868      0.700845067068E-20
   678.584013175      0.361146965843E-20
   684.867198483      0.274826240764E-20
   691.150383790      0.232294715103E-20
   697.433569097      0.142946410334E-20
   703.716754404      0.558776314584E-21
   709.999939711      0.724941950578E-21
   716.283125018      0.447925840951E-21
   722.566310326      0.262584819394E-21
   728.849495633      0.114665714960E-21
   735.132680940      0.133992785091E-21
   741.415866247      0.815297435837E-22
   747.699051554      0.449914289659E-22
   753.982236862      0.235829907530E-22
   760.265422169      0.240740956688E-22
   766.548607476      0.145580392214E-22
   772.831792783      0.685394585016E-23
   779.114978090      0.558801134941E-23
   785.398163397      0.435366410594E-23
   791.681348705      0.264241582965E-23
   797.964534012      0.100056827318E-23
   804.247719319      0.130406849357E-23
   810.530904626      0.808698032090E-24
   816.814089933      0.478843139518E-24
   823.097275241      0.210446508652E-24
   829.380460548      0.246615159080E-24
   835.663645855      0.155042384514E-24
   841.946831162      0.881096264401E-25
   848.230016469      0.464320317486E-25
   854.513201776      0.472842104049E-25
   860.796387084      0.292683528048E-25
   867.079572391      0.137025535514E-25
   873.362757698      0.116708064932E-25
   879.645943005      0.815875101154E-26
   885.929128312      0.475219792385E-26
   892.212313620      0.169051104445E-26
   898.495498927      0.178264730603E-26
   904.778684234      0.908455468022E-27
   911.061869541      0.369794503625E-27
   917.345054848      0.722782946113E-28
   923.628240155      0.423492173656E-28
   929.911425463      0.292282982482E-29
   936.194610770      0.559791118047E-35
   942.477796077      0.568167679438E-35
   948.760981384      0.556650563302E-35
   955.044166691      0.524390413029E-35
   961.327351998      0.530547018172E-35
   967.610537306      0.503361464477E-35
   973.893722613      0.485723589664E-35
   980.176907920      0.474746998975E-35
   986.460093227      0.455475906189E-35
   992.743278534      0.455758255683E-35
   999.026463842      0.443534555336E-35
   1005.30964915      0.460104194682E-35
   1011.59283446      0.409142745598E-35
   1017.87601976      0.419397669929E-35
   1024.15920507      0.398567390168E-35
   1030.44239038      0.356327999631E-35
   1036.72557568      0.394775857373E-35
   1043.00876099      0.338164099092E-35
   1049.29194630      0.342771007091E-35
   1055.57513161      0.327021912482E-35
   1061.85831691      0.330185608693E-35
   1068.14150222      0.327526095233E-35
   1074.42468753      0.272092768290E-35
   1080.70787283      0.275263038084E-35
   1086.99105814      0.277772520454E-35
   1093.27424345      0.248235499727E-35
   1099.55742876      0.257855173562E-35
   1105.84061406      0.218157837932E-35
   1112.12379937      0.243682024453E-35
   1118.40698468      0.196337347071E-35
   1124.69016999      0.210059000616E-35
   1130.97335529      0.183706388851E-35
   1137.25654060      0.166090137215E-35
   1143.53972591      0.147522558748E-35
   1149.82291121      0.127037512985E-35
   1156.10609652      0.117924112604E-35
   1162.38928183      0.110577722776E-35
   1168.67246714      0.102878558582E-35
   1174.95565244      0.954809148556E-36
   1181.23883775      0.907936775005E-36
   1187.52202306      0.850903006302E-36
   1193.80520836      0.772192393062E-36
   1200.08839367      0.726651565131E-36
   1206.37157898      0.694145373169E-36
   1212.65476429      0.604928745061E-36
   1218.93794959      0.591439919754E-36
   1225.22113490      0.540686489124E-36
   1231.50432021      0.497891433685E-36
   1237.78750551      0.455274243128E-36
   1244.07069082      0.438861783973E-36
   1250.35387613      0.419697064671E-36
   1256.63706144      0.376723981359E-36
   1262.92024674      0.319147260651E-36
   1269.20343205      0.316824719500E-36
   1275.48661736      0.274383554009E-36
   1281.76980266      0.262864610612E-36
   1288.05298797      0.236709428597E-36
   1294.33617328      0.216729274967E-36
   1300.61935859      0.199781552259E-36
   1306.90254389      0.161386838224E-36
   1313.18572920      0.170413419192E-36
   1319.46891451      0.141279217731E-36
   1325.75209981      0.123679630269E-36
   1332.03528512      0.991296480354E-37
   1338.31847043      0.819880914577E-37
   1344.60165574      0.841421490664E-37
   1350.88484104      0.696115790931E-37
   1357.16802635      0.514073460263E-37
   1363.45121166      0.377012287757E-37
   1369.73439697      0.356521043370E-37
   1376.01758227      0.200807878460E-37
   1382.30076758      0.138107328267E-37
   1388.58395289      0.268171047594E-38
   1394.86713819      0.643185474538E-39
   6.28318530718      0.197308734872E-37
   12.5663706144      0.783644523685E-02
   18.8495559215      0.761585034843E-03
   25.1327412287      0.345775812868E-03
   31.4159265359      0.860794706402E-04
   37.6991118431      0.422172055024E-04
   43.9822971503      0.213427375644E-04
   50.2654824574      0.137766643817E-04
   56.5486677646      0.723376859543E-05
   62.8318530718      0.419564525537E-05
   69.1150383790      0.262538882427E-05
   75.3982236862      0.182231780158E-05
   81.6814089933      0.139782747613E-05
   87.9645943005      0.832078506264E-06
   94.2477796077      0.620122785095E-06
   100.530964915      0.425871331826E-06
   106.814150222      0.334158951171E-06
   113.097335529      0.280619357831E-06
   119.380520836      0.217974955890E-06
   125.663706144      0.168673120776E-06
   131.946891451      0.108771972354E-06
   138.230076758      0.981031030559E-07
   144.513262065      0.748028076105E-07
   150.796447372      0.676745490302E-07
   157.079632679      0.431191005958E-07
   163.362817987      0.349655357941E-07
   169.646003294      0.286915100892E-07
   175.929188601      0.238742776495E-07
   182.212373908      0.155675009982E-07
   188.495559215      0.140884704139E-07
   194.778744523      0.109351296847E-07
   201.061929830      0.800414727239E-08
   207.345115137      0.578949666219E-08
   213.628300444      0.453212142798E-08
   219.911485751      0.379226201759E-08
   226.194671058      0.264676864895E-08
   232.477856366      0.163852692051E-08
   238.761041673      0.135980721734E-08
   245.044226980      0.107194096884E-08
   251.327412287      0.680857624626E-09
   257.610597594      0.385239920071E-09
   263.893782902      0.395270944849E-09
   270.176968209      0.253257270657E-09
   276.460153516      0.149976978147E-09
   282.743338823      0.784730393822E-10
   289.026524130      0.791908635896E-10
   295.309709437      0.467117583997E-10
   301.592894745      0.253513344529E-10
   307.876080052      0.143962036039E-10
   314.159265359      0.126525215012E-10
   320.442450666      0.713657237282E-11
   326.725635973      0.325618732434E-11
   333.008821281      0.262868478171E-11
   339.292006588      0.180327085964E-11
   345.575191895      0.104877625899E-11
   351.858377202      0.457396405797E-12
   358.141562509      0.609334644607E-12
   364.424747816      0.505583981158E-12
   370.707933124      0.436475786687E-12
   376.991118431      0.329800394581E-12
   383.274303738      0.494790252661E-12
   389.557489045      0.435309935426E-12
   395.840674352      0.330348054890E-12
   402.123859659      0.237190036930E-12
   408.407044967      0.238409588521E-12
   414.690230274      0.150232101761E-12
   420.973415581      0.829603516381E-13
   427.256600888      0.681576557243E-13
   433.539786195      0.458144984927E-13
   439.822971503      0.248412742652E-13
   446.106156810      0.110357592083E-13
   452.389342117      0.110961198099E-13
   458.672527424      0.605728832485E-14
   464.955712731      0.322419567913E-14
   471.238898038      0.154330364826E-14
   477.522083346      0.145849629839E-14
   483.805268653      0.809364922453E-15
   490.088453960      0.438198619403E-15
   496.371639267      0.240324083977E-15
   502.654824574      0.218779423916E-15
   508.938009882      0.127280899454E-15
   515.221195189      0.570262244573E-16
   521.504380496      0.584170551704E-16
   527.787565803      0.395084299167E-16
   534.070751110      0.238405806230E-16
   540.353936417      0.106982557507E-16
   546.637121725      0.130077620991E-16
   552.920307032      0.841402340449E-17
   559.203492339      0.516591884742E-17
   565.486677646      0.260495669967E-17
   571.769862953      0.305710890099E-17
   578.053048261      0.202367912489E-17
   584.336233568      0.113218822018E-17
   590.619418875      0.840063888820E-18
   596.902604182      0.790164465024E-18
   603.185789489      0.530547703901E-18
   609.468974796      0.230169636593E-18
   615.752160104      0.301080227185E-18
   622.035345411      0.213207424683E-18
   628.318530718      0.140628111144E-18
   634.601716025      0.627941832955E-19
   640.884901332      0.833902546832E-19
   647.168086639      0.563969990223E-19
   653.451271947      0.354232428008E-19
   659.734457254      0.177283515965E-19
   666.017642561      0.211076384873E-19
   672.300827868      0.138211989717E-19
   678.584013175      0.729420999020E-20
   684.867198483      0.555028798949E-20
   691.150383790      0.485867401807E-20
   697.433569097      0.306532059751E-20
   703.716754404      0.120386606217E-20
   709.999939711      0.160172465727E-20
   716.283125018      0.100988225361E-20
   722.566310326      0.604347000540E-21
   728.849495633      0.262729397763E-21
   735.132680940      0.314906277518E-21
   741.415866247      0.194378534892E-21
   747.699051554      0.108814753863E-21
   753.982236862      0.565614659489E-22
   760.265422169      0.589530445324E-22
   766.548607476      0.359881864165E-22
   772.831792783      0.170647430286E-22
   779.114978090      0.138437202709E-22
   785.398163397      0.109332884405E-22
   791.681348705      0.667910849849E-23
   797.964534012      0.251342192735E-23
   804.247719319      0.331927276895E-23
   810.530904626      0.206653126866E-23
   816.814089933      0.123273527393E-23
   823.097275241      0.533417508081E-24
   829.380460548      0.639715086438E-24
   835.663645855      0.402543388017E-24
   841.946831162      0.230486241966E-24
   848.230016469      0.119056105647E-24
   854.513201776      0.125815808281E-24
   860.796387084      0.785148956944E-25
   867.079572391      0.358013785121E-25
   873.362757698      0.323686979941E-25
   879.645943005      0.232505302831E-25
   885.929128312      0.140276545425E-25
   892.212313620      0.488643535539E-26
   898.495498927      0.587024990083E-26
   904.778684234      0.314365969170E-26
   911.061869541      0.143959966039E-26
   917.345054848      0.320428287150E-27
   923.628240155      0.214010789228E-27
   929.911425463      0.110528907217E-28
   936.194610770      0.588050006208E-35
   942.477796077      0.582314050763E-35
   948.760981384      0.577128801374E-35
   955.044166691      0.527426839941E-35
   961.327351998      0.520958678207E-35
   967.610537306      0.494818936974E-35
   973.893722613      0.492243246246E-35
   980.176907920      0.482233492431E-35
   986.460093227      0.487124422638E-35
   992.743278534      0.467929181860E-35
   999.026463842      0.440772564973E-35
   1005.30964915      0.469754651738E-35
   1011.59283446      0.404965107109E-35
   1017.87601976      0.407984098206E-35
   1024.15920507      0.394247473812E-35
   1030.44239038      0.362616562017E-35
   1036.72557568      0.386611415199E-35
   1043.00876099      0.321157593926E-35
   1049.29194630      0.346202661625E-35
   1055.57513161      0.337680163390E-35
   1061.85831691      0.318954185539E-35
   1068.14150222      0.328395582897E-35
   1074.42468753      0.284093328576E-35
   1080.70787283      0.282096813194E-35
   1086.99105814      0.278531026825E-35
   1093.27424345      0.253026019209E-35
   1099.55742876      0.269456961963E-35
   1105.84061406      0.226164420790E-35
   1112.12379937      0.245100844659E-35
   1118.40698468      0.202516633156E-35
   1124.69016999      0.209091499886E-35
   1130.97335529      0.197195466168E-35
   1137.25654060      0.187320252543E-35
   1143.53972591      0.148123302839E-35
   1149.82291121      0.129658916783E-35
   1156.10609652      0.116567830313E-35
   1162.38928183      0.108522149255E-35
   1168.67246714      0.102258718465E-35
   1174.95565244      0.944924594551E-36
   1181.23883775      0.887018219303E-36
   1187.52202306      0.841155762126E-36
   1193.80520836      0.782254196234E-36
   1200.08839367      0.731603430920E-36
   1206.37157898      0.685189231134E-36
   1212.65476429      0.623584750630E-36
   1218.93794959      0.588678290929E-36
   1225.22113490      0.548163540309E-36
   1231.50432021      0.519876375623E-36
   1237.78750551      0.456608848351E-36
   1244.07069082      0.444888149476E-36
   1250.35387613      0.418810368893E-36
   1256.63706144      0.387170150386E-36
   1262.92024674      0.336753491678E-36
   1269.20343205      0.328289118918E-36
   1275.48661736      0.286151980621E-36
   1281.76980266      0.270567890774E-36
   1288.05298797      0.217641384309E-36
   1294.33617328      0.213886362981E-36
   1300.61935859      0.193194575985E-36
   1306.90254389      0.161177565899E-36
   1313.18572920      0.156386504943E-36
   1319.46891451      0.137028356278E-36
   1325.75209981      0.114072447647E-36
   1332.03528512      0.100045308713E-36
   1338.31847043      0.857502987909E-37
   1344.60165574      0.842943677603E-37
   1350.88484104      0.666827869353E-37
   1357.16802635      0.553925209954E-37
   1363.45121166      0.288925623465E-37
   1369.73439697      0.348956931857E-37
   1376.01758227      0.239714024935E-37
   1382.30076758      0.113317249805E-37
   1388.58395289      0.276657442186E-38
   1394.86713819      0.137830274901E-38
   6.28318530718      0.174813075620E-37
   12.5663706144      0.769731998760E-02
   18.8495559215      0.843387633459E-03
   25.1327412287      0.376157926173E-03
   31.4159265359      0.962994463318E-04
   37.6991118431      0.468767995240E-04
   43.9822971503      0.239298059435E-04
   50.2654824574      0.161341877673E-04
   56.5486677646      0.785729748925E-05
   62.8318530718      0.492634507678E-05
   69.1150383790      0.310320840159E-05
   75.3982236862      0.216461219878E-05
   81.6814089933      0.156374698014E-05
   87.9645943005      0.944932979591E-06
   94.2477796077      0.715244004369E-06
   100.530964915      0.482158083379E-06
   106.814150222      0.391832783167E-06
   113.097335529      0.318165738770E-06
   119.380520836      0.251135653400E-06
   125.663706144      0.186798845348E-06
   131.946891451      0.130196339103E-06
   138.230076758      0.117131028327E-06
   144.513262065      0.903118926133E-07
   150.796447372      0.800271857879E-07
   157.079632679      0.510834618736E-07
   163.362817987      0.443051169358E-07
   169.646003294      0.340985443522E-07
   175.929188601      0.302443366892E-07
   182.212373908      0.194997833320E-07
   188.495559215      0.184701033834E-07
   194.778744523      0.135010289671E-07
   201.061929830      0.103298251381E-07
   207.345115137      0.770638140597E-08
   213.628300444      0.631798128929E-08
   219.911485751      0.509914094680E-08
   226.194671058      0.359293393073E-08
   232.477856366      0.231056609358E-08
   238.761041673      0.197296898050E-08
   245.044226980      0.153094837316E-08
   251.327412287      0.981153154997E-09
   257.610597594      0.612739121735E-09
   263.893782902      0.594015644135E-09
   270.176968209      0.390771817430E-09
   276.460153516      0.236732800269E-09
   282.743338823      0.132470883643E-09
   289.026524130      0.128932383463E-09
   295.309709437      0.774657638067E-10
   301.592894745      0.434769883416E-10
   307.876080052      0.251489492699E-10
   314.159265359      0.220359730347E-10
   320.442450666      0.125995325084E-10
   326.725635973      0.584382637169E-11
   333.008821281      0.478451623485E-11
   339.292006588      0.322066054014E-11
   345.575191895      0.179995889972E-11
   351.858377202      0.783899201622E-12
   358.141562509      0.890885728869E-12
   364.424747816      0.623075248389E-12
   370.707933124      0.476086028440E-12
   376.991118431      0.324485950039E-12
   383.274303738      0.501307540475E-12
   389.557489045      0.465646713168E-12
   395.840674352      0.376077464743E-12
   402.123859659      0.282806014435E-12
   408.407044967      0.306511918005E-12
   414.690230274      0.205090932764E-12
   420.973415581      0.117811219676E-12
   427.256600888      0.100769680535E-12
   433.539786195      0.701271867747E-13
   439.822971503      0.390578705584E-13
   446.106156810      0.176320590712E-13
   452.389342117      0.179831310451E-13
   458.672527424      0.993424860079E-14
   464.955712731      0.530602263567E-14
   471.238898038      0.256012700790E-14
   477.522083346      0.241489537948E-14
   483.805268653      0.133832530615E-14
   490.088453960      0.721719940840E-15
   496.371639267      0.398171513917E-15
   502.654824574      0.358845849725E-15
   508.938009882      0.207522464228E-15
   515.221195189      0.926233767139E-16
   521.504380496      0.951175018499E-16
   527.787565803      0.636930351248E-16
   534.070751110      0.381822289300E-16
   540.353936417      0.172065119712E-16
   546.637121725      0.207137088426E-16
   552.920307032      0.133432162360E-16
   559.203492339      0.816018335673E-17
   565.486677646      0.410357174250E-17
   571.769862953      0.480277566962E-17
   578.053048261      0.317248016573E-17
   584.336233568      0.177572808800E-17
   590.619418875      0.131501983876E-17
   596.902604182      0.124015033353E-17
   603.185789489      0.836361413072E-18
   609.468974796      0.363023024606E-18
   615.752160104      0.478353364499E-18
   622.035345411      0.342056995944E-18
   628.318530718      0.228768426928E-18
   634.601716025      0.101901044196E-18
   640.884901332      0.138191907201E-18
   647.168086639      0.951392912714E-19
   653.451271947      0.611223830125E-19
   659.734457254      0.304503199152E-19
   666.017642561      0.374176664263E-19
   672.300827868      0.250890572646E-19
   678.584013175      0.135450712490E-19
   684.867198483      0.103192908899E-19
   691.150383790      0.933153601882E-20
   697.433569097      0.603538551034E-20
   703.716754404      0.238618303037E-20
   709.999939711      0.325304274662E-20
   716.283125018      0.209521610648E-20
   722.566310326      0.128163445218E-20
   728.849495633      0.556384800752E-21
   735.132680940      0.683788059944E-21
   741.415866247      0.429013636055E-21
   747.699051554      0.243924659050E-21
   753.982236862      0.126213844893E-21
   760.265422169      0.134212531229E-21
   766.548607476      0.828191111231E-22
   772.831792783      0.395727000762E-22
   779.114978090      0.320545494174E-22
   785.398163397      0.256211378934E-22
   791.681348705      0.157540432924E-22
   797.964534012      0.591153274405E-23
   804.247719319      0.788492840636E-23
   810.530904626      0.492742203500E-23
   816.814089933      0.295641987398E-23
   823.097275241      0.126789731948E-23
   829.380460548      0.154475589350E-23
   835.663645855      0.974229129106E-24
   841.946831162      0.561709802435E-24
   848.230016469      0.287052194325E-24
   854.513201776      0.310665554063E-24
   860.796387084      0.195369506218E-24
   867.079572391      0.885767794958E-25
   873.362757698      0.826463643135E-25
   879.645943005      0.607497477270E-25
   885.929128312      0.374864225645E-25
   892.212313620      0.131412748503E-25
   898.495498927      0.169190384433E-25
   904.778684234      0.941448726714E-26
   911.061869541      0.465116896882E-26
   917.345054848      0.113627200577E-26
   923.628240155      0.860351809871E-27
   929.911425463      0.623086905543E-28
   936.194610770      0.566579474721E-35
   942.477796077      0.551909971916E-35
   948.760981384      0.540519718500E-35
   955.044166691      0.517071381763E-35
   961.327351998      0.538400445517E-35
   967.610537306      0.504359733289E-35
   973.893722613      0.478865602731E-35
   980.176907920      0.491397700581E-35
   986.460093227      0.475200013452E-35
   992.743278534      0.452754194254E-35
   999.026463842      0.451170689489E-35
   1005.30964915      0.475525941060E-35
   1011.59283446      0.418228220729E-35
   1017.87601976      0.432834843667E-35
   1024.15920507      0.397699479518E-35
   1030.44239038      0.374901563017E-35
   1036.72557568      0.392965096377E-35
   1043.00876099      0.339581239878E-35
   1049.29194630      0.357272364670E-35
   1055.57513161      0.320486510402E-35
   1061.85831691      0.306732852067E-35
   1068.14150222      0.318449750197E-35
   1074.42468753      0.288381925517E-35
   1080.70787283      0.277542050840E-35
   1086.99105814      0.274374613822E-35
   1093.27424345      0.245235929304E-35
   1099.55742876      0.258180171385E-35
   1105.84061406      0.227739895667E-35
   1112.12379937      0.241777786572E-35
   1118.40698468      0.211984330541E-35
   1124.69016999      0.218973416861E-35
   1130.97335529      0.180097764937E-35
   1137.25654060      0.163543572493E-35
   1143.53972591      0.144689208193E-35
   1149.82291121      0.129370910943E-35
   1156.10609652      0.121943266884E-35
   1162.38928183      0.111233720830E-35
   1168.67246714      0.105449532157E-35
   1174.95565244      0.966277025741E-36
   1181.23883775      0.918068117734E-36
   1187.52202306      0.844300404208E-36
   1193.80520836      0.775735156805E-36
   1200.08839367      0.739297231382E-36
   1206.37157898      0.692235594620E-36
   1212.65476429      0.620080467504E-36
   1218.93794959      0.609187501842E-36
   1225.22113490      0.551277413499E-36
   1231.50432021      0.523488512111E-36
   1237.78750551      0.465454704781E-36
   1244.07069082      0.430816605785E-36
   1250.35387613      0.411893302750E-36
   1256.63706144      0.379550023600E-36
   1262.92024674      0.326375124674E-36
   1269.20343205      0.319299564277E-36
   1275.48661736      0.275049317084E-36
   1281.76980266      0.268021328399E-36
   1288.05298797      0.237840067664E-36
   1294.33617328      0.222116259246E-36
   1300.61935859      0.190526715422E-36
   1306.90254389      0.164027072615E-36
   1313.18572920      0.153284427520E-36
   1319.46891451      0.142751050654E-36
   1325.75209981      0.120088253093E-36
   1332.03528512      0.102661659215E-36
   1338.31847043      0.843997198426E-37
   1344.60165574      0.810254903720E-37
   1350.88484104      0.664508716440E-37
   1357.16802635      0.476887984585E-37
   1363.45121166      0.311294007637E-37
   1369.73439697      0.316352041445E-37
   1376.01758227      0.229229640882E-37
   1382.30076758      0.118300123945E-37
   1388.58395289      0.253593442616E-38
   1394.86713819      0.430266673063E-39
   6.28318530718      0.680317682008E-37
   12.5663706144      0.755170597469E-02
   18.8495559215      0.927439362672E-03
   25.1327412287      0.409281935730E-03
   31.4159265359      0.107796608402E-03
   37.6991118431      0.514601884016E-04
   43.9822971503      0.260019490229E-04
   50.2654824574      0.187816489087E-04
   56.5486677646      0.865310079559E-05
   62.8318530718      0.558181310677E-05
   69.1150383790      0.363194596706E-05
   75.3982236862      0.257067298252E-05
   81.6814089933      0.178331719797E-05
   87.9645943005      0.107137763927E-05
   94.2477796077      0.821536599216E-06
   100.530964915      0.548341895146E-06
   106.814150222      0.453931774027E-06
   113.097335529      0.351943857590E-06
   119.380520836      0.284310029712E-06
   125.663706144      0.205711741358E-06
   131.946891451      0.155587113128E-06
   138.230076758      0.133384675039E-06
   144.513262065      0.107134747182E-06
   150.796447372      0.911556419993E-07
   157.079632679      0.604902334495E-07
   163.362817987      0.536684576931E-07
   169.646003294      0.404810994632E-07
   175.929188601      0.371683040160E-07
   182.212373908      0.238788858500E-07
   188.495559215      0.230953317007E-07
   194.778744523      0.161405887475E-07
   201.061929830      0.131218543267E-07
   207.345115137      0.991582434969E-08
   213.628300444      0.849350984022E-08
   219.911485751      0.659640081923E-08
   226.194671058      0.472157186729E-08
   232.477856366      0.314766523363E-08
   238.761041673      0.275064254791E-08
   245.044226980      0.210201332595E-08
   251.327412287      0.136682717600E-08
   257.610597594      0.926668684869E-09
   263.893782902      0.853370540755E-09
   270.176968209      0.577352339792E-09
   276.460153516      0.358593740240E-09
   282.743338823      0.213931346106E-09
   289.026524130      0.199953699720E-09
   295.309709437      0.122714332886E-09
   301.592894745      0.710410828205E-10
   307.876080052      0.421873574924E-10
   314.159265359      0.366162675188E-10
   320.442450666      0.212361436098E-10
   326.725635973      0.100834211648E-10
   333.008821281      0.832233989638E-11
   339.292006588      0.559058482095E-11
   345.575191895      0.309448348388E-11
   351.858377202      0.138139039110E-11
   358.141562509      0.143792796646E-11
   364.424747816      0.896472128064E-12
   370.707933124      0.595113775184E-12
   376.991118431      0.358962417306E-12
   383.274303738      0.517372312113E-12
   389.557489045      0.482740709290E-12
   395.840674352      0.406415208401E-12
   402.123859659      0.317084648402E-12
   408.407044967      0.370405062087E-12
   414.690230274      0.264043612421E-12
   420.973415581      0.158181839077E-12
   427.256600888      0.141406919898E-12
   433.539786195      0.102333788762E-12
   439.822971503      0.588441904886E-13
   446.106156810      0.270775685267E-13
   452.389342117      0.280872913811E-13
   458.672527424      0.157611550191E-13
   464.955712731      0.847146704899E-14
   471.238898038      0.413238821127E-14
   477.522083346      0.389467022113E-14
   483.805268653      0.216009249072E-14
   490.088453960      0.116185373341E-14
   496.371639267      0.648225862067E-15
   502.654824574      0.576734603147E-15
   508.938009882      0.332401617802E-15
   515.221195189      0.148071169909E-15
   521.504380496      0.152517090905E-15
   527.787565803      0.101100967168E-15
   534.070751110      0.602238329914E-16
   540.353936417      0.274606675967E-16
   546.637121725      0.325427354365E-16
   552.920307032      0.208789293382E-16
   559.203492339      0.126863226122E-16
   565.486677646      0.643315352930E-17
   571.769862953      0.743331661788E-17
   578.053048261      0.489015393841E-17
   584.336233568      0.272471086190E-17
   590.619418875      0.203361135306E-17
   596.902604182      0.190064818069E-17
   603.185789489      0.128178103024E-17
   609.468974796      0.556828365574E-18
   615.752160104      0.735272717586E-18
   622.035345411      0.527617219227E-18
   628.318530718      0.355614830693E-18
   634.601716025      0.158451450308E-18
   640.884901332      0.217425797609E-18
   647.168086639      0.151592714243E-18
   653.451271947      0.990818893566E-19
   659.734457254      0.492947863225E-19
   666.017642561      0.620145592639E-19
   672.300827868      0.424364946210E-19
   678.584013175      0.233735130756E-19
   684.867198483      0.178681539732E-19
   691.150383790      0.166175868529E-19
   697.433569097      0.110062555743E-19
   703.716754404      0.438782314137E-20
   709.999939711      0.611913773629E-20
   716.283125018      0.402763036310E-20
   722.566310326      0.252010046241E-20
   728.849495633      0.109576594125E-20
   735.132680940      0.137969568824E-20
   741.415866247      0.881312676863E-21
   747.699051554      0.509546884826E-21
   753.982236862      0.263429075968E-21
   760.265422169      0.285653917787E-21
   766.548607476      0.178474662633E-21
   772.831792783      0.859895825343E-22
   779.114978090      0.698092812049E-22
   785.398163397      0.564217814833E-22
   791.681348705      0.349453131952E-22
   797.964534012      0.131063554591E-22
   804.247719319      0.176286275733E-22
   810.530904626      0.110615360854E-22
   816.814089933      0.666785041095E-23
   823.097275241      0.284637717025E-23
   829.380460548      0.350498353414E-23
   835.663645855      0.221564314304E-23
   841.946831162      0.128329174477E-23
   848.230016469      0.652562893730E-24
   854.513201776      0.716771996055E-24
   860.796387084      0.453365362465E-24
   867.079572391      0.205354963528E-24
   873.362757698      0.195054795505E-24
   879.645943005      0.145757124631E-24
   885.929128312      0.912268231419E-25
   892.212313620      0.322455416752E-25
   898.495498927      0.431362545062E-25
   904.778684234      0.246710395196E-25
   911.061869541      0.127541403463E-25
   917.345054848      0.329822554347E-26
   923.628240155      0.270270791714E-26
   929.911425463      0.242325633740E-27
   936.194610770      0.564572583285E-35
   942.477796077      0.572747630098E-35
   948.760981384      0.551772851444E-35
   955.044166691      0.514754400132E-35
   961.327351998      0.524475941225E-35
   967.610537306      0.507712109543E-35
   973.893722613      0.490540120318E-35
   980.176907920      0.496308209336E-35
   986.460093227      0.486078906658E-35
   992.743278534      0.450717730824E-35
   999.026463842      0.440201152495E-35
   1005.30964915      0.444935786057E-35
   1011.59283446      0.401298585778E-35
   1017.87601976      0.421184244314E-35
   1024.15920507      0.394312946616E-35
   1030.44239038      0.355134038322E-35
   1036.72557568      0.399292654337E-35
   1043.00876099      0.347634866218E-35
   1049.29194630      0.344471600547E-35
   1055.57513161      0.322626526481E-35
   1061.85831691      0.335167531892E-35
   1068.14150222      0.345931881983E-35
   1074.42468753      0.290404091791E-35
   1080.70787283      0.284966880921E-35
   1086.99105814      0.272659230239E-35
   1093.27424345      0.256040552129E-35
   1099.55742876      0.255734451357E-35
   1105.84061406      0.219661509721E-35
   1112.12379937      0.225949533896E-35
   1118.40698468      0.205844644539E-35
   1124.69016999      0.218394143525E-35
   1130.97335529      0.189221053561E-35
   1137.25654060      0.171810642590E-35
   1143.53972591      0.148202650565E-35
   1149.82291121      0.127425486381E-35
   1156.10609652      0.121218717153E-35
   1162.38928183      0.112723280066E-35
   1168.67246714      0.106771998685E-35
   1174.95565244      0.976994023485E-36
   1181.23883775      0.926018333200E-36
   1187.52202306      0.861284018813E-36
   1193.80520836      0.807036076703E-36
   1200.08839367      0.761980219342E-36
   1206.37157898      0.706350210477E-36
   1212.65476429      0.637163781277E-36
   1218.93794959      0.608495305955E-36
   1225.22113490      0.578964226623E-36
   1231.50432021      0.529522637379E-36
   1237.78750551      0.456192485277E-36
   1244.07069082      0.451395367339E-36
   1250.35387613      0.434024780736E-36
   1256.63706144      0.393129767364E-36
   1262.92024674      0.340006285390E-36
   1269.20343205      0.334731250516E-36
   1275.48661736      0.281301096490E-36
   1281.76980266      0.262391016955E-36
   1288.05298797      0.238963792297E-36
   1294.33617328      0.222469551827E-36
   1300.61935859      0.196363401427E-36
   1306.90254389      0.153027777181E-36
   1313.18572920      0.161998984505E-36
   1319.46891451      0.145368949140E-36
   1325.75209981      0.128099406262E-36
   1332.03528512      0.100028486308E-36
   1338.31847043      0.830378169242E-37
   1344.60165574      0.891470218159E-37
   1350.88484104      0.794886790501E-37
   1357.16802635      0.545648904337E-37
   1363.45121166      0.280991082244E-37
   1369.73439697      0.347542466115E-37
   1376.01758227      0.275979175670E-37
   1382.30076758      0.140689872491E-37
   1388.58395289      0.209164330359E-38
   1394.86713819      0.797133070776E-39
