   6.28318530718       0.00000000000    
   12.5663706144      0.915239788596E-02
   18.8495559215      0.174155393788E-04
   25.1327412287      0.837025015789E-06
   31.4159265359      0.691625442203E-07
   37.6991118431      0.122116176545E-07
   43.9822971503      0.222291756564E-08
   50.2654824574      0.673108137634E-09
   56.5486677646      0.180516392061E-09
   62.8318530718      0.638391626771E-10
   69.1150383790      0.219151411186E-10
   75.3982236862      0.973606409329E-11
   81.6814089933      0.546040217391E-11
   87.9645943005      0.387031411251E-11
   94.2477796077      0.321049161861E-11
   100.530964915      0.316267891653E-11
   106.814150222      0.319258218116E-11
   113.097335529      0.308814563100E-11
   119.380520836      0.311645828320E-11
   125.663706144      0.310568585528E-11
   131.946891451      0.296366117882E-11
   138.230076758      0.252794348598E-11
   144.513262065      0.252831861844E-11
   150.796447372      0.232198957458E-11
   157.079632679      0.192694204814E-11
   163.362817987      0.164698966310E-11
   169.646003294      0.144153766473E-11
   175.929188601      0.117107356910E-11
   182.212373908      0.825473915680E-12
   188.495559215      0.653756605829E-12
   194.778744523      0.456278451339E-12
   201.061929830      0.310575519951E-12
   207.345115137      0.179214103943E-12
   213.628300444      0.106849375356E-12
   219.911485751      0.524954454877E-13
   226.194671058      0.209908489843E-13
   232.477856366      0.618780490775E-14
   238.761041673      0.149920828062E-14
   245.044226980      0.577658749224E-15
   251.327412287      0.794367575356E-15
   257.610597594      0.811109898204E-15
   263.893782902      0.492473855308E-15
   270.176968209      0.170748292622E-15
   276.460153516      0.398134908767E-16
   282.743338823      0.362809999274E-16
   289.026524130      0.412724935045E-16
   295.309709437      0.194593669714E-16
   301.592894745      0.612880495623E-17
   307.876080052      0.438674639392E-17
   314.159265359      0.421828220474E-17
   320.442450666      0.158231409921E-17
   326.725635973      0.847748056468E-18
   333.008821281      0.705486016026E-18
   339.292006588      0.340895222004E-18
   345.575191895      0.182654229801E-18
   351.858377202      0.132951955446E-18
   358.141562509      0.645532696678E-19
   364.424747816      0.423491779497E-19
   370.707933124      0.264099532608E-19
   376.991118431      0.150092661667E-19
   383.274303738      0.102751184543E-19
   389.557489045      0.646693173857E-20
   395.840674352      0.466534011426E-20
   402.123859659      0.344958080599E-20
   408.407044967      0.252469102317E-20
   414.690230274      0.207666975499E-20
   420.973415581      0.160423326753E-20
   427.256600888      0.144473355522E-20
   433.539786195      0.124385223487E-20
   439.822971503      0.104204064936E-20
   446.106156810      0.829933916655E-21
   452.389342117      0.727758669859E-21
   458.672527424      0.603932955530E-21
   464.955712731      0.491016504962E-21
   471.238898038      0.372216733090E-21
   477.522083346      0.282703094346E-21
   483.805268653      0.211354787222E-21
   490.088453960      0.168050280247E-21
   496.371639267      0.122731876032E-21
   502.654824574      0.912357715293E-22
   508.938009882      0.572859831201E-22
   515.221195189      0.308253636159E-22
   521.504380496      0.205640529141E-22
   527.787565803      0.133592278780E-22
   534.070751110      0.470415943560E-23
   540.353936417      0.178423009200E-23
   546.637121725      0.189330690179E-23
   552.920307032      0.687445202466E-24
   559.203492339      0.397956031410E-24
   565.486677646      0.244842336516E-24
   571.769862953      0.861357939693E-25
   578.053048261      0.356254978130E-25
   584.336233568      0.679371065577E-26
   590.619418875      0.107303037406E-26
   596.902604182      0.334219723106E-27
   603.185789489      0.235146782169E-28
   609.468974796      0.438093089344E-30
   615.752160104      0.255907632317E-31
   622.035345411      0.534123692867E-34
   628.318530718      0.198035040364E-35
   634.601716025      0.146711263532E-35
   640.884901332      0.149515855634E-35
   647.168086639      0.128757269255E-35
   653.451271947      0.175175785330E-35
   659.734457254      0.173703308692E-35
   666.017642561      0.167817446283E-35
   672.300827868      0.117779974403E-35
   678.584013175      0.141030696069E-35
   684.867198483      0.194037480270E-35
   691.150383790      0.105848114201E-35
   697.433569097      0.118383863953E-35
   703.716754404      0.437240215357E-35
   709.999939711      0.206385947207E-35
   716.283125018      0.333899460441E-35
   722.566310326      0.179944773974E-35
   728.849495633      0.154862589306E-35
   735.132680940      0.169962134129E-35
   741.415866247      0.164880213724E-35
   747.699051554      0.129341724105E-35
   753.982236862      0.149290520123E-35
   760.265422169      0.386996346366E-35
   766.548607476      0.162423649988E-35
   772.831792783      0.143061290219E-35
   779.114978090      0.170557521935E-35
   785.398163397      0.154782135021E-35
   791.681348705      0.132688770265E-35
   797.964534012      0.132660149795E-35
   804.247719319      0.663644359425E-35
   810.530904626      0.109999478901E-34
   816.814089933      0.754220972426E-35
   823.097275241      0.195126297376E-35
   829.380460548      0.216060785595E-35
   835.663645855      0.190998756897E-35
   841.946831162      0.217979881224E-35
   848.230016469      0.185901476821E-35
   854.513201776      0.208477797685E-35
   860.796387084      0.351283454468E-35
   867.079572391      0.221353134009E-35
   873.362757698      0.208691554354E-35
   879.645943005      0.180452834900E-35
   885.929128312      0.205980588765E-35
   892.212313620      0.229200729800E-35
   898.495498927      0.229339380232E-35
   904.778684234      0.244083273115E-35
   911.061869541      0.270721774587E-35
   917.345054848      0.293755855142E-35
   923.628240155      0.192370419191E-35
   929.911425463      0.238833742263E-35
   936.194610770      0.211470109459E-35
   942.477796077      0.218709330272E-35
   948.760981384      0.185587146383E-35
   955.044166691      0.262085549462E-35
   961.327351998      0.342388543587E-35
   967.610537306      0.231785842472E-35
   973.893722613      0.185655152091E-35
   980.176907920      0.209503718831E-35
   986.460093227      0.376417903655E-35
   992.743278534      0.214434715284E-35
   999.026463842      0.214708376531E-35
   1005.30964915      0.531995973854E-35
   1011.59283446      0.305484107917E-35
   1017.87601976      0.425173613646E-35
   1024.15920507      0.212085466434E-35
   1030.44239038      0.237304377954E-35
   1036.72557568      0.314452026386E-35
   1043.00876099      0.208427668593E-35
   1049.29194630      0.220508323614E-35
   1055.57513161      0.331780282043E-35
   1061.85831691      0.327367890118E-35
   1068.14150222      0.228120961255E-35
   1074.42468753      0.202009612821E-35
   1080.70787283      0.165643781022E-35
   1086.99105814      0.172612525642E-35
   1093.27424345      0.156065555301E-35
   1099.55742876      0.162154019168E-35
   1105.84061406      0.146163037172E-35
   1112.12379937      0.162258192135E-35
   1118.40698468      0.135914207024E-35
   1124.69016999      0.151975203009E-35
   1130.97335529      0.137531607652E-35
   1137.25654060      0.133947701522E-35
   1143.53972591      0.139358597738E-35
   1149.82291121      0.128331174495E-35
   1156.10609652      0.136982662576E-35
   1162.38928183      0.120985738690E-35
   1168.67246714      0.117247108951E-35
   1174.95565244      0.132613745650E-35
   1181.23883775      0.121438692319E-35
   1187.52202306      0.121701061461E-35
   1193.80520836      0.117158756709E-35
   1200.08839367      0.116372351348E-35
   1206.37157898      0.118436322894E-35
   1212.65476429      0.107465149357E-35
   1218.93794959      0.111828356911E-35
   1225.22113490      0.109469219765E-35
   1231.50432021      0.108861144329E-35
   1237.78750551      0.997476614194E-36
   1244.07069082      0.107055703811E-35
   1250.35387613      0.103022633939E-35
   1256.63706144      0.892837834603E-36
   1262.92024674      0.924664091215E-36
   1269.20343205      0.931557341015E-36
   1275.48661736      0.894849978103E-36
   1281.76980266      0.975253948645E-36
   1288.05298797      0.904350096298E-36
   1294.33617328      0.882627616226E-36
   1300.61935859      0.828970514239E-36
   1306.90254389      0.862291622455E-36
   1313.18572920      0.815744636194E-36
   1319.46891451      0.825903874660E-36
   1325.75209981      0.810202230269E-36
   1332.03528512      0.773289710915E-36
   1338.31847043      0.798218221324E-36
   1344.60165574      0.688699232882E-36
   1350.88484104      0.623721962969E-36
   1357.16802635      0.659173800639E-36
   1363.45121166      0.630162901561E-36
   1369.73439697      0.643330984520E-36
   1376.01758227      0.579455819984E-36
   1382.30076758      0.560612601354E-36
   1388.58395289      0.528360509147E-36
   1394.86713819      0.485250896160E-36
   1401.15032350      0.532609128013E-36
   1407.43350881      0.464717537380E-36
   1413.71669412      0.480460768547E-36
   1419.99987942      0.451062590713E-36
   1426.28306473      0.431442898813E-36
   1432.56625004      0.426350301406E-36
   1438.84943534      0.383206041838E-36
   1445.13262065      0.434403027822E-36
   1451.41580596      0.338825701207E-36
   1457.69899127      0.349091605788E-36
   1463.98217657      0.348049865341E-36
   1470.26536188      0.280937071002E-36
   1476.54854719      0.303393354883E-36
   1482.83173249      0.244199526890E-36
   1489.11491780      0.256870444566E-36
   1495.39810311      0.220206129875E-36
   1501.68128842      0.204458348791E-36
   1507.96447372      0.204706280462E-36
   1514.24765903      0.173538764615E-36
   1520.53084434      0.162774698034E-36
   1526.81402964      0.152908793132E-36
   1533.09721495      0.147744479256E-36
   1539.38040026      0.137520760885E-36
   1545.66358557      0.130707589312E-36
   1551.94677087      0.124201938609E-36
   1558.22995618      0.119659719126E-36
   1564.51314149      0.109831534911E-36
   1570.79632679      0.107458885959E-36
   1577.07951210      0.102243553795E-36
   1583.36269741      0.957270410184E-37
   1589.64588272      0.910116287514E-37
   1595.92906802      0.860409081966E-37
   1602.21225333      0.794069033758E-37
   1608.49543864      0.784113111946E-37
   1614.77862395      0.715684531474E-37
   1621.06180925      0.664827820896E-37
   1627.34499456      0.655044367153E-37
   1633.62817987      0.580446220369E-37
   1639.91136517      0.549511892086E-37
   1646.19455048      0.535981866048E-37
   1652.47773579      0.476303599220E-37
   1658.76092110      0.451803514681E-37
   1665.04410640      0.419511026347E-37
   1671.32729171      0.400586247660E-37
   1677.61047702      0.372514836944E-37
   1683.89366232      0.326289253309E-37
   1690.17684763      0.317634780747E-37
   1696.46003294      0.288651180467E-37
   1702.74321825      0.260385819148E-37
   1709.02640355      0.227114699668E-37
   1715.30958886      0.204324831681E-37
   1721.59277417      0.193939372162E-37
   1727.87595947      0.170935240042E-37
   1734.15914478      0.142426929472E-37
   1740.44233009      0.142099408541E-37
   1746.72551540      0.130096104740E-37
   1753.00870070      0.106283440256E-37
   1759.29188601      0.888150425520E-38
   1765.57507132      0.946537866391E-38
   1771.85825662      0.825563356141E-38
   1778.14144193      0.608300007232E-38
   1784.42462724      0.464356717776E-38
   1790.70781255      0.529974435479E-38
   1796.99099785      0.433793852276E-38
   1803.27418316      0.246366239721E-38
   1809.55736847      0.194168904064E-38
   1815.84055377      0.197160918232E-38
   1822.12373908      0.110246368030E-38
   1828.40692439      0.606574044101E-39
   1834.69010970      0.316412850697E-39
   1840.97329500      0.306325960323E-39
   1847.25648031      0.751048361208E-40
   1853.53966562      0.958616943823E-41
   1859.82285093       0.00000000000    
   1866.10603623       0.00000000000    
   1872.38922154       0.00000000000    
   1878.67240685       0.00000000000    
   1884.95559215       0.00000000000    
   1891.23877746       0.00000000000    
   1897.52196277       0.00000000000    
   1903.80514808       0.00000000000    
   1910.08833338       0.00000000000    
   1916.37151869       0.00000000000    
   1922.65470400       0.00000000000    
   1928.93788930       0.00000000000    
   1935.22107461       0.00000000000    
   1941.50425992       0.00000000000    
   1947.78744523       0.00000000000    
   1954.07063053       0.00000000000    
   1960.35381584       0.00000000000    
   1966.63700115       0.00000000000    
   1972.92018645       0.00000000000    
   1979.20337176       0.00000000000    
   1985.48655707       0.00000000000    
   1991.76974238       0.00000000000    
   1998.05292768       0.00000000000    
   2004.33611299       0.00000000000    
   2010.61929830       0.00000000000    
   2016.90248360       0.00000000000    
   2023.18566891       0.00000000000    
   2029.46885422       0.00000000000    
   2035.75203953       0.00000000000    
   2042.03522483       0.00000000000    
   2048.31841014       0.00000000000    
   2054.60159545       0.00000000000    
   2060.88478075       0.00000000000    
   2067.16796606       0.00000000000    
   2073.45115137       0.00000000000    
   2079.73433668       0.00000000000    
   2086.01752198       0.00000000000    
   2092.30070729       0.00000000000    
   2098.58389260       0.00000000000    
   2104.86707791       0.00000000000    
   2111.15026321       0.00000000000    
   2117.43344852       0.00000000000    
   2123.71663383       0.00000000000    
   2129.99981913       0.00000000000    
   2136.28300444       0.00000000000    
   2142.56618975       0.00000000000    
   2148.84937506       0.00000000000    
   2155.13256036       0.00000000000    
   2161.41574567       0.00000000000    
   2167.69893098       0.00000000000    
   2173.98211628       0.00000000000    
   2180.26530159       0.00000000000    
   2186.54848690       0.00000000000    
   2192.83167221       0.00000000000    
   2199.11485751       0.00000000000    
   2205.39804282       0.00000000000    
   2211.68122813       0.00000000000    
   2217.96441343       0.00000000000    
   2224.24759874       0.00000000000    
   2230.53078405       0.00000000000    
   2236.81396936       0.00000000000    
   2243.09715466       0.00000000000    
   2249.38033997       0.00000000000    
   2255.66352528       0.00000000000    
   2261.94671058       0.00000000000    
   2268.22989589       0.00000000000    
   2274.51308120       0.00000000000    
   2280.79626651       0.00000000000    
   2287.07945181       0.00000000000    
   2293.36263712       0.00000000000    
   2299.64582243       0.00000000000    
   2305.92900773       0.00000000000    
   2312.21219304       0.00000000000    
   2318.49537835       0.00000000000    
   2324.77856366       0.00000000000    
   2331.06174896       0.00000000000    
   2337.34493427       0.00000000000    
   2343.62811958       0.00000000000    
   2349.91130489       0.00000000000    
   2356.19449019       0.00000000000    
   2362.47767550       0.00000000000    
   2368.76086081       0.00000000000    
   2375.04404611       0.00000000000    
   2381.32723142       0.00000000000    
   2387.61041673       0.00000000000    
   2393.89360204       0.00000000000    
   2400.17678734       0.00000000000    
   2406.45997265       0.00000000000    
   2412.74315796       0.00000000000    
   2419.02634326       0.00000000000    
   2425.30952857       0.00000000000    
   2431.59271388       0.00000000000    
   2437.87589919       0.00000000000    
   2444.15908449       0.00000000000    
   2450.44226980       0.00000000000    
   2456.72545511       0.00000000000    
   2463.00864041       0.00000000000    
   2469.29182572       0.00000000000    
   2475.57501103       0.00000000000    
   2481.85819634       0.00000000000    
   2488.14138164       0.00000000000    
   2494.42456695       0.00000000000    
   2500.70775226       0.00000000000    
   2506.99093756       0.00000000000    
   2513.27412287       0.00000000000    
   2519.55730818       0.00000000000    
   2525.84049349       0.00000000000    
   2532.12367879       0.00000000000    
   2538.40686410       0.00000000000    
   2544.69004941       0.00000000000    
   2550.97323471       0.00000000000    
   2557.25642002       0.00000000000    
   2563.53960533       0.00000000000    
   2569.82279064       0.00000000000    
   2576.10597594       0.00000000000    
   2582.38916125       0.00000000000    
   2588.67234656       0.00000000000    
   2594.95553187       0.00000000000    
   2601.23871717       0.00000000000    
   2607.52190248       0.00000000000    
   2613.80508779       0.00000000000    
   2620.08827309       0.00000000000    
   2626.37145840       0.00000000000    
   2632.65464371       0.00000000000    
   2638.93782902       0.00000000000    
   2645.22101432       0.00000000000    
   2651.50419963       0.00000000000    
   2657.78738494       0.00000000000    
   2664.07057024       0.00000000000    
   2670.35375555       0.00000000000    
   2676.63694086       0.00000000000    
   2682.92012617       0.00000000000    
   2689.20331147       0.00000000000    
   2695.48649678       0.00000000000    
   2701.76968209       0.00000000000    
   2708.05286739       0.00000000000    
   2714.33605270       0.00000000000    
   2720.61923801       0.00000000000    
   2726.90242332       0.00000000000    
   2733.18560862       0.00000000000    
   2739.46879393       0.00000000000    
   2745.75197924       0.00000000000    
   2752.03516454       0.00000000000    
   2758.31834985       0.00000000000    
   2764.60153516       0.00000000000    
   2770.88472047       0.00000000000    
   2777.16790577       0.00000000000    
   2783.45109108       0.00000000000    
   2789.73427639       0.00000000000    
   6.28318530718      0.321471665127E-37
   12.5663706144      0.913627393781E-02
   18.8495559215      0.199042941510E-04
   25.1327412287      0.920261350081E-06
   31.4159265359      0.738721257354E-07
   37.6991118431      0.130995234289E-07
   43.9822971503      0.230885371957E-08
   50.2654824574      0.696798516649E-09
   56.5486677646      0.185327181812E-09
   62.8318530718      0.652403023482E-10
   69.1150383790      0.223131480151E-10
   75.3982236862      0.981316099720E-11
   81.6814089933      0.546292269116E-11
   87.9645943005      0.384307630283E-11
   94.2477796077      0.317753987240E-11
   100.530964915      0.313286411581E-11
   106.814150222      0.316571715539E-11
   113.097335529      0.306620311240E-11
   119.380520836      0.309957902187E-11
   125.663706144      0.309470107020E-11
   131.946891451      0.295723169741E-11
   138.230076758      0.252504500736E-11
   144.513262065      0.253004375441E-11
   150.796447372      0.232684860730E-11
   157.079632679      0.193340979952E-11
   163.362817987      0.165436641751E-11
   169.646003294      0.145069478945E-11
   175.929188601      0.118013267976E-11
   182.212373908      0.833071163483E-12
   188.495559215      0.660903812769E-12
   194.778744523      0.462343568623E-12
   201.061929830      0.315384843260E-12
   207.345115137      0.182502966237E-12
   213.628300444      0.109219210438E-12
   219.911485751      0.539325202806E-13
   226.194671058      0.217234279009E-13
   232.477856366      0.647545475281E-14
   238.761041673      0.158311993497E-14
   245.044226980      0.575557299000E-15
   251.327412287      0.784176628496E-15
   257.610597594      0.813301489827E-15
   263.893782902      0.500970028779E-15
   270.176968209      0.176582071764E-15
   276.460153516      0.409126880878E-16
   282.743338823      0.358084380716E-16
   289.026524130      0.413692532331E-16
   295.309709437      0.198727125344E-16
   301.592894745      0.626356541218E-17
   307.876080052      0.435346581101E-17
   314.159265359      0.424458295523E-17
   320.442450666      0.161326016481E-17
   326.725635973      0.846659500253E-18
   333.008821281      0.707527490023E-18
   339.292006588      0.345698414976E-18
   345.575191895      0.182703108132E-18
   351.858377202      0.133679967950E-18
   358.141562509      0.650046065788E-19
   364.424747816      0.424105900192E-19
   370.707933124      0.265606237302E-19
   376.991118431      0.150521853400E-19
   383.274303738      0.103059454347E-19
   389.557489045      0.648099968083E-20
   395.840674352      0.467423526648E-20
   402.123859659      0.345386071350E-20
   408.407044967      0.252887230321E-20
   414.690230274      0.207758589338E-20
   420.973415581      0.160599820708E-20
   427.256600888      0.144535282623E-20
   433.539786195      0.124442214391E-20
   439.822971503      0.104225567274E-20
   446.106156810      0.830002657844E-21
   452.389342117      0.728098993109E-21
   458.672527424      0.604041582555E-21
   464.955712731      0.491054572580E-21
   471.238898038      0.372225938906E-21
   477.522083346      0.282725468515E-21
   483.805268653      0.211422864939E-21
   490.088453960      0.168062506304E-21
   496.371639267      0.122693400562E-21
   502.654824574      0.912429067887E-22
   508.938009882      0.572811296179E-22
   515.221195189      0.308064216951E-22
   521.504380496      0.205610912526E-22
   527.787565803      0.133552736583E-22
   534.070751110      0.469883307678E-23
   540.353936417      0.178149063691E-23
   546.637121725      0.189407402454E-23
   552.920307032      0.687466528629E-24
   559.203492339      0.396686426100E-24
   565.486677646      0.244495929344E-24
   571.769862953      0.861484473569E-25
   578.053048261      0.355121186682E-25
   584.336233568      0.675321422300E-26
   590.619418875      0.106944909947E-26
   596.902604182      0.333720822880E-27
   603.185789489      0.235146885038E-28
   609.468974796      0.438106649234E-30
   615.752160104      0.256001254313E-31
   622.035345411      0.567793280641E-34
   628.318530718      0.660682225913E-35
   634.601716025      0.564341892854E-35
   640.884901332      0.608883705919E-35
   647.168086639      0.389029068488E-35
   653.451271947      0.599668324405E-35
   659.734457254      0.597091485418E-35
   666.017642561      0.503316544058E-35
   672.300827868      0.469466924181E-35
   678.584013175      0.405277336737E-35
   684.867198483      0.937263279101E-35
   691.150383790      0.355534621127E-35
   697.433569097      0.441296522286E-35
   703.716754404      0.873337093036E-35
   709.999939711      0.157466377533E-34
   716.283125018      0.649825385942E-35
   722.566310326      0.428614612504E-35
   728.849495633      0.492506202601E-35
   735.132680940      0.582111962190E-35
   741.415866247      0.641927227326E-35
   747.699051554      0.428160708782E-35
   753.982236862      0.741866324446E-35
   760.265422169      0.119714188439E-34
   766.548607476      0.508323201748E-35
   772.831792783      0.417272620182E-35
   779.114978090      0.578617068774E-35
   785.398163397      0.631470658117E-35
   791.681348705      0.450953532693E-35
   797.964534012      0.428678954252E-35
   804.247719319      0.382403426796E-34
   810.530904626      0.213722928951E-34
   816.814089933      0.360753702712E-34
   823.097275241      0.711715248648E-35
   829.380460548      0.801721128787E-35
   835.663645855      0.711754847001E-35
   841.946831162      0.811190140345E-35
   848.230016469      0.591009879636E-35
   854.513201776      0.823026993535E-35
   860.796387084      0.106915000099E-34
   867.079572391      0.127805525694E-34
   873.362757698      0.595509028325E-35
   879.645943005      0.652720579657E-35
   885.929128312      0.732238148943E-35
   892.212313620      0.793724599420E-35
   898.495498927      0.683428311456E-35
   904.778684234      0.782457393183E-35
   911.061869541      0.217218241145E-34
   917.345054848      0.116307956792E-34
   923.628240155      0.627563520782E-35
   929.911425463      0.853345679717E-35
   936.194610770      0.962504941504E-35
   942.477796077      0.749516976475E-35
   948.760981384      0.584591713068E-35
   955.044166691      0.830588391018E-35
   961.327351998      0.103122948958E-34
   967.610537306      0.107665356109E-34
   973.893722613      0.668255842543E-35
   980.176907920      0.818381094553E-35
   986.460093227      0.852693690182E-35
   992.743278534      0.732205740828E-35
   999.026463842      0.557675291717E-35
   1005.30964915      0.382940039692E-34
   1011.59283446      0.120375386104E-34
   1017.87601976      0.138330753013E-34
   1024.15920507      0.731700718709E-35
   1030.44239038      0.786456133095E-35
   1036.72557568      0.119203489706E-34
   1043.00876099      0.664689080433E-35
   1049.29194630      0.770732738215E-35
   1055.57513161      0.873986124477E-35
   1061.85831691      0.132176469527E-34
   1068.14150222      0.100674510301E-34
   1074.42468753      0.705007117553E-35
   1080.70787283      0.584768425080E-35
   1086.99105814      0.624209051415E-35
   1093.27424345      0.565722443644E-35
   1099.55742876      0.702100378581E-35
   1105.84061406      0.551452076959E-35
   1112.12379937      0.704640654412E-35
   1118.40698468      0.567877034565E-35
   1124.69016999      0.653041278724E-35
   1130.97335529      0.560895889850E-35
   1137.25654060      0.655519217035E-35
   1143.53972591      0.592819833522E-35
   1149.82291121      0.547794277747E-35
   1156.10609652      0.568773180897E-35
   1162.38928183      0.865480379498E-35
   1168.67246714      0.555237637552E-35
   1174.95565244      0.598609858319E-35
   1181.23883775      0.529913397855E-35
   1187.52202306      0.721995085615E-35
   1193.80520836      0.542110085293E-35
   1200.08839367      0.528513565709E-35
   1206.37157898      0.101630760371E-34
   1212.65476429      0.175922053824E-34
   1218.93794959      0.847954194278E-35
   1225.22113490      0.578271714991E-35
   1231.50432021      0.542351657815E-35
   1237.78750551      0.666899318798E-35
   1244.07069082      0.518569562542E-35
   1250.35387613      0.528096531686E-35
   1256.63706144      0.591312963814E-35
   1262.92024674      0.581402119167E-35
   1269.20343205      0.584431743488E-35
   1275.48661736      0.528864160311E-35
   1281.76980266      0.531410787989E-35
   1288.05298797      0.588941850903E-35
   1294.33617328      0.545900770417E-35
   1300.61935859      0.534932686688E-35
   1306.90254389      0.524230553561E-35
   1313.18572920      0.685317635224E-35
   1319.46891451      0.537998220046E-35
   1325.75209981      0.539524290007E-35
   1332.03528512      0.506864789401E-35
   1338.31847043      0.585476887803E-35
   1344.60165574      0.515192572780E-35
   1350.88484104      0.490487552338E-35
   1357.16802635      0.517275969864E-35
   1363.45121166      0.694465538897E-35
   1369.73439697      0.550684317544E-35
   1376.01758227      0.519202464138E-35
   1382.30076758      0.523650764436E-35
   1388.58395289      0.616990431601E-35
   1394.86713819      0.456055456052E-35
   1401.15032350      0.467349046154E-35
   1407.43350881      0.811900917565E-35
   1413.71669412      0.957465434395E-35
   1419.99987942      0.213404019638E-34
   1426.28306473      0.578927111015E-35
   1432.56625004      0.492568183343E-35
   1438.84943534      0.697163169545E-35
   1445.13262065      0.488573783427E-35
   1451.41580596      0.472807574516E-35
   1457.69899127      0.551599625830E-35
   1463.98217657      0.685611776550E-35
   1470.26536188      0.543413051908E-35
   1476.54854719      0.473941797040E-35
   1482.83173249      0.455163834496E-35
   1489.11491780      0.573469110482E-35
   1495.39810311      0.527788996325E-35
   1501.68128842      0.609068631957E-35
   1507.96447372      0.509379574265E-35
   1514.24765903      0.902983236650E-35
   1520.53084434      0.536996828828E-35
   1526.81402964      0.526957048108E-35
   1533.09721495      0.490151362078E-35
   1539.38040026      0.539684610415E-35
   1545.66358557      0.469775425800E-35
   1551.94677087      0.494281979642E-35
   1558.22995618      0.526366037104E-35
   1564.51314149      0.696568090968E-35
   1570.79632679      0.558354866109E-35
   1577.07951210      0.465748409870E-35
   1583.36269741      0.560239957170E-35
   1589.64588272      0.511430295689E-35
   1595.92906802      0.584176820645E-35
   1602.21225333      0.455162173032E-35
   1608.49543864      0.242808907729E-34
   1614.77862395      0.592844918642E-35
   1621.06180925      0.531226925915E-35
   1627.34499456      0.480454989248E-35
   1633.62817987      0.452766912742E-35
   1639.91136517      0.469322911673E-35
   1646.19455048      0.452061583452E-35
   1652.47773579      0.417077144747E-35
   1658.76092110      0.406342179802E-35
   1665.04410640      0.411255526661E-35
   1671.32729171      0.408667664783E-35
   1677.61047702      0.388637840188E-35
   1683.89366232      0.386423025301E-35
   1690.17684763      0.390439922948E-35
   1696.46003294      0.369504596384E-35
   1702.74321825      0.366559534045E-35
   1709.02640355      0.374604371980E-35
   1715.30958886      0.383321817921E-35
   1721.59277417      0.378328104670E-35
   1727.87595947      0.344814487386E-35
   1734.15914478      0.365962825425E-35
   1740.44233009      0.341765278633E-35
   1746.72551540      0.345580707607E-35
   1753.00870070      0.336282517380E-35
   1759.29188601      0.340170622398E-35
   1765.57507132      0.343634025082E-35
   1771.85825662      0.337997111215E-35
   1778.14144193      0.326389270921E-35
   1784.42462724      0.332545543849E-35
   1790.70781255      0.318356630816E-35
   1796.99099785      0.324701128480E-35
   1803.27418316      0.313379125454E-35
   1809.55736847      0.309817808460E-35
   1815.84055377      0.304940502870E-35
   1822.12373908      0.312767655672E-35
   1828.40692439      0.288279946879E-35
   1834.69010970      0.281925482163E-35
   1840.97329500      0.292878698316E-35
   1847.25648031      0.280752677818E-35
   1853.53966562      0.276087659857E-35
   1859.82285093      0.288819058158E-35
   1866.10603623      0.261352671787E-35
   1872.38922154      0.267665959091E-35
   1878.67240685      0.269342209477E-35
   1884.95559215      0.265017568495E-35
   1891.23877746      0.261907741744E-35
   1897.52196277      0.266314016352E-35
   1903.80514808      0.266946933806E-35
   1910.08833338      0.248761867836E-35
   1916.37151869      0.252684317677E-35
   1922.65470400      0.240335010749E-35
   1928.93788930      0.235117848409E-35
   1935.22107461      0.240752187617E-35
   1941.50425992      0.235418860590E-35
   1947.78744523      0.243562806258E-35
   1954.07063053      0.219258681965E-35
   1960.35381584      0.233556224387E-35
   1966.63700115      0.224547082653E-35
   1972.92018645      0.234496283768E-35
   1979.20337176      0.218454463905E-35
   1985.48655707      0.219180958276E-35
   1991.76974238      0.232484011870E-35
   1998.05292768      0.206699138076E-35
   2004.33611299      0.206194743337E-35
   2010.61929830      0.212380252897E-35
   2016.90248360      0.201730884660E-35
   2023.18566891      0.206384250733E-35
   2029.46885422      0.194879495294E-35
   2035.75203953      0.194946563530E-35
   2042.03522483      0.196388394298E-35
   2048.31841014      0.193645724564E-35
   2054.60159545      0.189908097494E-35
   2060.88478075      0.180173710864E-35
   2067.16796606      0.182192365306E-35
   2073.45115137      0.179128763958E-35
   2079.73433668      0.174048980953E-35
   2086.01752198      0.186105947444E-35
   2092.30070729      0.160603325613E-35
   2098.58389260      0.175062624383E-35
   2104.86707791      0.167129126599E-35
   2111.15026321      0.159144620525E-35
   2117.43344852      0.155856358513E-35
   2123.71663383      0.149185210903E-35
   2129.99981913      0.167038072574E-35
   2136.28300444      0.142081516625E-35
   2142.56618975      0.151670639980E-35
   2148.84937506      0.131499711230E-35
   2155.13256036      0.142345817581E-35
   2161.41574567      0.134982908429E-35
   2167.69893098      0.132832752944E-35
   2173.98211628      0.122956529919E-35
   2180.26530159      0.122624944514E-35
   2186.54848690      0.113910547341E-35
   2192.83167221      0.129454901119E-35
   2199.11485751      0.114302995838E-35
   2205.39804282      0.130677374951E-35
   2211.68122813      0.103793083151E-35
   2217.96441343      0.125307619809E-35
   2224.24759874      0.102611613736E-35
   2230.53078405      0.108054838584E-35
   2236.81396936      0.101807985784E-35
   2243.09715466      0.921715941270E-36
   2249.38033997      0.109034165655E-35
   2255.66352528      0.851202402560E-36
   2261.94671058      0.102328879244E-35
   2268.22989589      0.810838961114E-36
   2274.51308120      0.767829517249E-36
   2280.79626651      0.692899830102E-36
   2287.07945181      0.629788163732E-36
   2293.36263712      0.599464497145E-36
   2299.64582243      0.590689988135E-36
   2305.92900773      0.558146858704E-36
   2312.21219304      0.538378002967E-36
   2318.49537835      0.521203935738E-36
   2324.77856366      0.508404087998E-36
   2331.06174896      0.478753538286E-36
   2337.34493427      0.470023164552E-36
   2343.62811958      0.451572350188E-36
   2349.91130489      0.441149090867E-36
   2356.19449019      0.425969303454E-36
   2362.47767550      0.410073147219E-36
   2368.76086081      0.392494869298E-36
   2375.04404611      0.384589278920E-36
   2381.32723142      0.367192594943E-36
   2387.61041673      0.357484538442E-36
   2393.89360204      0.348462946613E-36
   2400.17678734      0.337057026685E-36
   2406.45997265      0.322820919113E-36
   2412.74315796      0.307668556925E-36
   2419.02634326      0.298463332838E-36
   2425.30952857      0.290715848089E-36
   2431.59271388      0.279166565621E-36
   2437.87589919      0.269322098365E-36
   2444.15908449      0.259530503311E-36
   2450.44226980      0.247499113073E-36
   2456.72545511      0.236037384014E-36
   2463.00864041      0.226000600123E-36
   2469.29182572      0.219388447323E-36
   2475.57501103      0.213440080639E-36
   2481.85819634      0.203898153321E-36
   2488.14138164      0.195549121138E-36
   2494.42456695      0.199609214052E-36
   2500.70775226      0.180743888949E-36
   2506.99093756      0.173571252745E-36
   2513.27412287      0.169547426236E-36
   2519.55730818      0.162973867089E-36
   2525.84049349      0.154006417670E-36
   2532.12367879      0.143482938104E-36
   2538.40686410      0.140678249364E-36
   2544.69004941      0.130372317008E-36
   2550.97323471      0.127364449382E-36
   2557.25642002      0.121152264043E-36
   2563.53960533      0.117373588804E-36
   2569.82279064      0.107809253505E-36
   2576.10597594      0.989838108263E-37
   2582.38916125      0.981626928699E-37
   2588.67234656      0.931404224361E-37
   2594.95553187      0.882104479707E-37
   2601.23871717      0.832624598359E-37
   2607.52190248      0.742019513895E-37
   2613.80508779      0.752340033756E-37
   2620.08827309      0.708923835254E-37
   2626.37145840      0.640905933745E-37
   2632.65464371      0.603315638484E-37
   2638.93782902      0.546747837126E-37
   2645.22101432      0.563278028612E-37
   2651.50419963      0.504334222539E-37
   2657.78738494      0.487183472388E-37
   2664.07057024      0.420744010993E-37
   2670.35375555      0.396198652789E-37
   2676.63694086      0.364946608560E-37
   2682.92012617      0.346675414105E-37
   2689.20331147      0.291060234116E-37
   2695.48649678      0.242422814010E-37
   2701.76968209      0.264957611035E-37
   2708.05286739      0.230623505847E-37
   2714.33605270      0.196605650584E-37
   2720.61923801      0.139093958127E-37
   2726.90242332      0.189063370462E-37
   2733.18560862      0.154382475368E-37
   2739.46879393      0.111265664256E-37
   2745.75197924      0.658360935213E-38
   2752.03516454      0.981635732566E-38
   2758.31834985      0.766793434592E-38
   2764.60153516      0.512822203860E-38
   2770.88472047      0.191329827532E-38
   2777.16790577      0.221436834751E-38
   2783.45109108      0.668305908225E-39
   2789.73427639      0.330064051662E-40
   6.28318530718      0.399883769973E-37
   12.5663706144      0.911661120109E-02
   18.8495559215      0.232844792640E-04
   25.1327412287      0.104456902240E-05
   31.4159265359      0.805026510833E-07
   37.6991118431      0.142971696478E-07
   43.9822971503      0.242238276291E-08
   50.2654824574      0.727299289947E-09
   56.5486677646      0.191398478625E-09
   62.8318530718      0.669823502122E-10
   69.1150383790      0.227996385943E-10
   75.3982236862      0.991482998015E-11
   81.6814089933      0.547234365822E-11
   87.9645943005      0.381667045952E-11
   94.2477796077      0.314364460179E-11
   100.530964915      0.310164584425E-11
   106.814150222      0.313734763719E-11
   113.097335529      0.304291647683E-11
   119.380520836      0.308150653537E-11
   125.663706144      0.308278313700E-11
   131.946891451      0.295008746484E-11
   138.230076758      0.252164830032E-11
   144.513262065      0.253149357943E-11
   150.796447372      0.233161647098E-11
   157.079632679      0.193992408729E-11
   163.362817987      0.166187679746E-11
   169.646003294      0.146011560791E-11
   175.929188601      0.118949531263E-11
   182.212373908      0.840949739576E-12
   188.495559215      0.668339286201E-12
   194.778744523      0.468677658270E-12
   201.061929830      0.320420232468E-12
   207.345115137      0.185956729935E-12
   213.628300444      0.111717427147E-12
   219.911485751      0.554545760940E-13
   226.194671058      0.225042389670E-13
   232.477856366      0.678526507721E-14
   238.761041673      0.167569208900E-14
   245.044226980      0.574722222558E-15
   251.327412287      0.773297356076E-15
   257.610597594      0.815094341923E-15
   263.893782902      0.509630556872E-15
   270.176968209      0.182730367766E-15
   276.460153516      0.421433472213E-16
   282.743338823      0.353212855519E-16
   289.026524130      0.414422766932E-16
   295.309709437      0.202966974550E-16
   301.592894745      0.640964008204E-17
   307.876080052      0.431914457518E-17
   314.159265359      0.426929975612E-17
   320.442450666      0.164541909820E-17
   326.725635973      0.845783935894E-18
   333.008821281      0.709299375986E-18
   339.292006588      0.350625209591E-18
   345.575191895      0.182769833334E-18
   351.858377202      0.134380899896E-18
   358.141562509      0.654676063993E-19
   364.424747816      0.424677282908E-19
   370.707933124      0.267098988835E-19
   376.991118431      0.150952760655E-19
   383.274303738      0.103359853332E-19
   389.557489045      0.649501808569E-20
   395.840674352      0.468292968045E-20
   402.123859659      0.345812322640E-20
   408.407044967      0.253303155702E-20
   414.690230274      0.207851281222E-20
   420.973415581      0.160776915798E-20
   427.256600888      0.144598177968E-20
   433.539786195      0.124499550505E-20
   439.822971503      0.104248091256E-20
   446.106156810      0.830070703519E-21
   452.389342117      0.728453931360E-21
   458.672527424      0.604144981069E-21
   464.955712731      0.491098101956E-21
   471.238898038      0.372238085418E-21
   477.522083346      0.282745581182E-21
   483.805268653      0.211490774343E-21
   490.088453960      0.168075687025E-21
   496.371639267      0.122654472163E-21
   502.654824574      0.912510686517E-22
   508.938009882      0.572770887094E-22
   515.221195189      0.307881909529E-22
   521.504380496      0.205584229158E-22
   527.787565803      0.133517499820E-22
   534.070751110      0.469372672582E-23
   540.353936417      0.177882897172E-23
   546.637121725      0.189482974330E-23
   552.920307032      0.687501066506E-24
   559.203492339      0.395462751425E-24
   565.486677646      0.244157433627E-24
   571.769862953      0.861692314937E-25
   578.053048261      0.354046921114E-25
   584.336233568      0.671428623878E-26
   590.619418875      0.106609798351E-26
   596.902604182      0.333276602241E-27
   603.185789489      0.235146796172E-28
   609.468974796      0.438101284622E-30
   615.752160104      0.256065394265E-31
   622.035345411      0.584825723316E-34
   628.318530718      0.930917069689E-35
   634.601716025      0.103357563196E-34
   640.884901332      0.693707134220E-35
   647.168086639      0.607469021417E-35
   653.451271947      0.107397022595E-34
   659.734457254      0.800539541361E-35
   666.017642561      0.967831431791E-35
   672.300827868      0.559877613954E-35
   678.584013175      0.508799684999E-35
   684.867198483      0.781279760577E-35
   691.150383790      0.490626201477E-35
   697.433569097      0.574090559741E-35
   703.716754404      0.153846502618E-34
   709.999939711      0.289136699730E-34
   716.283125018      0.834568734042E-35
   722.566310326      0.686581725023E-35
   728.849495633      0.726032217711E-35
   735.132680940      0.684154241050E-35
   741.415866247      0.901313465184E-35
   747.699051554      0.506877914958E-35
   753.982236862      0.824803140495E-35
   760.265422169      0.167459899566E-34
   766.548607476      0.726172889533E-35
   772.831792783      0.549466107669E-35
   779.114978090      0.106215195111E-34
   785.398163397      0.103640568731E-34
   791.681348705      0.611837485505E-35
   797.964534012      0.624005359584E-35
   804.247719319      0.313199420509E-34
   810.530904626      0.257995082852E-34
   816.814089933      0.494021684092E-34
   823.097275241      0.904130264885E-35
   829.380460548      0.109161316249E-34
   835.663645855      0.942817694716E-35
   841.946831162      0.100186120340E-34
   848.230016469      0.768602924242E-35
   854.513201776      0.118021115148E-34
   860.796387084      0.124523975879E-34
   867.079572391      0.129115695353E-34
   873.362757698      0.837429881304E-35
   879.645943005      0.107399011905E-34
   885.929128312      0.101208993454E-34
   892.212313620      0.137083059419E-34
   898.495498927      0.787602687973E-35
   904.778684234      0.107297950546E-34
   911.061869541      0.242865940611E-34
   917.345054848      0.177141272241E-34
   923.628240155      0.732338209720E-35
   929.911425463      0.130813020452E-34
   936.194610770      0.117566315478E-34
   942.477796077      0.113919190773E-34
   948.760981384      0.833185394465E-35
   955.044166691      0.849494107562E-35
   961.327351998      0.148020472298E-34
   967.610537306      0.142347800845E-34
   973.893722613      0.953504540558E-35
   980.176907920      0.115796220640E-34
   986.460093227      0.127196549880E-34
   992.743278534      0.830046236721E-35
   999.026463842      0.714306957554E-35
   1005.30964915      0.408531074417E-34
   1011.59283446      0.394438373626E-34
   1017.87601976      0.179460234129E-34
   1024.15920507      0.872793389995E-35
   1030.44239038      0.112954686731E-34
   1036.72557568      0.179711242962E-34
   1043.00876099      0.909055847788E-35
   1049.29194630      0.104355903347E-34
   1055.57513161      0.125060445789E-34
   1061.85831691      0.201465656228E-34
   1068.14150222      0.116168657391E-34
   1074.42468753      0.856113921495E-35
   1080.70787283      0.782937126526E-35
   1086.99105814      0.806266504073E-35
   1093.27424345      0.778953416482E-35
   1099.55742876      0.811095005900E-35
   1105.84061406      0.728220645858E-35
   1112.12379937      0.114907965543E-34
   1118.40698468      0.890389980775E-35
   1124.69016999      0.758751558062E-35
   1130.97335529      0.697180740620E-35
   1137.25654060      0.730034323372E-35
   1143.53972591      0.697001350036E-35
   1149.82291121      0.681913936251E-35
   1156.10609652      0.721301845998E-35
   1162.38928183      0.719778166065E-35
   1168.67246714      0.725427677053E-35
   1174.95565244      0.657666684780E-35
   1181.23883775      0.710144009313E-35
   1187.52202306      0.732205877178E-35
   1193.80520836      0.657417869913E-35
   1200.08839367      0.676293810639E-35
   1206.37157898      0.118365351470E-34
   1212.65476429      0.151904949433E-34
   1218.93794959      0.107802295190E-34
   1225.22113490      0.631180327021E-35
   1231.50432021      0.667400603286E-35
   1237.78750551      0.772043088565E-35
   1244.07069082      0.616030364806E-35
   1250.35387613      0.634792932924E-35
   1256.63706144      0.666127744380E-35
   1262.92024674      0.890894233943E-35
   1269.20343205      0.697491752832E-35
   1275.48661736      0.619258280254E-35
   1281.76980266      0.612191300473E-35
   1288.05298797      0.635924035161E-35
   1294.33617328      0.630802767855E-35
   1300.61935859      0.730790700884E-35
   1306.90254389      0.563655154933E-35
   1313.18572920      0.130789138753E-34
   1319.46891451      0.694661988854E-35
   1325.75209981      0.560100194085E-35
   1332.03528512      0.591279845430E-35
   1338.31847043      0.739186857324E-35
   1344.60165574      0.557724035217E-35
   1350.88484104      0.557909812957E-35
   1357.16802635      0.667594852898E-35
   1363.45121166      0.748032511258E-35
   1369.73439697      0.612926188432E-35
   1376.01758227      0.585425862126E-35
   1382.30076758      0.565628725033E-35
   1388.58395289      0.712298351325E-35
   1394.86713819      0.583578625589E-35
   1401.15032350      0.600096559397E-35
   1407.43350881      0.788751613434E-35
   1413.71669412      0.153406237495E-34
   1419.99987942      0.107761011413E-34
   1426.28306473      0.541786075452E-35
   1432.56625004      0.526473859147E-35
   1438.84943534      0.642936004766E-35
   1445.13262065      0.546502870929E-35
   1451.41580596      0.512338773975E-35
   1457.69899127      0.508302426514E-35
   1463.98217657      0.838518843917E-35
   1470.26536188      0.562335265139E-35
   1476.54854719      0.541896656812E-35
   1482.83173249      0.481209384624E-35
   1489.11491780      0.711976904234E-35
   1495.39810311      0.470150817410E-35
   1501.68128842      0.639912091031E-35
   1507.96447372      0.472016607850E-35
   1514.24765903      0.110018761190E-34
   1520.53084434      0.565476979043E-35
   1526.81402964      0.497614021381E-35
   1533.09721495      0.598426012443E-35
   1539.38040026      0.869920494726E-35
   1545.66358557      0.529210888697E-35
   1551.94677087      0.490874754889E-35
   1558.22995618      0.526336391627E-35
   1564.51314149      0.592880032701E-35
   1570.79632679      0.558889411481E-35
   1577.07951210      0.462012122807E-35
   1583.36269741      0.543946208869E-35
   1589.64588272      0.545741719268E-35
   1595.92906802      0.536562086428E-35
   1602.21225333      0.498949233413E-35
   1608.49543864      0.137762346387E-34
   1614.77862395      0.614040655511E-35
   1621.06180925      0.525849518515E-35
   1627.34499456      0.481060590800E-35
   1633.62817987      0.451080086785E-35
   1639.91136517      0.453084032823E-35
   1646.19455048      0.456077948877E-35
   1652.47773579      0.434702876972E-35
   1658.76092110      0.427183017596E-35
   1665.04410640      0.426940259172E-35
   1671.32729171      0.408061831042E-35
   1677.61047702      0.396253200244E-35
   1683.89366232      0.393107940800E-35
   1690.17684763      0.400512300771E-35
   1696.46003294      0.380088295273E-35
   1702.74321825      0.385099588215E-35
   1709.02640355      0.372779601542E-35
   1715.30958886      0.386425580952E-35
   1721.59277417      0.372562611675E-35
   1727.87595947      0.345798050038E-35
   1734.15914478      0.382680049544E-35
   1740.44233009      0.354629881336E-35
   1746.72551540      0.347275655530E-35
   1753.00870070      0.334934242452E-35
   1759.29188601      0.347865322255E-35
   1765.57507132      0.348488971531E-35
   1771.85825662      0.338673519201E-35
   1778.14144193      0.327824783780E-35
   1784.42462724      0.348709732387E-35
   1790.70781255      0.334377468583E-35
   1796.99099785      0.327203446865E-35
   1803.27418316      0.295672799327E-35
   1809.55736847      0.319250624666E-35
   1815.84055377      0.298943056538E-35
   1822.12373908      0.302213074759E-35
   1828.40692439      0.291051133282E-35
   1834.69010970      0.275990081046E-35
   1840.97329500      0.295999951152E-35
   1847.25648031      0.284870082010E-35
   1853.53966562      0.276808441721E-35
   1859.82285093      0.277671030109E-35
   1866.10603623      0.295412778572E-35
   1872.38922154      0.270000174447E-35
   1878.67240685      0.256606571178E-35
   1884.95559215      0.265551778624E-35
   1891.23877746      0.263268612246E-35
   1897.52196277      0.272651163762E-35
   1903.80514808      0.272448447648E-35
   1910.08833338      0.250112000230E-35
   1916.37151869      0.263826286084E-35
   1922.65470400      0.256173186779E-35
   1928.93788930      0.239137024956E-35
   1935.22107461      0.242421969110E-35
   1941.50425992      0.238951725107E-35
   1947.78744523      0.248375526288E-35
   1954.07063053      0.232091203291E-35
   1960.35381584      0.234397043794E-35
   1966.63700115      0.227817959416E-35
   1972.92018645      0.222671504862E-35
   1979.20337176      0.221727978124E-35
   1985.48655707      0.227373366555E-35
   1991.76974238      0.234986370246E-35
   1998.05292768      0.215900982301E-35
   2004.33611299      0.232501818428E-35
   2010.61929830      0.208099140405E-35
   2016.90248360      0.204524408580E-35
   2023.18566891      0.208100170992E-35
   2029.46885422      0.192129904187E-35
   2035.75203953      0.198181314422E-35
   2042.03522483      0.197854979526E-35
   2048.31841014      0.178185001802E-35
   2054.60159545      0.184801202610E-35
   2060.88478075      0.182560240229E-35
   2067.16796606      0.181012913921E-35
   2073.45115137      0.189779472724E-35
   2079.73433668      0.190846551617E-35
   2086.01752198      0.183010925037E-35
   2092.30070729      0.174618576720E-35
   2098.58389260      0.173636279572E-35
   2104.86707791      0.170251011990E-35
   2111.15026321      0.158266611277E-35
   2117.43344852      0.167936230971E-35
   2123.71663383      0.151640861622E-35
   2129.99981913      0.161191526888E-35
   2136.28300444      0.137039994568E-35
   2142.56618975      0.153774085731E-35
   2148.84937506      0.131157038485E-35
   2155.13256036      0.140091827291E-35
   2161.41574567      0.136202039310E-35
   2167.69893098      0.131087916686E-35
   2173.98211628      0.134086605791E-35
   2180.26530159      0.132550043429E-35
   2186.54848690      0.126025047277E-35
   2192.83167221      0.137710326823E-35
   2199.11485751      0.117079268070E-35
   2205.39804282      0.139547645752E-35
   2211.68122813      0.111027190519E-35
   2217.96441343      0.119344515817E-35
   2224.24759874      0.965193664070E-36
   2230.53078405      0.998975367024E-36
   2236.81396936      0.118034496082E-35
   2243.09715466      0.939668641673E-36
   2249.38033997      0.112780893353E-35
   2255.66352528      0.890650828981E-36
   2261.94671058      0.105030326385E-35
   2268.22989589      0.941396419989E-36
   2274.51308120      0.764292415067E-36
   2280.79626651      0.701062600446E-36
   2287.07945181      0.640085414464E-36
   2293.36263712      0.614725676977E-36
   2299.64582243      0.597691364226E-36
   2305.92900773      0.564733357580E-36
   2312.21219304      0.541090348673E-36
   2318.49537835      0.524418535257E-36
   2324.77856366      0.513078759500E-36
   2331.06174896      0.486724761502E-36
   2337.34493427      0.479517884447E-36
   2343.62811958      0.454806375250E-36
   2349.91130489      0.447029430297E-36
   2356.19449019      0.422635054589E-36
   2362.47767550      0.417175422240E-36
   2368.76086081      0.396839322727E-36
   2375.04404611      0.397698631610E-36
   2381.32723142      0.376644469781E-36
   2387.61041673      0.364302252213E-36
   2393.89360204      0.350393057541E-36
   2400.17678734      0.344740641210E-36
   2406.45997265      0.327700442051E-36
   2412.74315796      0.315669402942E-36
   2419.02634326      0.304367823543E-36
   2425.30952857      0.295156786959E-36
   2431.59271388      0.275925486108E-36
   2437.87589919      0.267079324246E-36
   2444.15908449      0.259571631075E-36
   2450.44226980      0.254332051530E-36
   2456.72545511      0.240471816697E-36
   2463.00864041      0.234069304261E-36
   2469.29182572      0.223120365674E-36
   2475.57501103      0.216136044890E-36
   2481.85819634      0.214608137490E-36
   2488.14138164      0.201753858856E-36
   2494.42456695      0.194899088640E-36
   2500.70775226      0.180547993340E-36
   2506.99093756      0.173329286354E-36
   2513.27412287      0.172704436616E-36
   2519.55730818      0.163313420134E-36
   2525.84049349      0.155158519554E-36
   2532.12367879      0.148851629334E-36
   2538.40686410      0.141924140239E-36
   2544.69004941      0.134171246253E-36
   2550.97323471      0.128328559018E-36
   2557.25642002      0.123951252115E-36
   2563.53960533      0.118182237538E-36
   2569.82279064      0.113352043473E-36
   2576.10597594      0.101795140838E-36
   2582.38916125      0.101716197184E-36
   2588.67234656      0.964382461243E-37
   2594.95553187      0.909091661122E-37
   2601.23871717      0.814504294412E-37
   2607.52190248      0.755229580764E-37
   2613.80508779      0.744899423075E-37
   2620.08827309      0.700664189307E-37
   2626.37145840      0.685172920936E-37
   2632.65464371      0.624634070621E-37
   2638.93782902      0.551312848489E-37
   2645.22101432      0.571647646584E-37
   2651.50419963      0.509404911703E-37
   2657.78738494      0.485618443578E-37
   2664.07057024      0.414988291556E-37
   2670.35375555      0.395408064096E-37
   2676.63694086      0.366329429332E-37
   2682.92012617      0.351073691212E-37
   2689.20331147      0.314642811565E-37
   2695.48649678      0.244031479230E-37
   2701.76968209      0.281349155990E-37
   2708.05286739      0.253791527743E-37
   2714.33605270      0.190635927601E-37
   2720.61923801      0.142202451921E-37
   2726.90242332      0.191883145093E-37
   2733.18560862      0.145698042980E-37
   2739.46879393      0.126996448505E-37
   2745.75197924      0.627532343249E-38
   2752.03516454      0.968747824729E-38
   2758.31834985      0.711052552640E-38
   2764.60153516      0.447580946144E-38
   2770.88472047      0.192733387127E-38
   2777.16790577      0.228838103003E-38
   2783.45109108      0.669908141952E-39
   2789.73427639      0.363826281313E-41
   6.28318530718      0.565965805457E-37
   12.5663706144      0.909329942258E-02
   18.8495559215      0.277225759482E-04
   25.1327412287      0.122928253719E-05
   31.4159265359      0.898698036523E-07
   37.6991118431      0.159016570249E-07
   43.9822971503      0.257307902014E-08
   50.2654824574      0.766500353932E-09
   56.5486677646      0.199003168672E-09
   62.8318530718      0.691339679118E-10
   69.1150383790      0.233896643273E-10
   75.3982236862      0.100455571415E-10
   81.6814089933      0.549000664266E-11
   87.9645943005      0.379154009070E-11
   94.2477796077      0.310897177350E-11
   100.530964915      0.306908507773E-11
   106.814150222      0.310749342719E-11
   113.097335529      0.301828785626E-11
   119.380520836      0.306222721670E-11
   125.663706144      0.306991229156E-11
   131.946891451      0.294220479513E-11
   138.230076758      0.251773012451E-11
   144.513262065      0.253264347875E-11
   150.796447372      0.233627034667E-11
   157.079632679      0.194646613923E-11
   163.362817987      0.166950493980E-11
   169.646003294      0.146978832493E-11
   175.929188601      0.119915335598E-11
   182.212373908      0.849105181294E-12
   188.495559215      0.676060989843E-12
   194.778744523      0.475281565553E-12
   201.061929830      0.325683731219E-12
   207.345115137      0.189577969873E-12
   213.628300444      0.114347072819E-12
   219.911485751      0.570644125955E-13
   226.194671058      0.233354078852E-13
   232.477856366      0.711856228375E-14
   238.761041673      0.177768427515E-14
   245.044226980      0.575412635901E-15
   251.327412287      0.761734800115E-15
   257.610597594      0.816423929767E-15
   263.893782902      0.518413142862E-15
   270.176968209      0.189190117937E-15
   276.460153516      0.435150722772E-16
   282.743338823      0.348225350602E-16
   289.026524130      0.414885198256E-16
   295.309709437      0.207294777420E-16
   301.592894745      0.656733116912E-17
   307.876080052      0.428402371057E-17
   314.159265359      0.429212509417E-17
   320.442450666      0.167868374579E-17
   326.725635973      0.845159859459E-18
   333.008821281      0.710773322558E-18
   339.292006588      0.355653103790E-18
   345.575191895      0.182857113290E-18
   351.858377202      0.135049438752E-18
   358.141562509      0.659400741720E-19
   364.424747816      0.425202810920E-19
   370.707933124      0.268568864082E-19
   376.991118431      0.151383184187E-19
   383.274303738      0.103650808014E-19
   389.557489045      0.650891242168E-20
   395.840674352      0.469138284249E-20
   402.123859659      0.346235463303E-20
   408.407044967      0.253715491796E-20
   414.690230274      0.207944857453E-20
   420.973415581      0.160954206918E-20
   427.256600888      0.144661994537E-20
   433.539786195      0.124557121535E-20
   439.822971503      0.104271684686E-20
   446.106156810      0.830138013671E-21
   452.389342117      0.728823538648E-21
   458.672527424      0.604242551323E-21
   464.955712731      0.491147096198E-21
   471.238898038      0.372252937898E-21
   477.522083346      0.282763466932E-21
   483.805268653      0.211558434351E-21
   490.088453960      0.168089639940E-21
   496.371639267      0.122615200233E-21
   502.654824574      0.912602253236E-22
   508.938009882      0.572739227323E-22
   515.221195189      0.307706783314E-22
   521.504380496      0.205561045076E-22
   527.787565803      0.133486950071E-22
   534.070751110      0.468883722455E-23
   540.353936417      0.177629202913E-23
   546.637121725      0.189555656925E-23
   552.920307032      0.687540524204E-24
   559.203492339      0.394298751584E-24
   565.486677646      0.243825505627E-24
   571.769862953      0.862028638178E-25
   578.053048261      0.353027885698E-25
   584.336233568      0.667659254178E-26
   590.619418875      0.106293336620E-26
   596.902604182      0.332907486785E-27
   603.185789489      0.235146829560E-28
   609.468974796      0.438106544325E-30
   615.752160104      0.256193804795E-31
   622.035345411      0.604299132082E-34
   628.318530718      0.124303413750E-34
   634.601716025      0.175311743975E-34
   640.884901332      0.927244788292E-35
   647.168086639      0.830366223517E-35
   653.451271947      0.167425208595E-34
   659.734457254      0.136422994856E-34
   666.017642561      0.113104651535E-34
   672.300827868      0.622001465868E-35
   678.584013175      0.645827708675E-35
   684.867198483      0.140172777682E-34
   691.150383790      0.642338479516E-35
   697.433569097      0.593131398999E-35
   703.716754404      0.184451256157E-34
   709.999939711      0.375909057871E-34
   716.283125018      0.123813850983E-34
   722.566310326      0.747503105045E-35
   728.849495633      0.827877066127E-35
   735.132680940      0.862698358179E-35
   741.415866247      0.124807916860E-34
   747.699051554      0.658574621940E-35
   753.982236862      0.122559012029E-34
   760.265422169      0.122685903260E-34
   766.548607476      0.104503808175E-34
   772.831792783      0.678708770357E-35
   779.114978090      0.117668575854E-34
   785.398163397      0.105370990700E-34
   791.681348705      0.761356134067E-35
   797.964534012      0.881932228194E-35
   804.247719319      0.615175631100E-34
   810.530904626      0.228211868647E-34
   816.814089933      0.962236395061E-34
   823.097275241      0.112938116250E-34
   829.380460548      0.127782129616E-34
   835.663645855      0.120739012744E-34
   841.946831162      0.113146457959E-34
   848.230016469      0.102344323534E-34
   854.513201776      0.171884325701E-34
   860.796387084      0.167232322918E-34
   867.079572391      0.172085873161E-34
   873.362757698      0.899799197907E-35
   879.645943005      0.124533251220E-34
   885.929128312      0.112889894478E-34
   892.212313620      0.184171771171E-34
   898.495498927      0.100435634644E-34
   904.778684234      0.136170273740E-34
   911.061869541      0.312382531984E-34
   917.345054848      0.200879903277E-34
   923.628240155      0.969020022711E-35
   929.911425463      0.169429383036E-34
   936.194610770      0.144596427506E-34
   942.477796077      0.159441468326E-34
   948.760981384      0.117559580642E-34
   955.044166691      0.134006594479E-34
   961.327351998      0.194685919553E-34
   967.610537306      0.136150530341E-34
   973.893722613      0.972350237814E-35
   980.176907920      0.160334139631E-34
   986.460093227      0.127929885604E-34
   992.743278534      0.131786395894E-34
   999.026463842      0.981952458445E-35
   1005.30964915      0.694599402948E-34
   1011.59283446      0.355433457875E-34
   1017.87601976      0.268155246725E-34
   1024.15920507      0.102821227285E-34
   1030.44239038      0.131663310892E-34
   1036.72557568      0.213492642958E-34
   1043.00876099      0.114428912352E-34
   1049.29194630      0.118241387832E-34
   1055.57513161      0.189464454971E-34
   1061.85831691      0.134689437848E-34
   1068.14150222      0.156774596269E-34
   1074.42468753      0.107025731724E-34
   1080.70787283      0.976635178963E-35
   1086.99105814      0.104080061781E-34
   1093.27424345      0.904198949908E-35
   1099.55742876      0.103321155381E-34
   1105.84061406      0.833888342198E-35
   1112.12379937      0.132261211537E-34
   1118.40698468      0.867578826941E-35
   1124.69016999      0.901423813401E-35
   1130.97335529      0.819347069857E-35
   1137.25654060      0.842403662124E-35
   1143.53972591      0.814159227316E-35
   1149.82291121      0.822649908247E-35
   1156.10609652      0.932931783947E-35
   1162.38928183      0.970234026795E-35
   1168.67246714      0.814408177260E-35
   1174.95565244      0.783900838804E-35
   1181.23883775      0.771657744278E-35
   1187.52202306      0.786230308052E-35
   1193.80520836      0.765170071222E-35
   1200.08839367      0.754996993187E-35
   1206.37157898      0.139035115195E-34
   1212.65476429      0.184546957952E-34
   1218.93794959      0.148712840678E-34
   1225.22113490      0.774758399804E-35
   1231.50432021      0.775140244878E-35
   1237.78750551      0.847557847312E-35
   1244.07069082      0.717355447339E-35
   1250.35387613      0.725014518529E-35
   1256.63706144      0.755404512102E-35
   1262.92024674      0.794259007024E-35
   1269.20343205      0.698295445614E-35
   1275.48661736      0.634051496125E-35
   1281.76980266      0.699262008907E-35
   1288.05298797      0.724838713083E-35
   1294.33617328      0.753380944590E-35
   1300.61935859      0.713026197860E-35
   1306.90254389      0.659035094058E-35
   1313.18572920      0.112756769155E-34
   1319.46891451      0.758027072888E-35
   1325.75209981      0.710323848680E-35
   1332.03528512      0.703154070975E-35
   1338.31847043      0.681342900090E-35
   1344.60165574      0.660040602908E-35
   1350.88484104      0.622156438455E-35
   1357.16802635      0.644405024796E-35
   1363.45121166      0.717666543610E-35
   1369.73439697      0.658925101649E-35
   1376.01758227      0.594556519092E-35
   1382.30076758      0.630716602444E-35
   1388.58395289      0.593242329155E-35
   1394.86713819      0.617576947327E-35
   1401.15032350      0.590061308340E-35
   1407.43350881      0.736830814945E-35
   1413.71669412      0.177058998316E-34
   1419.99987942      0.946652156369E-35
   1426.28306473      0.628584195513E-35
   1432.56625004      0.586127136372E-35
   1438.84943534      0.760917726413E-35
   1445.13262065      0.547078592828E-35
   1451.41580596      0.529136970654E-35
   1457.69899127      0.618735263595E-35
   1463.98217657      0.910884690145E-35
   1470.26536188      0.598124731460E-35
   1476.54854719      0.560526790546E-35
   1482.83173249      0.505233780534E-35
   1489.11491780      0.602904928673E-35
   1495.39810311      0.490735915288E-35
   1501.68128842      0.556456534685E-35
   1507.96447372      0.522915008094E-35
   1514.24765903      0.890532885301E-35
   1520.53084434      0.529833126022E-35
   1526.81402964      0.501927475456E-35
   1533.09721495      0.506183387187E-35
   1539.38040026      0.595012801399E-35
   1545.66358557      0.492044299982E-35
   1551.94677087      0.478030953031E-35
   1558.22995618      0.529204270843E-35
   1564.51314149      0.585840106699E-35
   1570.79632679      0.568257942063E-35
   1577.07951210      0.490877828896E-35
   1583.36269741      0.553102425136E-35
   1589.64588272      0.592661127392E-35
   1595.92906802      0.579556249307E-35
   1602.21225333      0.498934056497E-35
   1608.49543864      0.184329404512E-34
   1614.77862395      0.639351334017E-35
   1621.06180925      0.530753514202E-35
   1627.34499456      0.489003614306E-35
   1633.62817987      0.443476524175E-35
   1639.91136517      0.446901131177E-35
   1646.19455048      0.457176008514E-35
   1652.47773579      0.426233491125E-35
   1658.76092110      0.418028763272E-35
   1665.04410640      0.418341047429E-35
   1671.32729171      0.421291233828E-35
   1677.61047702      0.393006624140E-35
   1683.89366232      0.389134570802E-35
   1690.17684763      0.420052470940E-35
   1696.46003294      0.392066067655E-35
   1702.74321825      0.392869998671E-35
   1709.02640355      0.388733462489E-35
   1715.30958886      0.389660369094E-35
   1721.59277417      0.368273647058E-35
   1727.87595947      0.358346764546E-35
   1734.15914478      0.367364078210E-35
   1740.44233009      0.361159325641E-35
   1746.72551540      0.350786067961E-35
   1753.00870070      0.325950633549E-35
   1759.29188601      0.357449277106E-35
   1765.57507132      0.344700173290E-35
   1771.85825662      0.351652966641E-35
   1778.14144193      0.328309274112E-35
   1784.42462724      0.335625508691E-35
   1790.70781255      0.311311435998E-35
   1796.99099785      0.320726399296E-35
   1803.27418316      0.299340145441E-35
   1809.55736847      0.296589677315E-35
   1815.84055377      0.288267998026E-35
   1822.12373908      0.303860090859E-35
   1828.40692439      0.284581963941E-35
   1834.69010970      0.300200802322E-35
   1840.97329500      0.289277824333E-35
   1847.25648031      0.274856338527E-35
   1853.53966562      0.280329199434E-35
   1859.82285093      0.282817925181E-35
   1866.10603623      0.271631312896E-35
   1872.38922154      0.270634978042E-35
   1878.67240685      0.269560726327E-35
   1884.95559215      0.262295845937E-35
   1891.23877746      0.258457043863E-35
   1897.52196277      0.268450721116E-35
   1903.80514808      0.258254604510E-35
   1910.08833338      0.240885827129E-35
   1916.37151869      0.260919638215E-35
   1922.65470400      0.244042702484E-35
   1928.93788930      0.234730054292E-35
   1935.22107461      0.245834632589E-35
   1941.50425992      0.230655998271E-35
   1947.78744523      0.238329654312E-35
   1954.07063053      0.232605951320E-35
   1960.35381584      0.228449860849E-35
   1966.63700115      0.235910587116E-35
   1972.92018645      0.222641004373E-35
   1979.20337176      0.231199571073E-35
   1985.48655707      0.216598226287E-35
   1991.76974238      0.229096520483E-35
   1998.05292768      0.208059590069E-35
   2004.33611299      0.225452423829E-35
   2010.61929830      0.201788232935E-35
   2016.90248360      0.192094689512E-35
   2023.18566891      0.220973539119E-35
   2029.46885422      0.198039207790E-35
   2035.75203953      0.193811903863E-35
   2042.03522483      0.197062132344E-35
   2048.31841014      0.179997269515E-35
   2054.60159545      0.193506320383E-35
   2060.88478075      0.186150555621E-35
   2067.16796606      0.188137671331E-35
   2073.45115137      0.183891560230E-35
   2079.73433668      0.183809435350E-35
   2086.01752198      0.185571947680E-35
   2092.30070729      0.166902218755E-35
   2098.58389260      0.171933263698E-35
   2104.86707791      0.171225465517E-35
   2111.15026321      0.159751794532E-35
   2117.43344852      0.165716890270E-35
   2123.71663383      0.152907693623E-35
   2129.99981913      0.169788476806E-35
   2136.28300444      0.143500137562E-35
   2142.56618975      0.157972577841E-35
   2148.84937506      0.145942822928E-35
   2155.13256036      0.144582532798E-35
   2161.41574567      0.128208521468E-35
   2167.69893098      0.141568354616E-35
   2173.98211628      0.131789590039E-35
   2180.26530159      0.139801515042E-35
   2186.54848690      0.123858272897E-35
   2192.83167221      0.132733038890E-35
   2199.11485751      0.107766520429E-35
   2205.39804282      0.126662939393E-35
   2211.68122813      0.113888615766E-35
   2217.96441343      0.112874728601E-35
   2224.24759874      0.105032843374E-35
   2230.53078405      0.101868961411E-35
   2236.81396936      0.113358852356E-35
   2243.09715466      0.965096691351E-36
   2249.38033997      0.107564648993E-35
   2255.66352528      0.916132303299E-36
   2261.94671058      0.900963701084E-36
   2268.22989589      0.892777486989E-36
   2274.51308120      0.761596673901E-36
   2280.79626651      0.684063328852E-36
   2287.07945181      0.651393711826E-36
   2293.36263712      0.609342077437E-36
   2299.64582243      0.598215176376E-36
   2305.92900773      0.579791381482E-36
   2312.21219304      0.549301407418E-36
   2318.49537835      0.537111857141E-36
   2324.77856366      0.523159191476E-36
   2331.06174896      0.498896958959E-36
   2337.34493427      0.473865121781E-36
   2343.62811958      0.457637438469E-36
   2349.91130489      0.454591530226E-36
   2356.19449019      0.431264686739E-36
   2362.47767550      0.420681342362E-36
   2368.76086081      0.401899178016E-36
   2375.04404611      0.390670371768E-36
   2381.32723142      0.372258320808E-36
   2387.61041673      0.359675125913E-36
   2393.89360204      0.349266692566E-36
   2400.17678734      0.345451329923E-36
   2406.45997265      0.325220240207E-36
   2412.74315796      0.317588069350E-36
   2419.02634326      0.303698075673E-36
   2425.30952857      0.305058271090E-36
   2431.59271388      0.283985366718E-36
   2437.87589919      0.273098794863E-36
   2444.15908449      0.263968470151E-36
   2450.44226980      0.256342576837E-36
   2456.72545511      0.244485911292E-36
   2463.00864041      0.236154476731E-36
   2469.29182572      0.226221369303E-36
   2475.57501103      0.215563991844E-36
   2481.85819634      0.210868314383E-36
   2488.14138164      0.203199034348E-36
   2494.42456695      0.199373497576E-36
   2500.70775226      0.185778278451E-36
   2506.99093756      0.172238113031E-36
   2513.27412287      0.172286360578E-36
   2519.55730818      0.166217618717E-36
   2525.84049349      0.151674200617E-36
   2532.12367879      0.148122161417E-36
   2538.40686410      0.141747688374E-36
   2544.69004941      0.135889570044E-36
   2550.97323471      0.129718859971E-36
   2557.25642002      0.124375571262E-36
   2563.53960533      0.120399360075E-36
   2569.82279064      0.113911115696E-36
   2576.10597594      0.101536801646E-36
   2582.38916125      0.100471603271E-36
   2588.67234656      0.959672185549E-37
   2594.95553187      0.954253261312E-37
   2601.23871717      0.847127825996E-37
   2607.52190248      0.788795920116E-37
   2613.80508779      0.774634148904E-37
   2620.08827309      0.718675860708E-37
   2626.37145840      0.695604521547E-37
   2632.65464371      0.657062879420E-37
   2638.93782902      0.574453229049E-37
   2645.22101432      0.550135013714E-37
   2651.50419963      0.513749153563E-37
   2657.78738494      0.505035757678E-37
   2664.07057024      0.416472885421E-37
   2670.35375555      0.385965840796E-37
   2676.63694086      0.376714473153E-37
   2682.92012617      0.357956526027E-37
   2689.20331147      0.318302754389E-37
   2695.48649678      0.242329061856E-37
   2701.76968209      0.306788750735E-37
   2708.05286739      0.262982995327E-37
   2714.33605270      0.220246755490E-37
   2720.61923801      0.152617327910E-37
   2726.90242332      0.195250554908E-37
   2733.18560862      0.155251499095E-37
   2739.46879393      0.131913152694E-37
   2745.75197924      0.647038759425E-38
   2752.03516454      0.104938501976E-37
   2758.31834985      0.804337195550E-38
   2764.60153516      0.526086816741E-38
   2770.88472047      0.166994907876E-38
   2777.16790577      0.236888257489E-38
   2783.45109108      0.843578346141E-39
   2789.73427639      0.529949574921E-40
   6.28318530718      0.212248636723E-37
   12.5663706144      0.906624901788E-02
   18.8495559215      0.333655817075E-04
   25.1327412287      0.150233040833E-05
   31.4159265359      0.103187763353E-06
   37.6991118431      0.180486978553E-07
   43.9822971503      0.277539527262E-08
   50.2654824574      0.817024585284E-09
   56.5486677646      0.208502168478E-09
   62.8318530718      0.717832248866E-10
   69.1150383790      0.241016816798E-10
   75.3982236862      0.102107979042E-10
   81.6814089933      0.551749038104E-11
   87.9645943005      0.376820985195E-11
   94.2477796077      0.307372325151E-11
   100.530964915      0.303526344830E-11
   106.814150222      0.307618940685E-11
   113.097335529      0.299233057350E-11
   119.380520836      0.304173581979E-11
   125.663706144      0.305607447284E-11
   131.946891451      0.293356359495E-11
   138.230076758      0.251326909846E-11
   144.513262065      0.253346881806E-11
   150.796447372      0.234078609476E-11
   157.079632679      0.195301510537E-11
   163.362817987      0.167723246655E-11
   169.646003294      0.147969797606E-11
   175.929188601      0.120909553878E-11
   182.212373908      0.857530366463E-12
   188.495559215      0.684064389070E-12
   194.778744523      0.482154075232E-12
   201.061929830      0.331175770234E-12
   207.345115137      0.193368185603E-12
   213.628300444      0.117110465109E-12
   219.911485751      0.587644308996E-13
   226.194671058      0.242188954748E-13
   232.477856366      0.747664069906E-14
   238.761041673      0.188987876034E-14
   245.044226980      0.577916290446E-15
   251.327412287      0.749507247390E-15
   257.610597594      0.817224475786E-15
   263.893782902      0.527268847650E-15
   270.176968209      0.195953911111E-15
   276.460153516      0.450368798661E-16
   282.743338823      0.343158266586E-16
   289.026524130      0.415050556463E-16
   295.309709437      0.211689043491E-16
   301.592894745      0.673680851321E-17
   307.876080052      0.424838924755E-17
   314.159265359      0.431275861826E-17
   320.442450666      0.171292151191E-17
   326.725635973      0.844825643790E-18
   333.008821281      0.711924608717E-18
   339.292006588      0.360756671860E-18
   345.575191895      0.182967555617E-18
   351.858377202      0.135680644524E-18
   358.141562509      0.664195649445E-19
   364.424747816      0.425680115990E-19
   370.707933124      0.270007152984E-19
   376.991118431      0.151810872659E-19
   383.274303738      0.103930899236E-19
   389.557489045      0.652261177511E-20
   395.840674352      0.469955938171E-20
   402.123859659      0.346654377196E-20
   408.407044967      0.254122986653E-20
   414.690230274      0.208039190446E-20
   420.973415581      0.161131366034E-20
   427.256600888      0.144726692366E-20
   433.539786195      0.124614838750E-20
   439.822971503      0.104296389647E-20
   446.106156810      0.830204379440E-21
   452.389342117      0.729207564671E-21
   458.672527424      0.604333980878E-21
   464.955712731      0.491201728465E-21
   471.238898038      0.372270532702E-21
   477.522083346      0.282779154569E-21
   483.805268653      0.211625782028E-21
   490.088453960      0.168104301454E-21
   496.371639267      0.122575628119E-21
   502.654824574      0.912703531331E-22
   508.938009882      0.572717485585E-22
   515.221195189      0.307538601021E-22
   521.504380496      0.205540924863E-22
   527.787565803      0.133461070246E-22
   534.070751110      0.468415932100E-23
   540.353936417      0.177387448978E-23
   546.637121725      0.189626581579E-23
   552.920307032      0.687589094783E-24
   559.203492339      0.393194692912E-24
   565.486677646      0.243508226197E-24
   571.769862953      0.862500709874E-25
   578.053048261      0.352063640756E-25
   584.336233568      0.664119687700E-26
   590.619418875      0.106023299117E-26
   596.902604182      0.332560242888E-27
   603.185789489      0.235146865947E-28
   609.468974796      0.438105932037E-30
   615.752160104      0.256328236353E-31
   622.035345411      0.617585479650E-34
   628.318530718      0.176658702837E-34
   634.601716025      0.186174116594E-34
   640.884901332      0.108332117923E-34
   647.168086639      0.104201009756E-34
   653.451271947      0.176943465292E-34
   659.734457254      0.151249668814E-34
   666.017642561      0.138578268976E-34
   672.300827868      0.801820205941E-35
   678.584013175      0.798196548911E-35
   684.867198483      0.207272257372E-34
   691.150383790      0.731577916247E-35
   697.433569097      0.842077015306E-35
   703.716754404      0.287859322798E-34
   709.999939711      0.371706312183E-34
   716.283125018      0.149309478861E-34
   722.566310326      0.874046667534E-35
   728.849495633      0.107628739123E-34
   735.132680940      0.109324136057E-34
   741.415866247      0.121748486716E-34
   747.699051554      0.837816775854E-35
   753.982236862      0.138045050970E-34
   760.265422169      0.172628600272E-34
   766.548607476      0.121846974366E-34
   772.831792783      0.937526806242E-35
   779.114978090      0.152361209689E-34
   785.398163397      0.134883604745E-34
   791.681348705      0.923050555316E-35
   797.964534012      0.999255762755E-35
   804.247719319      0.790875190499E-34
   810.530904626      0.177472751209E-34
   816.814089933      0.139305514364E-33
   823.097275241      0.139438527316E-34
   829.380460548      0.174479402825E-34
   835.663645855      0.140109438096E-34
   841.946831162      0.132009444614E-34
   848.230016469      0.119075272423E-34
   854.513201776      0.225292756453E-34
   860.796387084      0.151580973539E-34
   867.079572391      0.226307681660E-34
   873.362757698      0.131360754327E-34
   879.645943005      0.161722202361E-34
   885.929128312      0.145210168413E-34
   892.212313620      0.263084538130E-34
   898.495498927      0.115848442209E-34
   904.778684234      0.205325144667E-34
   911.061869541      0.361751131227E-34
   917.345054848      0.259499300704E-34
   923.628240155      0.105352678421E-34
   929.911425463      0.210818451690E-34
   936.194610770      0.178024244691E-34
   942.477796077      0.207595535275E-34
   948.760981384      0.139793490727E-34
   955.044166691      0.160884048867E-34
   961.327351998      0.235026305922E-34
   967.610537306      0.169629769915E-34
   973.893722613      0.125623268361E-34
   980.176907920      0.159268680052E-34
   986.460093227      0.200997302475E-34
   992.743278534      0.159203002550E-34
   999.026463842      0.105119126325E-34
   1005.30964915      0.664391327220E-34
   1011.59283446      0.463844179410E-34
   1017.87601976      0.333450008027E-34
   1024.15920507      0.126546790792E-34
   1030.44239038      0.153123664030E-34
   1036.72557568      0.247933096370E-34
   1043.00876099      0.138610781017E-34
   1049.29194630      0.132706546682E-34
   1055.57513161      0.266482996194E-34
   1061.85831691      0.191517378043E-34
   1068.14150222      0.212731076391E-34
   1074.42468753      0.135428620973E-34
   1080.70787283      0.107599047889E-34
   1086.99105814      0.119279602997E-34
   1093.27424345      0.105318327803E-34
   1099.55742876      0.131526057021E-34
   1105.84061406      0.974430766441E-35
   1112.12379937      0.150231440524E-34
   1118.40698468      0.103894788961E-34
   1124.69016999      0.100564716613E-34
   1130.97335529      0.940850560637E-35
   1137.25654060      0.102174732181E-34
   1143.53972591      0.100523633322E-34
   1149.82291121      0.950028756474E-35
   1156.10609652      0.920323321225E-35
   1162.38928183      0.133263485440E-34
   1168.67246714      0.874641323365E-35
   1174.95565244      0.914059094880E-35
   1181.23883775      0.910778615506E-35
   1187.52202306      0.975217633068E-35
   1193.80520836      0.984997599715E-35
   1200.08839367      0.917526397064E-35
   1206.37157898      0.136921823050E-34
   1212.65476429      0.233912616464E-34
   1218.93794959      0.139265397151E-34
   1225.22113490      0.893529922856E-35
   1231.50432021      0.100181714738E-34
   1237.78750551      0.903926431628E-35
   1244.07069082      0.863970127371E-35
   1250.35387613      0.845105358126E-35
   1256.63706144      0.873236923768E-35
   1262.92024674      0.114910926902E-34
   1269.20343205      0.879012616399E-35
   1275.48661736      0.751993453650E-35
   1281.76980266      0.774767771014E-35
   1288.05298797      0.806813519696E-35
   1294.33617328      0.815164045578E-35
   1300.61935859      0.866285634299E-35
   1306.90254389      0.728570574061E-35
   1313.18572920      0.965460433087E-35
   1319.46891451      0.809915016137E-35
   1325.75209981      0.733636732703E-35
   1332.03528512      0.754041035755E-35
   1338.31847043      0.830993636122E-35
   1344.60165574      0.688858707965E-35
   1350.88484104      0.740013333215E-35
   1357.16802635      0.771425164154E-35
   1363.45121166      0.851711311577E-35
   1369.73439697      0.794702373593E-35
   1376.01758227      0.657559113087E-35
   1382.30076758      0.667843420979E-35
   1388.58395289      0.763303160987E-35
   1394.86713819      0.657123176386E-35
   1401.15032350      0.693838446641E-35
   1407.43350881      0.812392669604E-35
   1413.71669412      0.118431536154E-34
   1419.99987942      0.994239821874E-35
   1426.28306473      0.650818767355E-35
   1432.56625004      0.653873905373E-35
   1438.84943534      0.833610979710E-35
   1445.13262065      0.635506630397E-35
   1451.41580596      0.585363924258E-35
   1457.69899127      0.594586632940E-35
   1463.98217657      0.719617511853E-35
   1470.26536188      0.624784976925E-35
   1476.54854719      0.621514882059E-35
   1482.83173249      0.585982644249E-35
   1489.11491780      0.799043716025E-35
   1495.39810311      0.603124958595E-35
   1501.68128842      0.675852922482E-35
   1507.96447372      0.566660446336E-35
   1514.24765903      0.815953169226E-35
   1520.53084434      0.543409951530E-35
   1526.81402964      0.493756325542E-35
   1533.09721495      0.535531817822E-35
   1539.38040026      0.521482543949E-35
   1545.66358557      0.540386714268E-35
   1551.94677087      0.555805599615E-35
   1558.22995618      0.582521772225E-35
   1564.51314149      0.626896467835E-35
   1570.79632679      0.605604795484E-35
   1577.07951210      0.505571762915E-35
   1583.36269741      0.586702400687E-35
   1589.64588272      0.515062105310E-35
   1595.92906802      0.583681090217E-35
   1602.21225333      0.484940583431E-35
   1608.49543864      0.190956565961E-34
   1614.77862395      0.640239827966E-35
   1621.06180925      0.540818591431E-35
   1627.34499456      0.513646897732E-35
   1633.62817987      0.469999721253E-35
   1639.91136517      0.468719939282E-35
   1646.19455048      0.448180711615E-35
   1652.47773579      0.448771225249E-35
   1658.76092110      0.440623712813E-35
   1665.04410640      0.440758314117E-35
   1671.32729171      0.423023072186E-35
   1677.61047702      0.403369197049E-35
   1683.89366232      0.403545779885E-35
   1690.17684763      0.420607210678E-35
   1696.46003294      0.380416124243E-35
   1702.74321825      0.383797338025E-35
   1709.02640355      0.384533056869E-35
   1715.30958886      0.388566916547E-35
   1721.59277417      0.386209309548E-35
   1727.87595947      0.352872141310E-35
   1734.15914478      0.369165645167E-35
   1740.44233009      0.366646211240E-35
   1746.72551540      0.350066854226E-35
   1753.00870070      0.339903106547E-35
   1759.29188601      0.353122968793E-35
   1765.57507132      0.356072638348E-35
   1771.85825662      0.343271098014E-35
   1778.14144193      0.325119433996E-35
   1784.42462724      0.340609788772E-35
   1790.70781255      0.330578460364E-35
   1796.99099785      0.331363009087E-35
   1803.27418316      0.297709794888E-35
   1809.55736847      0.298008276505E-35
   1815.84055377      0.309080975877E-35
   1822.12373908      0.303830940923E-35
   1828.40692439      0.280410368130E-35
   1834.69010970      0.290862543323E-35
   1840.97329500      0.295156245924E-35
   1847.25648031      0.276465364341E-35
   1853.53966562      0.293424341711E-35
   1859.82285093      0.289495677667E-35
   1866.10603623      0.268814124368E-35
   1872.38922154      0.272935578797E-35
   1878.67240685      0.272723906522E-35
   1884.95559215      0.258326188427E-35
   1891.23877746      0.267342241454E-35
   1897.52196277      0.260435122137E-35
   1903.80514808      0.266537286913E-35
   1910.08833338      0.242001640167E-35
   1916.37151869      0.263640852295E-35
   1922.65470400      0.244736916811E-35
   1928.93788930      0.238310787516E-35
   1935.22107461      0.257724168105E-35
   1941.50425992      0.248089518994E-35
   1947.78744523      0.245904413595E-35
   1954.07063053      0.227765642540E-35
   1960.35381584      0.230042031937E-35
   1966.63700115      0.235269668620E-35
   1972.92018645      0.236253477910E-35
   1979.20337176      0.222610138623E-35
   1985.48655707      0.226963416474E-35
   1991.76974238      0.219548771762E-35
   1998.05292768      0.221432160864E-35
   2004.33611299      0.217699140952E-35
   2010.61929830      0.211083897112E-35
   2016.90248360      0.205723142205E-35
   2023.18566891      0.207417522053E-35
   2029.46885422      0.192187277179E-35
   2035.75203953      0.195479060442E-35
   2042.03522483      0.206337506184E-35
   2048.31841014      0.188272160157E-35
   2054.60159545      0.188246306970E-35
   2060.88478075      0.185980742853E-35
   2067.16796606      0.183683913884E-35
   2073.45115137      0.181271071800E-35
   2079.73433668      0.170180890776E-35
   2086.01752198      0.171024437805E-35
   2092.30070729      0.168817450903E-35
   2098.58389260      0.172095405689E-35
   2104.86707791      0.175871446816E-35
   2111.15026321      0.158574409311E-35
   2117.43344852      0.172121163853E-35
   2123.71663383      0.148971896143E-35
   2129.99981913      0.156909150299E-35
   2136.28300444      0.152414963510E-35
   2142.56618975      0.155885752432E-35
   2148.84937506      0.143549718711E-35
   2155.13256036      0.154975907012E-35
   2161.41574567      0.130258933111E-35
   2167.69893098      0.138529006181E-35
   2173.98211628      0.136302672582E-35
   2180.26530159      0.127244888808E-35
   2186.54848690      0.116963827537E-35
   2192.83167221      0.135405440598E-35
   2199.11485751      0.116045548095E-35
   2205.39804282      0.130026410458E-35
   2211.68122813      0.111103397514E-35
   2217.96441343      0.120533807151E-35
   2224.24759874      0.101940652426E-35
   2230.53078405      0.100808122585E-35
   2236.81396936      0.104815872555E-35
   2243.09715466      0.928428283760E-36
   2249.38033997      0.109366370925E-35
   2255.66352528      0.912970296963E-36
   2261.94671058      0.114107403858E-35
   2268.22989589      0.847236369178E-36
   2274.51308120      0.731403538671E-36
   2280.79626651      0.722746478206E-36
   2287.07945181      0.650377332113E-36
   2293.36263712      0.603606061195E-36
   2299.64582243      0.597922360347E-36
   2305.92900773      0.565819209497E-36
   2312.21219304      0.546350126737E-36
   2318.49537835      0.538999003396E-36
   2324.77856366      0.517678167854E-36
   2331.06174896      0.489705166734E-36
   2337.34493427      0.483622264698E-36
   2343.62811958      0.457763515981E-36
   2349.91130489      0.454308371329E-36
   2356.19449019      0.425867021967E-36
   2362.47767550      0.417208025281E-36
   2368.76086081      0.398924482102E-36
   2375.04404611      0.394322169876E-36
   2381.32723142      0.374641001778E-36
   2387.61041673      0.361838263702E-36
   2393.89360204      0.349162931913E-36
   2400.17678734      0.346306370808E-36
   2406.45997265      0.324524992147E-36
   2412.74315796      0.311808952979E-36
   2419.02634326      0.302916774975E-36
   2425.30952857      0.295206914626E-36
   2431.59271388      0.284172762325E-36
   2437.87589919      0.272383666419E-36
   2444.15908449      0.260929668048E-36
   2450.44226980      0.253558006722E-36
   2456.72545511      0.240458345553E-36
   2463.00864041      0.238551125390E-36
   2469.29182572      0.226437113945E-36
   2475.57501103      0.219523578914E-36
   2481.85819634      0.214665205657E-36
   2488.14138164      0.201112459371E-36
   2494.42456695      0.194634608072E-36
   2500.70775226      0.182591345505E-36
   2506.99093756      0.171348510952E-36
   2513.27412287      0.174220455144E-36
   2519.55730818      0.166343268972E-36
   2525.84049349      0.155770749849E-36
   2532.12367879      0.151656946919E-36
   2538.40686410      0.141176339093E-36
   2544.69004941      0.136316204241E-36
   2550.97323471      0.130751597419E-36
   2557.25642002      0.125858191433E-36
   2563.53960533      0.116512744752E-36
   2569.82279064      0.108757778063E-36
   2576.10597594      0.101749530214E-36
   2582.38916125      0.103754673733E-36
   2588.67234656      0.974784987582E-37
   2594.95553187      0.914108852086E-37
   2601.23871717      0.839771685516E-37
   2607.52190248      0.768557499454E-37
   2613.80508779      0.762484441371E-37
   2620.08827309      0.713229064774E-37
   2626.37145840      0.680384488638E-37
   2632.65464371      0.655624263918E-37
   2638.93782902      0.578996321178E-37
   2645.22101432      0.576256432047E-37
   2651.50419963      0.495870710933E-37
   2657.78738494      0.512894361047E-37
   2664.07057024      0.428199236034E-37
   2670.35375555      0.395077472512E-37
   2676.63694086      0.381025474578E-37
   2682.92012617      0.362873699676E-37
   2689.20331147      0.312548523770E-37
   2695.48649678      0.243257492857E-37
   2701.76968209      0.302579752135E-37
   2708.05286739      0.262696580960E-37
   2714.33605270      0.193896525845E-37
   2720.61923801      0.147776464181E-37
   2726.90242332      0.173850049777E-37
   2733.18560862      0.159919603795E-37
   2739.46879393      0.130200821331E-37
   2745.75197924      0.672072832187E-38
   2752.03516454      0.122632199154E-37
   2758.31834985      0.768772582400E-38
   2764.60153516      0.600857124677E-38
   2770.88472047      0.185769270381E-38
   2777.16790577      0.219397120734E-38
   2783.45109108      0.888538471704E-39
   2789.73427639      0.100908585143E-40
   6.28318530718      0.366976654889E-37
   12.5663706144      0.903539752979E-02
   18.8495559215      0.403310048367E-04
   25.1327412287      0.190191094490E-05
   31.4159265359      0.122240993722E-06
   37.6991118431      0.209274175823E-07
   43.9822971503      0.305125709099E-08
   50.2654824574      0.882544793291E-09
   56.5486677646      0.220378545419E-09
   62.8318530718      0.750442349672E-10
   69.1150383790      0.249584961585E-10
   75.3982236862      0.104172225228E-10
   81.6814089933      0.555665446713E-11
   87.9645943005      0.374729735932E-11
   94.2477796077      0.303814053375E-11
   100.530964915      0.300028519550E-11
   106.814150222      0.304348709464E-11
   113.097335529      0.296507040338E-11
   119.380520836      0.302003666010E-11
   125.663706144      0.304126232266E-11
   131.946891451      0.292414819659E-11
   138.230076758      0.250824632623E-11
   144.513262065      0.253394537705E-11
   150.796447372      0.234513850369E-11
   157.079632679      0.195954814328E-11
   163.362817987      0.168503846710E-11
   169.646003294      0.148982625421E-11
   175.929188601      0.121930719025E-11
   182.212373908      0.866215266081E-12
   188.495559215      0.692342177220E-12
   194.778744523      0.489291637539E-12
   201.061929830      0.336894925562E-12
   207.345115137      0.197327616044E-12
   213.628300444      0.120009040617E-12
   219.911485751      0.605565285197E-13
   226.194671058      0.251564351745E-13
   232.477856366      0.786073259038E-14
   238.761041673      0.201306900616E-14
   245.044226980      0.582548784504E-15
   251.327412287      0.736648458628E-15
   257.610597594      0.817430505951E-15
   263.893782902      0.536142245441E-15
   270.176968209      0.203009445375E-15
   276.460153516      0.467168502092E-16
   282.743338823      0.338054485925E-16
   289.026524130      0.414891762421E-16
   295.309709437      0.216125387379E-16
   301.592894745      0.691808432880E-17
   307.876080052      0.421256937455E-17
   314.159265359      0.433091683602E-17
   320.442450666      0.174797499465E-17
   326.725635973      0.844818209064E-18
   333.008821281      0.712733238457E-18
   339.292006588      0.365908017548E-18
   345.575191895      0.183103552159E-18
   351.858377202      0.136270121093E-18
   358.141562509      0.669034412428E-19
   364.424747816      0.426107654772E-19
   370.707933124      0.271405641132E-19
   376.991118431      0.152233599605E-19
   383.274303738      0.104198918289E-19
   389.557489045      0.653605172132E-20
   395.840674352      0.470742951545E-20
   402.123859659      0.347068241473E-20
   408.407044967      0.254524572045E-20
   414.690230274      0.208134251157E-20
   420.973415581      0.161308105417E-20
   427.256600888      0.144792295353E-20
   433.539786195      0.124672661073E-20
   439.822971503      0.104322226051E-20
   446.106156810      0.830269823369E-21
   452.389342117      0.729605954274E-21
   458.672527424      0.604418974631E-21
   464.955712731      0.491262015045E-21
   471.238898038      0.372290702519E-21
   477.522083346      0.282792878401E-21
   483.805268653      0.211692805988E-21
   490.088453960      0.168119494440E-21
   496.371639267      0.122535820169E-21
   502.654824574      0.912814719190E-22
   508.938009882      0.572705744496E-22
   515.221195189      0.307377445014E-22
   521.504380496      0.205523980760E-22
   527.787565803      0.133439871837E-22
   534.070751110      0.467971261733E-23
   540.353936417      0.177156078986E-23
   546.637121725      0.189694306801E-23
   552.920307032      0.687654210985E-24
   559.203492339      0.392140088745E-24
   565.486677646      0.243203685360E-24
   571.769862953      0.863106823951E-25
   578.053048261      0.351160278999E-25
   584.336233568      0.660734043922E-26
   590.619418875      0.105785188216E-26
   596.902604182      0.332368004408E-27
   603.185789489      0.235146909019E-28
   609.468974796      0.438117384680E-30
   615.752160104      0.256538311204E-31
   622.035345411      0.620225601569E-34
   628.318530718      0.225870444393E-34
   634.601716025      0.165521749923E-34
   640.884901332      0.136676751649E-34
   647.168086639      0.131579160236E-34
   653.451271947      0.275287021329E-34
   659.734457254      0.136008720261E-34
   666.017642561      0.187428456762E-34
   672.300827868      0.963991152552E-35
   678.584013175      0.106360278925E-34
   684.867198483      0.274178818398E-34
   691.150383790      0.883227532865E-35
   697.433569097      0.836920153888E-35
   703.716754404      0.523934242375E-34
   709.999939711      0.551971167286E-34
   716.283125018      0.275408818489E-34
   722.566310326      0.982863512074E-35
   728.849495633      0.125914640824E-34
   735.132680940      0.135902784679E-34
   741.415866247      0.135740511543E-34
   747.699051554      0.907209973723E-35
   753.982236862      0.151392078217E-34
   760.265422169      0.207400802199E-34
   766.548607476      0.141247530856E-34
   772.831792783      0.989428833019E-35
   779.114978090      0.176750848735E-34
   785.398163397      0.132707791367E-34
   791.681348705      0.998554804001E-35
   797.964534012      0.108412789009E-34
   804.247719319      0.876991581506E-34
   810.530904626      0.355475688065E-34
   816.814089933      0.166746190860E-33
   823.097275241      0.161976984442E-34
   829.380460548      0.199502756488E-34
   835.663645855      0.186979812853E-34
   841.946831162      0.169243878880E-34
   848.230016469      0.151164350551E-34
   854.513201776      0.268196210589E-34
   860.796387084      0.249522412906E-34
   867.079572391      0.260430670123E-34
   873.362757698      0.148142899605E-34
   879.645943005      0.182269218457E-34
   885.929128312      0.156682835017E-34
   892.212313620      0.306286737732E-34
   898.495498927      0.150164921672E-34
   904.778684234      0.233104597791E-34
   911.061869541      0.499902040106E-34
   917.345054848      0.291592223846E-34
   923.628240155      0.146756825101E-34
   929.911425463      0.294292308395E-34
   936.194610770      0.239310713341E-34
   942.477796077      0.262589441346E-34
   948.760981384      0.153599300768E-34
   955.044166691      0.206971212662E-34
   961.327351998      0.206593613514E-34
   967.610537306      0.186096461848E-34
   973.893722613      0.138061341832E-34
   980.176907920      0.180500566107E-34
   986.460093227      0.266232217151E-34
   992.743278534      0.190749357210E-34
   999.026463842      0.139958928723E-34
   1005.30964915      0.950408504880E-34
   1011.59283446      0.527249540626E-34
   1017.87601976      0.447668885908E-34
   1024.15920507      0.152412289249E-34
   1030.44239038      0.175473198891E-34
   1036.72557568      0.306770707914E-34
   1043.00876099      0.151899187389E-34
   1049.29194630      0.166759663449E-34
   1055.57513161      0.260306426118E-34
   1061.85831691      0.174865590718E-34
   1068.14150222      0.244572646164E-34
   1074.42468753      0.151271362328E-34
   1080.70787283      0.124560955010E-34
   1086.99105814      0.138563557970E-34
   1093.27424345      0.122851561212E-34
   1099.55742876      0.135264075427E-34
   1105.84061406      0.114901244656E-34
   1112.12379937      0.186877453850E-34
   1118.40698468      0.124244018694E-34
   1124.69016999      0.125561226368E-34
   1130.97335529      0.108400441161E-34
   1137.25654060      0.125358516900E-34
   1143.53972591      0.113748788267E-34
   1149.82291121      0.112981401190E-34
   1156.10609652      0.119418041409E-34
   1162.38928183      0.109073044413E-34
   1168.67246714      0.103705997292E-34
   1174.95565244      0.108337537101E-34
   1181.23883775      0.105956312586E-34
   1187.52202306      0.103962993946E-34
   1193.80520836      0.103586476699E-34
   1200.08839367      0.967784210525E-35
   1206.37157898      0.130562359237E-34
   1212.65476429      0.177708969889E-34
   1218.93794959      0.150897504321E-34
   1225.22113490      0.998914356001E-35
   1231.50432021      0.101832510256E-34
   1237.78750551      0.107224212226E-34
   1244.07069082      0.927094432443E-35
   1250.35387613      0.915289038010E-35
   1256.63706144      0.925319402374E-35
   1262.92024674      0.990427493755E-35
   1269.20343205      0.955952447063E-35
   1275.48661736      0.819198227859E-35
   1281.76980266      0.932788745355E-35
   1288.05298797      0.988095704306E-35
   1294.33617328      0.839324820779E-35
   1300.61935859      0.888641372414E-35
   1306.90254389      0.835156414118E-35
   1313.18572920      0.110852972588E-34
   1319.46891451      0.874648686051E-35
   1325.75209981      0.795405080289E-35
   1332.03528512      0.822111530792E-35
   1338.31847043      0.938226773886E-35
   1344.60165574      0.802099015499E-35
   1350.88484104      0.763227063061E-35
   1357.16802635      0.815864970818E-35
   1363.45121166      0.936661131796E-35
   1369.73439697      0.788742699123E-35
   1376.01758227      0.686246132348E-35
   1382.30076758      0.712752330631E-35
   1388.58395289      0.766840604935E-35
   1394.86713819      0.677229711877E-35
   1401.15032350      0.753098575063E-35
   1407.43350881      0.843767085341E-35
   1413.71669412      0.131729034706E-34
   1419.99987942      0.811925071293E-35
   1426.28306473      0.679282699165E-35
   1432.56625004      0.681139389771E-35
   1438.84943534      0.822878491834E-35
   1445.13262065      0.650157744879E-35
   1451.41580596      0.629856938767E-35
   1457.69899127      0.674872545887E-35
   1463.98217657      0.798244625517E-35
   1470.26536188      0.640122187380E-35
   1476.54854719      0.650256568657E-35
   1482.83173249      0.589104406666E-35
   1489.11491780      0.604180018946E-35
   1495.39810311      0.534948268075E-35
   1501.68128842      0.691020011234E-35
   1507.96447372      0.542338266512E-35
   1514.24765903      0.786522149780E-35
   1520.53084434      0.743696032569E-35
   1526.81402964      0.537743527474E-35
   1533.09721495      0.589063512789E-35
   1539.38040026      0.609926814137E-35
   1545.66358557      0.564523193969E-35
   1551.94677087      0.526334500025E-35
   1558.22995618      0.571996456626E-35
   1564.51314149      0.636168108670E-35
   1570.79632679      0.604376716526E-35
   1577.07951210      0.541566496181E-35
   1583.36269741      0.615984369295E-35
   1589.64588272      0.631297246875E-35
   1595.92906802      0.635880824787E-35
   1602.21225333      0.515076427981E-35
   1608.49543864      0.180116464284E-34
   1614.77862395      0.603867154456E-35
   1621.06180925      0.537380048528E-35
   1627.34499456      0.489574304764E-35
   1633.62817987      0.468064371373E-35
   1639.91136517      0.475469332381E-35
   1646.19455048      0.459055956279E-35
   1652.47773579      0.450130067066E-35
   1658.76092110      0.434683865917E-35
   1665.04410640      0.426358708067E-35
   1671.32729171      0.415243636219E-35
   1677.61047702      0.398687339627E-35
   1683.89366232      0.409392348110E-35
   1690.17684763      0.426702766903E-35
   1696.46003294      0.401720163377E-35
   1702.74321825      0.386763738435E-35
   1709.02640355      0.395659026410E-35
   1715.30958886      0.383799652508E-35
   1721.59277417      0.364114417459E-35
   1727.87595947      0.351031723785E-35
   1734.15914478      0.376372355796E-35
   1740.44233009      0.373762767620E-35
   1746.72551540      0.361402646982E-35
   1753.00870070      0.340364054508E-35
   1759.29188601      0.335839587575E-35
   1765.57507132      0.352602587377E-35
   1771.85825662      0.326987906950E-35
   1778.14144193      0.322601250176E-35
   1784.42462724      0.350183412364E-35
   1790.70781255      0.337442126188E-35
   1796.99099785      0.319853548065E-35
   1803.27418316      0.295007613099E-35
   1809.55736847      0.309306235878E-35
   1815.84055377      0.296621597536E-35
   1822.12373908      0.305817422389E-35
   1828.40692439      0.283015875310E-35
   1834.69010970      0.279806506070E-35
   1840.97329500      0.298672087773E-35
   1847.25648031      0.288693843848E-35
   1853.53966562      0.277434284388E-35
   1859.82285093      0.285110305253E-35
   1866.10603623      0.269567618205E-35
   1872.38922154      0.268973464030E-35
   1878.67240685      0.268771206007E-35
   1884.95559215      0.256140882590E-35
   1891.23877746      0.269474027134E-35
   1897.52196277      0.262210961254E-35
   1903.80514808      0.268704312337E-35
   1910.08833338      0.242833060543E-35
   1916.37151869      0.255710272523E-35
   1922.65470400      0.253099069908E-35
   1928.93788930      0.236463128268E-35
   1935.22107461      0.250753350429E-35
   1941.50425992      0.228293400869E-35
   1947.78744523      0.241750394027E-35
   1954.07063053      0.221230528398E-35
   1960.35381584      0.231860331335E-35
   1966.63700115      0.231267787264E-35
   1972.92018645      0.222486961365E-35
   1979.20337176      0.222509732064E-35
   1985.48655707      0.222848607324E-35
   1991.76974238      0.225729738493E-35
   1998.05292768      0.212272435893E-35
   2004.33611299      0.224728928483E-35
   2010.61929830      0.209060971253E-35
   2016.90248360      0.195496570143E-35
   2023.18566891      0.204695204000E-35
   2029.46885422      0.186114611816E-35
   2035.75203953      0.196250232722E-35
   2042.03522483      0.191661710406E-35
   2048.31841014      0.192650638000E-35
   2054.60159545      0.186796595847E-35
   2060.88478075      0.192392849603E-35
   2067.16796606      0.186619921134E-35
   2073.45115137      0.191348929638E-35
   2079.73433668      0.172786116946E-35
   2086.01752198      0.167099184933E-35
   2092.30070729      0.168582292009E-35
   2098.58389260      0.164089566720E-35
   2104.86707791      0.179874785166E-35
   2111.15026321      0.159457322965E-35
   2117.43344852      0.166186848975E-35
   2123.71663383      0.147995197218E-35
   2129.99981913      0.168974627602E-35
   2136.28300444      0.148439005866E-35
   2142.56618975      0.176475107970E-35
   2148.84937506      0.135103249598E-35
   2155.13256036      0.146044121625E-35
   2161.41574567      0.137566374097E-35
   2167.69893098      0.129536531824E-35
   2173.98211628      0.126061488311E-35
   2180.26530159      0.131746535357E-35
   2186.54848690      0.121079187485E-35
   2192.83167221      0.132257267223E-35
   2199.11485751      0.131405211293E-35
   2205.39804282      0.129949698002E-35
   2211.68122813      0.110713441334E-35
   2217.96441343      0.119161595903E-35
   2224.24759874      0.958731257123E-36
   2230.53078405      0.962033826528E-36
   2236.81396936      0.113008744969E-35
   2243.09715466      0.946102011496E-36
   2249.38033997      0.101352980517E-35
   2255.66352528      0.941562080082E-36
   2261.94671058      0.970031269350E-36
   2268.22989589      0.849800816214E-36
   2274.51308120      0.741744894666E-36
   2280.79626651      0.675059028603E-36
   2287.07945181      0.635633513536E-36
   2293.36263712      0.604351610924E-36
   2299.64582243      0.597061880158E-36
   2305.92900773      0.575749687309E-36
   2312.21219304      0.544407369054E-36
   2318.49537835      0.525858947501E-36
   2324.77856366      0.512235277129E-36
   2331.06174896      0.486539706062E-36
   2337.34493427      0.469576146164E-36
   2343.62811958      0.452045399653E-36
   2349.91130489      0.443808952392E-36
   2356.19449019      0.426030674126E-36
   2362.47767550      0.410647836720E-36
   2368.76086081      0.396150867370E-36
   2375.04404611      0.389966061017E-36
   2381.32723142      0.369680530932E-36
   2387.61041673      0.359406189367E-36
   2393.89360204      0.352438408857E-36
   2400.17678734      0.339457152956E-36
   2406.45997265      0.323848057813E-36
   2412.74315796      0.309295859330E-36
   2419.02634326      0.301600740701E-36
   2425.30952857      0.290614779503E-36
   2431.59271388      0.282396930636E-36
   2437.87589919      0.269744436694E-36
   2444.15908449      0.264963312981E-36
   2450.44226980      0.258586091405E-36
   2456.72545511      0.245264301715E-36
   2463.00864041      0.230282231319E-36
   2469.29182572      0.222597070713E-36
   2475.57501103      0.215829829708E-36
   2481.85819634      0.212037463647E-36
   2488.14138164      0.201371286652E-36
   2494.42456695      0.199179869821E-36
   2500.70775226      0.178280373915E-36
   2506.99093756      0.173382042707E-36
   2513.27412287      0.167232101013E-36
   2519.55730818      0.162365585256E-36
   2525.84049349      0.154168270521E-36
   2532.12367879      0.150593319365E-36
   2538.40686410      0.142629818033E-36
   2544.69004941      0.130590253985E-36
   2550.97323471      0.128978048963E-36
   2557.25642002      0.122999978035E-36
   2563.53960533      0.116383713677E-36
   2569.82279064      0.113849884293E-36
   2576.10597594      0.998867384127E-37
   2582.38916125      0.994035316368E-37
   2588.67234656      0.958190906911E-37
   2594.95553187      0.930249236843E-37
   2601.23871717      0.846356589565E-37
   2607.52190248      0.787236680567E-37
   2613.80508779      0.785210557897E-37
   2620.08827309      0.707853542943E-37
   2626.37145840      0.648671918328E-37
   2632.65464371      0.641348940306E-37
   2638.93782902      0.545506945782E-37
   2645.22101432      0.549199386602E-37
   2651.50419963      0.492055040304E-37
   2657.78738494      0.488030140961E-37
   2664.07057024      0.417630607996E-37
   2670.35375555      0.404374350711E-37
   2676.63694086      0.372622983839E-37
   2682.92012617      0.351697746451E-37
   2689.20331147      0.304037485453E-37
   2695.48649678      0.249505113825E-37
   2701.76968209      0.294254964067E-37
   2708.05286739      0.244414123337E-37
   2714.33605270      0.195214668808E-37
   2720.61923801      0.134013039867E-37
   2726.90242332      0.169553087576E-37
   2733.18560862      0.163382243381E-37
   2739.46879393      0.131676841642E-37
   2745.75197924      0.689610443764E-38
   2752.03516454      0.104743800728E-37
   2758.31834985      0.846625792338E-38
   2764.60153516      0.540778186747E-38
   2770.88472047      0.300641728617E-38
   2777.16790577      0.235506207043E-38
   2783.45109108      0.921410289548E-39
   2789.73427639      0.225614533278E-40
   6.28318530718      0.345394063657E-37
   12.5663706144      0.900071436763E-02
   18.8495559215      0.486991563226E-04
   25.1327412287      0.247756354051E-05
   31.4159265359      0.149602806373E-06
   37.6991118431      0.247995964084E-07
   43.9822971503      0.343392407734E-08
   50.2654824574      0.968243424253E-09
   56.5486677646      0.235285966013E-09
   62.8318530718      0.790664114239E-10
   69.1150383790      0.259885294144E-10
   75.3982236862      0.106730369204E-10
   81.6814089933      0.560969355289E-11
   87.9645943005      0.372952697709E-11
   94.2477796077      0.300250855668E-11
   100.530964915      0.296427894039E-11
   106.814150222      0.300945602178E-11
   113.097335529      0.293654669793E-11
   119.380520836      0.299714474950E-11
   125.663706144      0.302547617130E-11
   131.946891451      0.291394821662E-11
   138.230076758      0.250264607149E-11
   144.513262065      0.253404986082E-11
   150.796447372      0.234930162923E-11
   157.079632679      0.196604059171E-11
   163.362817987      0.169289956605E-11
   169.646003294      0.150015141836E-11
   175.929188601      0.122977007006E-11
   182.212373908      0.875146748900E-12
   188.495559215      0.700884043871E-12
   194.778744523      0.496688120965E-12
   201.061929830      0.342837693468E-12
   207.345115137      0.201455061352E-12
   213.628300444      0.123043204297E-12
   219.911485751      0.624419911276E-13
   226.194671058      0.261494661009E-13
   232.477856366      0.827197435221E-14
   238.761041673      0.214804535446E-14
   245.044226980      0.589651556254E-15
   251.327412287      0.723209750193E-15
   257.610597594      0.816978703411E-15
   263.893782902      0.544971865289E-15
   270.176968209      0.210339071587E-15
   276.460153516      0.485617437218E-16
   282.743338823      0.332963072080E-16
   289.026524130      0.414385024487E-16
   295.309709437      0.220576833722E-16
   301.592894745      0.711099029445E-17
   307.876080052      0.417692896149E-17
   314.159265359      0.434634340325E-17
   320.442450666      0.178366381766E-17
   326.725635973      0.845171560977E-18
   333.008821281      0.713184934334E-18
   339.292006588      0.371077393509E-18
   345.575191895      0.183267162649E-18
   351.858377202      0.136814175145E-18
   358.141562509      0.673889461927E-19
   364.424747816      0.426484766323E-19
   370.707933124      0.272756883880E-19
   376.991118431      0.152649229368E-19
   383.274303738      0.104453904349E-19
   389.557489045      0.654917712439E-20
   395.840674352      0.471497095301E-20
   402.123859659      0.347476549047E-20
   408.407044967      0.254919364858E-20
   414.690230274      0.208230060167E-20
   420.973415581      0.161484241733E-20
   427.256600888      0.144858834480E-20
   433.539786195      0.124730543848E-20
   439.822971503      0.104349239896E-20
   446.106156810      0.830334526919E-21
   452.389342117      0.730018422646E-21
   458.672527424      0.604497312752E-21
   464.955712731      0.491328006877E-21
   471.238898038      0.372313373492E-21
   477.522083346      0.282804684877E-21
   483.805268653      0.211759419503E-21
   490.088453960      0.168135191338E-21
   496.371639267      0.122495773269E-21
   502.654824574      0.912935461404E-22
   508.938009882      0.572705351195E-22
   515.221195189      0.307223180593E-22
   521.504380496      0.205510329254E-22
   527.787565803      0.133423204679E-22
   534.070751110      0.467548290167E-23
   540.353936417      0.176936541231E-23
   546.637121725      0.189758213458E-23
   552.920307032      0.687727459458E-24
   559.203492339      0.391130563789E-24
   565.486677646      0.242907349464E-24
   571.769862953      0.863862285885E-25
   578.053048261      0.350305343000E-25
   584.336233568      0.657471031482E-26
   590.619418875      0.105562702013E-26
   596.902604182      0.332368022002E-27
   603.185789489      0.235146959680E-28
   609.468974796      0.438111670814E-30
   615.752160104      0.256463491521E-31
   622.035345411      0.632368962143E-34
   628.318530718      0.242232599205E-34
   634.601716025      0.242352681634E-34
   640.884901332      0.159973560411E-34
   647.168086639      0.156569496330E-34
   653.451271947      0.277607756978E-34
   659.734457254      0.173005192903E-34
   666.017642561      0.168733246404E-34
   672.300827868      0.103968677677E-34
   678.584013175      0.125882402209E-34
   684.867198483      0.240282907432E-34
   691.150383790      0.106003914155E-34
   697.433569097      0.975274164783E-35
   703.716754404      0.700257843441E-34
   709.999939711      0.506507834097E-34
   716.283125018      0.360812241392E-34
   722.566310326      0.125189144044E-34
   728.849495633      0.156933845556E-34
   735.132680940      0.146100108880E-34
   741.415866247      0.137983894029E-34
   747.699051554      0.107242270646E-34
   753.982236862      0.198558479458E-34
   760.265422169      0.219031161162E-34
   766.548607476      0.160944143315E-34
   772.831792783      0.131561279428E-34
   779.114978090      0.156474401796E-34
   785.398163397      0.131154226549E-34
   791.681348705      0.118009684439E-34
   797.964534012      0.137748612896E-34
   804.247719319      0.106007040912E-33
   810.530904626      0.258323742370E-34
   816.814089933      0.194622915173E-33
   823.097275241      0.208042499880E-34
   829.380460548      0.264305033647E-34
   835.663645855      0.191771171103E-34
   841.946831162      0.183704265935E-34
   848.230016469      0.176614721956E-34
   854.513201776      0.291685432925E-34
   860.796387084      0.340625105255E-34
   867.079572391      0.295698187138E-34
   873.362757698      0.164115705445E-34
   879.645943005      0.208270807075E-34
   885.929128312      0.194974120181E-34
   892.212313620      0.295024863923E-34
   898.495498927      0.159868063026E-34
   904.778684234      0.236069627234E-34
   911.061869541      0.502958055877E-34
   917.345054848      0.438220706576E-34
   923.628240155      0.165872375775E-34
   929.911425463      0.328557111065E-34
   936.194610770      0.230100751135E-34
   942.477796077      0.321088660139E-34
   948.760981384      0.153468933237E-34
   955.044166691      0.204204584289E-34
   961.327351998      0.185366600959E-34
   967.610537306      0.254322701925E-34
   973.893722613      0.144170028714E-34
   980.176907920      0.203892463151E-34
   986.460093227      0.226181601195E-34
   992.743278534      0.218056535519E-34
   999.026463842      0.155230894002E-34
   1005.30964915      0.956564986585E-34
   1011.59283446      0.426514409867E-34
   1017.87601976      0.427257666733E-34
   1024.15920507      0.174153818015E-34
   1030.44239038      0.215441468349E-34
   1036.72557568      0.324037882483E-34
   1043.00876099      0.175003013478E-34
   1049.29194630      0.185939504232E-34
   1055.57513161      0.317110583707E-34
   1061.85831691      0.194449074713E-34
   1068.14150222      0.286333977651E-34
   1074.42468753      0.180342001951E-34
   1080.70787283      0.142292788340E-34
   1086.99105814      0.148274792485E-34
   1093.27424345      0.139619662722E-34
   1099.55742876      0.137420898399E-34
   1105.84061406      0.129716580131E-34
   1112.12379937      0.143226534047E-34
   1118.40698468      0.120430968056E-34
   1124.69016999      0.133471021801E-34
   1130.97335529      0.124006059775E-34
   1137.25654060      0.126072251495E-34
   1143.53972591      0.128545300070E-34
   1149.82291121      0.119868730166E-34
   1156.10609652      0.125228259905E-34
   1162.38928183      0.113391939212E-34
   1168.67246714      0.115058160716E-34
   1174.95565244      0.114223637925E-34
   1181.23883775      0.111802517232E-34
   1187.52202306      0.120180278907E-34
   1193.80520836      0.107414376893E-34
   1200.08839367      0.107150765746E-34
   1206.37157898      0.144083968492E-34
   1212.65476429      0.178613445624E-34
   1218.93794959      0.172169549640E-34
   1225.22113490      0.112014136302E-34
   1231.50432021      0.110150878630E-34
   1237.78750551      0.112565468309E-34
   1244.07069082      0.978586222354E-35
   1250.35387613      0.968037821058E-35
   1256.63706144      0.930899953240E-35
   1262.92024674      0.998911709805E-35
   1269.20343205      0.976214374205E-35
   1275.48661736      0.917712564075E-35
   1281.76980266      0.946014639075E-35
   1288.05298797      0.890462752022E-35
   1294.33617328      0.875859167323E-35
   1300.61935859      0.101047294236E-34
   1306.90254389      0.893458345967E-35
   1313.18572920      0.113264180274E-34
   1319.46891451      0.975205829019E-35
   1325.75209981      0.862106252026E-35
   1332.03528512      0.840781106456E-35
   1338.31847043      0.871859834141E-35
   1344.60165574      0.813987245252E-35
   1350.88484104      0.725990865610E-35
   1357.16802635      0.808697637368E-35
   1363.45121166      0.808625520164E-35
   1369.73439697      0.790317800556E-35
   1376.01758227      0.687692378335E-35
   1382.30076758      0.817705678805E-35
   1388.58395289      0.791703625315E-35
   1394.86713819      0.766254646833E-35
   1401.15032350      0.836349277204E-35
   1407.43350881      0.847198749647E-35
   1413.71669412      0.871541958614E-35
   1419.99987942      0.885639445946E-35
   1426.28306473      0.732001254714E-35
   1432.56625004      0.631351909626E-35
   1438.84943534      0.728664588443E-35
   1445.13262065      0.685493567712E-35
   1451.41580596      0.569808349752E-35
   1457.69899127      0.726970051397E-35
   1463.98217657      0.680961690537E-35
   1470.26536188      0.658810772917E-35
   1476.54854719      0.592266123463E-35
   1482.83173249      0.585612761402E-35
   1489.11491780      0.629233517827E-35
   1495.39810311      0.564555097866E-35
   1501.68128842      0.656174136931E-35
   1507.96447372      0.609946485708E-35
   1514.24765903      0.698302407727E-35
   1520.53084434      0.647044433724E-35
   1526.81402964      0.512957537051E-35
   1533.09721495      0.519885107201E-35
   1539.38040026      0.523387131731E-35
   1545.66358557      0.547665793288E-35
   1551.94677087      0.537965966962E-35
   1558.22995618      0.534729562403E-35
   1564.51314149      0.554660420847E-35
   1570.79632679      0.614294750720E-35
   1577.07951210      0.487246715156E-35
   1583.36269741      0.554326923513E-35
   1589.64588272      0.559737212128E-35
   1595.92906802      0.541616364552E-35
   1602.21225333      0.482427996252E-35
   1608.49543864      0.170833084016E-34
   1614.77862395      0.577964479662E-35
   1621.06180925      0.549042695318E-35
   1627.34499456      0.485075219198E-35
   1633.62817987      0.463670959885E-35
   1639.91136517      0.438080036975E-35
   1646.19455048      0.452310490347E-35
   1652.47773579      0.428217047837E-35
   1658.76092110      0.414670711291E-35
   1665.04410640      0.409545148201E-35
   1671.32729171      0.395862037818E-35
   1677.61047702      0.384292491328E-35
   1683.89366232      0.370180310129E-35
   1690.17684763      0.391377376404E-35
   1696.46003294      0.359487002068E-35
   1702.74321825      0.353791053524E-35
   1709.02640355      0.354660472695E-35
   1715.30958886      0.362698605026E-35
   1721.59277417      0.353482863239E-35
   1727.87595947      0.333601065769E-35
   1734.15914478      0.353725604715E-35
   1740.44233009      0.331266146532E-35
   1746.72551540      0.339357198906E-35
   1753.00870070      0.331394508310E-35
   1759.29188601      0.333355077097E-35
   1765.57507132      0.328701203386E-35
   1771.85825662      0.328407163734E-35
   1778.14144193      0.316226016693E-35
   1784.42462724      0.315011188978E-35
   1790.70781255      0.320946091355E-35
   1796.99099785      0.310646016107E-35
   1803.27418316      0.291967128464E-35
   1809.55736847      0.286933228693E-35
   1815.84055377      0.280023526515E-35
   1822.12373908      0.281139745483E-35
   1828.40692439      0.272052590864E-35
   1834.69010970      0.266453699976E-35
   1840.97329500      0.274813791788E-35
   1847.25648031      0.264453437366E-35
   1853.53966562      0.270198973791E-35
   1859.82285093      0.276202101588E-35
   1866.10603623      0.262486914708E-35
   1872.38922154      0.260954060401E-35
   1878.67240685      0.254324735105E-35
   1884.95559215      0.248818875216E-35
   1891.23877746      0.241648885687E-35
   1897.52196277      0.246643970899E-35
   1903.80514808      0.248336762378E-35
   1910.08833338      0.240575695515E-35
   1916.37151869      0.238699057387E-35
   1922.65470400      0.244658022264E-35
   1928.93788930      0.224882456330E-35
   1935.22107461      0.232032678314E-35
   1941.50425992      0.222283336411E-35
   1947.78744523      0.221914287748E-35
   1954.07063053      0.230557273413E-35
   1960.35381584      0.224494328743E-35
   1966.63700115      0.221880518670E-35
   1972.92018645      0.220877079337E-35
   1979.20337176      0.202466046809E-35
   1985.48655707      0.209458743070E-35
   1991.76974238      0.220444303020E-35
   1998.05292768      0.202586411178E-35
   2004.33611299      0.204863967471E-35
   2010.61929830      0.192113749013E-35
   2016.90248360      0.186995362443E-35
   2023.18566891      0.196974150188E-35
   2029.46885422      0.181871833421E-35
   2035.75203953      0.184091960747E-35
   2042.03522483      0.192385334248E-35
   2048.31841014      0.176057530646E-35
   2054.60159545      0.180372050598E-35
   2060.88478075      0.180400106481E-35
   2067.16796606      0.167113476038E-35
   2073.45115137      0.180373792233E-35
   2079.73433668      0.166640361465E-35
   2086.01752198      0.165938750467E-35
   2092.30070729      0.159698569417E-35
   2098.58389260      0.158344745070E-35
   2104.86707791      0.159112398876E-35
   2111.15026321      0.149542127505E-35
   2117.43344852      0.165306873048E-35
   2123.71663383      0.148312061157E-35
   2129.99981913      0.159088498948E-35
   2136.28300444      0.135792804657E-35
   2142.56618975      0.146627548250E-35
   2148.84937506      0.133528785692E-35
   2155.13256036      0.143722365766E-35
   2161.41574567      0.128791785421E-35
   2167.69893098      0.131516042131E-35
   2173.98211628      0.122549037278E-35
   2180.26530159      0.126116403040E-35
   2186.54848690      0.119206011273E-35
   2192.83167221      0.124647282070E-35
   2199.11485751      0.106820797246E-35
   2205.39804282      0.115424811178E-35
   2211.68122813      0.994098622582E-36
   2217.96441343      0.113372514999E-35
   2224.24759874      0.992309570547E-36
   2230.53078405      0.986010932719E-36
   2236.81396936      0.112685355252E-35
   2243.09715466      0.928706191485E-36
   2249.38033997      0.938515877825E-36
   2255.66352528      0.831961057759E-36
   2261.94671058      0.883775949975E-36
   2268.22989589      0.811952048886E-36
   2274.51308120      0.730934198065E-36
   2280.79626651      0.688725064673E-36
   2287.07945181      0.632474400158E-36
   2293.36263712      0.602117254948E-36
   2299.64582243      0.592128214819E-36
   2305.92900773      0.560760659574E-36
   2312.21219304      0.537388744462E-36
   2318.49537835      0.517871278067E-36
   2324.77856366      0.504755065118E-36
   2331.06174896      0.484909197856E-36
   2337.34493427      0.467141966982E-36
   2343.62811958      0.447659530044E-36
   2349.91130489      0.440587492066E-36
   2356.19449019      0.414312008803E-36
   2362.47767550      0.406480814201E-36
   2368.76086081      0.390596802704E-36
   2375.04404611      0.385745254070E-36
   2381.32723142      0.368915334926E-36
   2387.61041673      0.360752692553E-36
   2393.89360204      0.341782860553E-36
   2400.17678734      0.330823034038E-36
   2406.45997265      0.324429224653E-36
   2412.74315796      0.311993256023E-36
   2419.02634326      0.295650676047E-36
   2425.30952857      0.291391669926E-36
   2431.59271388      0.279075073593E-36
   2437.87589919      0.266644832848E-36
   2444.15908449      0.261232860241E-36
   2450.44226980      0.250956638933E-36
   2456.72545511      0.237286101868E-36
   2463.00864041      0.231554045288E-36
   2469.29182572      0.222665188611E-36
   2475.57501103      0.214386556334E-36
   2481.85819634      0.208346622521E-36
   2488.14138164      0.197290407284E-36
   2494.42456695      0.192324561546E-36
   2500.70775226      0.174516764943E-36
   2506.99093756      0.170291164589E-36
   2513.27412287      0.178176396467E-36
   2519.55730818      0.162622025248E-36
   2525.84049349      0.152090810404E-36
   2532.12367879      0.146595271963E-36
   2538.40686410      0.140796339163E-36
   2544.69004941      0.131434336879E-36
   2550.97323471      0.126391960588E-36
   2557.25642002      0.120968775177E-36
   2563.53960533      0.117826189003E-36
   2569.82279064      0.106655567768E-36
   2576.10597594      0.987363485538E-37
   2582.38916125      0.943892017526E-37
   2588.67234656      0.958416253869E-37
   2594.95553187      0.867383634495E-37
   2601.23871717      0.811686903826E-37
   2607.52190248      0.723269579336E-37
   2613.80508779      0.758129345176E-37
   2620.08827309      0.725297166975E-37
   2626.37145840      0.658019652870E-37
   2632.65464371      0.653941515238E-37
   2638.93782902      0.543662888484E-37
   2645.22101432      0.551310389065E-37
   2651.50419963      0.499323113169E-37
   2657.78738494      0.481405674815E-37
   2664.07057024      0.403198350536E-37
   2670.35375555      0.387038770898E-37
   2676.63694086      0.394106721666E-37
   2682.92012617      0.375275156698E-37
   2689.20331147      0.301792609499E-37
   2695.48649678      0.239399137872E-37
   2701.76968209      0.284188207321E-37
   2708.05286739      0.242514547032E-37
   2714.33605270      0.196098419840E-37
   2720.61923801      0.147628750385E-37
   2726.90242332      0.204104236165E-37
   2733.18560862      0.139515645199E-37
   2739.46879393      0.117587889138E-37
   2745.75197924      0.606008456578E-38
   2752.03516454      0.840848766714E-38
   2758.31834985      0.578160277119E-38
   2764.60153516      0.514835939190E-38
   2770.88472047      0.217077689446E-38
   2777.16790577      0.177305074943E-38
   2783.45109108      0.459269230703E-39
   2789.73427639      0.110496412890E-41
   6.28318530718      0.346306683415E-37
   12.5663706144      0.896220352758E-02
   18.8495559215      0.585083985640E-04
   25.1327412287      0.329032727638E-05
   31.4159265359      0.188893112367E-06
   37.6991118431      0.300235740106E-07
   43.9822971503      0.397355567252E-08
   50.2654824574      0.108147469459E-08
   56.5486677646      0.254117118966E-09
   62.8318530718      0.840473991636E-10
   69.1150383790      0.272275342753E-10
   75.3982236862      0.109884042151E-10
   81.6814089933      0.567920548973E-11
   87.9645943005      0.371574620147E-11
   94.2477796077      0.296715959208E-11
   100.530964915      0.292739922084E-11
   106.814150222      0.297418485071E-11
   113.097335529      0.290681330907E-11
   119.380520836      0.297308680772E-11
   125.663706144      0.300872496477E-11
   131.946891451      0.290295940752E-11
   138.230076758      0.249645645781E-11
   144.513262065      0.253376047927E-11
   150.796447372      0.235324922363E-11
   157.079632679      0.197246623856E-11
   163.362817987      0.170079008639E-11
   169.646003294      0.151064830019E-11
   175.929188601      0.124046228611E-11
   182.212373908      0.884308453481E-12
   188.495559215      0.709676500649E-12
   194.778744523      0.504334605692E-12
   201.061929830      0.348998293403E-12
   207.345115137      0.205747720175E-12
   213.628300444      0.126212185686E-12
   219.911485751      0.644213848290E-13
   226.194671058      0.271990635229E-13
   232.477856366      0.871136950459E-14
   238.761041673      0.229557796238E-14
   245.044226980      0.599588463141E-15
   251.327412287      0.709261773200E-15
   257.610597594      0.815810015288E-15
   263.893782902      0.553690950186E-15
   270.176968209      0.217919464286E-15
   276.460153516      0.505765975021E-16
   282.743338823      0.327938611746E-16
   289.026524130      0.413510957624E-16
   295.309709437      0.225014279651E-16
   301.592894745      0.731515885901E-17
   307.876080052      0.414186137448E-17
   314.159265359      0.435881944101E-17
   320.442450666      0.181978774733E-17
   326.725635973      0.845915278088E-18
   333.008821281      0.713271961364E-18
   339.292006588      0.376233972253E-18
   345.575191895      0.183460009157E-18
   351.858377202      0.137309957659E-18
   358.141562509      0.678732890408E-19
   364.424747816      0.426811702188E-19
   370.707933124      0.274054462579E-19
   376.991118431      0.153055811057E-19
   383.274303738      0.104695173137E-19
   389.557489045      0.656194460244E-20
   395.840674352      0.472216930907E-20
   402.123859659      0.347879151725E-20
   408.407044967      0.255306748645E-20
   414.690230274      0.208326732227E-20
   420.973415581      0.161659689262E-20
   427.256600888      0.144926361632E-20
   433.539786195      0.124788495351E-20
   439.822971503      0.104377482246E-20
   446.106156810      0.830398833983E-21
   452.389342117      0.730444736906E-21
   458.672527424      0.604569000195E-21
   464.955712731      0.491399879780E-21
   471.238898038      0.372338670331E-21
   477.522083346      0.282814766462E-21
   483.805268653      0.211825628775E-21
   490.088453960      0.168151305802E-21
   496.371639267      0.122455508710E-21
   502.654824574      0.913066107931E-22
   508.938009882      0.572716965946E-22
   515.221195189      0.307075883340E-22
   521.504380496      0.205499864641E-22
   527.787565803      0.133410879656E-22
   534.070751110      0.467147493159E-23
   540.353936417      0.176728568985E-23
   546.637121725      0.189821319998E-23
   552.920307032      0.687818965536E-24
   559.203492339      0.390170561214E-24
   565.486677646      0.242592048488E-24
   571.769862953      0.864754570307E-25
   578.053048261      0.349472861052E-25
   584.336233568      0.654341472085E-26
   590.619418875      0.105353243426E-26
   596.902604182      0.332367978078E-27
   603.185789489      0.235147432404E-28
   609.468974796      0.438119153743E-30
   615.752160104      0.256817291747E-31
   622.035345411      0.654295590737E-34
   628.318530718      0.307109616034E-34
   634.601716025      0.248473118038E-34
   640.884901332      0.187120187441E-34
   647.168086639      0.153953547087E-34
   653.451271947      0.324312369859E-34
   659.734457254      0.178406180202E-34
   666.017642561      0.191060931073E-34
   672.300827868      0.117877964742E-34
   678.584013175      0.135881794859E-34
   684.867198483      0.302191945829E-34
   691.150383790      0.127933225455E-34
   697.433569097      0.112207751694E-34
   703.716754404      0.816504808947E-34
   709.999939711      0.405959895032E-34
   716.283125018      0.418692662343E-34
   722.566310326      0.130201959790E-34
   728.849495633      0.176338879382E-34
   735.132680940      0.135963380420E-34
   741.415866247      0.159730059915E-34
   747.699051554      0.117146731071E-34
   753.982236862      0.234727986210E-34
   760.265422169      0.237754242346E-34
   766.548607476      0.170589250036E-34
   772.831792783      0.135389484051E-34
   779.114978090      0.177675316698E-34
   785.398163397      0.155303521860E-34
   791.681348705      0.134590145290E-34
   797.964534012      0.172335516857E-34
   804.247719319      0.130573086808E-33
   810.530904626      0.256746415173E-34
   816.814089933      0.239180981634E-33
   823.097275241      0.213617926571E-34
   829.380460548      0.312640047785E-34
   835.663645855      0.225611726660E-34
   841.946831162      0.232497025847E-34
   848.230016469      0.205157368798E-34
   854.513201776      0.361722953372E-34
   860.796387084      0.283133099978E-34
   867.079572391      0.346424925568E-34
   873.362757698      0.199024376154E-34
   879.645943005      0.258220499491E-34
   885.929128312      0.199184461842E-34
   892.212313620      0.387934052487E-34
   898.495498927      0.170085011909E-34
   904.778684234      0.276790465535E-34
   911.061869541      0.488102181618E-34
   917.345054848      0.512077063984E-34
   923.628240155      0.205228445987E-34
   929.911425463      0.387004238710E-34
   936.194610770      0.215487910287E-34
   942.477796077      0.371165529198E-34
   948.760981384      0.196993930280E-34
   955.044166691      0.314753214073E-34
   961.327351998      0.225696625512E-34
   967.610537306      0.247797025556E-34
   973.893722613      0.160131336888E-34
   980.176907920      0.202711707455E-34
   986.460093227      0.275678614261E-34
   992.743278534      0.256962791172E-34
   999.026463842      0.164959649722E-34
   1005.30964915      0.842187164489E-34
   1011.59283446      0.881129907021E-34
   1017.87601976      0.446283682188E-34
   1024.15920507      0.198557040614E-34
   1030.44239038      0.246439972201E-34
   1036.72557568      0.383789028345E-34
   1043.00876099      0.193438951490E-34
   1049.29194630      0.224467495356E-34
   1055.57513161      0.348063908092E-34
   1061.85831691      0.221615638883E-34
   1068.14150222      0.336006346947E-34
   1074.42468753      0.210637199698E-34
   1080.70787283      0.155044382318E-34
   1086.99105814      0.162569959441E-34
   1093.27424345      0.153372285913E-34
   1099.55742876      0.159845816809E-34
   1105.84061406      0.140926687469E-34
   1112.12379937      0.186297126788E-34
   1118.40698468      0.141753294998E-34
   1124.69016999      0.144231386671E-34
   1130.97335529      0.134755803537E-34
   1137.25654060      0.139279243912E-34
   1143.53972591      0.136300877548E-34
   1149.82291121      0.128607208830E-34
   1156.10609652      0.136293419359E-34
   1162.38928183      0.125770156380E-34
   1168.67246714      0.122897133659E-34
   1174.95565244      0.120699003533E-34
   1181.23883775      0.120376437635E-34
   1187.52202306      0.125999915346E-34
   1193.80520836      0.115119704778E-34
   1200.08839367      0.111554416282E-34
   1206.37157898      0.156812933253E-34
   1212.65476429      0.145070216074E-34
   1218.93794959      0.159829462227E-34
   1225.22113490      0.120432968961E-34
   1231.50432021      0.117245270829E-34
   1237.78750551      0.116211743619E-34
   1244.07069082      0.103733860242E-34
   1250.35387613      0.115168836951E-34
   1256.63706144      0.104032535792E-34
   1262.92024674      0.119187281007E-34
   1269.20343205      0.105347307864E-34
   1275.48661736      0.989592783548E-35
   1281.76980266      0.994155425447E-35
   1288.05298797      0.103969419703E-34
   1294.33617328      0.967239830442E-35
   1300.61935859      0.102426618085E-34
   1306.90254389      0.936944108482E-35
   1313.18572920      0.112998251315E-34
   1319.46891451      0.985663747297E-35
   1325.75209981      0.890842603312E-35
   1332.03528512      0.936555410706E-35
   1338.31847043      0.953831334593E-35
   1344.60165574      0.936476797067E-35
   1350.88484104      0.804614110903E-35
   1357.16802635      0.968186239021E-35
   1363.45121166      0.100034334828E-34
   1369.73439697      0.862199536634E-35
   1376.01758227      0.747512114083E-35
   1382.30076758      0.793370612722E-35
   1388.58395289      0.849827762651E-35
   1394.86713819      0.773133143722E-35
   1401.15032350      0.756393079478E-35
   1407.43350881      0.961397410820E-35
   1413.71669412      0.181421984098E-34
   1419.99987942      0.111807646317E-34
   1426.28306473      0.729489625670E-35
   1432.56625004      0.675869324994E-35
   1438.84943534      0.705062560751E-35
   1445.13262065      0.717130296904E-35
   1451.41580596      0.634419059640E-35
   1457.69899127      0.697669045791E-35
   1463.98217657      0.786274663289E-35
   1470.26536188      0.653080373923E-35
   1476.54854719      0.610934916939E-35
   1482.83173249      0.578842260060E-35
   1489.11491780      0.609450616589E-35
   1495.39810311      0.626904319946E-35
   1501.68128842      0.592083199163E-35
   1507.96447372      0.621318490321E-35
   1514.24765903      0.745732983261E-35
   1520.53084434      0.583208764870E-35
   1526.81402964      0.527184629524E-35
   1533.09721495      0.577027575619E-35
   1539.38040026      0.597267506834E-35
   1545.66358557      0.566642825742E-35
   1551.94677087      0.507481250949E-35
   1558.22995618      0.564421275448E-35
   1564.51314149      0.618302304817E-35
   1570.79632679      0.570365023644E-35
   1577.07951210      0.472836274864E-35
   1583.36269741      0.545982532855E-35
   1589.64588272      0.496158659244E-35
   1595.92906802      0.559391375532E-35
   1602.21225333      0.527486315170E-35
   1608.49543864      0.190867498408E-34
   1614.77862395      0.601167100280E-35
   1621.06180925      0.507103994046E-35
   1627.34499456      0.469296963633E-35
   1633.62817987      0.436862942999E-35
   1639.91136517      0.457781592025E-35
   1646.19455048      0.453489793851E-35
   1652.47773579      0.416793382018E-35
   1658.76092110      0.416072529276E-35
   1665.04410640      0.419999672694E-35
   1671.32729171      0.399722034495E-35
   1677.61047702      0.393504055067E-35
   1683.89366232      0.395817165722E-35
   1690.17684763      0.398664717232E-35
   1696.46003294      0.365728046829E-35
   1702.74321825      0.372271188572E-35
   1709.02640355      0.363085841095E-35
   1715.30958886      0.370045676586E-35
   1721.59277417      0.354346726963E-35
   1727.87595947      0.336573106952E-35
   1734.15914478      0.347024868162E-35
   1740.44233009      0.343925203204E-35
   1746.72551540      0.325320699098E-35
   1753.00870070      0.311033231882E-35
   1759.29188601      0.324296277194E-35
   1765.57507132      0.321373450684E-35
   1771.85825662      0.312425731965E-35
   1778.14144193      0.302048950115E-35
   1784.42462724      0.320953329549E-35
   1790.70781255      0.303677686055E-35
   1796.99099785      0.302624726753E-35
   1803.27418316      0.283991917801E-35
   1809.55736847      0.287864812967E-35
   1815.84055377      0.284234225507E-35
   1822.12373908      0.281901189304E-35
   1828.40692439      0.288157121233E-35
   1834.69010970      0.270301652826E-35
   1840.97329500      0.291286195730E-35
   1847.25648031      0.259839511919E-35
   1853.53966562      0.257460156550E-35
   1859.82285093      0.269297501658E-35
   1866.10603623      0.252431490529E-35
   1872.38922154      0.250299017119E-35
   1878.67240685      0.247056189628E-35
   1884.95559215      0.253482432666E-35
   1891.23877746      0.251199886203E-35
   1897.52196277      0.252610998186E-35
   1903.80514808      0.240584568922E-35
   1910.08833338      0.229437043188E-35
   1916.37151869      0.234703249626E-35
   1922.65470400      0.234502052374E-35
   1928.93788930      0.221794703474E-35
   1935.22107461      0.240945182022E-35
   1941.50425992      0.220150391246E-35
   1947.78744523      0.228431655013E-35
   1954.07063053      0.216804927551E-35
   1960.35381584      0.215076625268E-35
   1966.63700115      0.211655761446E-35
   1972.92018645      0.225974318689E-35
   1979.20337176      0.206913434907E-35
   1985.48655707      0.208945046771E-35
   1991.76974238      0.208387021330E-35
   1998.05292768      0.198136133219E-35
   2004.33611299      0.205815063622E-35
   2010.61929830      0.201556873110E-35
   2016.90248360      0.189915462639E-35
   2023.18566891      0.199576545808E-35
   2029.46885422      0.185684045355E-35
   2035.75203953      0.179222514184E-35
   2042.03522483      0.175037953290E-35
   2048.31841014      0.182965641791E-35
   2054.60159545      0.182279191988E-35
   2060.88478075      0.174009871819E-35
   2067.16796606      0.168450413477E-35
   2073.45115137      0.173660394686E-35
   2079.73433668      0.169560845657E-35
   2086.01752198      0.165323560139E-35
   2092.30070729      0.152849501772E-35
   2098.58389260      0.156356552552E-35
   2104.86707791      0.161186275377E-35
   2111.15026321      0.148487367189E-35
   2117.43344852      0.163183388591E-35
   2123.71663383      0.138032891285E-35
   2129.99981913      0.153860417327E-35
   2136.28300444      0.133871242525E-35
   2142.56618975      0.148536552131E-35
   2148.84937506      0.127514654817E-35
   2155.13256036      0.136968029578E-35
   2161.41574567      0.129747644167E-35
   2167.69893098      0.135600430209E-35
   2173.98211628      0.127162306458E-35
   2180.26530159      0.124975544057E-35
   2186.54848690      0.113970495161E-35
   2192.83167221      0.118918992779E-35
   2199.11485751      0.103477696004E-35
   2205.39804282      0.118181951666E-35
   2211.68122813      0.973143656696E-36
   2217.96441343      0.105435412550E-35
   2224.24759874      0.996020020643E-36
   2230.53078405      0.954265424064E-36
   2236.81396936      0.104540513550E-35
   2243.09715466      0.879739004437E-36
   2249.38033997      0.105348076600E-35
   2255.66352528      0.844586991619E-36
   2261.94671058      0.926466208285E-36
   2268.22989589      0.833910644666E-36
   2274.51308120      0.756719461336E-36
   2280.79626651      0.676412682586E-36
   2287.07945181      0.626951567054E-36
   2293.36263712      0.601119865988E-36
   2299.64582243      0.578837419048E-36
   2305.92900773      0.555085422101E-36
   2312.21219304      0.535348676383E-36
   2318.49537835      0.514097079534E-36
   2324.77856366      0.504282329079E-36
   2331.06174896      0.481972270025E-36
   2337.34493427      0.467819757545E-36
   2343.62811958      0.441762012392E-36
   2349.91130489      0.439351728890E-36
   2356.19449019      0.425725436890E-36
   2362.47767550      0.415785322609E-36
   2368.76086081      0.390141090685E-36
   2375.04404611      0.387066514921E-36
   2381.32723142      0.364685106925E-36
   2387.61041673      0.358059097051E-36
   2393.89360204      0.343484742757E-36
   2400.17678734      0.334468076266E-36
   2406.45997265      0.315497806244E-36
   2412.74315796      0.309632018650E-36
   2419.02634326      0.297934957070E-36
   2425.30952857      0.286962438122E-36
   2431.59271388      0.278195893908E-36
   2437.87589919      0.265837857426E-36
   2444.15908449      0.258157772435E-36
   2450.44226980      0.246712342831E-36
   2456.72545511      0.239664042868E-36
   2463.00864041      0.230183424971E-36
   2469.29182572      0.220315717149E-36
   2475.57501103      0.212297423734E-36
   2481.85819634      0.207975172456E-36
   2488.14138164      0.195041871931E-36
   2494.42456695      0.194501481080E-36
   2500.70775226      0.180148528687E-36
   2506.99093756      0.170555586563E-36
   2513.27412287      0.167457776463E-36
   2519.55730818      0.162342081879E-36
   2525.84049349      0.153165114697E-36
   2532.12367879      0.146835040179E-36
   2538.40686410      0.140394398366E-36
   2544.69004941      0.130786708177E-36
   2550.97323471      0.128353234560E-36
   2557.25642002      0.124046741655E-36
   2563.53960533      0.117631606393E-36
   2569.82279064      0.109199044440E-36
   2576.10597594      0.975465271816E-37
   2582.38916125      0.982058038603E-37
   2588.67234656      0.964012679431E-37
   2594.95553187      0.903291110884E-37
   2601.23871717      0.824017349493E-37
   2607.52190248      0.775151420691E-37
   2613.80508779      0.729941994467E-37
   2620.08827309      0.696936389080E-37
   2626.37145840      0.690235964931E-37
   2632.65464371      0.626585054753E-37
   2638.93782902      0.557850819865E-37
   2645.22101432      0.572198517470E-37
   2651.50419963      0.542963067674E-37
   2657.78738494      0.512086010913E-37
   2664.07057024      0.425952658317E-37
   2670.35375555      0.396399010593E-37
   2676.63694086      0.413089961163E-37
   2682.92012617      0.353677839885E-37
   2689.20331147      0.311880120898E-37
   2695.48649678      0.258525326191E-37
   2701.76968209      0.300682950960E-37
   2708.05286739      0.241179687920E-37
   2714.33605270      0.197392779048E-37
   2720.61923801      0.137407656543E-37
   2726.90242332      0.170668797960E-37
   2733.18560862      0.171834909374E-37
   2739.46879393      0.125702618955E-37
   2745.75197924      0.642751957380E-38
   2752.03516454      0.984675976144E-38
   2758.31834985      0.764228032688E-38
   2764.60153516      0.577683958110E-38
   2770.88472047      0.203872650033E-38
   2777.16790577      0.296256532374E-38
   2783.45109108      0.100710506828E-38
   2789.73427639      0.997268654514E-41
   6.28318530718      0.102784918218E-36
   12.5663706144      0.891990415443E-02
   18.8495559215      0.697537459712E-04
   25.1327412287      0.441177560300E-05
   31.4159265359      0.245055892952E-06
   37.6991118431      0.370823179634E-07
   43.9822971503      0.474490662502E-08
   50.2654824574      0.123270742218E-08
   56.5486677646      0.278099532173E-09
   62.8318530718      0.902511158141E-10
   69.1150383790      0.287209315078E-10
   75.3982236862      0.113760001701E-10
   81.6814089933      0.576827797591E-11
   87.9645943005      0.370694549307E-11
   94.2477796077      0.293247730951E-11
   100.530964915      0.288982774122E-11
   106.814150222      0.293778216258E-11
   113.097335529      0.287593924257E-11
   119.380520836      0.294790208915E-11
   125.663706144      0.299102708542E-11
   131.946891451      0.289118446416E-11
   138.230076758      0.248967016811E-11
   144.513262065      0.253305757842E-11
   150.796447372      0.235695524776E-11
   157.079632679      0.197879768385E-11
   163.362817987      0.170868231367E-11
   169.646003294      0.152128842083E-11
   175.929188601      0.125135831495E-11
   182.212373908      0.893680741905E-12
   188.495559215      0.718702779416E-12
   194.778744523      0.512219231496E-12
   201.061929830      0.355368510870E-12
   207.345115137      0.210201051011E-12
   213.628300444      0.129513908699E-12
   219.911485751      0.664944533274E-13
   226.194671058      0.283058691251E-13
   232.477856366      0.917974946632E-14
   238.761041673      0.245639718572E-14
   245.044226980      0.612740799704E-15
   251.327412287      0.694895819207E-15
   257.610597594      0.813871939766E-15
   263.893782902      0.562228549034E-15
   270.176968209      0.225721461344E-15
   276.460153516      0.527643209323E-16
   282.743338823      0.323040171342E-16
   289.026524130      0.412255657947E-16
   295.309709437      0.229407112166E-16
   301.592894745      0.753001067076E-17
   307.876080052      0.410777770146E-17
   314.159265359      0.436817321357E-17
   320.442450666      0.185613106287E-17
   326.725635973      0.847073056619E-18
   333.008821281      0.712993697109E-18
   339.292006588      0.381346736329E-18
   345.575191895      0.183683185877E-18
   351.858377202      0.137755569056E-18
   358.141562509      0.683537405084E-19
   364.424747816      0.427089625498E-19
   370.707933124      0.275293215111E-19
   376.991118431      0.153451650242E-19
   383.274303738      0.104922349784E-19
   389.557489045      0.657432440060E-20
   395.840674352      0.472901880145E-20
   402.123859659      0.348276270806E-20
   408.407044967      0.255686397381E-20
   414.690230274      0.208424453486E-20
   420.973415581      0.161834473204E-20
   427.256600888      0.144994973701E-20
   433.539786195      0.124846542910E-20
   439.822971503      0.104406984500E-20
   446.106156810      0.830463232483E-21
   452.389342117      0.730884645690E-21
   458.672527424      0.604634019933E-21
   464.955712731      0.491477595764E-21
   471.238898038      0.372366500769E-21
   477.522083346      0.282823345778E-21
   483.805268653      0.211891394265E-21
   490.088453960      0.168167749453E-21
   496.371639267      0.122415095437E-21
   502.654824574      0.913206644791E-22
   508.938009882      0.572741627258E-22
   515.221195189      0.306935366116E-22
   521.504380496      0.205492576896E-22
   527.787565803      0.133402715447E-22
   534.070751110      0.466769818299E-23
   540.353936417      0.176532400848E-23
   546.637121725      0.189883010176E-23
   552.920307032      0.687920801899E-24
   559.203492339      0.389256907029E-24
   565.486677646      0.242277424521E-24
   571.769862953      0.865775323537E-25
   578.053048261      0.348660960700E-25
   584.336233568      0.651259127519E-26
   590.619418875      0.105161463836E-26
   596.902604182      0.332367953971E-27
   603.185789489      0.235147440666E-28
   609.468974796      0.438122617130E-30
   615.752160104      0.256891385170E-31
   622.035345411      0.685779090907E-34
   628.318530718      0.321466769616E-34
   634.601716025      0.213627094542E-34
   640.884901332      0.222090625095E-34
   647.168086639      0.178910643037E-34
   653.451271947      0.373018544214E-34
   659.734457254      0.211058168217E-34
   666.017642561      0.238689524372E-34
   672.300827868      0.118900155701E-34
   678.584013175      0.156320671315E-34
   684.867198483      0.331693969423E-34
   691.150383790      0.140310949567E-34
   697.433569097      0.122651017584E-34
   703.716754404      0.103699762309E-33
   709.999939711      0.456316500683E-34
   716.283125018      0.548199317098E-34
   722.566310326      0.148041148543E-34
   728.849495633      0.218735507242E-34
   735.132680940      0.189737641874E-34
   741.415866247      0.171411392939E-34
   747.699051554      0.134737663625E-34
   753.982236862      0.278633974317E-34
   760.265422169      0.370085832441E-34
   766.548607476      0.230627641789E-34
   772.831792783      0.166216024254E-34
   779.114978090      0.205801207660E-34
   785.398163397      0.173028828994E-34
   791.681348705      0.150256582277E-34
   797.964534012      0.166798001932E-34
   804.247719319      0.161218257810E-33
   810.530904626      0.257343583306E-34
   816.814089933      0.277684135519E-33
   823.097275241      0.252162771460E-34
   829.380460548      0.390283664905E-34
   835.663645855      0.257721648963E-34
   841.946831162      0.255324170406E-34
   848.230016469      0.230563720859E-34
   854.513201776      0.390952115160E-34
   860.796387084      0.329895818351E-34
   867.079572391      0.417290655107E-34
   873.362757698      0.223941953985E-34
   879.645943005      0.293881254919E-34
   885.929128312      0.229608771343E-34
   892.212313620      0.460890740104E-34
   898.495498927      0.199759076761E-34
   904.778684234      0.273016893351E-34
   911.061869541      0.613428667684E-34
   917.345054848      0.523223788908E-34
   923.628240155      0.193412067889E-34
   929.911425463      0.428047365149E-34
   936.194610770      0.346461254273E-34
   942.477796077      0.435923816636E-34
   948.760981384      0.235376842183E-34
   955.044166691      0.358146011298E-34
   961.327351998      0.228220931493E-34
   967.610537306      0.256361446137E-34
   973.893722613      0.176426746398E-34
   980.176907920      0.242087644128E-34
   986.460093227      0.260465685691E-34
   992.743278534      0.272503866587E-34
   999.026463842      0.170181360632E-34
   1005.30964915      0.101649579074E-33
   1011.59283446      0.114817394072E-33
   1017.87601976      0.571038404429E-34
   1024.15920507      0.258200293247E-34
   1030.44239038      0.291405078683E-34
   1036.72557568      0.425113795252E-34
   1043.00876099      0.238665035364E-34
   1049.29194630      0.252426605637E-34
   1055.57513161      0.388570241072E-34
   1061.85831691      0.268554235810E-34
   1068.14150222      0.384519428935E-34
   1074.42468753      0.222312960951E-34
   1080.70787283      0.172471238093E-34
   1086.99105814      0.186973374563E-34
   1093.27424345      0.172884209693E-34
   1099.55742876      0.178580995249E-34
   1105.84061406      0.157770639324E-34
   1112.12379937      0.188955681150E-34
   1118.40698468      0.146686434140E-34
   1124.69016999      0.154914823382E-34
   1130.97335529      0.146856054979E-34
   1137.25654060      0.150250657297E-34
   1143.53972591      0.151664312926E-34
   1149.82291121      0.141781489978E-34
   1156.10609652      0.150519412864E-34
   1162.38928183      0.140592174270E-34
   1168.67246714      0.134693653365E-34
   1174.95565244      0.134027244872E-34
   1181.23883775      0.126743949901E-34
   1187.52202306      0.132436133201E-34
   1193.80520836      0.125684170726E-34
   1200.08839367      0.124974665875E-34
   1206.37157898      0.150710346142E-34
   1212.65476429      0.378559701972E-34
   1218.93794959      0.164550729801E-34
   1225.22113490      0.120720468060E-34
   1231.50432021      0.124297486335E-34
   1237.78750551      0.120619422099E-34
   1244.07069082      0.113548750596E-34
   1250.35387613      0.118033704911E-34
   1256.63706144      0.109091890774E-34
   1262.92024674      0.139103221381E-34
   1269.20343205      0.109388607579E-34
   1275.48661736      0.101804245897E-34
   1281.76980266      0.109294271447E-34
   1288.05298797      0.112896164836E-34
   1294.33617328      0.109256122502E-34
   1300.61935859      0.105927757547E-34
   1306.90254389      0.103455202701E-34
   1313.18572920      0.110574756929E-34
   1319.46891451      0.107267900378E-34
   1325.75209981      0.981250458418E-35
   1332.03528512      0.103067905889E-34
   1338.31847043      0.951848522791E-35
   1344.60165574      0.930576626454E-35
   1350.88484104      0.815795197388E-35
   1357.16802635      0.923238718943E-35
   1363.45121166      0.905293804761E-35
   1369.73439697      0.903187812375E-35
   1376.01758227      0.787245689605E-35
   1382.30076758      0.809069757725E-35
   1388.58395289      0.854022289587E-35
   1394.86713819      0.771116307098E-35
   1401.15032350      0.819863947475E-35
   1407.43350881      0.102105340585E-34
   1413.71669412      0.112881696951E-34
   1419.99987942      0.115106795871E-34
   1426.28306473      0.748945327564E-35
   1432.56625004      0.717423398760E-35
   1438.84943534      0.806964715666E-35
   1445.13262065      0.739660992129E-35
   1451.41580596      0.639866938805E-35
   1457.69899127      0.702725072023E-35
   1463.98217657      0.788124582811E-35
   1470.26536188      0.671921639767E-35
   1476.54854719      0.657001531000E-35
   1482.83173249      0.582524814633E-35
   1489.11491780      0.627653859517E-35
   1495.39810311      0.578231578293E-35
   1501.68128842      0.636320107972E-35
   1507.96447372      0.581033742528E-35
   1514.24765903      0.639570850046E-35
   1520.53084434      0.616512366116E-35
   1526.81402964      0.516449764970E-35
   1533.09721495      0.530510709834E-35
   1539.38040026      0.594964527438E-35
   1545.66358557      0.513184748501E-35
   1551.94677087      0.511247509888E-35
   1558.22995618      0.553976607919E-35
   1564.51314149      0.563298315608E-35
   1570.79632679      0.567026601675E-35
   1577.07951210      0.525987204302E-35
   1583.36269741      0.581647269489E-35
   1589.64588272      0.676923397080E-35
   1595.92906802      0.568491217802E-35
   1602.21225333      0.541203945335E-35
   1608.49543864      0.129748234398E-34
   1614.77862395      0.100524033861E-34
   1621.06180925      0.529748346276E-35
   1627.34499456      0.483665265942E-35
   1633.62817987      0.437649354790E-35
   1639.91136517      0.447798568562E-35
   1646.19455048      0.430192147829E-35
   1652.47773579      0.411573663675E-35
   1658.76092110      0.399940963343E-35
   1665.04410640      0.402265890271E-35
   1671.32729171      0.404892187178E-35
   1677.61047702      0.398589608959E-35
   1683.89366232      0.379406274344E-35
   1690.17684763      0.383058401117E-35
   1696.46003294      0.362937576812E-35
   1702.74321825      0.352259391646E-35
   1709.02640355      0.352354670914E-35
   1715.30958886      0.356094969888E-35
   1721.59277417      0.347386076191E-35
   1727.87595947      0.328230801934E-35
   1734.15914478      0.349266537361E-35
   1740.44233009      0.324831754094E-35
   1746.72551540      0.328940515577E-35
   1753.00870070      0.318490719544E-35
   1759.29188601      0.318225573747E-35
   1765.57507132      0.320072150295E-35
   1771.85825662      0.316796823765E-35
   1778.14144193      0.296542274659E-35
   1784.42462724      0.308257593391E-35
   1790.70781255      0.313520789564E-35
   1796.99099785      0.295638637573E-35
   1803.27418316      0.280964848676E-35
   1809.55736847      0.279505303681E-35
   1815.84055377      0.281484080530E-35
   1822.12373908      0.275265052018E-35
   1828.40692439      0.263439782084E-35
   1834.69010970      0.263222313768E-35
   1840.97329500      0.277381581245E-35
   1847.25648031      0.266511613294E-35
   1853.53966562      0.253109294632E-35
   1859.82285093      0.264143451016E-35
   1866.10603623      0.246957643695E-35
   1872.38922154      0.254876596248E-35
   1878.67240685      0.246747618550E-35
   1884.95559215      0.239161461985E-35
   1891.23877746      0.238986144034E-35
   1897.52196277      0.244335401336E-35
   1903.80514808      0.238739544096E-35
   1910.08833338      0.227254868336E-35
   1916.37151869      0.230721814969E-35
   1922.65470400      0.234340762808E-35
   1928.93788930      0.222045409960E-35
   1935.22107461      0.237660529661E-35
   1941.50425992      0.221428958390E-35
   1947.78744523      0.234051521383E-35
   1954.07063053      0.213490016797E-35
   1960.35381584      0.218142963794E-35
   1966.63700115      0.210640250253E-35
   1972.92018645      0.221542452028E-35
   1979.20337176      0.210261725340E-35
   1985.48655707      0.210142822960E-35
   1991.76974238      0.210365174939E-35
   1998.05292768      0.193466067563E-35
   2004.33611299      0.204145397094E-35
   2010.61929830      0.194246578435E-35
   2016.90248360      0.193291191211E-35
   2023.18566891      0.194553874613E-35
   2029.46885422      0.179746413427E-35
   2035.75203953      0.186645534959E-35
   2042.03522483      0.190024272421E-35
   2048.31841014      0.181051560400E-35
   2054.60159545      0.179024700609E-35
   2060.88478075      0.174931350230E-35
   2067.16796606      0.169779447721E-35
   2073.45115137      0.172692818882E-35
   2079.73433668      0.163159344313E-35
   2086.01752198      0.165449386612E-35
   2092.30070729      0.150779622600E-35
   2098.58389260      0.160408124884E-35
   2104.86707791      0.154633052508E-35
   2111.15026321      0.143842898451E-35
   2117.43344852      0.147359624427E-35
   2123.71663383      0.142685090830E-35
   2129.99981913      0.155088787567E-35
   2136.28300444      0.141195660510E-35
   2142.56618975      0.138946815611E-35
   2148.84937506      0.122235223695E-35
   2155.13256036      0.134768952973E-35
   2161.41574567      0.122066924492E-35
   2167.69893098      0.128601188966E-35
   2173.98211628      0.122711089456E-35
   2180.26530159      0.124003926832E-35
   2186.54848690      0.116996765443E-35
   2192.83167221      0.125222060747E-35
   2199.11485751      0.104985379926E-35
   2205.39804282      0.121013323368E-35
   2211.68122813      0.104653297344E-35
   2217.96441343      0.107631815931E-35
   2224.24759874      0.969154369444E-36
   2230.53078405      0.928543234766E-36
   2236.81396936      0.105229070467E-35
   2243.09715466      0.880616885744E-36
   2249.38033997      0.978606247189E-36
   2255.66352528      0.896937383783E-36
   2261.94671058      0.887193436427E-36
   2268.22989589      0.770682748770E-36
   2274.51308120      0.737122500040E-36
   2280.79626651      0.658805014672E-36
   2287.07945181      0.634140050695E-36
   2293.36263712      0.600020056785E-36
   2299.64582243      0.581150062789E-36
   2305.92900773      0.557308832599E-36
   2312.21219304      0.537886036531E-36
   2318.49537835      0.520136947620E-36
   2324.77856366      0.505224902751E-36
   2331.06174896      0.481340083933E-36
   2337.34493427      0.479695290829E-36
   2343.62811958      0.442288891302E-36
   2349.91130489      0.453642145347E-36
   2356.19449019      0.423938547804E-36
   2362.47767550      0.406001292264E-36
   2368.76086081      0.389504341308E-36
   2375.04404611      0.386413027635E-36
   2381.32723142      0.366196910491E-36
   2387.61041673      0.358335337471E-36
   2393.89360204      0.346021282215E-36
   2400.17678734      0.336110172189E-36
   2406.45997265      0.318268690832E-36
   2412.74315796      0.310127154452E-36
   2419.02634326      0.295204352439E-36
   2425.30952857      0.295628063213E-36
   2431.59271388      0.278238346621E-36
   2437.87589919      0.262567477458E-36
   2444.15908449      0.260895190641E-36
   2450.44226980      0.249348556428E-36
   2456.72545511      0.234827697055E-36
   2463.00864041      0.231063822628E-36
   2469.29182572      0.228677903602E-36
   2475.57501103      0.216926947138E-36
   2481.85819634      0.209235756954E-36
   2488.14138164      0.196006606251E-36
   2494.42456695      0.192385808271E-36
   2500.70775226      0.181452516294E-36
   2506.99093756      0.173127303541E-36
   2513.27412287      0.169916125344E-36
   2519.55730818      0.164546056783E-36
   2525.84049349      0.153524669219E-36
   2532.12367879      0.144499927042E-36
   2538.40686410      0.136902870890E-36
   2544.69004941      0.135989900401E-36
   2550.97323471      0.127106889571E-36
   2557.25642002      0.122089907447E-36
   2563.53960533      0.123101802999E-36
   2569.82279064      0.111720702645E-36
   2576.10597594      0.103232846306E-36
   2582.38916125      0.100185697745E-36
   2588.67234656      0.988112337323E-37
   2594.95553187      0.923311066528E-37
   2601.23871717      0.845456969440E-37
   2607.52190248      0.783929906324E-37
   2613.80508779      0.751004232832E-37
   2620.08827309      0.694143854411E-37
   2626.37145840      0.647184166806E-37
   2632.65464371      0.634979028840E-37
   2638.93782902      0.535783621486E-37
   2645.22101432      0.590203544380E-37
   2651.50419963      0.503251591135E-37
   2657.78738494      0.478570288002E-37
   2664.07057024      0.406027220440E-37
   2670.35375555      0.406371090721E-37
   2676.63694086      0.394668073836E-37
   2682.92012617      0.373892626774E-37
   2689.20331147      0.349959538745E-37
   2695.48649678      0.247590809183E-37
   2701.76968209      0.280237753821E-37
   2708.05286739      0.262955716461E-37
   2714.33605270      0.202678202359E-37
   2720.61923801      0.139044071291E-37
   2726.90242332      0.173867407555E-37
   2733.18560862      0.167495199160E-37
   2739.46879393      0.137151329215E-37
   2745.75197924      0.665230979911E-38
   2752.03516454      0.104523311558E-37
   2758.31834985      0.798148874230E-38
   2764.60153516      0.574223003363E-38
   2770.88472047      0.219222200695E-38
   2777.16790577      0.239792565157E-38
   2783.45109108      0.977674186122E-39
   2789.73427639      0.236522394293E-41
   6.28318530718      0.849852400435E-37
   12.5663706144      0.887388897399E-02
   18.8495559215      0.823888975761E-04
   25.1327412287      0.592185813412E-05
   31.4159265359      0.324624824642E-06
   37.6991118431      0.466141645894E-07
   43.9822971503      0.585743017740E-08
   50.2654824574      0.143684521151E-08
   56.5486677646      0.308928208548E-09
   62.8318530718      0.980327765437E-10
   69.1150383790      0.305270082814E-10
   75.3982236862      0.118517456245E-10
   81.6814089933      0.588059967620E-11
   87.9645943005      0.370428268947E-11
   94.2477796077      0.289890114616E-11
   100.530964915      0.285177431159E-11
   106.814150222      0.290037684921E-11
   113.097335529      0.284400898133E-11
   119.380520836      0.292164296434E-11
   125.663706144      0.297241101440E-11
   131.946891451      0.287863374198E-11
   138.230076758      0.248228511129E-11
   144.513262065      0.253192430071E-11
   150.796447372      0.236039445269E-11
   157.079632679      0.198500679263E-11
   163.362817987      0.171654686115E-11
   169.646003294      0.153204022562E-11
   175.929188601      0.126242913593E-11
   182.212373908      0.903240746744E-12
   188.495559215      0.727942815809E-12
   194.778744523      0.520327113083E-12
   201.061929830      0.361937591649E-12
   207.345115137      0.214808666455E-12
   213.628300444      0.132944882102E-12
   219.911485751      0.686600248517E-13
   226.194671058      0.294700238939E-13
   232.477856366      0.967773339277E-14
   238.761041673      0.263117181211E-14
   245.044226980      0.629500678157E-15
   251.327412287      0.680224477798E-15
   257.610597594      0.811120892096E-15
   263.893782902      0.570510935418E-15
   270.176968209      0.233710109762E-15
   276.460153516      0.551253138046E-16
   282.743338823      0.318329865848E-16
   289.026524130      0.410611657672E-16
   295.309709437      0.233723964892E-16
   301.592894745      0.775474987720E-17
   307.876080052      0.407509379032E-17
   314.159265359      0.437428847332E-17
   320.442450666      0.189246805924E-17
   326.725635973      0.848661428656E-18
   333.008821281      0.712356903730E-18
   339.292006588      0.386385434800E-18
   345.575191895      0.183937201315E-18
   351.858377202      0.138150127916E-18
   358.141562509      0.688277302192E-19
   364.424747816      0.427320595004E-19
   370.707933124      0.276469395661E-19
   376.991118431      0.153835393055E-19
   383.274303738      0.105135375818E-19
   389.557489045      0.658630233916E-20
   395.840674352      0.473552200415E-20
   402.123859659      0.348668470146E-20
   408.407044967      0.256058248331E-20
   414.690230274      0.208523473421E-20
   420.973415581      0.162008669207E-20
   427.256600888      0.145064770555E-20
   433.539786195      0.124904735725E-20
   439.822971503      0.104437795647E-20
   446.106156810      0.830528315764E-21
   452.389342117      0.731337827390E-21
   458.672527424      0.604692627968E-21
   464.955712731      0.491561164478E-21
   471.238898038      0.372396894740E-21
   477.522083346      0.282830742671E-21
   483.805268653      0.211956772640E-21
   490.088453960      0.168184494955E-21
   496.371639267      0.122374676434E-21
   502.654824574      0.913357328927E-22
   508.938009882      0.572780222614E-22
   515.221195189      0.306801819691E-22
   521.504380496      0.205488306478E-22
   527.787565803      0.133398633846E-22
   534.070751110      0.466413571420E-23
   540.353936417      0.176347143954E-23
   546.637121725      0.189945231111E-23
   552.920307032      0.688032194918E-24
   559.203492339      0.388404924586E-24
   565.486677646      0.241970226620E-24
   571.769862953      0.866897134973E-25
   578.053048261      0.347899787776E-25
   584.336233568      0.648251837036E-26
   590.619418875      0.104993094095E-26
   596.902604182      0.332367902084E-27
   603.185789489      0.235147610455E-28
   609.468974796      0.438134788980E-30
   615.752160104      0.257181091771E-31
   622.035345411      0.700571117469E-34
   628.318530718      0.384858868699E-34
   634.601716025      0.263964016773E-34
   640.884901332      0.248464549411E-34
   647.168086639      0.204443962555E-34
   653.451271947      0.417054103096E-34
   659.734457254      0.306700751407E-34
   666.017642561      0.265286791096E-34
   672.300827868      0.137946021641E-34
   678.584013175      0.188625254264E-34
   684.867198483      0.429045934523E-34
   691.150383790      0.159026505560E-34
   697.433569097      0.128415569820E-34
   703.716754404      0.138106060746E-33
   709.999939711      0.414516629335E-34
   716.283125018      0.630273597086E-34
   722.566310326      0.154142629952E-34
   728.849495633      0.206104687257E-34
   735.132680940      0.203738083891E-34
   741.415866247      0.191529358047E-34
   747.699051554      0.146153814867E-34
   753.982236862      0.326373456582E-34
   760.265422169      0.356458525190E-34
   766.548607476      0.236629052716E-34
   772.831792783      0.197882319018E-34
   779.114978090      0.257823458261E-34
   785.398163397      0.218473623158E-34
   791.681348705      0.174298641529E-34
   797.964534012      0.203678431228E-34
   804.247719319      0.188984880269E-33
   810.530904626      0.258563232177E-34
   816.814089933      0.324362626754E-33
   823.097275241      0.291873380284E-34
   829.380460548      0.443238497775E-34
   835.663645855      0.308480965661E-34
   841.946831162      0.283741093017E-34
   848.230016469      0.265856411958E-34
   854.513201776      0.469637990432E-34
   860.796387084      0.407827606187E-34
   867.079572391      0.499069284075E-34
   873.362757698      0.274800478138E-34
   879.645943005      0.340104513588E-34
   885.929128312      0.230467777120E-34
   892.212313620      0.503637352662E-34
   898.495498927      0.228729950704E-34
   904.778684234      0.335845366582E-34
   911.061869541      0.524597323921E-34
   917.345054848      0.557398857653E-34
   923.628240155      0.220147340234E-34
   929.911425463      0.521561503048E-34
   936.194610770      0.339626933724E-34
   942.477796077      0.501350490492E-34
   948.760981384      0.281870797103E-34
   955.044166691      0.396292089232E-34
   961.327351998      0.308642847345E-34
   967.610537306      0.292953286981E-34
   973.893722613      0.189992370758E-34
   980.176907920      0.262579470618E-34
   986.460093227      0.288078271098E-34
   992.743278534      0.341013958725E-34
   999.026463842      0.194403950599E-34
   1005.30964915      0.109285960230E-33
   1011.59283446      0.100954665976E-33
   1017.87601976      0.688561501835E-34
   1024.15920507      0.263865459975E-34
   1030.44239038      0.309206579812E-34
   1036.72557568      0.456383781857E-34
   1043.00876099      0.253860951866E-34
   1049.29194630      0.268326772510E-34
   1055.57513161      0.443004423596E-34
   1061.85831691      0.276232231630E-34
   1068.14150222      0.462332952694E-34
   1074.42468753      0.257054957924E-34
   1080.70787283      0.189390994014E-34
   1086.99105814      0.204364510501E-34
   1093.27424345      0.184437835540E-34
   1099.55742876      0.189801324352E-34
   1105.84061406      0.174298233403E-34
   1112.12379937      0.205154060851E-34
   1118.40698468      0.166938091396E-34
   1124.69016999      0.170309018912E-34
   1130.97335529      0.160605397725E-34
   1137.25654060      0.163221368417E-34
   1143.53972591      0.163232734937E-34
   1149.82291121      0.152873335667E-34
   1156.10609652      0.159109403367E-34
   1162.38928183      0.153099827806E-34
   1168.67246714      0.142534917694E-34
   1174.95565244      0.146801225009E-34
   1181.23883775      0.138461203322E-34
   1187.52202306      0.142711269354E-34
   1193.80520836      0.138300590560E-34
   1200.08839367      0.131393401229E-34
   1206.37157898      0.158697381046E-34
   1212.65476429      0.194033910530E-34
   1218.93794959      0.173633860382E-34
   1225.22113490      0.133425083376E-34
   1231.50432021      0.135152243270E-34
   1237.78750551      0.139878371433E-34
   1244.07069082      0.122284533696E-34
   1250.35387613      0.124507890489E-34
   1256.63706144      0.117522999654E-34
   1262.92024674      0.133127065349E-34
   1269.20343205      0.121155438877E-34
   1275.48661736      0.110165416100E-34
   1281.76980266      0.115863691059E-34
   1288.05298797      0.113566360088E-34
   1294.33617328      0.115418982693E-34
   1300.61935859      0.115606850808E-34
   1306.90254389      0.113164837262E-34
   1313.18572920      0.128874680170E-34
   1319.46891451      0.116225461455E-34
   1325.75209981      0.105025474729E-34
   1332.03528512      0.969707786652E-35
   1338.31847043      0.103444395541E-34
   1344.60165574      0.986243102919E-35
   1350.88484104      0.885638369333E-35
   1357.16802635      0.962518296322E-35
   1363.45121166      0.113599695313E-34
   1369.73439697      0.907290267208E-35
   1376.01758227      0.872586001694E-35
   1382.30076758      0.870229430309E-35
   1388.58395289      0.929081435732E-35
   1394.86713819      0.833260346057E-35
   1401.15032350      0.886945639335E-35
   1407.43350881      0.107668910490E-34
   1413.71669412      0.108104654362E-34
   1419.99987942      0.100158927268E-34
   1426.28306473      0.782993747819E-35
   1432.56625004      0.760197795920E-35
   1438.84943534      0.882723462253E-35
   1445.13262065      0.786435002505E-35
   1451.41580596      0.642323297832E-35
   1457.69899127      0.736013568839E-35
   1463.98217657      0.812946662064E-35
   1470.26536188      0.722872816266E-35
   1476.54854719      0.700489101675E-35
   1482.83173249      0.591742854335E-35
   1489.11491780      0.691932315727E-35
   1495.39810311      0.612937342803E-35
   1501.68128842      0.659961304983E-35
   1507.96447372      0.634948772975E-35
   1514.24765903      0.808056808897E-35
   1520.53084434      0.765137120381E-35
   1526.81402964      0.616544510291E-35
   1533.09721495      0.534979480251E-35
   1539.38040026      0.674271070442E-35
   1545.66358557      0.532288642677E-35
   1551.94677087      0.532637572047E-35
   1558.22995618      0.606651346052E-35
   1564.51314149      0.647145440831E-35
   1570.79632679      0.561459409563E-35
   1577.07951210      0.507525522310E-35
   1583.36269741      0.584501644978E-35
   1589.64588272      0.588421253743E-35
   1595.92906802      0.559480976508E-35
   1602.21225333      0.508077584488E-35
   1608.49543864      0.130778410477E-34
   1614.77862395      0.591853848237E-35
   1621.06180925      0.508223772570E-35
   1627.34499456      0.468054290515E-35
   1633.62817987      0.466362440092E-35
   1639.91136517      0.458002867808E-35
   1646.19455048      0.443482849021E-35
   1652.47773579      0.427828185441E-35
   1658.76092110      0.405877380975E-35
   1665.04410640      0.420317335830E-35
   1671.32729171      0.393893980561E-35
   1677.61047702      0.397037828708E-35
   1683.89366232      0.378293270195E-35
   1690.17684763      0.372714745503E-35
   1696.46003294      0.360696361613E-35
   1702.74321825      0.367429417359E-35
   1709.02640355      0.363509022308E-35
   1715.30958886      0.360669876475E-35
   1721.59277417      0.362254800412E-35
   1727.87595947      0.346931085382E-35
   1734.15914478      0.350308503731E-35
   1740.44233009      0.329551732231E-35
   1746.72551540      0.340085422139E-35
   1753.00870070      0.329521145028E-35
   1759.29188601      0.327716845130E-35
   1765.57507132      0.326510673972E-35
   1771.85825662      0.307847156159E-35
   1778.14144193      0.301872670744E-35
   1784.42462724      0.315117985494E-35
   1790.70781255      0.298829282340E-35
   1796.99099785      0.295233544114E-35
   1803.27418316      0.274035568213E-35
   1809.55736847      0.275631868000E-35
   1815.84055377      0.281478650106E-35
   1822.12373908      0.291248532776E-35
   1828.40692439      0.265880513170E-35
   1834.69010970      0.261145110679E-35
   1840.97329500      0.277824851713E-35
   1847.25648031      0.262580805895E-35
   1853.53966562      0.255140715311E-35
   1859.82285093      0.263800109408E-35
   1866.10603623      0.253809545540E-35
   1872.38922154      0.252007218652E-35
   1878.67240685      0.254285363359E-35
   1884.95559215      0.251434136655E-35
   1891.23877746      0.238251994633E-35
   1897.52196277      0.243919820392E-35
   1903.80514808      0.255185340238E-35
   1910.08833338      0.228933448289E-35
   1916.37151869      0.241660510334E-35
   1922.65470400      0.232288198563E-35
   1928.93788930      0.224318455977E-35
   1935.22107461      0.231694205830E-35
   1941.50425992      0.224505313182E-35
   1947.78744523      0.223383187053E-35
   1954.07063053      0.227218682230E-35
   1960.35381584      0.219230748955E-35
   1966.63700115      0.212518630559E-35
   1972.92018645      0.206641058635E-35
   1979.20337176      0.211680862210E-35
   1985.48655707      0.203156199014E-35
   1991.76974238      0.217079830512E-35
   1998.05292768      0.199632911582E-35
   2004.33611299      0.220097603999E-35
   2010.61929830      0.196158571780E-35
   2016.90248360      0.187691671346E-35
   2023.18566891      0.195998805683E-35
   2029.46885422      0.187047697033E-35
   2035.75203953      0.180142513876E-35
   2042.03522483      0.183903742846E-35
   2048.31841014      0.172663758800E-35
   2054.60159545      0.183785557521E-35
   2060.88478075      0.174350274703E-35
   2067.16796606      0.171310754902E-35
   2073.45115137      0.173320957732E-35
   2079.73433668      0.163012957978E-35
   2086.01752198      0.167207008227E-35
   2092.30070729      0.159568569732E-35
   2098.58389260      0.163225280813E-35
   2104.86707791      0.157848843205E-35
   2111.15026321      0.145333573825E-35
   2117.43344852      0.154110814056E-35
   2123.71663383      0.147447346458E-35
   2129.99981913      0.153127698705E-35
   2136.28300444      0.131646726299E-35
   2142.56618975      0.142850169655E-35
   2148.84937506      0.127404079091E-35
   2155.13256036      0.142171277795E-35
   2161.41574567      0.125373662602E-35
   2167.69893098      0.127745394903E-35
   2173.98211628      0.123563841969E-35
   2180.26530159      0.122427488105E-35
   2186.54848690      0.112311453524E-35
   2192.83167221      0.119908428041E-35
   2199.11485751      0.105943651550E-35
   2205.39804282      0.119638024194E-35
   2211.68122813      0.107528172582E-35
   2217.96441343      0.119928858227E-35
   2224.24759874      0.987008053578E-36
   2230.53078405      0.971348855895E-36
   2236.81396936      0.104179617195E-35
   2243.09715466      0.925775860539E-36
   2249.38033997      0.948189932760E-36
   2255.66352528      0.833390242605E-36
   2261.94671058      0.968678110255E-36
   2268.22989589      0.854186591374E-36
   2274.51308120      0.810318340729E-36
   2280.79626651      0.725336886805E-36
   2287.07945181      0.635052249826E-36
   2293.36263712      0.596704554544E-36
   2299.64582243      0.593395239857E-36
   2305.92900773      0.565311657732E-36
   2312.21219304      0.543705133652E-36
   2318.49537835      0.522925935784E-36
   2324.77856366      0.509280256735E-36
   2331.06174896      0.493873097810E-36
   2337.34493427      0.473964019084E-36
   2343.62811958      0.448244565444E-36
   2349.91130489      0.446473923614E-36
   2356.19449019      0.430004093600E-36
   2362.47767550      0.422278087763E-36
   2368.76086081      0.399508413410E-36
   2375.04404611      0.384694085498E-36
   2381.32723142      0.362710967739E-36
   2387.61041673      0.364037039030E-36
   2393.89360204      0.344080295576E-36
   2400.17678734      0.343006383183E-36
   2406.45997265      0.321974787489E-36
   2412.74315796      0.309904516623E-36
   2419.02634326      0.300341228537E-36
   2425.30952857      0.299318081043E-36
   2431.59271388      0.283422265026E-36
   2437.87589919      0.267360487261E-36
   2444.15908449      0.258014022353E-36
   2450.44226980      0.251046908824E-36
   2456.72545511      0.241114210218E-36
   2463.00864041      0.237028072907E-36
   2469.29182572      0.226172306879E-36
   2475.57501103      0.222246712001E-36
   2481.85819634      0.208660248651E-36
   2488.14138164      0.197848949583E-36
   2494.42456695      0.194932942528E-36
   2500.70775226      0.177249474749E-36
   2506.99093756      0.170327000311E-36
   2513.27412287      0.172931701910E-36
   2519.55730818      0.164250439810E-36
   2525.84049349      0.158939004035E-36
   2532.12367879      0.152784962174E-36
   2538.40686410      0.141675119346E-36
   2544.69004941      0.136939486710E-36
   2550.97323471      0.130117721490E-36
   2557.25642002      0.125486214127E-36
   2563.53960533      0.116598118750E-36
   2569.82279064      0.108413707722E-36
   2576.10597594      0.101013908515E-36
   2582.38916125      0.101722996155E-36
   2588.67234656      0.945472645374E-37
   2594.95553187      0.909640112873E-37
   2601.23871717      0.820789429724E-37
   2607.52190248      0.749044847007E-37
   2613.80508779      0.771017413915E-37
   2620.08827309      0.759776127289E-37
   2626.37145840      0.689045509993E-37
   2632.65464371      0.671027931660E-37
   2638.93782902      0.556343994858E-37
   2645.22101432      0.536044818874E-37
   2651.50419963      0.515944428421E-37
   2657.78738494      0.525152738215E-37
   2664.07057024      0.436619301402E-37
   2670.35375555      0.394235766254E-37
   2676.63694086      0.389542096925E-37
   2682.92012617      0.371585116926E-37
   2689.20331147      0.331534451750E-37
   2695.48649678      0.248857871263E-37
   2701.76968209      0.286785686547E-37
   2708.05286739      0.241963211478E-37
   2714.33605270      0.192786031765E-37
   2720.61923801      0.146236424602E-37
   2726.90242332      0.196396263372E-37
   2733.18560862      0.161445165143E-37
   2739.46879393      0.127108903691E-37
   2745.75197924      0.649944272630E-38
   2752.03516454      0.874933954088E-38
   2758.31834985      0.803109796729E-38
   2764.60153516      0.638030560979E-38
   2770.88472047      0.146122096937E-38
   2777.16790577      0.235978506952E-38
   2783.45109108      0.661543240293E-39
   2789.73427639      0.393917535988E-41
   6.28318530718      0.233251660711E-37
   12.5663706144      0.882426078633E-02
   18.8495559215      0.963314583081E-04
   25.1327412287      0.790564121379E-05
   31.4159265359      0.435936265570E-06
   37.6991118431      0.594436471792E-07
   43.9822971503      0.746773411836E-08
   50.2654824574      0.171503348179E-08
   56.5486677646      0.348946527255E-09
   62.8318530718      0.107873240991E-09
   69.1150383790      0.327213049047E-10
   75.3982236862      0.124357712841E-10
   81.6814089933      0.602060344924E-11
   87.9645943005      0.370911344134E-11
   94.2477796077      0.286693121247E-11
   100.530964915      0.281347748235E-11
   106.814150222      0.286211806112E-11
   113.097335529      0.281112242614E-11
   119.380520836      0.289437519919E-11
   125.663706144      0.295291578577E-11
   131.946891451      0.286532584226E-11
   138.230076758      0.247430502030E-11
   144.513262065      0.253034724632E-11
   150.796447372      0.236354301090E-11
   157.079632679      0.199106522628E-11
   163.362817987      0.172435312999E-11
   169.646003294      0.154286943858E-11
   175.929188601      0.127364248488E-11
   182.212373908      0.912962519234E-12
   188.495559215      0.737373328178E-12
   194.778744523      0.528640333908E-12
   201.061929830      0.368692197714E-12
   207.345115137      0.219562268692E-12
   213.628300444      0.136500117799E-12
   219.911485751      0.709159340016E-13
   226.194671058      0.306911068190E-13
   232.477856366      0.102056886723E-13
   238.761041673      0.282048576490E-14
   245.044226980      0.650262792898E-15
   251.327412287      0.665381483010E-15
   257.610597594      0.807524523134E-15
   263.893782902      0.578463322152E-15
   270.176968209      0.241844946789E-15
   276.460153516      0.576571332640E-16
   282.743338823      0.313871070878E-16
   289.026524130      0.408578683932E-16
   295.309709437      0.237933585391E-16
   301.592894745      0.798836868019E-17
   307.876080052      0.404421574614E-17
   314.159265359      0.437711080124E-17
   320.442450666      0.192856944764E-17
   326.725635973      0.850688763997E-18
   333.008821281      0.711375659931E-18
   339.292006588      0.391321559221E-18
   345.575191895      0.184221955448E-18
   351.858377202      0.138493792919E-18
   358.141562509      0.692929410926E-19
   364.424747816      0.427507521100E-19
   370.707933124      0.277580788774E-19
   376.991118431      0.154206089675E-19
   383.274303738      0.105334502895E-19
   389.557489045      0.659788045675E-20
   395.840674352      0.474169044172E-20
   402.123859659      0.349056652258E-20
   408.407044967      0.256422502568E-20
   414.690230274      0.208624082582E-20
   420.973415581      0.162182469614E-20
   427.256600888      0.145135871165E-20
   433.539786195      0.124963149002E-20
   439.822971503      0.104469956092E-20
   446.106156810      0.830594640406E-21
   452.389342117      0.731803958613E-21
   458.672527424      0.604745302882E-21
   464.955712731      0.491650619440E-21
   471.238898038      0.372429957823E-21
   477.522083346      0.282837180592E-21
   483.805268653      0.212021651759E-21
   490.088453960      0.168201448804E-21
   496.371639267      0.122334253150E-21
   502.654824574      0.913517894713E-22
   508.938009882      0.572833280417E-22
   515.221195189      0.306675236812E-22
   521.504380496      0.205487809684E-22
   527.787565803      0.133398657695E-22
   534.070751110      0.466079071009E-23
   540.353936417      0.176173487623E-23
   546.637121725      0.190007346341E-23
   552.920307032      0.688156363523E-24
   559.203492339      0.387610389394E-24
   565.486677646      0.241668908278E-24
   571.769862953      0.868100289358E-25
   578.053048261      0.347173722086E-25
   584.336233568      0.645326586839E-26
   590.619418875      0.104851318764E-26
   596.902604182      0.332367892706E-27
   603.185789489      0.235147813244E-28
   609.468974796      0.438133405894E-30
   615.752160104      0.257597783546E-31
   622.035345411      0.731731368498E-34
   628.318530718      0.435839019917E-34
   634.601716025      0.363551397018E-34
   640.884901332      0.292148125874E-34
   647.168086639      0.216887924199E-34
   653.451271947      0.452651818910E-34
   659.734457254      0.325386151110E-34
   666.017642561      0.285017456293E-34
   672.300827868      0.170726940813E-34
   678.584013175      0.207670385152E-34
   684.867198483      0.521632361773E-34
   691.150383790      0.166877287857E-34
   697.433569097      0.147957742792E-34
   703.716754404      0.152237944590E-33
   709.999939711      0.446811630821E-34
   716.283125018      0.667004515549E-34
   722.566310326      0.180482787058E-34
   728.849495633      0.261466076962E-34
   735.132680940      0.198267760548E-34
   741.415866247      0.220211110776E-34
   747.699051554      0.160499326606E-34
   753.982236862      0.353921979644E-34
   760.265422169      0.300291031717E-34
   766.548607476      0.257375666620E-34
   772.831792783      0.203543891155E-34
   779.114978090      0.281236526367E-34
   785.398163397      0.230800515570E-34
   791.681348705      0.211897797658E-34
   797.964534012      0.216564884357E-34
   804.247719319      0.228213968301E-33
   810.530904626      0.281488461983E-34
   816.814089933      0.383846041462E-33
   823.097275241      0.313463134957E-34
   829.380460548      0.498335291980E-34
   835.663645855      0.308692872257E-34
   841.946831162      0.327426991182E-34
   848.230016469      0.310251327454E-34
   854.513201776      0.557732612388E-34
   860.796387084      0.519175345652E-34
   867.079572391      0.585568991836E-34
   873.362757698      0.293814628955E-34
   879.645943005      0.386434079309E-34
   885.929128312      0.253658249824E-34
   892.212313620      0.536518104967E-34
   898.495498927      0.252105289552E-34
   904.778684234      0.378292935372E-34
   911.061869541      0.487914419992E-34
   917.345054848      0.579071223592E-34
   923.628240155      0.243519354759E-34
   929.911425463      0.570631817449E-34
   936.194610770      0.345551849357E-34
   942.477796077      0.564554948445E-34
   948.760981384      0.270892534108E-34
   955.044166691      0.434468859408E-34
   961.327351998      0.271169944262E-34
   967.610537306      0.325823432445E-34
   973.893722613      0.205035932257E-34
   980.176907920      0.298865066274E-34
   986.460093227      0.411487161608E-34
   992.743278534      0.397579460936E-34
   999.026463842      0.223509769733E-34
   1005.30964915      0.151425247873E-33
   1011.59283446      0.110027040313E-33
   1017.87601976      0.817100124245E-34
   1024.15920507      0.276987841573E-34
   1030.44239038      0.346670380499E-34
   1036.72557568      0.495592631343E-34
   1043.00876099      0.290987498674E-34
   1049.29194630      0.265424795666E-34
   1055.57513161      0.493390707550E-34
   1061.85831691      0.277039637571E-34
   1068.14150222      0.520517922583E-34
   1074.42468753      0.270003771889E-34
   1080.70787283      0.206738596059E-34
   1086.99105814      0.218433014279E-34
   1093.27424345      0.205215156423E-34
   1099.55742876      0.201095107737E-34
   1105.84061406      0.190622663231E-34
   1112.12379937      0.201314334847E-34
   1118.40698468      0.178367820663E-34
   1124.69016999      0.190459893878E-34
   1130.97335529      0.172051435884E-34
   1137.25654060      0.176384435163E-34
   1143.53972591      0.174391396637E-34
   1149.82291121      0.168772829944E-34
   1156.10609652      0.175986735844E-34
   1162.38928183      0.165574157867E-34
   1168.67246714      0.160638398766E-34
   1174.95565244      0.155839265841E-34
   1181.23883775      0.152710692144E-34
   1187.52202306      0.160262887838E-34
   1193.80520836      0.146045809119E-34
   1200.08839367      0.152693018133E-34
   1206.37157898      0.173143741847E-34
   1212.65476429      0.233506648673E-34
   1218.93794959      0.183755526352E-34
   1225.22113490      0.145732743506E-34
   1231.50432021      0.144384836428E-34
   1237.78750551      0.143600009199E-34
   1244.07069082      0.128766937433E-34
   1250.35387613      0.132152299636E-34
   1256.63706144      0.125294799450E-34
   1262.92024674      0.146973463125E-34
   1269.20343205      0.129718504873E-34
   1275.48661736      0.115443100449E-34
   1281.76980266      0.124040848950E-34
   1288.05298797      0.125353864754E-34
   1294.33617328      0.120589286357E-34
   1300.61935859      0.124012692852E-34
   1306.90254389      0.125110072488E-34
   1313.18572920      0.136302093123E-34
   1319.46891451      0.126919021897E-34
   1325.75209981      0.110805138308E-34
   1332.03528512      0.108215373922E-34
   1338.31847043      0.117990546441E-34
   1344.60165574      0.107492959629E-34
   1350.88484104      0.923597226919E-35
   1357.16802635      0.103186718174E-34
   1363.45121166      0.125157957789E-34
   1369.73439697      0.961311560371E-35
   1376.01758227      0.951982341811E-35
   1382.30076758      0.930500187209E-35
   1388.58395289      0.985583887654E-35
   1394.86713819      0.863510761632E-35
   1401.15032350      0.939244362790E-35
   1407.43350881      0.977209037787E-35
   1413.71669412      0.109160980221E-34
   1419.99987942      0.969548637761E-35
   1426.28306473      0.850699840622E-35
   1432.56625004      0.819255200291E-35
   1438.84943534      0.784153610533E-35
   1445.13262065      0.825896777117E-35
   1451.41580596      0.703374055456E-35
   1457.69899127      0.791079210178E-35
   1463.98217657      0.102418615548E-34
   1470.26536188      0.762558940348E-35
   1476.54854719      0.768730691044E-35
   1482.83173249      0.655328627164E-35
   1489.11491780      0.656841420594E-35
   1495.39810311      0.618215958845E-35
   1501.68128842      0.620607544719E-35
   1507.96447372      0.639323981678E-35
   1514.24765903      0.100094949372E-34
   1520.53084434      0.660017879722E-35
   1526.81402964      0.539091536039E-35
   1533.09721495      0.571208522095E-35
   1539.38040026      0.552510381394E-35
   1545.66358557      0.529817867327E-35
   1551.94677087      0.509565203039E-35
   1558.22995618      0.553330366958E-35
   1564.51314149      0.729878799522E-35
   1570.79632679      0.629735051769E-35
   1577.07951210      0.576904053653E-35
   1583.36269741      0.603469065354E-35
   1589.64588272      0.701221840100E-35
   1595.92906802      0.547402592603E-35
   1602.21225333      0.509116718066E-35
   1608.49543864      0.115706737011E-34
   1614.77862395      0.179907828957E-34
   1621.06180925      0.522023090684E-35
   1627.34499456      0.476934576672E-35
   1633.62817987      0.460729822859E-35
   1639.91136517      0.449875354973E-35
   1646.19455048      0.453087841390E-35
   1652.47773579      0.420693402097E-35
   1658.76092110      0.434298436683E-35
   1665.04410640      0.418710596336E-35
   1671.32729171      0.415965100343E-35
   1677.61047702      0.394257191541E-35
   1683.89366232      0.402721952629E-35
   1690.17684763      0.384785427013E-35
   1696.46003294      0.360032010942E-35
   1702.74321825      0.354983398396E-35
   1709.02640355      0.358091012749E-35
   1715.30958886      0.365671382260E-35
   1721.59277417      0.344237303603E-35
   1727.87595947      0.341467132039E-35
   1734.15914478      0.345661985706E-35
   1740.44233009      0.347078490570E-35
   1746.72551540      0.343253746555E-35
   1753.00870070      0.332543947855E-35
   1759.29188601      0.328364330959E-35
   1765.57507132      0.324701065489E-35
   1771.85825662      0.317674140901E-35
   1778.14144193      0.305735793402E-35
   1784.42462724      0.316910475204E-35
   1790.70781255      0.304355826293E-35
   1796.99099785      0.299112475881E-35
   1803.27418316      0.276753361960E-35
   1809.55736847      0.282885832421E-35
   1815.84055377      0.289617060055E-35
   1822.12373908      0.278695095313E-35
   1828.40692439      0.264674003817E-35
   1834.69010970      0.259672340579E-35
   1840.97329500      0.269806442113E-35
   1847.25648031      0.260252040206E-35
   1853.53966562      0.255046742073E-35
   1859.82285093      0.264053636175E-35
   1866.10603623      0.251838696156E-35
   1872.38922154      0.259268310645E-35
   1878.67240685      0.245906727386E-35
   1884.95559215      0.250933388837E-35
   1891.23877746      0.239385631210E-35
   1897.52196277      0.250287159748E-35
   1903.80514808      0.234230233054E-35
   1910.08833338      0.229628040498E-35
   1916.37151869      0.237209722037E-35
   1922.65470400      0.236512775600E-35
   1928.93788930      0.227495424202E-35
   1935.22107461      0.229851210585E-35
   1941.50425992      0.224590557079E-35
   1947.78744523      0.230929610352E-35
   1954.07063053      0.222137617866E-35
   1960.35381584      0.220706703091E-35
   1966.63700115      0.213572291720E-35
   1972.92018645      0.221369600402E-35
   1979.20337176      0.203940046899E-35
   1985.48655707      0.210284994166E-35
   1991.76974238      0.215301480916E-35
   1998.05292768      0.201939801256E-35
   2004.33611299      0.199058592314E-35
   2010.61929830      0.198958096539E-35
   2016.90248360      0.193221212376E-35
   2023.18566891      0.196154967216E-35
   2029.46885422      0.186201221456E-35
   2035.75203953      0.190582990595E-35
   2042.03522483      0.182711771959E-35
   2048.31841014      0.177385019579E-35
   2054.60159545      0.174400358461E-35
   2060.88478075      0.171742229386E-35
   2067.16796606      0.175109911428E-35
   2073.45115137      0.172807253978E-35
   2079.73433668      0.164218019734E-35
   2086.01752198      0.160015318776E-35
   2092.30070729      0.161085294275E-35
   2098.58389260      0.165382939517E-35
   2104.86707791      0.158577555052E-35
   2111.15026321      0.148373344336E-35
   2117.43344852      0.162016060370E-35
   2123.71663383      0.150860383987E-35
   2129.99981913      0.158972548161E-35
   2136.28300444      0.136964647569E-35
   2142.56618975      0.147225096207E-35
   2148.84937506      0.134752308476E-35
   2155.13256036      0.134897515434E-35
   2161.41574567      0.129982995219E-35
   2167.69893098      0.128097892286E-35
   2173.98211628      0.130810347983E-35
   2180.26530159      0.120908485995E-35
   2186.54848690      0.114474458258E-35
   2192.83167221      0.116891951770E-35
   2199.11485751      0.110203341311E-35
   2205.39804282      0.121990625102E-35
   2211.68122813      0.104703178186E-35
   2217.96441343      0.110670697172E-35
   2224.24759874      0.100622937973E-35
   2230.53078405      0.967517296265E-36
   2236.81396936      0.106925908313E-35
   2243.09715466      0.906381722401E-36
   2249.38033997      0.109165563141E-35
   2255.66352528      0.877318112544E-36
   2261.94671058      0.101982841229E-35
   2268.22989589      0.852807020336E-36
   2274.51308120      0.758013855440E-36
   2280.79626651      0.684435782740E-36
   2287.07945181      0.642029368167E-36
   2293.36263712      0.605802581040E-36
   2299.64582243      0.601277162042E-36
   2305.92900773      0.571721528754E-36
   2312.21219304      0.545474813507E-36
   2318.49537835      0.528110002922E-36
   2324.77856366      0.515310710416E-36
   2331.06174896      0.488655841165E-36
   2337.34493427      0.481987454438E-36
   2343.62811958      0.449073962491E-36
   2349.91130489      0.448379289798E-36
   2356.19449019      0.425169237348E-36
   2362.47767550      0.414553338040E-36
   2368.76086081      0.393463689270E-36
   2375.04404611      0.396464865426E-36
   2381.32723142      0.373119858710E-36
   2387.61041673      0.367622166459E-36
   2393.89360204      0.350637591802E-36
   2400.17678734      0.341959929368E-36
   2406.45997265      0.325289888305E-36
   2412.74315796      0.318099463266E-36
   2419.02634326      0.308120976653E-36
   2425.30952857      0.302817547776E-36
   2431.59271388      0.285448661386E-36
   2437.87589919      0.270726083781E-36
   2444.15908449      0.263953107178E-36
   2450.44226980      0.260568879447E-36
   2456.72545511      0.249219855626E-36
   2463.00864041      0.233932177658E-36
   2469.29182572      0.224008774754E-36
   2475.57501103      0.216349018972E-36
   2481.85819634      0.209198170071E-36
   2488.14138164      0.201370523532E-36
   2494.42456695      0.201550794266E-36
   2500.70775226      0.182764004711E-36
   2506.99093756      0.175455352779E-36
   2513.27412287      0.172100611714E-36
   2519.55730818      0.170388886027E-36
   2525.84049349      0.155539706914E-36
   2532.12367879      0.147997223407E-36
   2538.40686410      0.143464227378E-36
   2544.69004941      0.136761402508E-36
   2550.97323471      0.127227998033E-36
   2557.25642002      0.123795751921E-36
   2563.53960533      0.120617200046E-36
   2569.82279064      0.111937196607E-36
   2576.10597594      0.104743442669E-36
   2582.38916125      0.102173055365E-36
   2588.67234656      0.102693571718E-36
   2594.95553187      0.941745504309E-37
   2601.23871717      0.854912262557E-37
   2607.52190248      0.782970375053E-37
   2613.80508779      0.736477374478E-37
   2620.08827309      0.727580761683E-37
   2626.37145840      0.693988310274E-37
   2632.65464371      0.642855672711E-37
   2638.93782902      0.560473674415E-37
   2645.22101432      0.563957289865E-37
   2651.50419963      0.531242940665E-37
   2657.78738494      0.543896066545E-37
   2664.07057024      0.426672011168E-37
   2670.35375555      0.400360341192E-37
   2676.63694086      0.412183135618E-37
   2682.92012617      0.375553579841E-37
   2689.20331147      0.307234497280E-37
   2695.48649678      0.243392255839E-37
   2701.76968209      0.306183017133E-37
   2708.05286739      0.268603245038E-37
   2714.33605270      0.209350069913E-37
   2720.61923801      0.150059826443E-37
   2726.90242332      0.175840053325E-37
   2733.18560862      0.147235133005E-37
   2739.46879393      0.120234119248E-37
   2745.75197924      0.642448515335E-38
   2752.03516454      0.102891854210E-37
   2758.31834985      0.868742018213E-38
   2764.60153516      0.539927048292E-38
   2770.88472047      0.188183637502E-38
   2777.16790577      0.312181818387E-38
   2783.45109108      0.513767058535E-39
   2789.73427639      0.967568330431E-42
   6.28318530718      0.262489076152E-37
   12.5663706144      0.877114734820E-02
   18.8495559215      0.111470816415E-03
   25.1327412287      0.104491881242E-04
   31.4159265359      0.589245331085E-06
   37.6991118431      0.766089003076E-07
   43.9822971503      0.979380458309E-08
   50.2654824574      0.209706225397E-08
   56.5486677646      0.401388498920E-09
   62.8318530718      0.120425385206E-09
   69.1150383790      0.354026228852E-10
   75.3982236862      0.131536860578E-10
   81.6814089933      0.619365126423E-11
   87.9645943005      0.372302943602E-11
   94.2477796077      0.283713406967E-11
   100.530964915      0.277520491637E-11
   106.814150222      0.282317468443E-11
   113.097335529      0.277739441637E-11
   119.380520836      0.286617788438E-11
   125.663706144      0.293259118618E-11
   131.946891451      0.285128802031E-11
   138.230076758      0.246573994469E-11
   144.513262065      0.252831710253E-11
   150.796447372      0.236637917091E-11
   157.079632679      0.199694503453E-11
   163.362817987      0.173206985198E-11
   169.646003294      0.155373953179E-11
   175.929188601      0.128496322770E-11
   182.212373908      0.922817281929E-12
   188.495559215      0.746967997948E-12
   194.778744523      0.537138026748E-12
   201.061929830      0.375616433204E-12
   207.345115137      0.224451633483E-12
   213.628300444      0.140173083577E-12
   219.911485751      0.732589636423E-13
   226.194671058      0.319680828040E-13
   232.477856366      0.107636939230E-13
   238.761041673      0.302481411693E-14
   245.044226980      0.675414707221E-15
   251.327412287      0.650520615071E-15
   257.610597594      0.803063846268E-15
   263.893782902      0.586011813859E-15
   270.176968209      0.250080533155E-15
   276.460153516      0.603542367408E-16
   282.743338823      0.309726344666E-16
   289.026524130      0.406164150740E-16
   295.309709437      0.242005771492E-16
   301.592894745      0.822966196342E-17
   307.876080052      0.401552476272E-17
   314.159265359      0.437665138527E-17
   320.442450666      0.196420930732E-17
   326.725635973      0.853154658477E-18
   333.008821281      0.710070942223E-18
   339.292006588      0.396129268580E-18
   345.575191895      0.184536758638E-18
   351.858377202      0.138787738903E-18
   358.141562509      0.697473936209E-19
   364.424747816      0.427654111312E-19
   370.707933124      0.278626744643E-19
   376.991118431      0.154563242391E-19
   383.274303738      0.105520283864E-19
   389.557489045      0.660907675080E-20
   395.840674352      0.474754398642E-20
   402.123859659      0.349442020499E-20
   408.407044967      0.256779595661E-20
   414.690230274      0.208726616441E-20
   420.973415581      0.162356130034E-20
   427.256600888      0.145208415745E-20
   433.539786195      0.125021883597E-20
   439.822971503      0.104503515468E-20
   446.106156810      0.830663056743E-21
   452.389342117      0.732282674424E-21
   458.672527424      0.604792530601E-21
   464.955712731      0.491745860580E-21
   471.238898038      0.372465837460E-21
   477.522083346      0.282842928171E-21
   483.805268653      0.212086042204E-21
   490.088453960      0.168218667627E-21
   496.371639267      0.122293828130E-21
   502.654824574      0.913688432535E-22
   508.938009882      0.572900837700E-22
   515.221195189      0.306555600136E-22
   521.504380496      0.205490809496E-22
   527.787565803      0.133402826603E-22
   534.070751110      0.465766545074E-23
   540.353936417      0.176010299465E-23
   546.637121725      0.190067059762E-23
   552.920307032      0.688300245928E-24
   559.203492339      0.386878289093E-24
   565.486677646      0.241374009428E-24
   571.769862953      0.869370564206E-25
   578.053048261      0.346505887128E-25
   584.336233568      0.642469340716E-26
   590.619418875      0.104742412030E-26
   596.902604182      0.332367943807E-27
   603.185789489      0.235148079898E-28
   609.468974796      0.438146088541E-30
   615.752160104      0.257680154613E-31
   622.035345411      0.784341457914E-34
   628.318530718      0.526204162150E-34
   634.601716025      0.351941580004E-34
   640.884901332      0.356335806506E-34
   647.168086639      0.242836716881E-34
   653.451271947      0.534517090255E-34
   659.734457254      0.364483022353E-34
   666.017642561      0.334723920927E-34
   672.300827868      0.188012442515E-34
   678.584013175      0.216878100837E-34
   684.867198483      0.463255334096E-34
   691.150383790      0.182583488979E-34
   697.433569097      0.170264309086E-34
   703.716754404      0.177160164661E-33
   709.999939711      0.459815063453E-34
   716.283125018      0.753643643500E-34
   722.566310326      0.197343603344E-34
   728.849495633      0.280560875899E-34
   735.132680940      0.196523367766E-34
   741.415866247      0.228843435272E-34
   747.699051554      0.186196524402E-34
   753.982236862      0.428061061972E-34
   760.265422169      0.391516473961E-34
   766.548607476      0.287506982171E-34
   772.831792783      0.232239967209E-34
   779.114978090      0.297240274927E-34
   785.398163397      0.252090157695E-34
   791.681348705      0.228292281750E-34
   797.964534012      0.236683654877E-34
   804.247719319      0.288414404397E-33
   810.530904626      0.281849447575E-34
   816.814089933      0.473711734485E-33
   823.097275241      0.368034575360E-34
   829.380460548      0.563632476474E-34
   835.663645855      0.370564931335E-34
   841.946831162      0.393897894891E-34
   848.230016469      0.328238938188E-34
   854.513201776      0.637692815676E-34
   860.796387084      0.466161357025E-34
   867.079572391      0.632934120769E-34
   873.362757698      0.316918582378E-34
   879.645943005      0.445118774515E-34
   885.929128312      0.300693574986E-34
   892.212313620      0.569930291357E-34
   898.495498927      0.288194487923E-34
   904.778684234      0.424333391842E-34
   911.061869541      0.422622442676E-34
   917.345054848      0.669663280488E-34
   923.628240155      0.260676038522E-34
   929.911425463      0.673033462412E-34
   936.194610770      0.438373039618E-34
   942.477796077      0.646499262473E-34
   948.760981384      0.288711531092E-34
   955.044166691      0.497485730523E-34
   961.327351998      0.335131471673E-34
   967.610537306      0.354614515567E-34
   973.893722613      0.218031757551E-34
   980.176907920      0.315173709587E-34
   986.460093227      0.418629160784E-34
   992.743278534      0.460345336533E-34
   999.026463842      0.252097571938E-34
   1005.30964915      0.166631137715E-33
   1011.59283446      0.128957308914E-33
   1017.87601976      0.107705171895E-33
   1024.15920507      0.331962071806E-34
   1030.44239038      0.387082630280E-34
   1036.72557568      0.494592577114E-34
   1043.00876099      0.338994605451E-34
   1049.29194630      0.303371582421E-34
   1055.57513161      0.581088550143E-34
   1061.85831691      0.345626189648E-34
   1068.14150222      0.593962189148E-34
   1074.42468753      0.279629714925E-34
   1080.70787283      0.223931358606E-34
   1086.99105814      0.239535236139E-34
   1093.27424345      0.219535948268E-34
   1099.55742876      0.222296790243E-34
   1105.84061406      0.207631326584E-34
   1112.12379937      0.260339652419E-34
   1118.40698468      0.199153657368E-34
   1124.69016999      0.203604592844E-34
   1130.97335529      0.187436571079E-34
   1137.25654060      0.187415548217E-34
   1143.53972591      0.190923273454E-34
   1149.82291121      0.183097663191E-34
   1156.10609652      0.194003336794E-34
   1162.38928183      0.164452491650E-34
   1168.67246714      0.172528137166E-34
   1174.95565244      0.169600379757E-34
   1181.23883775      0.165080020726E-34
   1187.52202306      0.162474270849E-34
   1193.80520836      0.158481946720E-34
   1200.08839367      0.151324724314E-34
   1206.37157898      0.177460153369E-34
   1212.65476429      0.266863400130E-34
   1218.93794959      0.195334339794E-34
   1225.22113490      0.153046541966E-34
   1231.50432021      0.153903540312E-34
   1237.78750551      0.149575223891E-34
   1244.07069082      0.142769181130E-34
   1250.35387613      0.144526108512E-34
   1256.63706144      0.135382374168E-34
   1262.92024674      0.148874287746E-34
   1269.20343205      0.136254410567E-34
   1275.48661736      0.125479384149E-34
   1281.76980266      0.134865440783E-34
   1288.05298797      0.133372743066E-34
   1294.33617328      0.126251041494E-34
   1300.61935859      0.129170526299E-34
   1306.90254389      0.124994683649E-34
   1313.18572920      0.137730402275E-34
   1319.46891451      0.128476130746E-34
   1325.75209981      0.122669923279E-34
   1332.03528512      0.114012855755E-34
   1338.31847043      0.125474878242E-34
   1344.60165574      0.108161374439E-34
   1350.88484104      0.103661989312E-34
   1357.16802635      0.110351552712E-34
   1363.45121166      0.111632796128E-34
   1369.73439697      0.105987032758E-34
   1376.01758227      0.970522741848E-35
   1382.30076758      0.979259814979E-35
   1388.58395289      0.983276814455E-35
   1394.86713819      0.943110631906E-35
   1401.15032350      0.103811576907E-34
   1407.43350881      0.106240615187E-34
   1413.71669412      0.148997470097E-34
   1419.99987942      0.127544150875E-34
   1426.28306473      0.871799758379E-35
   1432.56625004      0.851242999157E-35
   1438.84943534      0.867277294306E-35
   1445.13262065      0.877841192828E-35
   1451.41580596      0.727069784359E-35
   1457.69899127      0.893731401732E-35
   1463.98217657      0.916879398777E-35
   1470.26536188      0.785504820269E-35
   1476.54854719      0.743815012959E-35
   1482.83173249      0.665625250779E-35
   1489.11491780      0.811358075886E-35
   1495.39810311      0.625735590309E-35
   1501.68128842      0.666164138723E-35
   1507.96447372      0.713294734451E-35
   1514.24765903      0.928536639769E-35
   1520.53084434      0.644870560898E-35
   1526.81402964      0.577703837998E-35
   1533.09721495      0.557912708854E-35
   1539.38040026      0.600403171875E-35
   1545.66358557      0.533783337868E-35
   1551.94677087      0.555137404430E-35
   1558.22995618      0.568222791267E-35
   1564.51314149      0.605145347355E-35
   1570.79632679      0.616853150697E-35
   1577.07951210      0.517488271627E-35
   1583.36269741      0.616634382501E-35
   1589.64588272      0.613943076280E-35
   1595.92906802      0.585412386434E-35
   1602.21225333      0.499270125041E-35
   1608.49543864      0.111416753681E-34
   1614.77862395      0.571300828544E-35
   1621.06180925      0.521476009109E-35
   1627.34499456      0.494030501923E-35
   1633.62817987      0.495175195410E-35
   1639.91136517      0.453515771962E-35
   1646.19455048      0.469190767334E-35
   1652.47773579      0.430735208787E-35
   1658.76092110      0.433074330254E-35
   1665.04410640      0.440947140734E-35
   1671.32729171      0.403487357920E-35
   1677.61047702      0.380601887547E-35
   1683.89366232      0.395806185129E-35
   1690.17684763      0.389924677523E-35
   1696.46003294      0.365304817415E-35
   1702.74321825      0.372152730610E-35
   1709.02640355      0.374599069147E-35
   1715.30958886      0.377178377443E-35
   1721.59277417      0.369477836486E-35
   1727.87595947      0.341617439325E-35
   1734.15914478      0.355778758605E-35
   1740.44233009      0.335845201139E-35
   1746.72551540      0.337386634039E-35
   1753.00870070      0.334642171644E-35
   1759.29188601      0.334839417794E-35
   1765.57507132      0.335085353339E-35
   1771.85825662      0.306518029202E-35
   1778.14144193      0.314862149320E-35
   1784.42462724      0.325385342715E-35
   1790.70781255      0.325769039722E-35
   1796.99099785      0.306348375150E-35
   1803.27418316      0.282931936747E-35
   1809.55736847      0.281900976380E-35
   1815.84055377      0.279680542394E-35
   1822.12373908      0.287135805112E-35
   1828.40692439      0.269556124393E-35
   1834.69010970      0.264040168063E-35
   1840.97329500      0.288161637262E-35
   1847.25648031      0.263562480582E-35
   1853.53966562      0.255207413631E-35
   1859.82285093      0.262191398757E-35
   1866.10603623      0.253594313829E-35
   1872.38922154      0.263122880166E-35
   1878.67240685      0.252141694783E-35
   1884.95559215      0.248010322079E-35
   1891.23877746      0.246304050545E-35
   1897.52196277      0.257882829253E-35
   1903.80514808      0.248689067433E-35
   1910.08833338      0.229993955335E-35
   1916.37151869      0.253750187249E-35
   1922.65470400      0.232442106809E-35
   1928.93788930      0.227517607751E-35
   1935.22107461      0.238932321687E-35
   1941.50425992      0.217099757104E-35
   1947.78744523      0.232424037838E-35
   1954.07063053      0.219902414095E-35
   1960.35381584      0.224106108036E-35
   1966.63700115      0.230804509018E-35
   1972.92018645      0.222444465526E-35
   1979.20337176      0.219836992213E-35
   1985.48655707      0.208647165114E-35
   1991.76974238      0.212788653214E-35
   1998.05292768      0.194783245950E-35
   2004.33611299      0.195792630511E-35
   2010.61929830      0.195474347052E-35
   2016.90248360      0.186044863343E-35
   2023.18566891      0.198989378268E-35
   2029.46885422      0.197142575631E-35
   2035.75203953      0.188909667601E-35
   2042.03522483      0.180958264255E-35
   2048.31841014      0.174931028523E-35
   2054.60159545      0.178165049010E-35
   2060.88478075      0.171200968366E-35
   2067.16796606      0.172798190885E-35
   2073.45115137      0.168805512958E-35
   2079.73433668      0.166341351284E-35
   2086.01752198      0.162743535337E-35
   2092.30070729      0.160885307799E-35
   2098.58389260      0.167479772752E-35
   2104.86707791      0.158833536815E-35
   2111.15026321      0.147434488227E-35
   2117.43344852      0.161358385507E-35
   2123.71663383      0.148559460943E-35
   2129.99981913      0.164369379632E-35
   2136.28300444      0.136013693286E-35
   2142.56618975      0.153731628071E-35
   2148.84937506      0.130023706167E-35
   2155.13256036      0.132870173385E-35
   2161.41574567      0.127739764933E-35
   2167.69893098      0.130990491356E-35
   2173.98211628      0.129202358514E-35
   2180.26530159      0.128959516267E-35
   2186.54848690      0.122443424474E-35
   2192.83167221      0.118083532684E-35
   2199.11485751      0.114460726486E-35
   2205.39804282      0.114026153268E-35
   2211.68122813      0.101104649004E-35
   2217.96441343      0.119528446234E-35
   2224.24759874      0.990005605856E-36
   2230.53078405      0.983411696652E-36
   2236.81396936      0.101609659153E-35
   2243.09715466      0.950377130712E-36
   2249.38033997      0.936505060056E-36
   2255.66352528      0.844832571942E-36
   2261.94671058      0.934978380921E-36
   2268.22989589      0.884499257942E-36
   2274.51308120      0.785488808695E-36
   2280.79626651      0.728086489163E-36
   2287.07945181      0.654547243097E-36
   2293.36263712      0.615150951366E-36
   2299.64582243      0.603305725957E-36
   2305.92900773      0.572462473136E-36
   2312.21219304      0.556315114676E-36
   2318.49537835      0.525274022880E-36
   2324.77856366      0.513298064855E-36
   2331.06174896      0.491630787564E-36
   2337.34493427      0.489839962122E-36
   2343.62811958      0.457297038069E-36
   2349.91130489      0.447364317374E-36
   2356.19449019      0.430400990599E-36
   2362.47767550      0.422529896697E-36
   2368.76086081      0.397208377369E-36
   2375.04404611      0.400865593287E-36
   2381.32723142      0.376371654845E-36
   2387.61041673      0.368389684384E-36
   2393.89360204      0.355708097682E-36
   2400.17678734      0.344990952433E-36
   2406.45997265      0.332286043174E-36
   2412.74315796      0.310616624508E-36
   2419.02634326      0.303150966007E-36
   2425.30952857      0.297105587218E-36
   2431.59271388      0.282976687619E-36
   2437.87589919      0.275759822842E-36
   2444.15908449      0.270389424883E-36
   2450.44226980      0.257427420173E-36
   2456.72545511      0.249195588134E-36
   2463.00864041      0.235994294767E-36
   2469.29182572      0.229313288150E-36
   2475.57501103      0.223049919901E-36
   2481.85819634      0.213255248855E-36
   2488.14138164      0.200177667354E-36
   2494.42456695      0.198655776234E-36
   2500.70775226      0.186730511676E-36
   2506.99093756      0.184326826726E-36
   2513.27412287      0.175806768488E-36
   2519.55730818      0.168514255578E-36
   2525.84049349      0.159168122744E-36
   2532.12367879      0.154719452374E-36
   2538.40686410      0.140913890885E-36
   2544.69004941      0.138485538767E-36
   2550.97323471      0.126960072187E-36
   2557.25642002      0.129133495781E-36
   2563.53960533      0.124602037407E-36
   2569.82279064      0.113544414952E-36
   2576.10597594      0.100894616715E-36
   2582.38916125      0.997934664019E-37
   2588.67234656      0.974917592418E-37
   2594.95553187      0.911032157005E-37
   2601.23871717      0.861031219387E-37
   2607.52190248      0.823438939414E-37
   2613.80508779      0.782093935985E-37
   2620.08827309      0.718743853183E-37
   2626.37145840      0.705866151292E-37
   2632.65464371      0.666266984767E-37
   2638.93782902      0.591339646306E-37
   2645.22101432      0.582317796759E-37
   2651.50419963      0.530385328699E-37
   2657.78738494      0.507276497701E-37
   2664.07057024      0.400303576180E-37
   2670.35375555      0.400022433635E-37
   2676.63694086      0.419407028454E-37
   2682.92012617      0.376846773374E-37
   2689.20331147      0.324815503785E-37
   2695.48649678      0.248345914385E-37
   2701.76968209      0.294801605047E-37
   2708.05286739      0.265646757739E-37
   2714.33605270      0.213197613730E-37
   2720.61923801      0.153816344963E-37
   2726.90242332      0.188903816470E-37
   2733.18560862      0.180638587533E-37
   2739.46879393      0.159488905795E-37
   2745.75197924      0.661062058083E-38
   2752.03516454      0.977701426568E-38
   2758.31834985      0.783374798528E-38
   2764.60153516      0.550458660528E-38
   2770.88472047      0.174969441250E-38
   2777.16790577      0.234114984790E-38
   2783.45109108      0.418337432005E-39
   2789.73427639      0.326077448250E-40
   6.28318530718      0.136063287569E-37
   12.5663706144      0.871469507682E-02
   18.8495559215      0.127677925364E-03
   25.1327412287      0.136349319338E-04
   31.4159265359      0.796704806006E-06
   37.6991118431      0.993816689268E-07
   43.9822971503      0.131297417527E-07
   50.2654824574      0.262445060768E-08
   56.5486677646      0.470696175637E-09
   62.8318530718      0.136575253281E-09
   69.1150383790      0.387012037018E-10
   75.3982236862      0.140382407960E-10
   81.6814089933      0.640627263188E-11
   87.9645943005      0.374790646626E-11
   94.2477796077      0.281014984217E-11
   100.530964915      0.273725358206E-11
   106.814150222      0.278373434661E-11
   113.097335529      0.274295381228E-11
   119.380520836      0.283714298035E-11
   125.663706144      0.291149766230E-11
   131.946891451      0.283655637693E-11
   138.230076758      0.245660660173E-11
   144.513262065      0.252582920618E-11
   150.796447372      0.236888390501E-11
   157.079632679      0.200261928450E-11
   163.362817987      0.173966569603E-11
   169.646003294      0.156461229766E-11
   175.929188601      0.129635384697E-11
   182.212373908      0.932773783789E-12
   188.495559215      0.756697752678E-12
   194.778744523      0.545796545588E-12
   201.061929830      0.382691946094E-12
   207.345115137      0.229464648230E-12
   213.628300444      0.143955695994E-12
   219.911485751      0.756848116090E-13
   226.194671058      0.332992631814E-13
   232.477856366      0.113515064894E-13
   238.761041673      0.324449944859E-14
   245.044226980      0.705325930046E-15
   251.327412287      0.635813571849E-15
   257.610597594      0.797735021356E-15
   263.893782902      0.593085514332E-15
   270.176968209      0.258367239264E-15
   276.460153516      0.632078264587E-16
   282.743338823      0.305955161291E-16
   289.026524130      0.403383327686E-16
   295.309709437      0.245912325156E-16
   301.592894745      0.847725207118E-17
   307.876080052      0.398936231296E-17
   314.159265359      0.437298785206E-17
   320.442450666      0.199917218520E-17
   326.725635973      0.856049776232E-18
   333.008821281      0.708469885305E-18
   339.292006588      0.400786204558E-18
   345.575191895      0.184880390392E-18
   351.858377202      0.139034087600E-18
   358.141562509      0.701895135948E-19
   364.424747816      0.427764798329E-19
   370.707933124      0.279608144082E-19
   376.991118431      0.154906840121E-19
   383.274303738      0.105693548431E-19
   389.557489045      0.661992484495E-20
   395.840674352      0.475310961737E-20
   402.123859659      0.349826034971E-20
   408.407044967      0.257130227814E-20
   414.690230274      0.208831455983E-20
   420.973415581      0.162529973922E-20
   427.256600888      0.145282570909E-20
   433.539786195      0.125081048326E-20
   439.822971503      0.104538514621E-20
   446.106156810      0.830734352069E-21
   452.389342117      0.732773646795E-21
   458.672527424      0.604834744037E-21
   464.955712731      0.491846821693E-21
   471.238898038      0.372504624436E-21
   477.522083346      0.282848275517E-21
   483.805268653      0.212150005456E-21
   490.088453960      0.168236205513E-21
   496.371639267      0.122253451988E-21
   502.654824574      0.913868481141E-22
   508.938009882      0.572983980765E-22
   515.221195189      0.306442758604E-22
   521.504380496      0.205497798951E-22
   527.787565803      0.133410857834E-22
   534.070751110      0.465475239468E-23
   540.353936417      0.175858400717E-23
   546.637121725      0.190124690665E-23
   552.920307032      0.688453142958E-24
   559.203492339      0.386197174516E-24
   565.486677646      0.241085424361E-24
   571.769862953      0.870733672631E-25
   578.053048261      0.345871984080E-25
   584.336233568      0.639706922925E-26
   590.619418875      0.104650829762E-26
   596.902604182      0.332367958380E-27
   603.185789489      0.235148257813E-28
   609.468974796      0.438147593395E-30
   615.752160104      0.257821708959E-31
   622.035345411      0.801797817606E-34
   628.318530718      0.598999877091E-34
   634.601716025      0.347798509010E-34
   640.884901332      0.365915468939E-34
   647.168086639      0.257059804239E-34
   653.451271947      0.608619529021E-34
   659.734457254      0.517860425453E-34
   666.017642561      0.390195226188E-34
   672.300827868      0.210301027699E-34
   678.584013175      0.227315515557E-34
   684.867198483      0.479369444070E-34
   691.150383790      0.205833100109E-34
   697.433569097      0.193345447288E-34
   703.716754404      0.202778454449E-33
   709.999939711      0.561069140791E-34
   716.283125018      0.934348134539E-34
   722.566310326      0.206591216588E-34
   728.849495633      0.324388353063E-34
   735.132680940      0.210048259403E-34
   741.415866247      0.246239914005E-34
   747.699051554      0.192897764843E-34
   753.982236862      0.519745667027E-34
   760.265422169      0.345331084207E-34
   766.548607476      0.288105902908E-34
   772.831792783      0.238885284159E-34
   779.114978090      0.339527943164E-34
   785.398163397      0.272093864893E-34
   791.681348705      0.277539443831E-34
   797.964534012      0.248670104547E-34
   804.247719319      0.320197820782E-33
   810.530904626      0.391772401500E-34
   816.814089933      0.519821369263E-33
   823.097275241      0.409820904214E-34
   829.380460548      0.631542348665E-34
   835.663645855      0.391982409517E-34
   841.946831162      0.453358564149E-34
   848.230016469      0.384344652727E-34
   854.513201776      0.681839734932E-34
   860.796387084      0.508845624539E-34
   867.079572391      0.728582422050E-34
   873.362757698      0.339814602174E-34
   879.645943005      0.474443845285E-34
   885.929128312      0.324229496125E-34
   892.212313620      0.635441314176E-34
   898.495498927      0.328707233632E-34
   904.778684234      0.435784426976E-34
   911.061869541      0.557493376184E-34
   917.345054848      0.740278322985E-34
   923.628240155      0.314981396729E-34
   929.911425463      0.781987949992E-34
   936.194610770      0.502581843339E-34
   942.477796077      0.709842118972E-34
   948.760981384      0.331090865008E-34
   955.044166691      0.472610155051E-34
   961.327351998      0.388402708840E-34
   967.610537306      0.418045162866E-34
   973.893722613      0.234719865961E-34
   980.176907920      0.338239141648E-34
   986.460093227      0.430645686843E-34
   992.743278534      0.514168501991E-34
   999.026463842      0.278911649053E-34
   1005.30964915      0.178219923658E-33
   1011.59283446      0.146949915396E-33
   1017.87601976      0.102449823682E-33
   1024.15920507      0.369277639003E-34
   1030.44239038      0.430417164657E-34
   1036.72557568      0.523023113980E-34
   1043.00876099      0.377675202548E-34
   1049.29194630      0.365848741473E-34
   1055.57513161      0.649795565474E-34
   1061.85831691      0.391264163184E-34
   1068.14150222      0.702980841376E-34
   1074.42468753      0.328373894621E-34
   1080.70787283      0.241568547878E-34
   1086.99105814      0.260934321946E-34
   1093.27424345      0.239993595341E-34
   1099.55742876      0.238123295648E-34
   1105.84061406      0.217592983616E-34
   1112.12379937      0.264266529095E-34
   1118.40698468      0.213718000649E-34
   1124.69016999      0.217217877472E-34
   1130.97335529      0.194868998724E-34
   1137.25654060      0.207597455460E-34
   1143.53972591      0.205858872517E-34
   1149.82291121      0.197635020152E-34
   1156.10609652      0.212070100474E-34
   1162.38928183      0.200532389973E-34
   1168.67246714      0.193983000587E-34
   1174.95565244      0.183201640458E-34
   1181.23883775      0.174208520815E-34
   1187.52202306      0.185690595320E-34
   1193.80520836      0.167477650816E-34
   1200.08839367      0.168828684513E-34
   1206.37157898      0.194277540626E-34
   1212.65476429      0.235966005386E-34
   1218.93794959      0.197556460552E-34
   1225.22113490      0.163242171279E-34
   1231.50432021      0.164054740876E-34
   1237.78750551      0.160156813932E-34
   1244.07069082      0.147570696439E-34
   1250.35387613      0.149676581906E-34
   1256.63706144      0.141790241357E-34
   1262.92024674      0.161190869544E-34
   1269.20343205      0.148823524341E-34
   1275.48661736      0.140554740178E-34
   1281.76980266      0.142806495680E-34
   1288.05298797      0.145381558612E-34
   1294.33617328      0.131523637819E-34
   1300.61935859      0.139437351500E-34
   1306.90254389      0.134378575568E-34
   1313.18572920      0.175947912052E-34
   1319.46891451      0.133279678424E-34
   1325.75209981      0.126762234563E-34
   1332.03528512      0.118943769262E-34
   1338.31847043      0.149473276660E-34
   1344.60165574      0.114998231237E-34
   1350.88484104      0.104694189335E-34
   1357.16802635      0.114289981154E-34
   1363.45121166      0.110832349347E-34
   1369.73439697      0.114071093296E-34
   1376.01758227      0.102249368986E-34
   1382.30076758      0.983735406387E-35
   1388.58395289      0.107636818523E-34
   1394.86713819      0.964869057760E-35
   1401.15032350      0.100651187524E-34
   1407.43350881      0.113586244090E-34
   1413.71669412      0.177883210813E-34
   1419.99987942      0.111644692758E-34
   1426.28306473      0.906424302318E-35
   1432.56625004      0.918978853422E-35
   1438.84943534      0.936493401758E-35
   1445.13262065      0.919681691555E-35
   1451.41580596      0.801668140939E-35
   1457.69899127      0.864782330509E-35
   1463.98217657      0.106652718481E-34
   1470.26536188      0.787410142096E-35
   1476.54854719      0.767697366802E-35
   1482.83173249      0.681604262060E-35
   1489.11491780      0.776924227875E-35
   1495.39810311      0.684373080181E-35
   1501.68128842      0.684893290046E-35
   1507.96447372      0.751985677658E-35
   1514.24765903      0.793738388724E-35
   1520.53084434      0.739000129735E-35
   1526.81402964      0.585841204678E-35
   1533.09721495      0.593813249053E-35
   1539.38040026      0.741418011038E-35
   1545.66358557      0.566687504775E-35
   1551.94677087      0.551944789127E-35
   1558.22995618      0.685491181724E-35
   1564.51314149      0.572657769086E-35
   1570.79632679      0.616466723369E-35
   1577.07951210      0.503437700643E-35
   1583.36269741      0.592853047054E-35
   1589.64588272      0.585093181383E-35
   1595.92906802      0.606155579558E-35
   1602.21225333      0.561143384273E-35
   1608.49543864      0.189372369378E-34
   1614.77862395      0.611099355036E-35
   1621.06180925      0.545528267025E-35
   1627.34499456      0.501239029241E-35
   1633.62817987      0.480199232364E-35
   1639.91136517      0.462308242099E-35
   1646.19455048      0.452289817411E-35
   1652.47773579      0.441857712851E-35
   1658.76092110      0.426307116852E-35
   1665.04410640      0.432576439978E-35
   1671.32729171      0.412728885492E-35
   1677.61047702      0.403573597710E-35
   1683.89366232      0.408192097024E-35
   1690.17684763      0.411840566241E-35
   1696.46003294      0.377701676240E-35
   1702.74321825      0.377977980144E-35
   1709.02640355      0.383112190058E-35
   1715.30958886      0.380995142043E-35
   1721.59277417      0.360142729428E-35
   1727.87595947      0.350886356320E-35
   1734.15914478      0.350419466759E-35
   1740.44233009      0.352051953972E-35
   1746.72551540      0.343886840840E-35
   1753.00870070      0.332035980519E-35
   1759.29188601      0.340036698686E-35
   1765.57507132      0.324383261980E-35
   1771.85825662      0.330889291239E-35
   1778.14144193      0.305421804142E-35
   1784.42462724      0.326638067039E-35
   1790.70781255      0.297473879071E-35
   1796.99099785      0.308145493049E-35
   1803.27418316      0.287167896378E-35
   1809.55736847      0.288977720147E-35
   1815.84055377      0.285161568788E-35
   1822.12373908      0.283121868516E-35
   1828.40692439      0.273167595189E-35
   1834.69010970      0.271884019579E-35
   1840.97329500      0.269447854750E-35
   1847.25648031      0.263692271827E-35
   1853.53966562      0.275646677606E-35
   1859.82285093      0.272573778995E-35
   1866.10603623      0.262225040511E-35
   1872.38922154      0.252551216874E-35
   1878.67240685      0.250309451193E-35
   1884.95559215      0.246287722667E-35
   1891.23877746      0.243537478123E-35
   1897.52196277      0.251094084712E-35
   1903.80514808      0.248643457816E-35
   1910.08833338      0.236782491981E-35
   1916.37151869      0.241486103579E-35
   1922.65470400      0.242148915827E-35
   1928.93788930      0.231718599269E-35
   1935.22107461      0.232316521346E-35
   1941.50425992      0.215492297648E-35
   1947.78744523      0.226520950518E-35
   1954.07063053      0.215678020572E-35
   1960.35381584      0.221477851457E-35
   1966.63700115      0.216868279597E-35
   1972.92018645      0.207637153215E-35
   1979.20337176      0.201529818352E-35
   1985.48655707      0.202311882336E-35
   1991.76974238      0.213258906413E-35
   1998.05292768      0.197626039817E-35
   2004.33611299      0.205131380395E-35
   2010.61929830      0.206712022621E-35
   2016.90248360      0.192207014836E-35
   2023.18566891      0.195789827062E-35
   2029.46885422      0.182150710434E-35
   2035.75203953      0.190657198348E-35
   2042.03522483      0.190521412339E-35
   2048.31841014      0.180512043728E-35
   2054.60159545      0.181376785573E-35
   2060.88478075      0.171732903787E-35
   2067.16796606      0.165379498558E-35
   2073.45115137      0.172919364423E-35
   2079.73433668      0.168602080787E-35
   2086.01752198      0.166505544976E-35
   2092.30070729      0.161786754294E-35
   2098.58389260      0.159758790589E-35
   2104.86707791      0.157747921204E-35
   2111.15026321      0.145607309819E-35
   2117.43344852      0.153577655366E-35
   2123.71663383      0.137916709172E-35
   2129.99981913      0.152158611634E-35
   2136.28300444      0.137459637947E-35
   2142.56618975      0.143757019990E-35
   2148.84937506      0.129548348826E-35
   2155.13256036      0.142228418192E-35
   2161.41574567      0.129791283272E-35
   2167.69893098      0.128742042593E-35
   2173.98211628      0.128361415483E-35
   2180.26530159      0.128497719678E-35
   2186.54848690      0.115500456937E-35
   2192.83167221      0.119344467343E-35
   2199.11485751      0.108339078889E-35
   2205.39804282      0.121114956219E-35
   2211.68122813      0.107950142855E-35
   2217.96441343      0.116000774117E-35
   2224.24759874      0.100607610058E-35
   2230.53078405      0.953257096784E-36
   2236.81396936      0.111779867127E-35
   2243.09715466      0.946499946121E-36
   2249.38033997      0.947112497286E-36
   2255.66352528      0.922623941918E-36
   2261.94671058      0.895674869939E-36
   2268.22989589      0.858256360173E-36
   2274.51308120      0.810601503578E-36
   2280.79626651      0.727403847951E-36
   2287.07945181      0.643086430026E-36
   2293.36263712      0.617561147142E-36
   2299.64582243      0.604830067845E-36
   2305.92900773      0.577633439844E-36
   2312.21219304      0.564207445411E-36
   2318.49537835      0.540622117070E-36
   2324.77856366      0.523273191398E-36
   2331.06174896      0.490865553390E-36
   2337.34493427      0.479448792015E-36
   2343.62811958      0.461538876749E-36
   2349.91130489      0.450619314567E-36
   2356.19449019      0.433009682783E-36
   2362.47767550      0.419606066416E-36
   2368.76086081      0.403048471949E-36
   2375.04404611      0.398083403512E-36
   2381.32723142      0.377543956150E-36
   2387.61041673      0.365492362206E-36
   2393.89360204      0.357640192174E-36
   2400.17678734      0.341168499807E-36
   2406.45997265      0.324835498522E-36
   2412.74315796      0.318404709613E-36
   2419.02634326      0.311754197567E-36
   2425.30952857      0.291958014378E-36
   2431.59271388      0.280248787226E-36
   2437.87589919      0.270348030164E-36
   2444.15908449      0.267428732413E-36
   2450.44226980      0.259587397624E-36
   2456.72545511      0.247073194085E-36
   2463.00864041      0.238145009817E-36
   2469.29182572      0.224342275217E-36
   2475.57501103      0.217830950722E-36
   2481.85819634      0.214874058898E-36
   2488.14138164      0.205779843912E-36
   2494.42456695      0.199591868562E-36
   2500.70775226      0.188075935551E-36
   2506.99093756      0.174381845826E-36
   2513.27412287      0.173952400104E-36
   2519.55730818      0.168129130501E-36
   2525.84049349      0.158221651019E-36
   2532.12367879      0.153809359587E-36
   2538.40686410      0.142048251376E-36
   2544.69004941      0.137060437870E-36
   2550.97323471      0.129483917412E-36
   2557.25642002      0.126835682485E-36
   2563.53960533      0.121059502310E-36
   2569.82279064      0.112382118297E-36
   2576.10597594      0.105472100749E-36
   2582.38916125      0.993444390732E-37
   2588.67234656      0.950201216268E-37
   2594.95553187      0.919759042330E-37
   2601.23871717      0.855322579427E-37
   2607.52190248      0.781127044541E-37
   2613.80508779      0.799522029474E-37
   2620.08827309      0.749594809892E-37
   2626.37145840      0.669274875386E-37
   2632.65464371      0.654646341563E-37
   2638.93782902      0.592920818818E-37
   2645.22101432      0.583298871493E-37
   2651.50419963      0.535123895946E-37
   2657.78738494      0.531993730504E-37
   2664.07057024      0.458620065694E-37
   2670.35375555      0.415616278992E-37
   2676.63694086      0.441297324286E-37
   2682.92012617      0.378751224516E-37
   2689.20331147      0.295361444346E-37
   2695.48649678      0.243681001795E-37
   2701.76968209      0.327578715182E-37
   2708.05286739      0.259070135986E-37
   2714.33605270      0.203871078603E-37
   2720.61923801      0.139483934909E-37
   2726.90242332      0.182230638292E-37
   2733.18560862      0.158581015790E-37
   2739.46879393      0.126829031187E-37
   2745.75197924      0.731852991950E-38
   2752.03516454      0.104981354165E-37
   2758.31834985      0.895993711755E-38
   2764.60153516      0.554416603262E-38
   2770.88472047      0.231514628380E-38
   2777.16790577      0.242737645450E-38
   2783.45109108      0.609254624603E-39
   2789.73427639      0.168910901977E-41
   6.28318530718      0.366882932210E-37
   12.5663706144      0.865506206757E-02
   18.8495559215      0.144816112179E-03
   25.1327412287      0.175369526902E-04
   31.4159265359      0.107217819438E-05
   37.6991118431      0.129276181068E-06
   43.9822971503      0.178590752603E-07
   50.2654824574      0.335424574946E-08
   56.5486677646      0.562925216707E-09
   62.8318530718      0.157520181676E-09
   69.1150383790      0.427897266758E-10
   75.3982236862      0.151315063054E-10
   81.6814089933      0.666647093998E-11
   87.9645943005      0.378596462413E-11
   94.2477796077      0.278670127223E-11
   100.530964915      0.269994989225E-11
   106.814150222      0.274400198089E-11
   113.097335529      0.270794214339E-11
   119.380520836      0.280737446072E-11
   125.663706144      0.288970591025E-11
   131.946891451      0.282117580110E-11
   138.230076758      0.244692855403E-11
   144.513262065      0.252288400396E-11
   150.796447372      0.237104151647E-11
   157.079632679      0.200806269920E-11
   163.362817987      0.174710991449E-11
   169.646003294      0.157544850583E-11
   175.929188601      0.130777502853E-11
   182.212373908      0.942798749965E-12
   188.495559215      0.766531147696E-12
   194.778744523      0.554589729059E-12
   201.061929830      0.389898107800E-12
   207.345115137      0.234587407450E-12
   213.628300444      0.147838357604E-12
   219.911485751      0.781880862412E-13
   226.194671058      0.346822819870E-13
   232.477856366      0.119685364742E-13
   238.761041673      0.347972973317E-14
   245.044226980      0.740336181139E-15
   251.327412287      0.621446788806E-15
   257.610597594      0.791550650398E-15
   263.893782902      0.599618683975E-15
   270.176968209      0.266652266873E-15
   276.460153516      0.662058167671E-16
   282.743338823      0.302611585433E-16
   289.026524130      0.400259150495E-16
   295.309709437      0.249627966454E-16
   301.592894745      0.872962298528E-17
   307.876080052      0.396601676787E-17
   314.159265359      0.436626199968E-17
   320.442450666      0.203325988902E-17
   326.725635973      0.859356173408E-18
   333.008821281      0.706604763034E-18
   339.292006588      0.405274144014E-18
   345.575191895      0.185251195896E-18
   351.858377202      0.139235799189E-18
   358.141562509      0.706181796214E-19
   364.424747816      0.427844659580E-19
   370.707933124      0.280527294619E-19
   376.991118431      0.155237357295E-19
   383.274303738      0.105855365760E-19
   389.557489045      0.663047202411E-20
   395.840674352      0.475842112685E-20
   402.123859659      0.350210281247E-20
   408.407044967      0.257475279408E-20
   414.690230274      0.208938983958E-20
   420.973415581      0.162704362131E-20
   427.256600888      0.145358474684E-20
   433.539786195      0.125140752003E-20
   439.822971503      0.104574972690E-20
   446.106156810      0.830809551102E-21
   452.389342117      0.733276427506E-21
   458.672527424      0.604872592151E-21
   464.955712731      0.491953460341E-21
   471.238898038      0.372546447783E-21
   477.522083346      0.282853581567E-21
   483.805268653      0.212213505701E-21
   490.088453960      0.168254081798E-21
   496.371639267      0.122213207256E-21
   502.654824574      0.914058412739E-22
   508.938009882      0.573083157954E-22
   515.221195189      0.306336393511E-22
   521.504380496      0.205508703652E-22
   527.787565803      0.133422759597E-22
   534.070751110      0.465204635424E-23
   540.353936417      0.175715796040E-23
   546.637121725      0.190181825625E-23
   552.920307032      0.688622053515E-24
   559.203492339      0.385568306237E-24
   565.486677646      0.240799323385E-24
   571.769862953      0.872175252005E-25
   578.053048261      0.345245637915E-25
   584.336233568      0.637027723554E-26
   590.619418875      0.104564666025E-26
   596.902604182      0.332367991374E-27
   603.185789489      0.235148535200E-28
   609.468974796      0.438150080531E-30
   615.752160104      0.258270728648E-31
   622.035345411      0.838634280173E-34
   628.318530718      0.663922574495E-34
   634.601716025      0.375041087850E-34
   640.884901332      0.426435532070E-34
   647.168086639      0.259995265405E-34
   653.451271947      0.644657216346E-34
   659.734457254      0.492100700700E-34
   666.017642561      0.431772116611E-34
   672.300827868      0.224623710520E-34
   678.584013175      0.225393225740E-34
   684.867198483      0.486132638686E-34
   691.150383790      0.229656939362E-34
   697.433569097      0.216108042928E-34
   703.716754404      0.234450509930E-33
   709.999939711      0.787013816133E-34
   716.283125018      0.107644976448E-33
   722.566310326      0.235494062497E-34
   728.849495633      0.373055907620E-34
   735.132680940      0.219397369457E-34
   741.415866247      0.273255511639E-34
   747.699051554      0.200135439318E-34
   753.982236862      0.590105033875E-34
   760.265422169      0.505385168219E-34
   766.548607476      0.338849870867E-34
   772.831792783      0.237939240982E-34
   779.114978090      0.357345334422E-34
   785.398163397      0.306963527952E-34
   791.681348705      0.309243995275E-34
   797.964534012      0.265575361695E-34
   804.247719319      0.375952895442E-33
   810.530904626      0.381875309285E-34
   816.814089933      0.586032161456E-33
   823.097275241      0.471454271386E-34
   829.380460548      0.732962506103E-34
   835.663645855      0.426829979862E-34
   841.946831162      0.493981449926E-34
   848.230016469      0.387147260574E-34
   854.513201776      0.773136997731E-34
   860.796387084      0.582118969944E-34
   867.079572391      0.800837083536E-34
   873.362757698      0.434029823505E-34
   879.645943005      0.511689842734E-34
   885.929128312      0.390409473076E-34
   892.212313620      0.665502906089E-34
   898.495498927      0.385780836491E-34
   904.778684234      0.529798997727E-34
   911.061869541      0.627205737827E-34
   917.345054848      0.764553783009E-34
   923.628240155      0.341453204349E-34
   929.911425463      0.883599488753E-34
   936.194610770      0.533600569430E-34
   942.477796077      0.812436463138E-34
   948.760981384      0.346102568620E-34
   955.044166691      0.535640802204E-34
   961.327351998      0.340349096563E-34
   967.610537306      0.477546209842E-34
   973.893722613      0.254211722424E-34
   980.176907920      0.367018063017E-34
   986.460093227      0.426919382891E-34
   992.743278534      0.591286680164E-34
   999.026463842      0.279509558220E-34
   1005.30964915      0.229886676201E-33
   1011.59283446      0.176528864745E-33
   1017.87601976      0.125116458068E-33
   1024.15920507      0.397090437544E-34
   1030.44239038      0.484998662839E-34
   1036.72557568      0.592312893442E-34
   1043.00876099      0.412633750868E-34
   1049.29194630      0.397281286270E-34
   1055.57513161      0.694754053104E-34
   1061.85831691      0.352713982031E-34
   1068.14150222      0.665513688441E-34
   1074.42468753      0.355168983306E-34
   1080.70787283      0.261234917338E-34
   1086.99105814      0.271743349497E-34
   1093.27424345      0.253799108941E-34
   1099.55742876      0.252437763103E-34
   1105.84061406      0.228895809822E-34
   1112.12379937      0.261127351394E-34
   1118.40698468      0.223588959558E-34
   1124.69016999      0.233246485908E-34
   1130.97335529      0.211746624085E-34
   1137.25654060      0.226584563415E-34
   1143.53972591      0.213781192647E-34
   1149.82291121      0.212987287496E-34
   1156.10609652      0.225940914867E-34
   1162.38928183      0.197510065633E-34
   1168.67246714      0.200975258896E-34
   1174.95565244      0.202733392151E-34
   1181.23883775      0.185788869861E-34
   1187.52202306      0.201598412464E-34
   1193.80520836      0.178322005313E-34
   1200.08839367      0.175891986571E-34
   1206.37157898      0.206574693305E-34
   1212.65476429      0.347496181528E-34
   1218.93794959      0.240950464084E-34
   1225.22113490      0.172666221714E-34
   1231.50432021      0.176982842690E-34
   1237.78750551      0.162346343092E-34
   1244.07069082      0.157474281115E-34
   1250.35387613      0.162083861480E-34
   1256.63706144      0.153484790222E-34
   1262.92024674      0.176034258295E-34
   1269.20343205      0.158046578735E-34
   1275.48661736      0.142876868308E-34
   1281.76980266      0.154212064341E-34
   1288.05298797      0.151244379605E-34
   1294.33617328      0.141389493068E-34
   1300.61935859      0.143163148809E-34
   1306.90254389      0.142546588290E-34
   1313.18572920      0.174782635245E-34
   1319.46891451      0.144609305499E-34
   1325.75209981      0.134399933603E-34
   1332.03528512      0.135433560353E-34
   1338.31847043      0.140351706543E-34
   1344.60165574      0.118795534067E-34
   1350.88484104      0.111474226763E-34
   1357.16802635      0.121653614207E-34
   1363.45121166      0.122511459163E-34
   1369.73439697      0.118842599262E-34
   1376.01758227      0.106315722090E-34
   1382.30076758      0.106047445454E-34
   1388.58395289      0.107739005364E-34
   1394.86713819      0.100749004781E-34
   1401.15032350      0.106527558221E-34
   1407.43350881      0.121391109095E-34
   1413.71669412      0.136993612695E-34
   1419.99987942      0.121543858198E-34
   1426.28306473      0.955069997037E-35
   1432.56625004      0.938315555371E-35
   1438.84943534      0.996883696719E-35
   1445.13262065      0.984396373901E-35
   1451.41580596      0.780293549527E-35
   1457.69899127      0.876703000858E-35
   1463.98217657      0.999222901647E-35
   1470.26536188      0.821498091669E-35
   1476.54854719      0.785765708727E-35
   1482.83173249      0.707733248007E-35
   1489.11491780      0.835776472883E-35
   1495.39810311      0.688126699578E-35
   1501.68128842      0.706910311595E-35
   1507.96447372      0.754039929953E-35
   1514.24765903      0.846795224155E-35
   1520.53084434      0.731711371180E-35
   1526.81402964      0.601377343795E-35
   1533.09721495      0.591717367979E-35
   1539.38040026      0.666458712514E-35
   1545.66358557      0.582927232351E-35
   1551.94677087      0.573759595948E-35
   1558.22995618      0.582852886586E-35
   1564.51314149      0.869404780407E-35
   1570.79632679      0.610545329027E-35
   1577.07951210      0.539003477752E-35
   1583.36269741      0.607823429355E-35
   1589.64588272      0.636449683125E-35
   1595.92906802      0.620963812669E-35
   1602.21225333      0.563786167656E-35
   1608.49543864      0.162673497132E-34
   1614.77862395      0.600949618442E-35
   1621.06180925      0.544710647492E-35
   1627.34499456      0.499908848628E-35
   1633.62817987      0.468083569669E-35
   1639.91136517      0.488187178405E-35
   1646.19455048      0.480949446494E-35
   1652.47773579      0.455556620907E-35
   1658.76092110      0.448394535957E-35
   1665.04410640      0.423793232577E-35
   1671.32729171      0.426630185629E-35
   1677.61047702      0.416911860608E-35
   1683.89366232      0.411067571616E-35
   1690.17684763      0.399824558641E-35
   1696.46003294      0.375829979248E-35
   1702.74321825      0.369178646318E-35
   1709.02640355      0.370768957945E-35
   1715.30958886      0.371359252304E-35
   1721.59277417      0.366709327636E-35
   1727.87595947      0.344942077686E-35
   1734.15914478      0.346690392307E-35
   1740.44233009      0.340395849579E-35
   1746.72551540      0.337688694159E-35
   1753.00870070      0.328587162277E-35
   1759.29188601      0.322560686175E-35
   1765.57507132      0.343169717646E-35
   1771.85825662      0.314106597267E-35
   1778.14144193      0.305158561550E-35
   1784.42462724      0.338866596289E-35
   1790.70781255      0.324042520932E-35
   1796.99099785      0.297608013578E-35
   1803.27418316      0.285004756977E-35
   1809.55736847      0.288910926769E-35
   1815.84055377      0.276072310546E-35
   1822.12373908      0.284431378866E-35
   1828.40692439      0.272875413478E-35
   1834.69010970      0.272319579858E-35
   1840.97329500      0.284320887054E-35
   1847.25648031      0.278787390035E-35
   1853.53966562      0.267012791271E-35
   1859.82285093      0.270945972936E-35
   1866.10603623      0.263885122742E-35
   1872.38922154      0.257182061590E-35
   1878.67240685      0.256071447259E-35
   1884.95559215      0.254517844942E-35
   1891.23877746      0.249634205830E-35
   1897.52196277      0.258757413312E-35
   1903.80514808      0.255089288984E-35
   1910.08833338      0.237348220626E-35
   1916.37151869      0.239710962408E-35
   1922.65470400      0.234356094656E-35
   1928.93788930      0.223330473296E-35
   1935.22107461      0.232790978632E-35
   1941.50425992      0.222575558355E-35
   1947.78744523      0.228549969252E-35
   1954.07063053      0.216378456706E-35
   1960.35381584      0.214586617089E-35
   1966.63700115      0.218129534225E-35
   1972.92018645      0.219291451604E-35
   1979.20337176      0.202871145998E-35
   1985.48655707      0.209922867195E-35
   1991.76974238      0.227570988815E-35
   1998.05292768      0.204243103148E-35
   2004.33611299      0.203333353373E-35
   2010.61929830      0.199008103254E-35
   2016.90248360      0.187809229286E-35
   2023.18566891      0.195640308559E-35
   2029.46885422      0.186488514726E-35
   2035.75203953      0.187628141469E-35
   2042.03522483      0.182417126365E-35
   2048.31841014      0.180617123245E-35
   2054.60159545      0.174852386517E-35
   2060.88478075      0.177897441027E-35
   2067.16796606      0.179627831435E-35
   2073.45115137      0.176819420346E-35
   2079.73433668      0.168106177279E-35
   2086.01752198      0.170773219720E-35
   2092.30070729      0.160469098669E-35
   2098.58389260      0.159119099211E-35
   2104.86707791      0.154585290762E-35
   2111.15026321      0.151334393131E-35
   2117.43344852      0.155643012408E-35
   2123.71663383      0.143081084171E-35
   2129.99981913      0.158745721483E-35
   2136.28300444      0.135077688102E-35
   2142.56618975      0.138636013273E-35
   2148.84937506      0.135890756002E-35
   2155.13256036      0.138499968869E-35
   2161.41574567      0.127481379782E-35
   2167.69893098      0.130015018854E-35
   2173.98211628      0.130327131394E-35
   2180.26530159      0.124205324550E-35
   2186.54848690      0.119683130699E-35
   2192.83167221      0.135139913797E-35
   2199.11485751      0.112960301026E-35
   2205.39804282      0.123882926349E-35
   2211.68122813      0.106231465385E-35
   2217.96441343      0.114234001601E-35
   2224.24759874      0.107379253252E-35
   2230.53078405      0.101584437494E-35
   2236.81396936      0.113113507008E-35
   2243.09715466      0.942916289053E-36
   2249.38033997      0.955825102681E-36
   2255.66352528      0.856361731392E-36
   2261.94671058      0.100582340229E-35
   2268.22989589      0.838219448029E-36
   2274.51308120      0.766716653423E-36
   2280.79626651      0.680914830096E-36
   2287.07945181      0.650268150683E-36
   2293.36263712      0.614854318273E-36
   2299.64582243      0.616322554478E-36
   2305.92900773      0.572323576062E-36
   2312.21219304      0.551991391325E-36
   2318.49537835      0.542303628926E-36
   2324.77856366      0.529135660567E-36
   2331.06174896      0.496032418167E-36
   2337.34493427      0.490668729406E-36
   2343.62811958      0.464932178604E-36
   2349.91130489      0.456237540205E-36
   2356.19449019      0.432320468500E-36
   2362.47767550      0.424554373317E-36
   2368.76086081      0.406386333856E-36
   2375.04404611      0.398150052023E-36
   2381.32723142      0.376733173583E-36
   2387.61041673      0.366689056324E-36
   2393.89360204      0.358095993810E-36
   2400.17678734      0.345463663043E-36
   2406.45997265      0.333013482682E-36
   2412.74315796      0.316124039169E-36
   2419.02634326      0.308498352055E-36
   2425.30952857      0.304262950980E-36
   2431.59271388      0.289609633701E-36
   2437.87589919      0.280443958593E-36
   2444.15908449      0.270335761288E-36
   2450.44226980      0.261639017980E-36
   2456.72545511      0.243426056714E-36
   2463.00864041      0.237457636014E-36
   2469.29182572      0.224679665819E-36
   2475.57501103      0.221111573219E-36
   2481.85819634      0.218510236685E-36
   2488.14138164      0.202257041400E-36
   2494.42456695      0.202637707198E-36
   2500.70775226      0.183495120396E-36
   2506.99093756      0.175031190518E-36
   2513.27412287      0.172690317801E-36
   2519.55730818      0.165611390869E-36
   2525.84049349      0.156355745746E-36
   2532.12367879      0.150946624166E-36
   2538.40686410      0.144050336337E-36
   2544.69004941      0.142135872914E-36
   2550.97323471      0.130442762114E-36
   2557.25642002      0.123385540809E-36
   2563.53960533      0.122453301403E-36
   2569.82279064      0.109411941078E-36
   2576.10597594      0.105976058488E-36
   2582.38916125      0.105353569554E-36
   2588.67234656      0.990389061432E-37
   2594.95553187      0.933052254971E-37
   2601.23871717      0.882909893595E-37
   2607.52190248      0.789475564459E-37
   2613.80508779      0.767694599430E-37
   2620.08827309      0.762350410588E-37
   2626.37145840      0.709989989619E-37
   2632.65464371      0.659082613696E-37
   2638.93782902      0.578997327886E-37
   2645.22101432      0.582956150883E-37
   2651.50419963      0.562519315105E-37
   2657.78738494      0.508457586218E-37
   2664.07057024      0.446700421667E-37
   2670.35375555      0.431013596031E-37
   2676.63694086      0.415674361851E-37
   2682.92012617      0.378586126982E-37
   2689.20331147      0.342052311053E-37
   2695.48649678      0.268524700936E-37
   2701.76968209      0.317077528017E-37
   2708.05286739      0.253979276662E-37
   2714.33605270      0.205308580297E-37
   2720.61923801      0.150472665072E-37
   2726.90242332      0.173927812373E-37
   2733.18560862      0.160198985268E-37
   2739.46879393      0.130154928769E-37
   2745.75197924      0.701705034277E-38
   2752.03516454      0.830150895307E-38
   2758.31834985      0.648529412010E-38
   2764.60153516      0.548111620291E-38
   2770.88472047      0.182155859477E-38
   2777.16790577      0.209991896732E-38
   2783.45109108      0.685792281956E-39
   2789.73427639      0.124267857516E-40
   6.28318530718      0.486921593913E-38
   12.5663706144      0.859241093453E-02
   18.8495559215      0.162752007695E-03
   25.1327412287      0.222165712046E-04
   31.4159265359      0.143087557482E-05
   37.6991118431      0.168044120332E-06
   43.9822971503      0.244642364473E-07
   50.2654824574      0.436348395745E-08
   56.5486677646      0.686248892763E-09
   62.8318530718      0.184864596216E-09
   69.1150383790      0.478978049210E-10
   75.3982236862      0.164877185669E-10
   81.6814089933      0.698411495932E-11
   87.9645943005      0.383984300242E-11
   94.2477796077      0.276760548150E-11
   100.530964915      0.266364995762E-11
   106.814150222      0.270419800999E-11
   113.097335529      0.267251185243E-11
   119.380520836      0.277698705734E-11
   125.663706144      0.286729613609E-11
   131.946891451      0.280519964252E-11
   138.230076758      0.243673618858E-11
   144.513262065      0.251948737833E-11
   150.796447372      0.237284017272E-11
   157.079632679      0.201325227473E-11
   163.362817987      0.175437300129E-11
   169.646003294      0.158620861985E-11
   175.929188601      0.131918632830E-11
   182.212373908      0.952857413026E-12
   188.495559215      0.776434836781E-12
   194.778744523      0.563489250946E-12
   201.061929830      0.397212269121E-12
   207.345115137      0.239804366302E-12
   213.628300444      0.151810040834E-12
   219.911485751      0.807623336608E-13
   226.194671058      0.361140906609E-13
   232.477856366      0.126138292305E-13
   238.761041673      0.373051901103E-14
   245.044226980      0.780743361365E-15
   251.327412287      0.607617262847E-15
   257.610597594      0.784540460230E-15
   263.893782902      0.605552828392E-15
   270.176968209      0.274880869878E-15
   276.460153516      0.693329386063E-16
   282.743338823      0.299742037805E-16
   289.026524130      0.396821665649E-16
   295.309709437      0.253131149695E-16
   301.592894745      0.898516233238E-17
   307.876080052      0.394571244544E-17
   314.159265359      0.435667452905E-17
   320.442450666      0.206629754075E-17
   326.725635973      0.863048093542E-18
   333.008821281      0.704511765988E-18
   339.292006588      0.409579447910E-18
   345.575191895      0.185647208883E-18
   351.858377202      0.139396535134E-18
   358.141562509      0.710327472317E-19
   364.424747816      0.427899329986E-19
   370.707933124      0.281387774693E-19
   376.991118431      0.155555746268E-19
   383.274303738      0.106007003667E-19
   389.557489045      0.664077745086E-20
   395.840674352      0.476351761108E-20
   402.123859659      0.350596468390E-20
   408.407044967      0.257815766419E-20
   414.690230274      0.209049580701E-20
   420.973415581      0.162879703177E-20
   427.256600888      0.145436260790E-20
   433.539786195      0.125201131619E-20
   439.822971503      0.104612926430E-20
   446.106156810      0.830889342590E-21
   452.389342117      0.733790621719E-21
   458.672527424      0.604906761515E-21
   464.955712731      0.492065737103E-21
   471.238898038      0.372591444378E-21
   477.522083346      0.282859201327E-21
   483.805268653      0.212276487054E-21
   490.088453960      0.168272370285E-21
   496.371639267      0.122173129971E-21
   502.654824574      0.914258337654E-22
   508.938009882      0.573198856351E-22
   515.221195189      0.306236382179E-22
   521.504380496      0.205523589132E-22
   527.787565803      0.133438418428E-22
   534.070751110      0.464953663641E-23
   540.353936417      0.175584319419E-23
   546.637121725      0.190238702173E-23
   552.920307032      0.688806071669E-24
   559.203492339      0.384975481535E-24
   565.486677646      0.240521506886E-24
   571.769862953      0.873699398264E-25
   578.053048261      0.344631092048E-25
   584.336233568      0.634495046926E-26
   590.619418875      0.104494410248E-26
   596.902604182      0.332368033130E-27
   603.185789489      0.235148978567E-28
   609.468974796      0.438168943380E-30
   615.752160104      0.258521135819E-31
   622.035345411      0.853562680046E-34
   628.318530718      0.745416681648E-34
   634.601716025      0.498358217191E-34
   640.884901332      0.470873468852E-34
   647.168086639      0.311546879259E-34
   653.451271947      0.708664468722E-34
   659.734457254      0.533066345223E-34
   666.017642561      0.462342224473E-34
   672.300827868      0.248178274645E-34
   678.584013175      0.270177472436E-34
   684.867198483      0.549652174763E-34
   691.150383790      0.254526944758E-34
   697.433569097      0.230827028011E-34
   703.716754404      0.243115131461E-33
   709.999939711      0.789606010684E-34
   716.283125018      0.119965651899E-33
   722.566310326      0.261608214994E-34
   728.849495633      0.394000713340E-34
   735.132680940      0.236066272909E-34
   741.415866247      0.286925384385E-34
   747.699051554      0.251481421429E-34
   753.982236862      0.657763602625E-34
   760.265422169      0.408163415095E-34
   766.548607476      0.332599178820E-34
   772.831792783      0.266365499851E-34
   779.114978090      0.423633076432E-34
   785.398163397      0.318007013599E-34
   791.681348705      0.325909462251E-34
   797.964534012      0.281460022668E-34
   804.247719319      0.458811820926E-33
   810.530904626      0.375734944436E-34
   816.814089933      0.652122213689E-33
   823.097275241      0.523349438800E-34
   829.380460548      0.819905742336E-34
   835.663645855      0.450283973306E-34
   841.946831162      0.517306011526E-34
   848.230016469      0.427836657115E-34
   854.513201776      0.866374900294E-34
   860.796387084      0.656105889612E-34
   867.079572391      0.862259534777E-34
   873.362757698      0.444099548123E-34
   879.645943005      0.596539355136E-34
   885.929128312      0.461768920103E-34
   892.212313620      0.733653659997E-34
   898.495498927      0.433925600948E-34
   904.778684234      0.517407406384E-34
   911.061869541      0.564877044164E-34
   917.345054848      0.866721867083E-34
   923.628240155      0.370396341601E-34
   929.911425463      0.986027280060E-34
   936.194610770      0.546791013955E-34
   942.477796077      0.905838156087E-34
   948.760981384      0.391461517946E-34
   955.044166691      0.587549155974E-34
   961.327351998      0.355810326010E-34
   967.610537306      0.525744075392E-34
   973.893722613      0.289164297564E-34
   980.176907920      0.402719011617E-34
   986.460093227      0.435422099486E-34
   992.743278534      0.615897907927E-34
   999.026463842      0.330400980362E-34
   1005.30964915      0.224067250011E-33
   1011.59283446      0.160292868114E-33
   1017.87601976      0.129210494073E-33
   1024.15920507      0.435434547536E-34
   1030.44239038      0.543424947638E-34
   1036.72557568      0.642039723486E-34
   1043.00876099      0.481958456769E-34
   1049.29194630      0.382007668140E-34
   1055.57513161      0.749376613960E-34
   1061.85831691      0.362839146471E-34
   1068.14150222      0.754358439210E-34
   1074.42468753      0.375694159557E-34
   1080.70787283      0.275802849637E-34
   1086.99105814      0.297830327192E-34
   1093.27424345      0.278765129497E-34
   1099.55742876      0.267378558238E-34
   1105.84061406      0.252541362264E-34
   1112.12379937      0.280411080576E-34
   1118.40698468      0.235475931163E-34
   1124.69016999      0.245550918600E-34
   1130.97335529      0.229479059838E-34
   1137.25654060      0.230028259166E-34
   1143.53972591      0.226550453811E-34
   1149.82291121      0.219253342540E-34
   1156.10609652      0.228806760124E-34
   1162.38928183      0.233026162366E-34
   1168.67246714      0.214078000225E-34
   1174.95565244      0.207433596133E-34
   1181.23883775      0.195476029387E-34
   1187.52202306      0.206206060805E-34
   1193.80520836      0.191028760376E-34
   1200.08839367      0.188694476113E-34
   1206.37157898      0.218167155462E-34
   1212.65476429      0.378935739591E-34
   1218.93794959      0.228790546676E-34
   1225.22113490      0.190210631229E-34
   1231.50432021      0.178179034048E-34
   1237.78750551      0.177229102504E-34
   1244.07069082      0.165883809680E-34
   1250.35387613      0.169611276638E-34
   1256.63706144      0.155530753752E-34
   1262.92024674      0.179629958351E-34
   1269.20343205      0.164117286897E-34
   1275.48661736      0.154053916183E-34
   1281.76980266      0.162331002601E-34
   1288.05298797      0.156025940974E-34
   1294.33617328      0.152608949967E-34
   1300.61935859      0.147467262485E-34
   1306.90254389      0.158245356898E-34
   1313.18572920      0.168526670347E-34
   1319.46891451      0.155859593281E-34
   1325.75209981      0.139540354221E-34
   1332.03528512      0.137868779697E-34
   1338.31847043      0.138010135937E-34
   1344.60165574      0.128825805108E-34
   1350.88484104      0.116720636206E-34
   1357.16802635      0.131915154203E-34
   1363.45121166      0.122707890407E-34
   1369.73439697      0.124136839855E-34
   1376.01758227      0.112475374787E-34
   1382.30076758      0.112092623989E-34
   1388.58395289      0.122280235326E-34
   1394.86713819      0.107142654904E-34
   1401.15032350      0.115878028750E-34
   1407.43350881      0.112962146273E-34
   1413.71669412      0.120391429664E-34
   1419.99987942      0.117401431027E-34
   1426.28306473      0.100356503730E-34
   1432.56625004      0.101422048960E-34
   1438.84943534      0.980080829640E-35
   1445.13262065      0.101989922027E-34
   1451.41580596      0.862764599759E-35
   1457.69899127      0.943788385806E-35
   1463.98217657      0.129771231738E-34
   1470.26536188      0.837758146533E-35
   1476.54854719      0.881534364822E-35
   1482.83173249      0.723343760240E-35
   1489.11491780      0.777767067842E-35
   1495.39810311      0.690077642853E-35
   1501.68128842      0.728554888121E-35
   1507.96447372      0.730215337240E-35
   1514.24765903      0.778246742263E-35
   1520.53084434      0.766725745956E-35
   1526.81402964      0.613767386709E-35
   1533.09721495      0.621555980758E-35
   1539.38040026      0.622156549770E-35
   1545.66358557      0.608443432018E-35
   1551.94677087      0.570123188217E-35
   1558.22995618      0.655381217030E-35
   1564.51314149      0.622359801254E-35
   1570.79632679      0.628998735494E-35
   1577.07951210      0.525914827236E-35
   1583.36269741      0.633320867080E-35
   1589.64588272      0.589052911316E-35
   1595.92906802      0.597534523934E-35
   1602.21225333      0.527198680520E-35
   1608.49543864      0.136108547407E-34
   1614.77862395      0.607457348031E-35
   1621.06180925      0.573777594095E-35
   1627.34499456      0.507675456887E-35
   1633.62817987      0.480097409138E-35
   1639.91136517      0.475182690652E-35
   1646.19455048      0.471353680751E-35
   1652.47773579      0.451228170224E-35
   1658.76092110      0.456689675145E-35
   1665.04410640      0.443150354529E-35
   1671.32729171      0.432916303307E-35
   1677.61047702      0.404087025737E-35
   1683.89366232      0.405713535878E-35
   1690.17684763      0.404512105763E-35
   1696.46003294      0.386002062670E-35
   1702.74321825      0.384964027667E-35
   1709.02640355      0.376977767159E-35
   1715.30958886      0.384574029768E-35
   1721.59277417      0.361345310801E-35
   1727.87595947      0.353450752840E-35
   1734.15914478      0.361630774235E-35
   1740.44233009      0.364647445855E-35
   1746.72551540      0.346105119322E-35
   1753.00870070      0.328518597556E-35
   1759.29188601      0.329173577672E-35
   1765.57507132      0.333804419428E-35
   1771.85825662      0.332242638154E-35
   1778.14144193      0.307462286615E-35
   1784.42462724      0.330339798402E-35
   1790.70781255      0.302177133638E-35
   1796.99099785      0.302545838630E-35
   1803.27418316      0.281469568360E-35
   1809.55736847      0.298118198891E-35
   1815.84055377      0.295700287076E-35
   1822.12373908      0.293942837148E-35
   1828.40692439      0.267988452875E-35
   1834.69010970      0.260388632071E-35
   1840.97329500      0.272392270786E-35
   1847.25648031      0.270430576096E-35
   1853.53966562      0.258516327250E-35
   1859.82285093      0.269009225104E-35
   1866.10603623      0.263352777343E-35
   1872.38922154      0.261886797854E-35
   1878.67240685      0.253944327667E-35
   1884.95559215      0.254335465067E-35
   1891.23877746      0.246225686755E-35
   1897.52196277      0.245231215145E-35
   1903.80514808      0.243201845102E-35
   1910.08833338      0.229889988433E-35
   1916.37151869      0.238860762592E-35
   1922.65470400      0.243458568131E-35
   1928.93788930      0.229537596839E-35
   1935.22107461      0.243366662628E-35
   1941.50425992      0.220364287205E-35
   1947.78744523      0.225023098388E-35
   1954.07063053      0.218804621540E-35
   1960.35381584      0.222004257031E-35
   1966.63700115      0.223606613153E-35
   1972.92018645      0.211051489700E-35
   1979.20337176      0.208085385737E-35
   1985.48655707      0.210265140317E-35
   1991.76974238      0.208709440384E-35
   1998.05292768      0.202206114246E-35
   2004.33611299      0.203875796566E-35
   2010.61929830      0.208688508202E-35
   2016.90248360      0.194302928783E-35
   2023.18566891      0.197950956664E-35
   2029.46885422      0.193170754104E-35
   2035.75203953      0.186057651584E-35
   2042.03522483      0.183353862363E-35
   2048.31841014      0.176240767678E-35
   2054.60159545      0.179334898476E-35
   2060.88478075      0.175929649140E-35
   2067.16796606      0.171232958602E-35
   2073.45115137      0.173685184577E-35
   2079.73433668      0.164689726510E-35
   2086.01752198      0.163649774093E-35
   2092.30070729      0.155930718971E-35
   2098.58389260      0.162875352807E-35
   2104.86707791      0.149792592160E-35
   2111.15026321      0.148334664059E-35
   2117.43344852      0.152870835645E-35
   2123.71663383      0.147384251228E-35
   2129.99981913      0.157934830716E-35
   2136.28300444      0.137373201657E-35
   2142.56618975      0.146587007577E-35
   2148.84937506      0.130194982844E-35
   2155.13256036      0.146001600250E-35
   2161.41574567      0.123609009678E-35
   2167.69893098      0.130667001448E-35
   2173.98211628      0.128336950173E-35
   2180.26530159      0.124062509067E-35
   2186.54848690      0.117577278524E-35
   2192.83167221      0.121241407763E-35
   2199.11485751      0.117047382861E-35
   2205.39804282      0.121765030196E-35
   2211.68122813      0.101984997669E-35
   2217.96441343      0.111606841111E-35
   2224.24759874      0.102442058797E-35
   2230.53078405      0.973848169341E-36
   2236.81396936      0.102469445929E-35
   2243.09715466      0.935070754413E-36
   2249.38033997      0.949152582557E-36
   2255.66352528      0.866454267547E-36
   2261.94671058      0.973588543787E-36
   2268.22989589      0.820400444108E-36
   2274.51308120      0.775165679759E-36
   2280.79626651      0.694403386471E-36
   2287.07945181      0.658964823467E-36
   2293.36263712      0.625652473470E-36
   2299.64582243      0.613924842919E-36
   2305.92900773      0.580523535664E-36
   2312.21219304      0.565797360763E-36
   2318.49537835      0.545040857358E-36
   2324.77856366      0.522617569491E-36
   2331.06174896      0.505209171478E-36
   2337.34493427      0.490528619108E-36
   2343.62811958      0.453997013324E-36
   2349.91130489      0.447853327659E-36
   2356.19449019      0.433375300491E-36
   2362.47767550      0.431164202814E-36
   2368.76086081      0.401977015271E-36
   2375.04404611      0.401901259180E-36
   2381.32723142      0.377554105363E-36
   2387.61041673      0.376901853665E-36
   2393.89360204      0.359389569222E-36
   2400.17678734      0.345026627435E-36
   2406.45997265      0.332086981186E-36
   2412.74315796      0.316843796675E-36
   2419.02634326      0.310476724566E-36
   2425.30952857      0.301296738787E-36
   2431.59271388      0.288987494801E-36
   2437.87589919      0.271674814705E-36
   2444.15908449      0.266440064290E-36
   2450.44226980      0.257380705792E-36
   2456.72545511      0.250326081519E-36
   2463.00864041      0.241426231289E-36
   2469.29182572      0.235268102647E-36
   2475.57501103      0.221117185551E-36
   2481.85819634      0.215447147146E-36
   2488.14138164      0.206244722945E-36
   2494.42456695      0.202311332354E-36
   2500.70775226      0.188079922603E-36
   2506.99093756      0.178396446997E-36
   2513.27412287      0.170934463777E-36
   2519.55730818      0.169978508375E-36
   2525.84049349      0.159390552924E-36
   2532.12367879      0.155624036212E-36
   2538.40686410      0.146721942401E-36
   2544.69004941      0.135323403993E-36
   2550.97323471      0.134399568115E-36
   2557.25642002      0.126301279411E-36
   2563.53960533      0.128358758294E-36
   2569.82279064      0.115146827085E-36
   2576.10597594      0.106647411385E-36
   2582.38916125      0.106737805694E-36
   2588.67234656      0.102211016299E-36
   2594.95553187      0.958087562560E-37
   2601.23871717      0.861160401475E-37
   2607.52190248      0.818102136619E-37
   2613.80508779      0.782644086758E-37
   2620.08827309      0.728997848183E-37
   2626.37145840      0.689442664701E-37
   2632.65464371      0.679928226280E-37
   2638.93782902      0.591096352040E-37
   2645.22101432      0.611658271302E-37
   2651.50419963      0.559190891713E-37
   2657.78738494      0.518905554945E-37
   2664.07057024      0.428140356889E-37
   2670.35375555      0.402098860011E-37
   2676.63694086      0.434868885201E-37
   2682.92012617      0.387743023686E-37
   2689.20331147      0.344893305441E-37
   2695.48649678      0.243096109742E-37
   2701.76968209      0.318167769178E-37
   2708.05286739      0.252805179817E-37
   2714.33605270      0.216427220099E-37
   2720.61923801      0.155785908108E-37
   2726.90242332      0.191529717192E-37
   2733.18560862      0.181046061606E-37
   2739.46879393      0.135189697392E-37
   2745.75197924      0.804748869202E-38
   2752.03516454      0.101592737597E-37
   2758.31834985      0.813089137676E-38
   2764.60153516      0.550967589156E-38
   2770.88472047      0.222142833523E-38
   2777.16790577      0.186962276918E-38
   2783.45109108      0.674674769747E-39
   2789.73427639      0.338965495664E-41
   6.28318530718      0.601312087656E-37
   12.5663706144      0.852690195499E-02
   18.8495559215      0.181365759933E-03
   25.1327412287      0.277186202383E-04
   31.4159265359      0.188882111879E-05
   37.6991118431      0.217654509794E-06
   43.9822971503      0.335296552649E-07
   50.2654824574      0.575414700446E-08
   56.5486677646      0.851566147855E-09
   62.8318530718      0.220731567952E-09
   69.1150383790      0.543305458984E-10
   75.3982236862      0.181769836046E-10
   81.6814089933      0.737143583643E-11
   87.9645943005      0.391269120297E-11
   94.2477796077      0.275378935998E-11
   100.530964915      0.262874016827E-11
   106.814150222      0.266455623873E-11
   113.097335529      0.263682419041E-11
   119.380520836      0.274610463225E-11
   125.663706144      0.284435699338E-11
   131.946891451      0.278868910657E-11
   138.230076758      0.242606648144E-11
   144.513262065      0.251565081207E-11
   150.796447372      0.237427233298E-11
   157.079632679      0.201816784557E-11
   163.362817987      0.176142733177E-11
   169.646003294      0.159685354530E-11
   175.929188601      0.133054689482E-11
   182.212373908      0.962914107399E-12
   188.495559215      0.786374117168E-12
   194.778744523      0.572465048556E-12
   201.061929830      0.404610086891E-12
   207.345115137      0.245098549864E-12
   213.628300444      0.155858418535E-12
   219.911485751      0.834000982906E-13
   226.194671058      0.375909730992E-13
   232.477856366      0.132860579722E-13
   238.761041673      0.399669210390E-14
   245.044226980      0.826791835441E-15
   251.327412287      0.594527517170E-15
   257.610597594      0.776751282144E-15
   263.893782902      0.610838594477E-15
   270.176968209      0.282997720350E-15
   276.460153516      0.725709863184E-16
   282.743338823      0.297383305306E-16
   289.026524130      0.393107131111E-16
   295.309709437      0.256404728826E-16
   301.592894745      0.924220892001E-17
   307.876080052      0.392860190737E-17
   314.159265359      0.434447712673E-17
   320.442450666      0.209813850456E-17
   326.725635973      0.867093168322E-18
   333.008821281      0.702229660639E-18
   339.292006588      0.413693284190E-18
   345.575191895      0.186066292720E-18
   351.858377202      0.139520499398E-18
   358.141562509      0.714330484960E-19
   364.424747816      0.427934893031E-19
   370.707933124      0.282194233492E-19
   376.991118431      0.155863395779E-19
   383.274303738      0.106149878631E-19
   389.557489045      0.665090938414E-20
   395.840674352      0.476844170570E-20
   402.123859659      0.350986328190E-20
   408.407044967      0.258152815152E-20
   414.690230274      0.209163601972E-20
   420.973415581      0.163056393824E-20
   427.256600888      0.145516077699E-20
   433.539786195      0.125262309670E-20
   439.822971503      0.104652398777E-20
   446.106156810      0.830974622217E-21
   452.389342117      0.734315836235E-21
   458.672527424      0.604938131210E-21
   464.955712731      0.492183572581E-21
   471.238898038      0.372639639652E-21
   477.522083346      0.282865385152E-21
   483.805268653      0.212338982961E-21
   490.088453960      0.168291034948E-21
   496.371639267      0.122133295197E-21
   502.654824574      0.914468044278E-22
   508.938009882      0.573331442698E-22
   515.221195189      0.306142785011E-22
   521.504380496      0.205542589798E-22
   527.787565803      0.133457748158E-22
   534.070751110      0.464721076435E-23
   540.353936417      0.175465471468E-23
   546.637121725      0.190297818041E-23
   552.920307032      0.689008688830E-24
   559.203492339      0.384434442518E-24
   565.486677646      0.240251131149E-24
   571.769862953      0.875290638267E-25
   578.053048261      0.344033066714E-25
   584.336233568      0.632044497689E-26
   590.619418875      0.104455943773E-26
   596.902604182      0.332368035457E-27
   603.185789489      0.235148903608E-28
   609.468974796      0.438182958998E-30
   615.752160104      0.259212750061E-31
   622.035345411      0.936543919248E-34
   628.318530718      0.824568938696E-34
   634.601716025      0.534317100603E-34
   640.884901332      0.517139581254E-34
   647.168086639      0.328907281423E-34
   653.451271947      0.752773803321E-34
   659.734457254      0.599963944983E-34
   666.017642561      0.523672212484E-34
   672.300827868      0.248253351252E-34
   678.584013175      0.300950549050E-34
   684.867198483      0.534410931312E-34
   691.150383790      0.281408675417E-34
   697.433569097      0.260012997515E-34
   703.716754404      0.298626304850E-33
   709.999939711      0.106228174398E-33
   716.283125018      0.129564848806E-33
   722.566310326      0.291128994529E-34
   728.849495633      0.408107394961E-34
   735.132680940      0.299760018826E-34
   741.415866247      0.303810653701E-34
   747.699051554      0.245531262707E-34
   753.982236862      0.719727983316E-34
   760.265422169      0.412778749540E-34
   766.548607476      0.357986740961E-34
   772.831792783      0.323035596599E-34
   779.114978090      0.461501720807E-34
   785.398163397      0.360064683834E-34
   791.681348705      0.391660877653E-34
   797.964534012      0.326319917867E-34
   804.247719319      0.530737917407E-33
   810.530904626      0.411686094822E-34
   816.814089933      0.723526553902E-33
   823.097275241      0.595317491687E-34
   829.380460548      0.938661716356E-34
   835.663645855      0.504236869221E-34
   841.946831162      0.541654244830E-34
   848.230016469      0.458381596151E-34
   854.513201776      0.954696869892E-34
   860.796387084      0.624270372236E-34
   867.079572391      0.971451218873E-34
   873.362757698      0.473681955492E-34
   879.645943005      0.660385003569E-34
   885.929128312      0.439461782051E-34
   892.212313620      0.771993884609E-34
   898.495498927      0.453094757276E-34
   904.778684234      0.579979674464E-34
   911.061869541      0.711949316338E-34
   917.345054848      0.905995504039E-34
   923.628240155      0.358153039265E-34
   929.911425463      0.111182738340E-33
   936.194610770      0.591862542905E-34
   942.477796077      0.100847473978E-33
   948.760981384      0.439227662659E-34
   955.044166691      0.651080675695E-34
   961.327351998      0.444625330789E-34
   967.610537306      0.549298159993E-34
   973.893722613      0.301391308153E-34
   980.176907920      0.459926481844E-34
   986.460093227      0.482443889824E-34
   992.743278534      0.668428351020E-34
   999.026463842      0.376883188564E-34
   1005.30964915      0.260275308176E-33
   1011.59283446      0.238549485255E-33
   1017.87601976      0.142816025711E-33
   1024.15920507      0.489402370570E-34
   1030.44239038      0.604884440228E-34
   1036.72557568      0.701459522301E-34
   1043.00876099      0.510609500100E-34
   1049.29194630      0.407678112237E-34
   1055.57513161      0.827736573223E-34
   1061.85831691      0.373156513447E-34
   1068.14150222      0.811447590176E-34
   1074.42468753      0.413888587452E-34
   1080.70787283      0.298752423233E-34
   1086.99105814      0.324766448669E-34
   1093.27424345      0.298942620286E-34
   1099.55742876      0.290319497628E-34
   1105.84061406      0.270603225250E-34
   1112.12379937      0.283608017108E-34
   1118.40698468      0.263398269281E-34
   1124.69016999      0.261755614291E-34
   1130.97335529      0.244047572725E-34
   1137.25654060      0.249122057661E-34
   1143.53972591      0.243129372337E-34
   1149.82291121      0.236393068059E-34
   1156.10609652      0.254067722746E-34
   1162.38928183      0.227988850531E-34
   1168.67246714      0.222381583465E-34
   1174.95565244      0.226808018424E-34
   1181.23883775      0.209400562654E-34
   1187.52202306      0.214002999185E-34
   1193.80520836      0.200134162388E-34
   1200.08839367      0.201266967724E-34
   1206.37157898      0.242266425440E-34
   1212.65476429      0.254451937835E-34
   1218.93794959      0.238553009534E-34
   1225.22113490      0.194921636620E-34
   1231.50432021      0.193362283981E-34
   1237.78750551      0.194469795793E-34
   1244.07069082      0.179000151293E-34
   1250.35387613      0.182109651745E-34
   1256.63706144      0.168060835877E-34
   1262.92024674      0.196566692854E-34
   1269.20343205      0.172026866021E-34
   1275.48661736      0.158040403521E-34
   1281.76980266      0.169142595622E-34
   1288.05298797      0.167762670887E-34
   1294.33617328      0.158231920573E-34
   1300.61935859      0.163194656417E-34
   1306.90254389      0.152832237720E-34
   1313.18572920      0.170764708180E-34
   1319.46891451      0.160785923395E-34
   1325.75209981      0.148631471739E-34
   1332.03528512      0.148615107936E-34
   1338.31847043      0.143443901784E-34
   1344.60165574      0.130963514387E-34
   1350.88484104      0.130613114954E-34
   1357.16802635      0.136962580111E-34
   1363.45121166      0.131877204307E-34
   1369.73439697      0.130525892572E-34
   1376.01758227      0.115865568008E-34
   1382.30076758      0.118519562998E-34
   1388.58395289      0.120041320216E-34
   1394.86713819      0.112947606946E-34
   1401.15032350      0.117626623490E-34
   1407.43350881      0.147811302279E-34
   1413.71669412      0.156980111833E-34
   1419.99987942      0.137893964220E-34
   1426.28306473      0.106591168222E-34
   1432.56625004      0.100248889384E-34
   1438.84943534      0.103698954898E-34
   1445.13262065      0.106361864220E-34
   1451.41580596      0.881728764656E-35
   1457.69899127      0.962590686645E-35
   1463.98217657      0.113069279051E-34
   1470.26536188      0.868381298427E-35
   1476.54854719      0.923652931640E-35
   1482.83173249      0.764529154693E-35
   1489.11491780      0.857835519196E-35
   1495.39810311      0.731218321565E-35
   1501.68128842      0.760464754338E-35
   1507.96447372      0.794127808338E-35
   1514.24765903      0.758555863150E-35
   1520.53084434      0.750891790914E-35
   1526.81402964      0.662024385855E-35
   1533.09721495      0.681823484845E-35
   1539.38040026      0.748666330415E-35
   1545.66358557      0.643171265756E-35
   1551.94677087      0.634775568173E-35
   1558.22995618      0.681790122905E-35
   1564.51314149      0.617647106199E-35
   1570.79632679      0.658369067893E-35
   1577.07951210      0.558844311226E-35
   1583.36269741      0.622922701272E-35
   1589.64588272      0.742678941290E-35
   1595.92906802      0.606605894105E-35
   1602.21225333      0.566084567236E-35
   1608.49543864      0.122383354451E-34
   1614.77862395      0.699457836299E-35
   1621.06180925      0.562681808521E-35
   1627.34499456      0.518397282467E-35
   1633.62817987      0.511046829837E-35
   1639.91136517      0.495965993606E-35
   1646.19455048      0.486163209404E-35
   1652.47773579      0.469913418788E-35
   1658.76092110      0.468799568517E-35
   1665.04410640      0.451098830337E-35
   1671.32729171      0.450009414168E-35
   1677.61047702      0.431828207645E-35
   1683.89366232      0.420713632569E-35
   1690.17684763      0.411897409894E-35
   1696.46003294      0.394420885886E-35
   1702.74321825      0.391501323323E-35
   1709.02640355      0.395680096297E-35
   1715.30958886      0.389309685127E-35
   1721.59277417      0.371935928458E-35
   1727.87595947      0.358221636348E-35
   1734.15914478      0.373227266316E-35
   1740.44233009      0.361659635797E-35
   1746.72551540      0.359395660265E-35
   1753.00870070      0.348439894493E-35
   1759.29188601      0.337084452669E-35
   1765.57507132      0.355471046471E-35
   1771.85825662      0.334095747463E-35
   1778.14144193      0.317848235615E-35
   1784.42462724      0.323309036840E-35
   1790.70781255      0.314649808806E-35
   1796.99099785      0.313955624890E-35
   1803.27418316      0.291937354459E-35
   1809.55736847      0.293218341174E-35
   1815.84055377      0.285773321604E-35
   1822.12373908      0.300533299646E-35
   1828.40692439      0.276360795784E-35
   1834.69010970      0.275788520054E-35
   1840.97329500      0.282791252117E-35
   1847.25648031      0.272757556423E-35
   1853.53966562      0.270163795758E-35
   1859.82285093      0.274926946610E-35
   1866.10603623      0.262620198546E-35
   1872.38922154      0.272162368271E-35
   1878.67240685      0.267980943274E-35
   1884.95559215      0.257751021473E-35
   1891.23877746      0.254839626207E-35
   1897.52196277      0.250740867354E-35
   1903.80514808      0.248875661194E-35
   1910.08833338      0.240841044048E-35
   1916.37151869      0.247613938011E-35
   1922.65470400      0.240681033973E-35
   1928.93788930      0.231953818640E-35
   1935.22107461      0.246262124119E-35
   1941.50425992      0.225853795803E-35
   1947.78744523      0.231058187105E-35
   1954.07063053      0.226617219253E-35
   1960.35381584      0.222379044947E-35
   1966.63700115      0.220985120188E-35
   1972.92018645      0.228899738841E-35
   1979.20337176      0.215079851214E-35
   1985.48655707      0.223594840409E-35
   1991.76974238      0.219619843515E-35
   1998.05292768      0.206519171157E-35
   2004.33611299      0.203004099083E-35
   2010.61929830      0.208349340122E-35
   2016.90248360      0.195025277924E-35
   2023.18566891      0.197332812772E-35
   2029.46885422      0.193014204863E-35
   2035.75203953      0.188741881567E-35
   2042.03522483      0.190032626865E-35
   2048.31841014      0.182583728049E-35
   2054.60159545      0.180572760937E-35
   2060.88478075      0.170903588623E-35
   2067.16796606      0.172999424803E-35
   2073.45115137      0.175053268035E-35
   2079.73433668      0.166559710744E-35
   2086.01752198      0.165681297771E-35
   2092.30070729      0.163176576027E-35
   2098.58389260      0.166568059397E-35
   2104.86707791      0.160996606204E-35
   2111.15026321      0.152937841368E-35
   2117.43344852      0.150807819349E-35
   2123.71663383      0.140892078521E-35
   2129.99981913      0.153481269529E-35
   2136.28300444      0.137869772272E-35
   2142.56618975      0.149059681472E-35
   2148.84937506      0.138172429666E-35
   2155.13256036      0.135552582503E-35
   2161.41574567      0.129727713100E-35
   2167.69893098      0.132479778672E-35
   2173.98211628      0.127778771637E-35
   2180.26530159      0.125192148200E-35
   2186.54848690      0.122999496113E-35
   2192.83167221      0.131710639141E-35
   2199.11485751      0.108491006487E-35
   2205.39804282      0.120952859815E-35
   2211.68122813      0.102931254962E-35
   2217.96441343      0.112485307690E-35
   2224.24759874      0.992160557814E-36
   2230.53078405      0.101918885489E-35
   2236.81396936      0.105803074251E-35
   2243.09715466      0.929320752544E-36
   2249.38033997      0.111306096897E-35
   2255.66352528      0.854127427699E-36
   2261.94671058      0.933227840875E-36
   2268.22989589      0.823839133638E-36
   2274.51308120      0.756106455441E-36
   2280.79626651      0.728338505741E-36
   2287.07945181      0.659405211260E-36
   2293.36263712      0.621959974312E-36
   2299.64582243      0.612955175717E-36
   2305.92900773      0.578305371713E-36
   2312.21219304      0.563316999688E-36
   2318.49537835      0.542284632789E-36
   2324.77856366      0.523688632231E-36
   2331.06174896      0.506219225497E-36
   2337.34493427      0.495313423036E-36
   2343.62811958      0.459200803878E-36
   2349.91130489      0.457358260612E-36
   2356.19449019      0.437428017441E-36
   2362.47767550      0.432646418521E-36
   2368.76086081      0.409561030633E-36
   2375.04404611      0.395999448046E-36
   2381.32723142      0.383108405586E-36
   2387.61041673      0.372506720294E-36
   2393.89360204      0.360171222480E-36
   2400.17678734      0.346166988124E-36
   2406.45997265      0.330427014787E-36
   2412.74315796      0.320736807094E-36
   2419.02634326      0.307936510814E-36
   2425.30952857      0.304282084609E-36
   2431.59271388      0.293549102114E-36
   2437.87589919      0.278002678730E-36
   2444.15908449      0.265723393562E-36
   2450.44226980      0.262406964561E-36
   2456.72545511      0.243415331662E-36
   2463.00864041      0.241432415656E-36
   2469.29182572      0.235563098755E-36
   2475.57501103      0.225263507485E-36
   2481.85819634      0.215961245989E-36
   2488.14138164      0.205804089447E-36
   2494.42456695      0.199722781530E-36
   2500.70775226      0.182325657144E-36
   2506.99093756      0.177572097016E-36
   2513.27412287      0.178606644628E-36
   2519.55730818      0.173108433049E-36
   2525.84049349      0.163181619145E-36
   2532.12367879      0.155968680262E-36
   2538.40686410      0.145720254406E-36
   2544.69004941      0.139561091336E-36
   2550.97323471      0.137254124666E-36
   2557.25642002      0.130212536368E-36
   2563.53960533      0.123568763088E-36
   2569.82279064      0.116364067551E-36
   2576.10597594      0.106315744935E-36
   2582.38916125      0.102722701667E-36
   2588.67234656      0.100085637624E-36
   2594.95553187      0.931422394205E-37
   2601.23871717      0.882731700346E-37
   2607.52190248      0.822261793976E-37
   2613.80508779      0.807930762912E-37
   2620.08827309      0.760242083759E-37
   2626.37145840      0.695901351895E-37
   2632.65464371      0.681321305170E-37
   2638.93782902      0.584715708681E-37
   2645.22101432      0.561556024259E-37
   2651.50419963      0.554810232423E-37
   2657.78738494      0.546620458482E-37
   2664.07057024      0.449439391966E-37
   2670.35375555      0.415650622022E-37
   2676.63694086      0.407372638247E-37
   2682.92012617      0.361629269495E-37
   2689.20331147      0.328121941438E-37
   2695.48649678      0.270091452155E-37
   2701.76968209      0.293287543847E-37
   2708.05286739      0.285771618680E-37
   2714.33605270      0.218851378823E-37
   2720.61923801      0.150182413251E-37
   2726.90242332      0.195889275736E-37
   2733.18560862      0.165110116823E-37
   2739.46879393      0.140062084597E-37
   2745.75197924      0.648635611038E-38
   2752.03516454      0.103456965389E-37
   2758.31834985      0.827801240738E-38
   2764.60153516      0.559851509686E-38
   2770.88472047      0.253406733036E-38
   2777.16790577      0.251261742968E-38
   2783.45109108      0.670807104032E-39
   2789.73427639      0.145253855599E-40
   6.28318530718      0.367675556773E-37
   12.5663706144      0.845868693678E-02
   18.8495559215      0.200559830475E-03
   25.1327412287      0.340686646099E-04
   31.4159265359      0.246218068674E-05
   37.6991118431      0.280259172006E-06
   43.9822971503      0.457363548828E-07
   50.2654824574      0.765831897129E-08
   56.5486677646      0.107321315721E-08
   62.8318530718      0.267884607199E-09
   69.1150383790      0.624914031061E-10
   75.3982236862      0.202900740290E-10
   81.6814089933      0.784365276378E-11
   87.9645943005      0.400827959924E-11
   94.2477796077      0.274630963063E-11
   100.530964915      0.259563837165E-11
   106.814150222      0.262532156872E-11
   113.097335529      0.260104684280E-11
   119.380520836      0.271485822444E-11
   125.663706144      0.282098422182E-11
   131.946891451      0.277171237890E-11
   138.230076758      0.241496254366E-11
   144.513262065      0.251139137295E-11
   150.796447372      0.237533504379E-11
   157.079632679      0.202279256892E-11
   163.362817987      0.176824775437E-11
   169.646003294      0.160734537770E-11
   175.929188601      0.134181621887E-11
   182.212373908      0.972932904918E-12
   188.495559215      0.796313529779E-12
   194.778744523      0.581485815369E-12
   201.061929830      0.412065911816E-12
   207.345115137      0.250451812861E-12
   213.628300444      0.159970038878E-12
   219.911485751      0.860930164628E-13
   226.194671058      0.391085820398E-13
   232.477856366      0.139835277397E-13
   238.761041673      0.427787451059E-14
   245.044226980      0.878661684891E-15
   251.327412287      0.582379922689E-15
   257.610597594      0.768246284514E-15
   263.893782902      0.615437356730E-15
   270.176968209      0.290948352078E-15
   276.460153516      0.758992016562E-16
   282.743338823      0.295560939349E-16
   289.026524130      0.389156823693E-16
   295.309709437      0.259436429923E-16
   301.592894745      0.949910299649E-17
   307.876080052      0.391476203197E-17
   314.159265359      0.432996245736E-17
   320.442450666      0.212866790691E-17
   326.725635973      0.871453936795E-18
   333.008821281      0.699798421074E-18
   339.292006588      0.417611623927E-18
   345.575191895      0.186506286617E-18
   351.858377202      0.139612271881E-18
   358.141562509      0.718193699402E-19
   364.424747816      0.427957780954E-19
   370.707933124      0.282952157547E-19
   376.991118431      0.156162072086E-19
   383.274303738      0.106285512658E-19
   389.557489045      0.666094252281E-20
   395.840674352      0.477323897330E-20
   402.123859659      0.351381568398E-20
   408.407044967      0.258487585680E-20
   414.690230274      0.209281381929E-20
   420.973415581      0.163234851072E-20
   427.256600888      0.145598046246E-20
   433.539786195      0.125324405682E-20
   439.822971503      0.104693412659E-20
   446.106156810      0.831066326858E-21
   452.389342117      0.734851560564E-21
   458.672527424      0.604967354699E-21
   464.955712731      0.492306932497E-21
   471.238898038      0.372691269084E-21
   477.522083346      0.282872523556E-21
   483.805268653      0.212401033507E-21
   490.088453960      0.168310097669E-21
   496.371639267      0.122093767283E-21
   502.654824574      0.914688120588E-22
   508.938009882      0.573481228489E-22
   515.221195189      0.306055522258E-22
   521.504380496      0.205565681350E-22
   527.787565803      0.133480751963E-22
   534.070751110      0.464506587275E-23
   540.353936417      0.175357750323E-23
   546.637121725      0.190357217827E-23
   552.920307032      0.689223474345E-24
   559.203492339      0.383944241383E-24
   565.486677646      0.239970487172E-24
   571.769862953      0.876910076288E-25
   578.053048261      0.343454648488E-25
   584.336233568      0.629775017734E-26
   590.619418875      0.104442790683E-26
   596.902604182      0.332368036421E-27
   603.185789489      0.235149437798E-28
   609.468974796      0.438178093497E-30
   615.752160104      0.259514569630E-31
   622.035345411      0.953069346338E-34
   628.318530718      0.921033390573E-34
   634.601716025      0.562821220206E-34
   640.884901332      0.571420080195E-34
   647.168086639      0.391429811350E-34
   653.451271947      0.845478940868E-34
   659.734457254      0.654451760770E-34
   666.017642561      0.586825935570E-34
   672.300827868      0.275008482566E-34
   678.584013175      0.331485170766E-34
   684.867198483      0.517512536607E-34
   691.150383790      0.336207193077E-34
   697.433569097      0.274613768169E-34
   703.716754404      0.318224914378E-33
   709.999939711      0.128505642974E-33
   716.283125018      0.133261022408E-33
   722.566310326      0.298282067703E-34
   728.849495633      0.452155342449E-34
   735.132680940      0.332616227845E-34
   741.415866247      0.331298656196E-34
   747.699051554      0.257030583385E-34
   753.982236862      0.770246134049E-34
   760.265422169      0.453503827266E-34
   766.548607476      0.411619694401E-34
   772.831792783      0.334621398373E-34
   779.114978090      0.487221767786E-34
   785.398163397      0.365668640898E-34
   791.681348705      0.428147471170E-34
   797.964534012      0.373535671822E-34
   804.247719319      0.574827640151E-33
   810.530904626      0.520690106214E-34
   816.814089933      0.833400378860E-33
   823.097275241      0.657052427604E-34
   829.380460548      0.103181160041E-33
   835.663645855      0.549121320931E-34
   841.946831162      0.625533408171E-34
   848.230016469      0.504354873021E-34
   854.513201776      0.102284504273E-33
   860.796387084      0.779455156258E-34
   867.079572391      0.108438177803E-33
   873.362757698      0.455138733746E-34
   879.645943005      0.701730448160E-34
   885.929128312      0.495218703351E-34
   892.212313620      0.926833993255E-34
   898.495498927      0.563540908703E-34
   904.778684234      0.582900989896E-34
   911.061869541      0.761385058760E-34
   917.345054848      0.104038148068E-33
   923.628240155      0.409912576129E-34
   929.911425463      0.125393974350E-33
   936.194610770      0.619929971509E-34
   942.477796077      0.111517765434E-33
   948.760981384      0.475004927529E-34
   955.044166691      0.742161573976E-34
   961.327351998      0.572923859482E-34
   967.610537306      0.592182693708E-34
   973.893722613      0.321503980383E-34
   980.176907920      0.469171012049E-34
   986.460093227      0.415237081076E-34
   992.743278534      0.735409472328E-34
   999.026463842      0.427139965527E-34
   1005.30964915      0.270668524755E-33
   1011.59283446      0.211239120388E-33
   1017.87601976      0.158806476711E-33
   1024.15920507      0.493308650233E-34
   1030.44239038      0.658905949311E-34
   1036.72557568      0.790974992826E-34
   1043.00876099      0.542028917760E-34
   1049.29194630      0.446017773271E-34
   1055.57513161      0.923480582642E-34
   1061.85831691      0.425619924028E-34
   1068.14150222      0.843838775436E-34
   1074.42468753      0.415324030200E-34
   1080.70787283      0.318836160763E-34
   1086.99105814      0.345018639645E-34
   1093.27424345      0.326537050077E-34
   1099.55742876      0.316011722821E-34
   1105.84061406      0.286293629631E-34
   1112.12379937      0.321776612101E-34
   1118.40698468      0.262765840228E-34
   1124.69016999      0.276284767521E-34
   1130.97335529      0.261691108621E-34
   1137.25654060      0.267606519201E-34
   1143.53972591      0.265836375488E-34
   1149.82291121      0.253460465704E-34
   1156.10609652      0.258150508246E-34
   1162.38928183      0.235596640274E-34
   1168.67246714      0.240497553954E-34
   1174.95565244      0.240123775862E-34
   1181.23883775      0.215548342166E-34
   1187.52202306      0.227302122263E-34
   1193.80520836      0.215431655366E-34
   1200.08839367      0.208574839903E-34
   1206.37157898      0.243502027173E-34
   1212.65476429      0.259139113668E-34
   1218.93794959      0.261152178217E-34
   1225.22113490      0.206406244954E-34
   1231.50432021      0.200179538259E-34
   1237.78750551      0.198194343228E-34
   1244.07069082      0.186406661310E-34
   1250.35387613      0.187267267197E-34
   1256.63706144      0.177878268170E-34
   1262.92024674      0.195257557888E-34
   1269.20343205      0.181318745310E-34
   1275.48661736      0.164382893548E-34
   1281.76980266      0.179137773991E-34
   1288.05298797      0.175870694087E-34
   1294.33617328      0.164401258887E-34
   1300.61935859      0.167193210185E-34
   1306.90254389      0.164735258317E-34
   1313.18572920      0.176335231957E-34
   1319.46891451      0.181275670051E-34
   1325.75209981      0.161206722977E-34
   1332.03528512      0.153138710536E-34
   1338.31847043      0.151676318511E-34
   1344.60165574      0.141747555143E-34
   1350.88484104      0.132687130478E-34
   1357.16802635      0.144635157635E-34
   1363.45121166      0.143287565662E-34
   1369.73439697      0.140765209008E-34
   1376.01758227      0.121975244322E-34
   1382.30076758      0.126163146917E-34
   1388.58395289      0.127738929022E-34
   1394.86713819      0.116168952320E-34
   1401.15032350      0.122548231479E-34
   1407.43350881      0.127831420377E-34
   1413.71669412      0.147290078092E-34
   1419.99987942      0.134765451054E-34
   1426.28306473      0.111594597471E-34
   1432.56625004      0.105557178351E-34
   1438.84943534      0.105763585498E-34
   1445.13262065      0.108934993319E-34
   1451.41580596      0.955090108047E-35
   1457.69899127      0.102409168641E-34
   1463.98217657      0.110270879306E-34
   1470.26536188      0.965612469692E-35
   1476.54854719      0.930912022397E-35
   1482.83173249      0.769982160476E-35
   1489.11491780      0.853108279492E-35
   1495.39810311      0.804248685305E-35
   1501.68128842      0.756393820856E-35
   1507.96447372      0.794120856104E-35
   1514.24765903      0.107328019630E-34
   1520.53084434      0.714238583361E-35
   1526.81402964      0.649181772334E-35
   1533.09721495      0.658255855531E-35
   1539.38040026      0.690439528642E-35
   1545.66358557      0.638094299087E-35
   1551.94677087      0.642123756113E-35
   1558.22995618      0.698483811108E-35
   1564.51314149      0.683985059178E-35
   1570.79632679      0.694846829289E-35
   1577.07951210      0.586569895246E-35
   1583.36269741      0.663761741736E-35
   1589.64588272      0.648423619026E-35
   1595.92906802      0.692786524383E-35
   1602.21225333      0.598787626478E-35
   1608.49543864      0.125795648924E-34
   1614.77862395      0.123590652117E-34
   1621.06180925      0.584789185457E-35
   1627.34499456      0.544817264369E-35
   1633.62817987      0.524328005664E-35
   1639.91136517      0.519118731115E-35
   1646.19455048      0.505564390525E-35
   1652.47773579      0.464048342683E-35
   1658.76092110      0.475245354302E-35
   1665.04410640      0.474905259868E-35
   1671.32729171      0.448701397429E-35
   1677.61047702      0.432494397226E-35
   1683.89366232      0.417589454819E-35
   1690.17684763      0.425368170927E-35
   1696.46003294      0.398853686376E-35
   1702.74321825      0.393017869449E-35
   1709.02640355      0.394966700585E-35
   1715.30958886      0.390901684673E-35
   1721.59277417      0.376161445049E-35
   1727.87595947      0.367585085825E-35
   1734.15914478      0.380253600840E-35
   1740.44233009      0.359392264384E-35
   1746.72551540      0.354259610306E-35
   1753.00870070      0.339625822532E-35
   1759.29188601      0.345072126464E-35
   1765.57507132      0.357587449636E-35
   1771.85825662      0.334828536675E-35
   1778.14144193      0.317932704295E-35
   1784.42462724      0.334997160676E-35
   1790.70781255      0.317662948150E-35
   1796.99099785      0.310573652238E-35
   1803.27418316      0.305341475427E-35
   1809.55736847      0.296206748659E-35
   1815.84055377      0.296796112353E-35
   1822.12373908      0.306227544301E-35
   1828.40692439      0.276768103539E-35
   1834.69010970      0.280835964077E-35
   1840.97329500      0.286169753702E-35
   1847.25648031      0.273670821044E-35
   1853.53966562      0.270311749857E-35
   1859.82285093      0.280171643127E-35
   1866.10603623      0.259571112279E-35
   1872.38922154      0.264498992206E-35
   1878.67240685      0.263537070754E-35
   1884.95559215      0.263253949506E-35
   1891.23877746      0.260135073314E-35
   1897.52196277      0.268233824993E-35
   1903.80514808      0.257474357559E-35
   1910.08833338      0.246384010990E-35
   1916.37151869      0.247784171997E-35
   1922.65470400      0.243635878011E-35
   1928.93788930      0.231182614476E-35
   1935.22107461      0.243055411869E-35
   1941.50425992      0.231038605656E-35
   1947.78744523      0.236391777370E-35
   1954.07063053      0.222988214189E-35
   1960.35381584      0.227816184502E-35
   1966.63700115      0.224740997523E-35
   1972.92018645      0.224212555816E-35
   1979.20337176      0.214290558916E-35
   1985.48655707      0.214197225599E-35
   1991.76974238      0.212466405154E-35
   1998.05292768      0.203758783095E-35
   2004.33611299      0.213898787699E-35
   2010.61929830      0.212665948369E-35
   2016.90248360      0.202718280340E-35
   2023.18566891      0.201741168839E-35
   2029.46885422      0.187897526725E-35
   2035.75203953      0.190922488590E-35
   2042.03522483      0.190143314938E-35
   2048.31841014      0.186350458545E-35
   2054.60159545      0.181494920486E-35
   2060.88478075      0.179162052775E-35
   2067.16796606      0.175099258613E-35
   2073.45115137      0.188575023241E-35
   2079.73433668      0.176267629332E-35
   2086.01752198      0.175081755629E-35
   2092.30070729      0.164801794532E-35
   2098.58389260      0.166973763060E-35
   2104.86707791      0.165901123306E-35
   2111.15026321      0.155849414386E-35
   2117.43344852      0.156338616062E-35
   2123.71663383      0.151884790404E-35
   2129.99981913      0.157693452147E-35
   2136.28300444      0.136676650075E-35
   2142.56618975      0.160998505960E-35
   2148.84937506      0.136454302165E-35
   2155.13256036      0.147201225819E-35
   2161.41574567      0.132457761140E-35
   2167.69893098      0.132434249871E-35
   2173.98211628      0.129227290610E-35
   2180.26530159      0.133050650471E-35
   2186.54848690      0.119284376660E-35
   2192.83167221      0.126797740393E-35
   2199.11485751      0.112357020852E-35
   2205.39804282      0.120699243025E-35
   2211.68122813      0.109500582385E-35
   2217.96441343      0.116885336081E-35
   2224.24759874      0.106303435352E-35
   2230.53078405      0.102754976675E-35
   2236.81396936      0.106116903776E-35
   2243.09715466      0.959139924832E-36
   2249.38033997      0.103970249087E-35
   2255.66352528      0.883926298280E-36
   2261.94671058      0.999839806198E-36
   2268.22989589      0.810214757756E-36
   2274.51308120      0.792236570713E-36
   2280.79626651      0.719428837832E-36
   2287.07945181      0.666950054425E-36
   2293.36263712      0.631821873911E-36
   2299.64582243      0.612178227426E-36
   2305.92900773      0.592820227121E-36
   2312.21219304      0.560481091237E-36
   2318.49537835      0.540747887390E-36
   2324.77856366      0.525239452371E-36
   2331.06174896      0.509228615926E-36
   2337.34493427      0.489305741668E-36
   2343.62811958      0.466349976384E-36
   2349.91130489      0.461735423525E-36
   2356.19449019      0.444322683171E-36
   2362.47767550      0.423629392826E-36
   2368.76086081      0.408086448029E-36
   2375.04404611      0.405165308915E-36
   2381.32723142      0.376955904959E-36
   2387.61041673      0.371495270996E-36
   2393.89360204      0.359605940814E-36
   2400.17678734      0.350018984564E-36
   2406.45997265      0.330848085817E-36
   2412.74315796      0.325625060155E-36
   2419.02634326      0.316940636142E-36
   2425.30952857      0.304288769948E-36
   2431.59271388      0.299831059720E-36
   2437.87589919      0.290478974513E-36
   2444.15908449      0.275256576281E-36
   2450.44226980      0.263051461077E-36
   2456.72545511      0.246332895584E-36
   2463.00864041      0.241792170088E-36
   2469.29182572      0.231290864692E-36
   2475.57501103      0.222342344542E-36
   2481.85819634      0.217279000703E-36
   2488.14138164      0.211612109708E-36
   2494.42456695      0.202316517654E-36
   2500.70775226      0.187653617623E-36
   2506.99093756      0.176663685940E-36
   2513.27412287      0.176849048467E-36
   2519.55730818      0.175684360673E-36
   2525.84049349      0.162295885945E-36
   2532.12367879      0.154142680568E-36
   2538.40686410      0.143881567405E-36
   2544.69004941      0.144228704218E-36
   2550.97323471      0.134333676256E-36
   2557.25642002      0.131036177642E-36
   2563.53960533      0.121565612227E-36
   2569.82279064      0.110951640222E-36
   2576.10597594      0.108565202359E-36
   2582.38916125      0.102774610841E-36
   2588.67234656      0.102895688626E-36
   2594.95553187      0.955944459393E-37
   2601.23871717      0.852892580811E-37
   2607.52190248      0.821239724673E-37
   2613.80508779      0.779688585324E-37
   2620.08827309      0.753639581241E-37
   2626.37145840      0.689904903886E-37
   2632.65464371      0.652287201877E-37
   2638.93782902      0.590030930085E-37
   2645.22101432      0.580453447136E-37
   2651.50419963      0.500234109003E-37
   2657.78738494      0.508834593176E-37
   2664.07057024      0.471750541284E-37
   2670.35375555      0.416625216353E-37
   2676.63694086      0.378382092133E-37
   2682.92012617      0.383899415515E-37
   2689.20331147      0.344168803181E-37
   2695.48649678      0.292222771881E-37
   2701.76968209      0.319854776179E-37
   2708.05286739      0.256702801803E-37
   2714.33605270      0.203937970981E-37
   2720.61923801      0.153934433335E-37
   2726.90242332      0.211501023146E-37
   2733.18560862      0.156982356548E-37
   2739.46879393      0.127794272884E-37
   2745.75197924      0.698709524153E-38
   2752.03516454      0.108229632112E-37
   2758.31834985      0.899859258079E-38
   2764.60153516      0.649809777727E-38
   2770.88472047      0.214303157674E-38
   2777.16790577      0.267569309624E-38
   2783.45109108      0.624027072801E-39
   2789.73427639      0.802322965698E-41
   6.28318530718      0.244799010794E-37
   12.5663706144      0.838790413717E-02
   18.8495559215      0.220265859454E-03
   25.1327412287      0.412713325091E-04
   31.4159265359      0.316649376916E-05
   37.6991118431      0.358146164892E-06
   43.9822971503      0.618468520396E-07
   50.2654824574      0.102431241492E-07
   56.5486677646      0.136977084200E-08
   62.8318530718      0.329850171497E-09
   69.1150383790      0.729089136016E-10
   75.3982236862      0.229445785002E-10
   81.6814089933      0.841975261602E-11
   87.9645943005      0.413112955875E-11
   94.2477796077      0.274637868660E-11
   100.530964915      0.256479598601E-11
   106.814150222      0.258674766490E-11
   113.097335529      0.256535138882E-11
   119.380520836      0.268338384024E-11
   125.663706144      0.279727902769E-11
   131.946891451      0.275434350258E-11
   138.230076758      0.240347295639E-11
   144.513262065      0.250673150939E-11
   150.796447372      0.237603008309E-11
   157.079632679      0.202711330338E-11
   163.362817987      0.177481210660E-11
   169.646003294      0.161764811886E-11
   175.929188601      0.135295488027E-11
   182.212373908      0.982878266833E-12
   188.495559215      0.806217492297E-12
   194.778744523      0.590519540731E-12
   201.061929830      0.419553224560E-12
   207.345115137      0.255845141740E-12
   213.628300444      0.164130539785E-12
   219.911485751      0.888319412182E-13
   226.194671058      0.406619966671E-13
   232.477856366      0.147041914097E-13
   238.761041673      0.457348841364E-14
   245.044226980      0.936459588436E-15
   251.327412287      0.571370657696E-15
   257.610597594      0.759103467943E-15
   263.893782902      0.619322393938E-15
   270.176968209      0.298680605305E-15
   276.460153516      0.792947793004E-16
   282.743338823      0.294288159925E-16
   289.026524130      0.385015627821E-16
   295.309709437      0.262219103469E-16
   301.592894745      0.975423618508E-17
   307.876080052      0.390419406843E-17
   314.159265359      0.431345277261E-17
   320.442450666      0.215780458124E-17
   326.725635973      0.876089556342E-18
   333.008821281      0.697257918153E-18
   339.292006588      0.421335022358E-18
   345.575191895      0.186965141740E-18
   351.858377202      0.139676641533E-18
   358.141562509      0.721924097540E-19
   364.424747816      0.427974658026E-19
   370.707933124      0.283667631657E-19
   376.991118431      0.156453846318E-19
   383.274303738      0.106415483631E-19
   389.557489045      0.667095519360E-20
   395.840674352      0.477795553528E-20
   402.123859659      0.351783778888E-20
   408.407044967      0.258821256376E-20
   414.690230274      0.209403210918E-20
   420.973415581      0.163415442889E-20
   427.256600888      0.145682239095E-20
   433.539786195      0.125387522044E-20
   439.822971503      0.104735962830E-20
   446.106156810      0.831165301353E-21
   452.389342117      0.735397357673E-21
   458.672527424      0.604995270902E-21
   464.955712731      0.492435595909E-21
   471.238898038      0.372746423693E-21
   477.522083346      0.282880882451E-21
   483.805268653      0.212462652620E-21
   490.088453960      0.168329711436E-21
   496.371639267      0.122054559154E-21
   502.654824574      0.914918255440E-22
   508.938009882      0.573648412958E-22
   515.221195189      0.305974329506E-22
   521.504380496      0.205593050604E-22
   527.787565803      0.133507393789E-22
   534.070751110      0.464309636908E-23
   540.353936417      0.175260783689E-23
   546.637121725      0.190418587056E-23
   552.920307032      0.689456959635E-24
   559.203492339      0.383516640112E-24
   565.486677646      0.239693949021E-24
   571.769862953      0.878623273622E-25
   578.053048261      0.342915158796E-25
   584.336233568      0.627537380115E-26
   590.619418875      0.104432115522E-26
   596.902604182      0.332367989135E-27
   603.185789489      0.235149936271E-28
   609.468974796      0.438166296269E-30
   615.752160104      0.260278111707E-31
   622.035345411      0.961266518774E-34
   628.318530718      0.105622247112E-33
   634.601716025      0.579270463227E-34
   640.884901332      0.645742659596E-34
   647.168086639      0.414594980217E-34
   653.451271947      0.941916418761E-34
   659.734457254      0.573588927311E-34
   666.017642561      0.625623631819E-34
   672.300827868      0.312359757464E-34
   678.584013175      0.366952621099E-34
   684.867198483      0.493379006893E-34
   691.150383790      0.400971168662E-34
   697.433569097      0.294539260323E-34
   703.716754404      0.355538856606E-33
   709.999939711      0.125436672089E-33
   716.283125018      0.142321222689E-33
   722.566310326      0.309870441164E-34
   728.849495633      0.522246800640E-34
   735.132680940      0.302901548179E-34
   741.415866247      0.371624414049E-34
   747.699051554      0.285163984434E-34
   753.982236862      0.890591922924E-34
   760.265422169      0.509172078582E-34
   766.548607476      0.443983468995E-34
   772.831792783      0.353230226146E-34
   779.114978090      0.541133033101E-34
   785.398163397      0.457613128173E-34
   791.681348705      0.447172028898E-34
   797.964534012      0.383941480659E-34
   804.247719319      0.635160323372E-33
   810.530904626      0.511668868137E-34
   816.814089933      0.901092767361E-33
   823.097275241      0.703635769424E-34
   829.380460548      0.114744689077E-33
   835.663645855      0.608774344950E-34
   841.946831162      0.720521036126E-34
   848.230016469      0.538818094163E-34
   854.513201776      0.108982736767E-33
   860.796387084      0.886951603645E-34
   867.079572391      0.117495695789E-33
   873.362757698      0.483716666865E-34
   879.645943005      0.773566009531E-34
   885.929128312      0.544890151862E-34
   892.212313620      0.100100970835E-33
   898.495498927      0.565132171343E-34
   904.778684234      0.649949335558E-34
   911.061869541      0.895116928058E-34
   917.345054848      0.109670666895E-33
   923.628240155      0.438916955202E-34
   929.911425463      0.135520223956E-33
   936.194610770      0.727390544321E-34
   942.477796077      0.123844440428E-33
   948.760981384      0.461582910565E-34
   955.044166691      0.825452499603E-34
   961.327351998      0.535587296844E-34
   967.610537306      0.695501174490E-34
   973.893722613      0.351744218804E-34
   980.176907920      0.508599954074E-34
   986.460093227      0.437102055142E-34
   992.743278534      0.708589724815E-34
   999.026463842      0.465471375336E-34
   1005.30964915      0.350802646862E-33
   1011.59283446      0.205822082954E-33
   1017.87601976      0.208414766793E-33
   1024.15920507      0.598453824545E-34
   1030.44239038      0.722221512320E-34
   1036.72557568      0.843067570394E-34
   1043.00876099      0.566049476379E-34
   1049.29194630      0.494728069478E-34
   1055.57513161      0.102045743199E-33
   1061.85831691      0.429129691802E-34
   1068.14150222      0.864765601981E-34
   1074.42468753      0.491491157986E-34
   1080.70787283      0.342355207793E-34
   1086.99105814      0.361829560294E-34
   1093.27424345      0.347858197522E-34
   1099.55742876      0.343954628657E-34
   1105.84061406      0.313472206242E-34
   1112.12379937      0.320938113665E-34
   1118.40698468      0.286934352993E-34
   1124.69016999      0.294523425455E-34
   1130.97335529      0.272747323334E-34
   1137.25654060      0.279349784351E-34
   1143.53972591      0.283981243195E-34
   1149.82291121      0.267738175324E-34
   1156.10609652      0.274421652856E-34
   1162.38928183      0.245564225356E-34
   1168.67246714      0.257267306876E-34
   1174.95565244      0.253675436056E-34
   1181.23883775      0.234386313027E-34
   1187.52202306      0.236593116371E-34
   1193.80520836      0.224993969707E-34
   1200.08839367      0.222674777331E-34
   1206.37157898      0.246215446117E-34
   1212.65476429      0.236471794824E-34
   1218.93794959      0.254813122123E-34
   1225.22113490      0.217721681966E-34
   1231.50432021      0.211690795435E-34
   1237.78750551      0.207020397090E-34
   1244.07069082      0.202773963589E-34
   1250.35387613      0.193563512903E-34
   1256.63706144      0.193556649765E-34
   1262.92024674      0.220107704996E-34
   1269.20343205      0.194020325160E-34
   1275.48661736      0.172261838613E-34
   1281.76980266      0.188697715743E-34
   1288.05298797      0.182647917050E-34
   1294.33617328      0.172882663029E-34
   1300.61935859      0.174125063891E-34
   1306.90254389      0.181800474172E-34
   1313.18572920      0.180274540890E-34
   1319.46891451      0.179289626211E-34
   1325.75209981      0.169094960814E-34
   1332.03528512      0.163545954621E-34
   1338.31847043      0.168401226605E-34
   1344.60165574      0.144788010412E-34
   1350.88484104      0.133897758641E-34
   1357.16802635      0.147988255957E-34
   1363.45121166      0.156172086147E-34
   1369.73439697      0.147915802031E-34
   1376.01758227      0.126742094788E-34
   1382.30076758      0.129322710983E-34
   1388.58395289      0.131420666319E-34
   1394.86713819      0.127144798860E-34
   1401.15032350      0.128382678765E-34
   1407.43350881      0.144125125543E-34
   1413.71669412      0.135242668690E-34
   1419.99987942      0.171399242134E-34
   1426.28306473      0.115752304313E-34
   1432.56625004      0.112842788389E-34
   1438.84943534      0.120326358289E-34
   1445.13262065      0.115850729889E-34
   1451.41580596      0.101491162329E-34
   1457.69899127      0.110046441848E-34
   1463.98217657      0.101082869384E-34
   1470.26536188      0.970905400884E-35
   1476.54854719      0.974217649474E-35
   1482.83173249      0.843967514838E-35
   1489.11491780      0.921439476618E-35
   1495.39810311      0.814253093098E-35
   1501.68128842      0.830611488476E-35
   1507.96447372      0.889038516544E-35
   1514.24765903      0.995087311835E-35
   1520.53084434      0.836495762656E-35
   1526.81402964      0.682587019611E-35
   1533.09721495      0.669085942397E-35
   1539.38040026      0.689578762700E-35
   1545.66358557      0.656108875969E-35
   1551.94677087      0.645254330599E-35
   1558.22995618      0.751678078235E-35
   1564.51314149      0.717756453782E-35
   1570.79632679      0.687522961370E-35
   1577.07951210      0.570515527302E-35
   1583.36269741      0.681134808680E-35
   1589.64588272      0.621332179847E-35
   1595.92906802      0.681129263648E-35
   1602.21225333      0.679447948052E-35
   1608.49543864      0.202907289674E-34
   1614.77862395      0.660977249492E-35
   1621.06180925      0.606753531744E-35
   1627.34499456      0.560683247952E-35
   1633.62817987      0.522328718366E-35
   1639.91136517      0.510916144672E-35
   1646.19455048      0.509357706446E-35
   1652.47773579      0.470653683596E-35
   1658.76092110      0.470988580775E-35
   1665.04410640      0.467397313257E-35
   1671.32729171      0.461116766562E-35
   1677.61047702      0.438813245110E-35
   1683.89366232      0.438538232447E-35
   1690.17684763      0.423978445503E-35
   1696.46003294      0.402002703045E-35
   1702.74321825      0.401807272158E-35
   1709.02640355      0.394471378421E-35
   1715.30958886      0.388626674323E-35
   1721.59277417      0.399490133667E-35
   1727.87595947      0.367719976789E-35
   1734.15914478      0.395981165098E-35
   1740.44233009      0.379794426714E-35
   1746.72551540      0.359273183372E-35
   1753.00870070      0.359895376816E-35
   1759.29188601      0.351599833352E-35
   1765.57507132      0.347287363584E-35
   1771.85825662      0.333887474512E-35
   1778.14144193      0.336897633172E-35
   1784.42462724      0.342688304676E-35
   1790.70781255      0.331971001181E-35
   1796.99099785      0.321507199573E-35
   1803.27418316      0.301407804781E-35
   1809.55736847      0.308140826551E-35
   1815.84055377      0.299033745522E-35
   1822.12373908      0.302804249840E-35
   1828.40692439      0.302728758839E-35
   1834.69010970      0.292523740071E-35
   1840.97329500      0.287500182624E-35
   1847.25648031      0.281135738848E-35
   1853.53966562      0.270660142042E-35
   1859.82285093      0.288633261121E-35
   1866.10603623      0.271072979982E-35
   1872.38922154      0.260583267767E-35
   1878.67240685      0.267225056793E-35
   1884.95559215      0.271121596802E-35
   1891.23877746      0.265340153211E-35
   1897.52196277      0.259971150513E-35
   1903.80514808      0.256463781594E-35
   1910.08833338      0.255736861262E-35
   1916.37151869      0.243388035434E-35
   1922.65470400      0.248564417529E-35
   1928.93788930      0.234653484301E-35
   1935.22107461      0.249065372402E-35
   1941.50425992      0.235123900652E-35
   1947.78744523      0.236649927544E-35
   1954.07063053      0.234816421236E-35
   1960.35381584      0.226535462072E-35
   1966.63700115      0.217048053143E-35
   1972.92018645      0.228850671596E-35
   1979.20337176      0.217563636810E-35
   1985.48655707      0.215918057291E-35
   1991.76974238      0.223646609770E-35
   1998.05292768      0.214996660594E-35
   2004.33611299      0.231347370034E-35
   2010.61929830      0.219106351418E-35
   2016.90248360      0.191467473500E-35
   2023.18566891      0.212420438488E-35
   2029.46885422      0.204767532497E-35
   2035.75203953      0.194182552458E-35
   2042.03522483      0.187480518742E-35
   2048.31841014      0.184446419543E-35
   2054.60159545      0.185529229192E-35
   2060.88478075      0.178944580955E-35
   2067.16796606      0.176913238098E-35
   2073.45115137      0.183312485884E-35
   2079.73433668      0.170480790601E-35
   2086.01752198      0.166298755721E-35
   2092.30070729      0.167019450323E-35
   2098.58389260      0.166527685459E-35
   2104.86707791      0.166009377048E-35
   2111.15026321      0.163466971968E-35
   2117.43344852      0.163655187207E-35
   2123.71663383      0.148377349397E-35
   2129.99981913      0.163764846122E-35
   2136.28300444      0.141873601629E-35
   2142.56618975      0.150819586996E-35
   2148.84937506      0.138958443116E-35
   2155.13256036      0.144144735716E-35
   2161.41574567      0.132530067771E-35
   2167.69893098      0.134107823428E-35
   2173.98211628      0.133299967664E-35
   2180.26530159      0.127645885844E-35
   2186.54848690      0.123829494390E-35
   2192.83167221      0.135509045242E-35
   2199.11485751      0.111038847677E-35
   2205.39804282      0.125583107257E-35
   2211.68122813      0.104315505118E-35
   2217.96441343      0.117052787852E-35
   2224.24759874      0.104003380692E-35
   2230.53078405      0.998373231217E-36
   2236.81396936      0.107683736114E-35
   2243.09715466      0.102228185879E-35
   2249.38033997      0.113549178244E-35
   2255.66352528      0.869674208787E-36
   2261.94671058      0.105560214030E-35
   2268.22989589      0.849862064530E-36
   2274.51308120      0.780599380607E-36
   2280.79626651      0.710423044631E-36
   2287.07945181      0.664032103972E-36
   2293.36263712      0.631114333028E-36
   2299.64582243      0.617462729814E-36
   2305.92900773      0.584820027620E-36
   2312.21219304      0.565579777445E-36
   2318.49537835      0.549557408389E-36
   2324.77856366      0.533885153489E-36
   2331.06174896      0.506538588408E-36
   2337.34493427      0.495060683169E-36
   2343.62811958      0.466737118873E-36
   2349.91130489      0.462944394147E-36
   2356.19449019      0.438463552461E-36
   2362.47767550      0.427393553798E-36
   2368.76086081      0.412921448396E-36
   2375.04404611      0.405961777049E-36
   2381.32723142      0.389072302795E-36
   2387.61041673      0.377826817249E-36
   2393.89360204      0.355670794021E-36
   2400.17678734      0.351451163618E-36
   2406.45997265      0.334681808198E-36
   2412.74315796      0.323641338586E-36
   2419.02634326      0.305462875300E-36
   2425.30952857      0.304369886450E-36
   2431.59271388      0.293883492136E-36
   2437.87589919      0.282056901680E-36
   2444.15908449      0.269209744814E-36
   2450.44226980      0.261396005935E-36
   2456.72545511      0.246411136872E-36
   2463.00864041      0.240900907607E-36
   2469.29182572      0.229465194071E-36
   2475.57501103      0.221986944769E-36
   2481.85819634      0.214131107130E-36
   2488.14138164      0.206442164481E-36
   2494.42456695      0.207413436631E-36
   2500.70775226      0.188408673184E-36
   2506.99093756      0.178811224214E-36
   2513.27412287      0.177037908533E-36
   2519.55730818      0.175052636323E-36
   2525.84049349      0.162478602034E-36
   2532.12367879      0.155388210472E-36
   2538.40686410      0.143836931379E-36
   2544.69004941      0.137037125785E-36
   2550.97323471      0.133782993229E-36
   2557.25642002      0.129030211747E-36
   2563.53960533      0.127780312392E-36
   2569.82279064      0.117958722482E-36
   2576.10597594      0.104133175975E-36
   2582.38916125      0.102286621972E-36
   2588.67234656      0.979026555216E-37
   2594.95553187      0.954584307284E-37
   2601.23871717      0.893849632397E-37
   2607.52190248      0.820360215602E-37
   2613.80508779      0.780994880853E-37
   2620.08827309      0.804746634710E-37
   2626.37145840      0.684965734090E-37
   2632.65464371      0.680054930373E-37
   2638.93782902      0.582625067126E-37
   2645.22101432      0.578543301436E-37
   2651.50419963      0.559459828677E-37
   2657.78738494      0.542467568581E-37
   2664.07057024      0.487704673613E-37
   2670.35375555      0.405532761791E-37
   2676.63694086      0.436980055995E-37
   2682.92012617      0.429490655289E-37
   2689.20331147      0.354311811471E-37
   2695.48649678      0.271077496133E-37
   2701.76968209      0.296610836669E-37
   2708.05286739      0.271816055026E-37
   2714.33605270      0.202346196873E-37
   2720.61923801      0.151631418322E-37
   2726.90242332      0.179678698282E-37
   2733.18560862      0.154742160953E-37
   2739.46879393      0.140365241448E-37
   2745.75197924      0.605841401335E-38
   2752.03516454      0.101226453801E-37
   2758.31834985      0.909544475338E-38
   2764.60153516      0.621179221433E-38
   2770.88472047      0.220852840913E-38
   2777.16790577      0.287904173812E-38
   2783.45109108      0.677372027917E-39
   2789.73427639      0.159459117595E-40
   6.28318530718      0.248324106742E-37
   12.5663706144      0.831467445809E-02
   18.8495559215      0.240449290322E-03
   25.1327412287      0.493098088089E-04
   31.4159265359      0.401586412083E-05
   37.6991118431      0.453684859552E-06
   43.9822971503      0.826805108783E-07
   50.2654824574      0.137149293173E-07
   56.5486677646      0.176495370713E-08
   62.8318530718      0.411028033092E-09
   69.1150383790      0.862659888856E-10
   75.3982236862      0.262926689399E-10
   81.6814089933      0.912344941600E-11
   87.9645943005      0.428666356684E-11
   94.2477796077      0.275539718761E-11
   100.530964915      0.253670148513E-11
   106.814150222      0.254909471028E-11
   113.097335529      0.252991071128E-11
   119.380520836      0.265182007447E-11
   125.663706144      0.277334626226E-11
   131.946891451      0.273666104525E-11
   138.230076758      0.239165091557E-11
   144.513262065      0.250169865950E-11
   150.796447372      0.237636394224E-11
   157.079632679      0.203112086357E-11
   163.362817987      0.178110163202E-11
   169.646003294      0.162772833183E-11
   175.929188601      0.136392526160E-11
   182.212373908      0.992715686755E-12
   188.495559215      0.816050940862E-12
   194.778744523      0.599534076774E-12
   201.061929830      0.427045104403E-12
   207.345115137      0.261258988594E-12
   213.628300444      0.168324895944E-12
   219.911485751      0.916070946699E-13
   226.194671058      0.422458001680E-13
   232.477856366      0.154456777930E-13
   238.761041673      0.488275542525E-14
   245.044226980      0.100021193091E-14
   251.327412287      0.561683632696E-15
   257.610597594      0.749413487653E-15
   263.893782902      0.622479583550E-15
   270.176968209      0.306145994410E-15
   276.460153516      0.827334687013E-16
   282.743338823      0.293565344223E-16
   289.026524130      0.380730497037E-16
   295.309709437      0.264750746635E-16
   301.592894745      0.100060981113E-16
   307.876080052      0.389682751315E-17
   314.159265359      0.429528791667E-17
   320.442450666      0.218550141029E-17
   326.725635973      0.880957578028E-18
   333.008821281      0.694646738067E-18
   339.292006588      0.424868217210E-18
   345.575191895      0.187441040004E-18
   351.858377202      0.139718451423E-18
   358.141562509      0.725532206176E-19
   364.424747816      0.427992300794E-19
   370.707933124      0.284347094989E-19
   376.991118431      0.156741013545E-19
   383.274303738      0.106541379844E-19
   389.557489045      0.668102619619E-20
   395.840674352      0.478263758572E-20
   402.123859659      0.352194428161E-20
   408.407044967      0.259154958408E-20
   414.690230274      0.209529338466E-20
   420.973415581      0.163598513420E-20
   427.256600888      0.145768733242E-20
   433.539786195      0.125451764357E-20
   439.822971503      0.104780059230E-20
   446.106156810      0.831272380445E-21
   452.389342117      0.735952910118E-21
   458.672527424      0.605022699527E-21
   464.955712731      0.492569444928E-21
   471.238898038      0.372805341000E-21
   477.522083346      0.282890769323E-21
   483.805268653      0.212523846425E-21
   490.088453960      0.168350016316E-21
   496.371639267      0.122015748808E-21
   502.654824574      0.915158279460E-22
   508.938009882      0.573832750800E-22
   515.221195189      0.305899071661E-22
   521.504380496      0.205624713958E-22
   527.787565803      0.133537606447E-22
   534.070751110      0.464128568856E-23
   540.353936417      0.175173473101E-23
   546.637121725      0.190481251714E-23
   552.920307032      0.689701201207E-24
   559.203492339      0.383141203850E-24
   565.486677646      0.239417983134E-24
   571.769862953      0.880402277612E-25
   578.053048261      0.342431512367E-25
   584.336233568      0.625357072512E-26
   590.619418875      0.104432113521E-26
   596.902604182      0.332367995666E-27
   603.185789489      0.235150405164E-28
   609.468974796      0.438148837691E-30
   615.752160104      0.260349782879E-31
   622.035345411      0.100071226903E-33
   628.318530718      0.106529281807E-33
   634.601716025      0.535416839902E-34
   640.884901332      0.693490719942E-34
   647.168086639      0.425872812815E-34
   653.451271947      0.103095386599E-33
   659.734457254      0.668509011207E-34
   666.017642561      0.684592451440E-34
   672.300827868      0.341600967888E-34
   678.584013175      0.402248929553E-34
   684.867198483      0.503451980896E-34
   691.150383790      0.438155522084E-34
   697.433569097      0.330692411232E-34
   703.716754404      0.353321262675E-33
   709.999939711      0.121716122933E-33
   716.283125018      0.141376548722E-33
   722.566310326      0.335417627858E-34
   728.849495633      0.596071230892E-34
   735.132680940      0.335100895396E-34
   741.415866247      0.405490565909E-34
   747.699051554      0.309894315592E-34
   753.982236862      0.973696126337E-34
   760.265422169      0.613973597722E-34
   766.548607476      0.450785935092E-34
   772.831792783      0.387409215383E-34
   779.114978090      0.569856716006E-34
   785.398163397      0.489884758587E-34
   791.681348705      0.501699841762E-34
   797.964534012      0.454147023435E-34
   804.247719319      0.673187604528E-33
   810.530904626      0.548181197272E-34
   816.814089933      0.988962250698E-33
   823.097275241      0.804403217402E-34
   829.380460548      0.125824964705E-33
   835.663645855      0.677029228920E-34
   841.946831162      0.734965756973E-34
   848.230016469      0.573060648326E-34
   854.513201776      0.123250816447E-33
   860.796387084      0.103681967406E-33
   867.079572391      0.131713400764E-33
   873.362757698      0.522071008800E-34
   879.645943005      0.788516438311E-34
   885.929128312      0.613819139274E-34
   892.212313620      0.101359285814E-33
   898.495498927      0.622305427382E-34
   904.778684234      0.754377984832E-34
   911.061869541      0.825184746321E-34
   917.345054848      0.115343052796E-33
   923.628240155      0.443955550740E-34
   929.911425463      0.144728786938E-33
   936.194610770      0.786378443106E-34
   942.477796077      0.131010738990E-33
   948.760981384      0.541330525035E-34
   955.044166691      0.846394534943E-34
   961.327351998      0.668387940969E-34
   967.610537306      0.749114494972E-34
   973.893722613      0.373841003377E-34
   980.176907920      0.523229639510E-34
   986.460093227      0.525256442103E-34
   992.743278534      0.779424214285E-34
   999.026463842      0.477866558636E-34
   1005.30964915      0.351095232885E-33
   1011.59283446      0.240083766913E-33
   1017.87601976      0.208010388919E-33
   1024.15920507      0.609557423095E-34
   1030.44239038      0.755499683458E-34
   1036.72557568      0.899197542080E-34
   1043.00876099      0.612704308028E-34
   1049.29194630      0.500843463281E-34
   1055.57513161      0.113473551544E-33
   1061.85831691      0.454523073435E-34
   1068.14150222      0.931753475285E-34
   1074.42468753      0.518054063358E-34
   1080.70787283      0.360814523608E-34
   1086.99105814      0.391702167630E-34
   1093.27424345      0.364690017318E-34
   1099.55742876      0.353970469442E-34
   1105.84061406      0.321926766561E-34
   1112.12379937      0.330831649462E-34
   1118.40698468      0.294034692118E-34
   1124.69016999      0.302892131324E-34
   1130.97335529      0.280054652298E-34
   1137.25654060      0.290780573671E-34
   1143.53972591      0.291597774053E-34
   1149.82291121      0.280640248156E-34
   1156.10609652      0.283729934664E-34
   1162.38928183      0.273719327367E-34
   1168.67246714      0.278489471379E-34
   1174.95565244      0.270583554709E-34
   1181.23883775      0.244854465432E-34
   1187.52202306      0.257172116357E-34
   1193.80520836      0.235846638918E-34
   1200.08839367      0.232334912780E-34
   1206.37157898      0.263217813655E-34
   1212.65476429      0.261330639461E-34
   1218.93794959      0.267292070444E-34
   1225.22113490      0.232383169437E-34
   1231.50432021      0.220526553397E-34
   1237.78750551      0.211725276792E-34
   1244.07069082      0.206077149742E-34
   1250.35387613      0.213769325508E-34
   1256.63706144      0.198504629077E-34
   1262.92024674      0.216622361207E-34
   1269.20343205      0.202304257964E-34
   1275.48661736      0.181173468133E-34
   1281.76980266      0.200090783574E-34
   1288.05298797      0.190349658582E-34
   1294.33617328      0.185375177858E-34
   1300.61935859      0.187703580513E-34
   1306.90254389      0.177557655633E-34
   1313.18572920      0.204959533636E-34
   1319.46891451      0.185067421230E-34
   1325.75209981      0.175967232979E-34
   1332.03528512      0.172845825554E-34
   1338.31847043      0.178092027278E-34
   1344.60165574      0.154949047976E-34
   1350.88484104      0.146272299615E-34
   1357.16802635      0.154390378558E-34
   1363.45121166      0.148320745107E-34
   1369.73439697      0.154327824368E-34
   1376.01758227      0.133686678499E-34
   1382.30076758      0.139086669527E-34
   1388.58395289      0.135010313470E-34
   1394.86713819      0.129126592613E-34
   1401.15032350      0.137155921449E-34
   1407.43350881      0.144009973389E-34
   1413.71669412      0.184037136805E-34
   1419.99987942      0.162314259043E-34
   1426.28306473      0.120254709407E-34
   1432.56625004      0.117681672090E-34
   1438.84943534      0.114870680519E-34
   1445.13262065      0.118450539726E-34
   1451.41580596      0.101968185682E-34
   1457.69899127      0.113476949374E-34
   1463.98217657      0.141965397475E-34
   1470.26536188      0.995477015087E-35
   1476.54854719      0.100058208778E-34
   1482.83173249      0.879131973229E-35
   1489.11491780      0.995479108235E-35
   1495.39810311      0.824513699036E-35
   1501.68128842      0.819020726294E-35
   1507.96447372      0.922470301432E-35
   1514.24765903      0.107833311049E-34
   1520.53084434      0.866374847109E-35
   1526.81402964      0.725354171931E-35
   1533.09721495      0.690805454009E-35
   1539.38040026      0.740272777739E-35
   1545.66358557      0.692670776213E-35
   1551.94677087      0.658101984897E-35
   1558.22995618      0.755935704336E-35
   1564.51314149      0.753258927500E-35
   1570.79632679      0.709973375414E-35
   1577.07951210      0.605039520246E-35
   1583.36269741      0.710531487995E-35
   1589.64588272      0.644632602687E-35
   1595.92906802      0.705316453267E-35
   1602.21225333      0.584328574382E-35
   1608.49543864      0.161680243327E-34
   1614.77862395      0.189194823919E-34
   1621.06180925      0.599348232485E-35
   1627.34499456      0.558270218301E-35
   1633.62817987      0.540209911446E-35
   1639.91136517      0.522909567934E-35
   1646.19455048      0.525793583318E-35
   1652.47773579      0.482353216384E-35
   1658.76092110      0.481670835566E-35
   1665.04410640      0.472614613297E-35
   1671.32729171      0.484985137044E-35
   1677.61047702      0.464982473090E-35
   1683.89366232      0.458681996932E-35
   1690.17684763      0.461138434835E-35
   1696.46003294      0.407405900831E-35
   1702.74321825      0.401590842618E-35
   1709.02640355      0.409707328469E-35
   1715.30958886      0.402611878783E-35
   1721.59277417      0.391931726953E-35
   1727.87595947      0.376612492743E-35
   1734.15914478      0.393009363312E-35
   1740.44233009      0.367282271290E-35
   1746.72551540      0.372587146388E-35
   1753.00870070      0.350736171191E-35
   1759.29188601      0.354905025907E-35
   1765.57507132      0.347592738135E-35
   1771.85825662      0.337176005773E-35
   1778.14144193      0.323641239283E-35
   1784.42462724      0.351208454265E-35
   1790.70781255      0.330129636744E-35
   1796.99099785      0.320979030616E-35
   1803.27418316      0.310367714016E-35
   1809.55736847      0.302904003593E-35
   1815.84055377      0.302583761291E-35
   1822.12373908      0.299167608735E-35
   1828.40692439      0.281354292231E-35
   1834.69010970      0.288899623340E-35
   1840.97329500      0.295352951286E-35
   1847.25648031      0.277341643238E-35
   1853.53966562      0.283208565905E-35
   1859.82285093      0.287430265740E-35
   1866.10603623      0.271472189175E-35
   1872.38922154      0.271446053675E-35
   1878.67240685      0.256505083292E-35
   1884.95559215      0.263621834555E-35
   1891.23877746      0.259449538288E-35
   1897.52196277      0.256968831474E-35
   1903.80514808      0.259091131030E-35
   1910.08833338      0.239809613009E-35
   1916.37151869      0.251242689886E-35
   1922.65470400      0.246993013211E-35
   1928.93788930      0.233520785848E-35
   1935.22107461      0.247758370884E-35
   1941.50425992      0.236444490382E-35
   1947.78744523      0.242894392651E-35
   1954.07063053      0.219694701286E-35
   1960.35381584      0.233497077524E-35
   1966.63700115      0.223976128649E-35
   1972.92018645      0.233397557379E-35
   1979.20337176      0.218973444334E-35
   1985.48655707      0.215510580418E-35
   1991.76974238      0.221303774471E-35
   1998.05292768      0.204168865202E-35
   2004.33611299      0.216472041779E-35
   2010.61929830      0.211738989338E-35
   2016.90248360      0.197046585366E-35
   2023.18566891      0.221342272988E-35
   2029.46885422      0.201643551116E-35
   2035.75203953      0.193608560419E-35
   2042.03522483      0.196397420839E-35
   2048.31841014      0.193173998309E-35
   2054.60159545      0.191557780899E-35
   2060.88478075      0.185663809553E-35
   2067.16796606      0.175851758670E-35
   2073.45115137      0.177076039523E-35
   2079.73433668      0.171969132722E-35
   2086.01752198      0.170687176461E-35
   2092.30070729      0.168819839888E-35
   2098.58389260      0.173608138224E-35
   2104.86707791      0.169380834261E-35
   2111.15026321      0.157164063818E-35
   2117.43344852      0.162356690331E-35
   2123.71663383      0.158736106297E-35
   2129.99981913      0.159655689533E-35
   2136.28300444      0.143227614736E-35
   2142.56618975      0.149674202682E-35
   2148.84937506      0.134273608061E-35
   2155.13256036      0.146703940665E-35
   2161.41574567      0.138582130356E-35
   2167.69893098      0.147493738170E-35
   2173.98211628      0.133975503705E-35
   2180.26530159      0.132638624107E-35
   2186.54848690      0.121151835753E-35
   2192.83167221      0.126682841495E-35
   2199.11485751      0.111667267780E-35
   2205.39804282      0.123918235442E-35
   2211.68122813      0.111046139655E-35
   2217.96441343      0.123982579646E-35
   2224.24759874      0.102099323914E-35
   2230.53078405      0.100925862968E-35
   2236.81396936      0.121373747807E-35
   2243.09715466      0.915901324037E-36
   2249.38033997      0.102223667312E-35
   2255.66352528      0.860353327311E-36
   2261.94671058      0.104475198894E-35
   2268.22989589      0.834060877373E-36
   2274.51308120      0.784750693028E-36
   2280.79626651      0.703720831768E-36
   2287.07945181      0.663189001737E-36
   2293.36263712      0.629144110961E-36
   2299.64582243      0.622359490789E-36
   2305.92900773      0.585410831474E-36
   2312.21219304      0.566019957814E-36
   2318.49537835      0.549257399681E-36
   2324.77856366      0.535277070760E-36
   2331.06174896      0.506963393980E-36
   2337.34493427      0.500564805482E-36
   2343.62811958      0.467909754432E-36
   2349.91130489      0.470633598050E-36
   2356.19449019      0.448732009684E-36
   2362.47767550      0.438173771517E-36
   2368.76086081      0.413207820843E-36
   2375.04404611      0.398691570368E-36
   2381.32723142      0.383577347307E-36
   2387.61041673      0.372912330905E-36
   2393.89360204      0.365737210525E-36
   2400.17678734      0.352076032820E-36
   2406.45997265      0.340913685429E-36
   2412.74315796      0.329819931378E-36
   2419.02634326      0.316700395768E-36
   2425.30952857      0.310477456588E-36
   2431.59271388      0.300841196038E-36
   2437.87589919      0.284172735136E-36
   2444.15908449      0.272955656503E-36
   2450.44226980      0.263639491012E-36
   2456.72545511      0.249400699612E-36
   2463.00864041      0.238577546054E-36
   2469.29182572      0.238400533278E-36
   2475.57501103      0.225946598894E-36
   2481.85819634      0.228775587619E-36
   2488.14138164      0.214237123405E-36
   2494.42456695      0.206209291911E-36
   2500.70775226      0.189693510376E-36
   2506.99093756      0.184280516498E-36
   2513.27412287      0.186390095875E-36
   2519.55730818      0.174450008500E-36
   2525.84049349      0.162082299511E-36
   2532.12367879      0.154370416815E-36
   2538.40686410      0.146545111154E-36
   2544.69004941      0.142586067631E-36
   2550.97323471      0.136929153147E-36
   2557.25642002      0.133399702662E-36
   2563.53960533      0.125778234423E-36
   2569.82279064      0.114314157242E-36
   2576.10597594      0.110687419659E-36
   2582.38916125      0.996145605787E-37
   2588.67234656      0.974970921777E-37
   2594.95553187      0.959010165099E-37
   2601.23871717      0.882072763477E-37
   2607.52190248      0.816299981979E-37
   2613.80508779      0.790542687320E-37
   2620.08827309      0.766338117429E-37
   2626.37145840      0.700701282419E-37
   2632.65464371      0.693687388466E-37
   2638.93782902      0.603430702530E-37
   2645.22101432      0.631152536952E-37
   2651.50419963      0.552655011364E-37
   2657.78738494      0.582450089555E-37
   2664.07057024      0.494529883286E-37
   2670.35375555      0.438090028543E-37
   2676.63694086      0.470741543583E-37
   2682.92012617      0.427386874878E-37
   2689.20331147      0.315366032048E-37
   2695.48649678      0.269573070439E-37
   2701.76968209      0.304375347947E-37
   2708.05286739      0.260990837501E-37
   2714.33605270      0.231097466933E-37
   2720.61923801      0.153323683398E-37
   2726.90242332      0.207504260423E-37
   2733.18560862      0.172308182603E-37
   2739.46879393      0.132715273269E-37
   2745.75197924      0.644794155432E-38
   2752.03516454      0.121782984816E-37
   2758.31834985      0.836024131783E-38
   2764.60153516      0.568335698251E-38
   2770.88472047      0.227117413863E-38
   2777.16790577      0.209699386832E-38
   2783.45109108      0.769300425552E-39
   2789.73427639      0.249091024204E-41
   6.28318530718      0.163013797570E-37
   12.5663706144      0.823909903323E-02
   18.8495559215      0.261111646241E-03
   25.1327412287      0.581464417602E-04
   31.4159265359      0.502216695498E-05
   37.6991118431      0.569266914992E-06
   43.9822971503      0.109081000060E-06
   50.2654824574      0.183222436872E-07
   56.5486677646      0.228855841313E-08
   62.8318530718      0.516775325407E-09
   69.1150383790      0.103429297663E-09
   75.3982236862      0.305307100991E-10
   81.6814089933      0.998434790849E-11
   87.9645943005      0.448137332052E-11
   94.2477796077      0.277499402807E-11
   100.530964915      0.251188581535E-11
   106.814150222      0.251262738364E-11
   113.097335529      0.249489648289E-11
   119.380520836      0.262030566275E-11
   125.663706144      0.274929246531E-11
   131.946891451      0.271874660605E-11
   138.230076758      0.237955321796E-11
   144.513262065      0.249632468665E-11
   150.796447372      0.237634764524E-11
   157.079632679      0.203481013953E-11
   163.362817987      0.178710128123E-11
   169.646003294      0.163755570891E-11
   175.929188601      0.137469220144E-11
   182.212373908      0.100241229981E-11
   188.495559215      0.825779955896E-12
   194.778744523      0.608497711340E-12
   201.061929830      0.434514713095E-12
   207.345115137      0.266673624721E-12
   213.628300444      0.172537689601E-12
   219.911485751      0.944082427626E-13
   226.194671058      0.438541748403E-13
   232.477856366      0.162053311834E-13
   238.761041673      0.520470633008E-14
   245.044226980      0.106986063157E-14
   251.327412287      0.553484725698E-15
   257.610597594      0.739276918730E-15
   263.893782902      0.624907575191E-15
   270.176968209      0.313300925222E-15
   276.460153516      0.861902396885E-16
   282.743338823      0.293380131748E-16
   289.026524130      0.376348886620E-16
   295.309709437      0.267034303700E-16
   301.592894745      0.102533170999E-16
   307.876080052      0.389252734063E-17
   314.159265359      0.427581348691E-17
   320.442450666      0.221174416118E-17
   326.725635973      0.886015660611E-18
   333.008821281      0.692001184602E-18
   339.292006588      0.428219589705E-18
   345.575191895      0.187932488183E-18
   351.858377202      0.139742458864E-18
   358.141562509      0.729031414128E-19
   364.424747816      0.428017477175E-19
   370.707933124      0.284997118937E-19
   376.991118431      0.157026008777E-19
   383.274303738      0.106664758446E-19
   389.557489045      0.669123200964E-20
   395.840674352      0.478732943850E-20
   402.123859659      0.352614752116E-20
   408.407044967      0.259489722704E-20
   414.690230274      0.209659966849E-20
   420.973415581      0.163784374174E-20
   427.256600888      0.145857556277E-20
   433.539786195      0.125517208716E-20
   439.822971503      0.104825680082E-20
   446.106156810      0.831388233388E-21
   452.389342117      0.736517720046E-21
   458.672527424      0.605050444403E-21
   464.955712731      0.492708389262E-21
   471.238898038      0.372868110978E-21
   477.522083346      0.282902496773E-21
   483.805268653      0.212584592691E-21
   490.088453960      0.168371011742E-21
   496.371639267      0.121977312219E-21
   502.654824574      0.915407850367E-22
   508.938009882      0.574034134962E-22
   515.221195189      0.305829860602E-22
   521.504380496      0.205660346462E-22
   527.787565803      0.133571261626E-22
   534.070751110      0.463963341425E-23
   540.353936417      0.175094435438E-23
   546.637121725      0.190546108632E-23
   552.920307032      0.689963277920E-24
   559.203492339      0.382815292285E-24
   565.486677646      0.239143351407E-24
   571.769862953      0.882254856935E-25
   578.053048261      0.341948572676E-25
   584.336233568      0.623386527828E-26
   590.619418875      0.104437785089E-26
   596.902604182      0.332367985445E-27
   603.185789489      0.235150353218E-28
   609.468974796      0.438160790108E-30
   615.752160104      0.260517717357E-31
   622.035345411      0.102513993628E-33
   628.318530718      0.116308430406E-33
   634.601716025      0.585063504145E-34
   640.884901332      0.727161191490E-34
   647.168086639      0.501368905055E-34
   653.451271947      0.111441609343E-33
   659.734457254      0.651045080355E-34
   666.017642561      0.769272808139E-34
   672.300827868      0.403972051626E-34
   678.584013175      0.436059283767E-34
   684.867198483      0.496204894901E-34
   691.150383790      0.430509410190E-34
   697.433569097      0.337754217277E-34
   703.716754404      0.375567900177E-33
   709.999939711      0.133493663536E-33
   716.283125018      0.155567662710E-33
   722.566310326      0.355484396563E-34
   728.849495633      0.637510757468E-34
   735.132680940      0.350619295746E-34
   741.415866247      0.422225742653E-34
   747.699051554      0.355949375369E-34
   753.982236862      0.104934331798E-33
   760.265422169      0.559658634525E-34
   766.548607476      0.512666474684E-34
   772.831792783      0.444281308525E-34
   779.114978090      0.606860545543E-34
   785.398163397      0.495359340094E-34
   791.681348705      0.553347020212E-34
   797.964534012      0.403679667148E-34
   804.247719319      0.764327359513E-33
   810.530904626      0.555104490006E-34
   816.814089933      0.108326886341E-32
   823.097275241      0.826912111203E-34
   829.380460548      0.139243236263E-33
   835.663645855      0.742641708107E-34
   841.946831162      0.811118160084E-34
   848.230016469      0.653385748360E-34
   854.513201776      0.132718219520E-33
   860.796387084      0.101100500016E-33
   867.079572391      0.147628996809E-33
   873.362757698      0.551317956750E-34
   879.645943005      0.852446864990E-34
   885.929128312      0.669305668629E-34
   892.212313620      0.110268889432E-33
   898.495498927      0.699206905752E-34
   904.778684234      0.919109737251E-34
   911.061869541      0.106051614310E-33
   917.345054848      0.112755934759E-33
   923.628240155      0.530628655565E-34
   929.911425463      0.165790037579E-33
   936.194610770      0.794516914346E-34
   942.477796077      0.144825785488E-33
   948.760981384      0.546444476696E-34
   955.044166691      0.929131634708E-34
   961.327351998      0.650655240250E-34
   967.610537306      0.770487630414E-34
   973.893722613      0.423720155414E-34
   980.176907920      0.517298254662E-34
   986.460093227      0.516423011938E-34
   992.743278534      0.794146633513E-34
   999.026463842      0.523179813629E-34
   1005.30964915      0.367752334043E-33
   1011.59283446      0.202620997021E-33
   1017.87601976      0.233114214494E-33
   1024.15920507      0.641376845324E-34
   1030.44239038      0.807347669208E-34
   1036.72557568      0.992534774953E-34
   1043.00876099      0.657013412723E-34
   1049.29194630      0.539336442745E-34
   1055.57513161      0.130407733250E-33
   1061.85831691      0.534825845218E-34
   1068.14150222      0.997826003785E-34
   1074.42468753      0.558077193759E-34
   1080.70787283      0.390755772694E-34
   1086.99105814      0.404896319248E-34
   1093.27424345      0.389557448556E-34
   1099.55742876      0.384021947692E-34
   1105.84061406      0.356718145876E-34
   1112.12379937      0.370422438551E-34
   1118.40698468      0.314525003725E-34
   1124.69016999      0.324036643470E-34
   1130.97335529      0.306241382830E-34
   1137.25654060      0.315790928989E-34
   1143.53972591      0.305667935689E-34
   1149.82291121      0.295295300908E-34
   1156.10609652      0.303835809950E-34
   1162.38928183      0.281450818556E-34
   1168.67246714      0.285650405813E-34
   1174.95565244      0.279768602513E-34
   1181.23883775      0.256668658160E-34
   1187.52202306      0.255227773219E-34
   1193.80520836      0.242350178760E-34
   1200.08839367      0.247434402662E-34
   1206.37157898      0.267104869610E-34
   1212.65476429      0.251369809426E-34
   1218.93794959      0.290581310864E-34
   1225.22113490      0.240223100717E-34
   1231.50432021      0.230577937847E-34
   1237.78750551      0.235206171524E-34
   1244.07069082      0.216122168152E-34
   1250.35387613      0.221541732747E-34
   1256.63706144      0.203699307406E-34
   1262.92024674      0.225706702261E-34
   1269.20343205      0.213098806514E-34
   1275.48661736      0.192899227402E-34
   1281.76980266      0.201119973543E-34
   1288.05298797      0.197090568957E-34
   1294.33617328      0.195782205686E-34
   1300.61935859      0.193531521427E-34
   1306.90254389      0.186120710454E-34
   1313.18572920      0.231644440945E-34
   1319.46891451      0.187453949862E-34
   1325.75209981      0.181858435671E-34
   1332.03528512      0.181131800772E-34
   1338.31847043      0.179748202497E-34
   1344.60165574      0.160063595566E-34
   1350.88484104      0.148585832981E-34
   1357.16802635      0.156433220029E-34
   1363.45121166      0.170526257956E-34
   1369.73439697      0.161678625677E-34
   1376.01758227      0.142343689523E-34
   1382.30076758      0.139441835381E-34
   1388.58395289      0.139155617098E-34
   1394.86713819      0.133401397997E-34
   1401.15032350      0.139200716533E-34
   1407.43350881      0.145373457575E-34
   1413.71669412      0.196425206220E-34
   1419.99987942      0.170468595230E-34
   1426.28306473      0.124056935452E-34
   1432.56625004      0.121590394246E-34
   1438.84943534      0.118468907171E-34
   1445.13262065      0.123630676365E-34
   1451.41580596      0.111378135619E-34
   1457.69899127      0.113788774566E-34
   1463.98217657      0.112563537278E-34
   1470.26536188      0.111126625781E-34
   1476.54854719      0.102270747070E-34
   1482.83173249      0.915723368222E-35
   1489.11491780      0.923283364435E-35
   1495.39810311      0.884935337328E-35
   1501.68128842      0.869799789372E-35
   1507.96447372      0.864318746571E-35
   1514.24765903      0.123099987954E-34
   1520.53084434      0.808911538272E-35
   1526.81402964      0.719303242694E-35
   1533.09721495      0.718997783930E-35
   1539.38040026      0.811691467329E-35
   1545.66358557      0.705535567742E-35
   1551.94677087      0.666130070856E-35
   1558.22995618      0.719575326882E-35
   1564.51314149      0.706750341610E-35
   1570.79632679      0.679652263948E-35
   1577.07951210      0.672987241987E-35
   1583.36269741      0.679432354425E-35
   1589.64588272      0.682013530609E-35
   1595.92906802      0.655836990745E-35
   1602.21225333      0.620827078868E-35
   1608.49543864      0.142168524218E-34
   1614.77862395      0.674440232054E-35
   1621.06180925      0.608820002183E-35
   1627.34499456      0.565685711950E-35
   1633.62817987      0.550040736016E-35
   1639.91136517      0.513184431369E-35
   1646.19455048      0.545619567985E-35
   1652.47773579      0.504695156886E-35
   1658.76092110      0.494069151283E-35
   1665.04410640      0.484272780206E-35
   1671.32729171      0.471275353422E-35
   1677.61047702      0.438433787804E-35
   1683.89366232      0.436005254364E-35
   1690.17684763      0.447581493402E-35
   1696.46003294      0.420377028201E-35
   1702.74321825      0.420244691192E-35
   1709.02640355      0.402256564142E-35
   1715.30958886      0.413394178414E-35
   1721.59277417      0.415008179028E-35
   1727.87595947      0.377886462788E-35
   1734.15914478      0.406082203285E-35
   1740.44233009      0.383371221146E-35
   1746.72551540      0.373798281548E-35
   1753.00870070      0.360954998346E-35
   1759.29188601      0.356181465708E-35
   1765.57507132      0.367702135380E-35
   1771.85825662      0.358880377148E-35
   1778.14144193      0.345068763001E-35
   1784.42462724      0.352004172479E-35
   1790.70781255      0.351070919041E-35
   1796.99099785      0.328536072040E-35
   1803.27418316      0.328741530467E-35
   1809.55736847      0.315443661112E-35
   1815.84055377      0.302150503740E-35
   1822.12373908      0.304349827759E-35
   1828.40692439      0.291189194880E-35
   1834.69010970      0.279216919053E-35
   1840.97329500      0.305730730192E-35
   1847.25648031      0.288247618820E-35
   1853.53966562      0.277374614950E-35
   1859.82285093      0.286527191520E-35
   1866.10603623      0.273075905296E-35
   1872.38922154      0.279276637050E-35
   1878.67240685      0.259435348335E-35
   1884.95559215      0.267783947794E-35
   1891.23877746      0.260440968553E-35
   1897.52196277      0.259738157593E-35
   1903.80514808      0.259354933713E-35
   1910.08833338      0.248771374182E-35
   1916.37151869      0.254427037331E-35
   1922.65470400      0.252367493441E-35
   1928.93788930      0.244723683846E-35
   1935.22107461      0.254837213594E-35
   1941.50425992      0.234791304822E-35
   1947.78744523      0.240312917613E-35
   1954.07063053      0.229551146977E-35
   1960.35381584      0.225454444124E-35
   1966.63700115      0.232025212264E-35
   1972.92018645      0.228915906213E-35
   1979.20337176      0.220604067086E-35
   1985.48655707      0.218652284879E-35
   1991.76974238      0.220045100120E-35
   1998.05292768      0.203059980850E-35
   2004.33611299      0.210142639625E-35
   2010.61929830      0.215449003016E-35
   2016.90248360      0.202574637629E-35
   2023.18566891      0.221014745342E-35
   2029.46885422      0.193418940517E-35
   2035.75203953      0.195286119177E-35
   2042.03522483      0.192277972315E-35
   2048.31841014      0.193040065216E-35
   2054.60159545      0.185085301342E-35
   2060.88478075      0.176342785112E-35
   2067.16796606      0.177782426961E-35
   2073.45115137      0.177365188448E-35
   2079.73433668      0.180363458933E-35
   2086.01752198      0.168223540170E-35
   2092.30070729      0.180133064805E-35
   2098.58389260      0.168032864397E-35
   2104.86707791      0.174656454490E-35
   2111.15026321      0.154587210968E-35
   2117.43344852      0.166527750971E-35
   2123.71663383      0.150246341136E-35
   2129.99981913      0.156430052756E-35
   2136.28300444      0.146659022090E-35
   2142.56618975      0.164520897907E-35
   2148.84937506      0.139520658862E-35
   2155.13256036      0.137952448236E-35
   2161.41574567      0.134599172641E-35
   2167.69893098      0.155632217929E-35
   2173.98211628      0.132896227315E-35
   2180.26530159      0.143480547450E-35
   2186.54848690      0.118649057835E-35
   2192.83167221      0.128954983708E-35
   2199.11485751      0.116242519962E-35
   2205.39804282      0.127820967662E-35
   2211.68122813      0.107052581544E-35
   2217.96441343      0.119610312328E-35
   2224.24759874      0.105105206761E-35
   2230.53078405      0.106153666648E-35
   2236.81396936      0.104453490984E-35
   2243.09715466      0.966413358861E-36
   2249.38033997      0.108285533299E-35
   2255.66352528      0.973016349606E-36
   2261.94671058      0.114257905585E-35
   2268.22989589      0.901542447595E-36
   2274.51308120      0.839729312335E-36
   2280.79626651      0.710069820885E-36
   2287.07945181      0.665976449618E-36
   2293.36263712      0.628366324702E-36
   2299.64582243      0.621581906192E-36
   2305.92900773      0.581134315837E-36
   2312.21219304      0.569200256781E-36
   2318.49537835      0.550116251534E-36
   2324.77856366      0.530735095172E-36
   2331.06174896      0.510019668575E-36
   2337.34493427      0.495916732235E-36
   2343.62811958      0.470946218831E-36
   2349.91130489      0.466596155524E-36
   2356.19449019      0.442579029665E-36
   2362.47767550      0.430401267711E-36
   2368.76086081      0.411368844444E-36
   2375.04404611      0.406551020216E-36
   2381.32723142      0.386734886042E-36
   2387.61041673      0.377247122725E-36
   2393.89360204      0.362794770276E-36
   2400.17678734      0.347842579985E-36
   2406.45997265      0.333984310850E-36
   2412.74315796      0.324079091024E-36
   2419.02634326      0.311759736137E-36
   2425.30952857      0.309416694885E-36
   2431.59271388      0.295525479103E-36
   2437.87589919      0.286573916650E-36
   2444.15908449      0.273122860518E-36
   2450.44226980      0.268350217759E-36
   2456.72545511      0.252177087287E-36
   2463.00864041      0.245662456499E-36
   2469.29182572      0.238161083994E-36
   2475.57501103      0.230597988959E-36
   2481.85819634      0.221878036143E-36
   2488.14138164      0.207911403154E-36
   2494.42456695      0.210009156279E-36
   2500.70775226      0.190778076086E-36
   2506.99093756      0.184057542651E-36
   2513.27412287      0.175344866616E-36
   2519.55730818      0.171925650865E-36
   2525.84049349      0.160510652018E-36
   2532.12367879      0.156267049928E-36
   2538.40686410      0.154541327676E-36
   2544.69004941      0.139223505583E-36
   2550.97323471      0.134581002314E-36
   2557.25642002      0.130225633984E-36
   2563.53960533      0.128457143118E-36
   2569.82279064      0.113161611692E-36
   2576.10597594      0.107115369333E-36
   2582.38916125      0.103691434192E-36
   2588.67234656      0.101177077141E-36
   2594.95553187      0.983876407161E-37
   2601.23871717      0.895436281051E-37
   2607.52190248      0.854493196880E-37
   2613.80508779      0.824727704921E-37
   2620.08827309      0.780015397823E-37
   2626.37145840      0.722600080612E-37
   2632.65464371      0.687160623843E-37
   2638.93782902      0.597576965318E-37
   2645.22101432      0.609256215439E-37
   2651.50419963      0.548940061272E-37
   2657.78738494      0.541960551614E-37
   2664.07057024      0.452705678690E-37
   2670.35375555      0.395366161225E-37
   2676.63694086      0.411701928287E-37
   2682.92012617      0.420036488501E-37
   2689.20331147      0.348492721618E-37
   2695.48649678      0.270893932254E-37
   2701.76968209      0.321932198754E-37
   2708.05286739      0.280854331840E-37
   2714.33605270      0.207456704581E-37
   2720.61923801      0.164654241431E-37
   2726.90242332      0.204099373677E-37
   2733.18560862      0.176192489381E-37
   2739.46879393      0.139830206279E-37
   2745.75197924      0.657439395237E-38
   2752.03516454      0.908503431206E-38
   2758.31834985      0.850534746416E-38
   2764.60153516      0.609291407296E-38
   2770.88472047      0.210361027239E-38
   2777.16790577      0.325093184472E-38
   2783.45109108      0.508789098719E-39
   2789.73427639      0.226907381976E-40
   6.28318530718      0.526056896626E-37
   12.5663706144      0.816125822016E-02
   18.8495559215      0.282290526854E-03
   25.1327412287      0.677243365090E-04
   31.4159265359      0.619432792152E-05
   37.6991118431      0.707247294015E-06
   43.9822971503      0.141878867544E-06
   50.2654824574      0.243567621774E-07
   56.5486677646      0.297744337072E-08
   62.8318530718      0.653451942103E-09
   69.1150383790      0.125475150676E-09
   75.3982236862      0.359108346592E-10
   81.6814089933      0.110393315334E-10
   87.9645943005      0.472300145946E-11
   94.2477796077      0.280707353915E-11
   100.530964915      0.249093044860E-11
   106.814150222      0.247761318498E-11
   113.097335529      0.246047685230E-11
   119.380520836      0.258897707270E-11
   125.663706144      0.272522384907E-11
   131.946891451      0.270068322100E-11
   138.230076758      0.236723912956E-11
   144.513262065      0.249064516510E-11
   150.796447372      0.237599641418E-11
   157.079632679      0.203818007828E-11
   163.362817987      0.179279988689E-11
   169.646003294      0.164710353252E-11
   175.929188601      0.138522356343E-11
   182.212373908      0.101193743566E-11
   188.495559215      0.835372348869E-12
   194.778744523      0.617379725734E-12
   201.061929830      0.441935775885E-12
   207.345115137      0.272069500579E-12
   213.628300444      0.176753395063E-12
   219.911485751      0.972248860140E-13
   226.194671058      0.454810113603E-13
   232.477856366      0.169802610559E-13
   238.761041673      0.553819767527E-14
   245.044226980      0.114526202643E-14
   251.327412287      0.546916661489E-15
   257.610597594      0.728801120759E-15
   263.893782902      0.626617442265E-15
   270.176968209      0.320107700060E-15
   276.460153516      0.896399748979E-16
   282.743338823      0.293708128488E-16
   289.026524130      0.371917252954E-16
   295.309709437      0.269077268936E-16
   301.592894745      0.104946929091E-16
   307.876080052      0.389110387160E-17
   314.159265359      0.425536982827E-17
   320.442450666      0.223654902185E-17
   326.725635973      0.891223119031E-18
   333.008821281      0.689354493397E-18
   339.292006588      0.431400529015E-18
   345.575191895      0.188438379688E-18
   351.858377202      0.139753218129E-18
   358.141562509      0.732437259344E-19
   364.424747816      0.428056831752E-19
   370.707933124      0.285624199660E-19
   376.991118431      0.157311325304E-19
   383.274303738      0.106787107280E-19
   389.557489045      0.670164521666E-20
   395.840674352      0.479207287094E-20
   402.123859659      0.353045808993E-20
   408.407044967      0.259826463378E-20
   414.690230274      0.209795221122E-20
   420.973415581      0.163973261839E-20
   427.256600888      0.145948735585E-20
   433.539786195      0.125583906690E-20
   439.822971503      0.104872800395E-20
   446.106156810      0.831513252246E-21
   452.389342117      0.737091280555E-21
   458.672527424      0.605079328616E-21
   464.955712731      0.492852325194E-21
   471.238898038      0.372934787639E-21
   477.522083346      0.282916425903E-21
   483.805268653      0.212644882940E-21
   490.088453960      0.168392778588E-21
   496.371639267      0.121939337444E-21
   502.654824574      0.915666827558E-22
   508.938009882      0.574252625980E-22
   515.221195189      0.305766375194E-22
   521.504380496      0.205700373289E-22
   527.787565803      0.133608518320E-22
   534.070751110      0.463813782380E-23
   540.353936417      0.175024335888E-23
   546.637121725      0.190612006052E-23
   552.920307032      0.690237397810E-24
   559.203492339      0.382548157674E-24
   565.486677646      0.238868872089E-24
   571.769862953      0.884128690171E-25
   578.053048261      0.341495041144E-25
   584.336233568      0.621603355992E-26
   590.619418875      0.104439554854E-26
   596.902604182      0.332368001737E-27
   603.185789489      0.235150858548E-28
   609.468974796      0.438145302167E-30
   615.752160104      0.261117177378E-31
   622.035345411      0.104049220420E-33
   628.318530718      0.130965770334E-33
   634.601716025      0.705418721175E-34
   640.884901332      0.800380102208E-34
   647.168086639      0.513550157492E-34
   653.451271947      0.123141341943E-33
   659.734457254      0.721933851271E-34
   666.017642561      0.858689491276E-34
   672.300827868      0.394816204574E-34
   678.584013175      0.456865812867E-34
   684.867198483      0.538005297180E-34
   691.150383790      0.493991056683E-34
   697.433569097      0.372206520545E-34
   703.716754404      0.416735507315E-33
   709.999939711      0.126689350419E-33
   716.283125018      0.171500054840E-33
   722.566310326      0.396446950357E-34
   728.849495633      0.757339752660E-34
   735.132680940      0.339969802021E-34
   741.415866247      0.446075118306E-34
   747.699051554      0.388887587796E-34
   753.982236862      0.113491677993E-33
   760.265422169      0.683831419519E-34
   766.548607476      0.537821371645E-34
   772.831792783      0.443074793891E-34
   779.114978090      0.646586322737E-34
   785.398163397      0.505665039563E-34
   791.681348705      0.630086017162E-34
   797.964534012      0.440646869799E-34
   804.247719319      0.800360728630E-33
   810.530904626      0.608219494832E-34
   816.814089933      0.119938978643E-32
   823.097275241      0.881886243988E-34
   829.380460548      0.145417779777E-33
   835.663645855      0.736611161359E-34
   841.946831162      0.891848665898E-34
   848.230016469      0.687727918916E-34
   854.513201776      0.142274048382E-33
   860.796387084      0.113369128842E-33
   867.079572391      0.159485383631E-33
   873.362757698      0.584722355830E-34
   879.645943005      0.909494641208E-34
   885.929128312      0.787624177126E-34
   892.212313620      0.116273021520E-33
   898.495498927      0.690486331514E-34
   904.778684234      0.903895631851E-34
   911.061869541      0.992403023855E-34
   917.345054848      0.123726195197E-33
   923.628240155      0.577428180503E-34
   929.911425463      0.180013667573E-33
   936.194610770      0.756845492356E-34
   942.477796077      0.161210424561E-33
   948.760981384      0.573121483526E-34
   955.044166691      0.107480153485E-33
   961.327351998      0.863168101874E-34
   967.610537306      0.852350523775E-34
   973.893722613      0.452987881396E-34
   980.176907920      0.569685092482E-34
   986.460093227      0.617401960318E-34
   992.743278534      0.858970584371E-34
   999.026463842      0.528817927571E-34
   1005.30964915      0.443539428974E-33
   1011.59283446      0.253082349464E-33
   1017.87601976      0.270849906400E-33
   1024.15920507      0.652065987168E-34
   1030.44239038      0.871790582312E-34
   1036.72557568      0.102141346428E-33
   1043.00876099      0.749897505065E-34
   1049.29194630      0.588524860140E-34
   1055.57513161      0.136712131019E-33
   1061.85831691      0.629424064130E-34
   1068.14150222      0.105447212188E-33
   1074.42468753      0.583293985123E-34
   1080.70787283      0.406690586003E-34
   1086.99105814      0.432128469906E-34
   1093.27424345      0.417635660706E-34
   1099.55742876      0.402498384296E-34
   1105.84061406      0.376515164550E-34
   1112.12379937      0.402406116763E-34
   1118.40698468      0.338392872479E-34
   1124.69016999      0.343479765494E-34
   1130.97335529      0.320309876882E-34
   1137.25654060      0.320559973305E-34
   1143.53972591      0.319316150346E-34
   1149.82291121      0.310959477193E-34
   1156.10609652      0.316529477838E-34
   1162.38928183      0.270925159029E-34
   1168.67246714      0.296058058571E-34
   1174.95565244      0.296879272660E-34
   1181.23883775      0.273752688216E-34
   1187.52202306      0.279159494320E-34
   1193.80520836      0.254211385130E-34
   1200.08839367      0.261477941937E-34
   1206.37157898      0.284816911114E-34
   1212.65476429      0.294215509715E-34
   1218.93794959      0.308689378002E-34
   1225.22113490      0.252220797263E-34
   1231.50432021      0.241669042875E-34
   1237.78750551      0.247190983135E-34
   1244.07069082      0.229936841568E-34
   1250.35387613      0.233812612027E-34
   1256.63706144      0.217255759684E-34
   1262.92024674      0.240945912927E-34
   1269.20343205      0.215601858285E-34
   1275.48661736      0.200200174824E-34
   1281.76980266      0.214449975289E-34
   1288.05298797      0.214333035402E-34
   1294.33617328      0.201750001720E-34
   1300.61935859      0.202131849649E-34
   1306.90254389      0.190290208022E-34
   1313.18572920      0.208768826035E-34
   1319.46891451      0.189706533118E-34
   1325.75209981      0.191442181054E-34
   1332.03528512      0.184929230842E-34
   1338.31847043      0.210789384619E-34
   1344.60165574      0.169337742681E-34
   1350.88484104      0.152542312499E-34
   1357.16802635      0.168458679478E-34
   1363.45121166      0.171592804034E-34
   1369.73439697      0.171113915139E-34
   1376.01758227      0.147576406152E-34
   1382.30076758      0.142367974972E-34
   1388.58395289      0.142846741245E-34
   1394.86713819      0.137738828612E-34
   1401.15032350      0.146419612417E-34
   1407.43350881      0.161092894218E-34
   1413.71669412      0.178985949965E-34
   1419.99987942      0.159795853346E-34
   1426.28306473      0.131738189773E-34
   1432.56625004      0.131240888646E-34
   1438.84943534      0.125400427283E-34
   1445.13262065      0.134004084025E-34
   1451.41580596      0.109298553343E-34
   1457.69899127      0.121478780371E-34
   1463.98217657      0.120322027623E-34
   1470.26536188      0.112027437675E-34
   1476.54854719      0.106104062479E-34
   1482.83173249      0.905066921914E-35
   1489.11491780      0.962132732904E-35
   1495.39810311      0.888235424939E-35
   1501.68128842      0.870218443733E-35
   1507.96447372      0.952958635090E-35
   1514.24765903      0.122347198603E-34
   1520.53084434      0.849002759326E-35
   1526.81402964      0.732692426685E-35
   1533.09721495      0.769288296017E-35
   1539.38040026      0.808126845370E-35
   1545.66358557      0.690541025269E-35
   1551.94677087      0.698178294976E-35
   1558.22995618      0.746344441014E-35
   1564.51314149      0.722554732529E-35
   1570.79632679      0.759828353643E-35
   1577.07951210      0.625951918905E-35
   1583.36269741      0.690284997015E-35
   1589.64588272      0.623116185216E-35
   1595.92906802      0.673618273255E-35
   1602.21225333      0.668116412242E-35
   1608.49543864      0.186810401276E-34
   1614.77862395      0.727144040857E-35
   1621.06180925      0.647603772089E-35
   1627.34499456      0.591132269723E-35
   1633.62817987      0.561717663423E-35
   1639.91136517      0.546287389672E-35
   1646.19455048      0.537263988485E-35
   1652.47773579      0.503161880006E-35
   1658.76092110      0.499177727469E-35
   1665.04410640      0.473832125446E-35
   1671.32729171      0.490642967631E-35
   1677.61047702      0.452455160361E-35
   1683.89366232      0.449943046706E-35
   1690.17684763      0.457177622315E-35
   1696.46003294      0.421249168313E-35
   1702.74321825      0.422239312959E-35
   1709.02640355      0.417249029502E-35
   1715.30958886      0.415633940334E-35
   1721.59277417      0.398746868878E-35
   1727.87595947      0.373461045288E-35
   1734.15914478      0.392582160415E-35
   1740.44233009      0.371640801305E-35
   1746.72551540      0.369995844236E-35
   1753.00870070      0.349022835630E-35
   1759.29188601      0.350923626553E-35
   1765.57507132      0.357876445068E-35
   1771.85825662      0.348986981356E-35
   1778.14144193      0.335383326330E-35
   1784.42462724      0.355578509100E-35
   1790.70781255      0.336418711973E-35
   1796.99099785      0.329330708057E-35
   1803.27418316      0.296066327916E-35
   1809.55736847      0.303974586119E-35
   1815.84055377      0.297053530179E-35
   1822.12373908      0.301988078693E-35
   1828.40692439      0.284584604291E-35
   1834.69010970      0.286845884223E-35
   1840.97329500      0.286579105606E-35
   1847.25648031      0.275731666945E-35
   1853.53966562      0.273201511218E-35
   1859.82285093      0.281078453884E-35
   1866.10603623      0.271950958664E-35
   1872.38922154      0.271878765128E-35
   1878.67240685      0.265989017190E-35
   1884.95559215      0.263000036061E-35
   1891.23877746      0.259496325840E-35
   1897.52196277      0.259820761723E-35
   1903.80514808      0.253139574792E-35
   1910.08833338      0.242608466324E-35
   1916.37151869      0.245063408813E-35
   1922.65470400      0.249327769629E-35
   1928.93788930      0.231418381418E-35
   1935.22107461      0.250851297564E-35
   1941.50425992      0.245481233068E-35
   1947.78744523      0.241827277637E-35
   1954.07063053      0.233353617025E-35
   1960.35381584      0.234616549049E-35
   1966.63700115      0.229276877723E-35
   1972.92018645      0.230766825147E-35
   1979.20337176      0.218499975904E-35
   1985.48655707      0.219319695116E-35
   1991.76974238      0.220379699650E-35
   1998.05292768      0.214454438359E-35
   2004.33611299      0.208324967582E-35
   2010.61929830      0.213769864550E-35
   2016.90248360      0.202772334032E-35
   2023.18566891      0.212521744478E-35
   2029.46885422      0.206769398182E-35
   2035.75203953      0.201188085867E-35
   2042.03522483      0.203803309293E-35
   2048.31841014      0.188160779549E-35
   2054.60159545      0.188433955010E-35
   2060.88478075      0.187561107131E-35
   2067.16796606      0.180170075703E-35
   2073.45115137      0.184483293183E-35
   2079.73433668      0.181012733629E-35
   2086.01752198      0.173656511788E-35
   2092.30070729      0.180818701538E-35
   2098.58389260      0.170377295992E-35
   2104.86707791      0.166553424818E-35
   2111.15026321      0.152198487393E-35
   2117.43344852      0.157800691090E-35
   2123.71663383      0.148757355784E-35
   2129.99981913      0.168507223752E-35
   2136.28300444      0.143540976013E-35
   2142.56618975      0.157170237613E-35
   2148.84937506      0.140776902401E-35
   2155.13256036      0.142908531283E-35
   2161.41574567      0.137659183667E-35
   2167.69893098      0.140898044669E-35
   2173.98211628      0.132797071385E-35
   2180.26530159      0.134503956308E-35
   2186.54848690      0.123156934609E-35
   2192.83167221      0.123990219506E-35
   2199.11485751      0.111839787374E-35
   2205.39804282      0.127652750280E-35
   2211.68122813      0.107272098093E-35
   2217.96441343      0.115120278152E-35
   2224.24759874      0.106506968763E-35
   2230.53078405      0.101900046407E-35
   2236.81396936      0.109028905774E-35
   2243.09715466      0.966420266666E-36
   2249.38033997      0.104832299763E-35
   2255.66352528      0.904350412278E-36
   2261.94671058      0.941624956269E-36
   2268.22989589      0.898567099079E-36
   2274.51308120      0.838371675175E-36
   2280.79626651      0.714254066587E-36
   2287.07945181      0.660449310925E-36
   2293.36263712      0.632838520654E-36
   2299.64582243      0.622342802467E-36
   2305.92900773      0.584813050988E-36
   2312.21219304      0.565854890602E-36
   2318.49537835      0.539542967329E-36
   2324.77856366      0.529327898802E-36
   2331.06174896      0.504783960127E-36
   2337.34493427      0.491546533761E-36
   2343.62811958      0.469068707298E-36
   2349.91130489      0.467115198292E-36
   2356.19449019      0.445292579142E-36
   2362.47767550      0.428254440138E-36
   2368.76086081      0.407470050078E-36
   2375.04404611      0.408694497029E-36
   2381.32723142      0.385191010073E-36
   2387.61041673      0.372717628784E-36
   2393.89360204      0.360546515163E-36
   2400.17678734      0.343110751909E-36
   2406.45997265      0.333526728291E-36
   2412.74315796      0.322531523656E-36
   2419.02634326      0.309123286313E-36
   2425.30952857      0.303541029606E-36
   2431.59271388      0.296214585155E-36
   2437.87589919      0.285001246126E-36
   2444.15908449      0.274378138510E-36
   2450.44226980      0.267898130200E-36
   2456.72545511      0.252916737905E-36
   2463.00864041      0.244981511476E-36
   2469.29182572      0.239500413694E-36
   2475.57501103      0.227018277554E-36
   2481.85819634      0.219014356627E-36
   2488.14138164      0.205234594900E-36
   2494.42456695      0.205342789255E-36
   2500.70775226      0.189422330266E-36
   2506.99093756      0.176768637769E-36
   2513.27412287      0.180485863822E-36
   2519.55730818      0.174222224691E-36
   2525.84049349      0.161074311027E-36
   2532.12367879      0.153140512417E-36
   2538.40686410      0.145643872008E-36
   2544.69004941      0.136148822774E-36
   2550.97323471      0.138332867402E-36
   2557.25642002      0.129922432269E-36
   2563.53960533      0.127467923983E-36
   2569.82279064      0.115410866373E-36
   2576.10597594      0.106903668587E-36
   2582.38916125      0.109002410330E-36
   2588.67234656      0.104426143810E-36
   2594.95553187      0.957870819232E-37
   2601.23871717      0.914151530004E-37
   2607.52190248      0.845481812455E-37
   2613.80508779      0.795698149167E-37
   2620.08827309      0.785496295526E-37
   2626.37145840      0.710361644624E-37
   2632.65464371      0.692500208484E-37
   2638.93782902      0.613552806064E-37
   2645.22101432      0.617265223323E-37
   2651.50419963      0.576677527650E-37
   2657.78738494      0.531359468317E-37
   2664.07057024      0.472985955234E-37
   2670.35375555      0.408961026609E-37
   2676.63694086      0.445035666129E-37
   2682.92012617      0.404711988114E-37
   2689.20331147      0.359056227094E-37
   2695.48649678      0.264876635992E-37
   2701.76968209      0.327480130683E-37
   2708.05286739      0.276071152188E-37
   2714.33605270      0.216611062919E-37
   2720.61923801      0.148113972857E-37
   2726.90242332      0.194924142285E-37
   2733.18560862      0.212796040264E-37
   2739.46879393      0.163092932382E-37
   2745.75197924      0.630933245598E-38
   2752.03516454      0.121552854619E-37
   2758.31834985      0.784703054835E-38
   2764.60153516      0.620412523626E-38
   2770.88472047      0.221872868360E-38
   2777.16790577      0.229139261115E-38
   2783.45109108      0.720523297054E-39
   2789.73427639      0.588294506003E-41
   6.28318530718      0.440752252352E-37
   12.5663706144      0.808121192053E-02
   18.8495559215      0.304057535435E-03
   25.1327412287      0.779697565212E-04
   31.4159265359      0.753772154944E-05
   37.6991118431      0.869888798610E-06
   43.9822971503      0.181853194360E-06
   50.2654824574      0.321520791932E-07
   56.5486677646      0.387650269016E-08
   62.8318530718      0.828420527155E-09
   69.1150383790      0.153707455404E-09
   75.3982236862      0.427544326851E-10
   81.6814089933      0.123341890017E-10
   87.9645943005      0.502073005302E-11
   94.2477796077      0.285386858222E-11
   100.530964915      0.247447890922E-11
   106.814150222      0.244432122104E-11
   113.097335529      0.242681444008E-11
   119.380520836      0.255796624245E-11
   125.663706144      0.270124430005E-11
   131.946891451      0.268255373054E-11
   138.230076758      0.235476918373E-11
   144.513262065      0.248469854786E-11
   150.796447372      0.237532919872E-11
   157.079632679      0.204123353285E-11
   163.362817987      0.179819021050E-11
   169.646003294      0.165634901542E-11
   175.929188601      0.139549070287E-11
   182.212373908      0.102126309673E-11
   188.495559215      0.844798189538E-12
   194.778744523      0.626150917371E-12
   201.061929830      0.449283042211E-12
   207.345115137      0.277427598782E-12
   213.628300444      0.180956666223E-12
   219.911485751      0.100046458989E-12
   226.194671058      0.471200280288E-13
   232.477856366      0.177674000249E-13
   238.761041673      0.588193464899E-14
   245.044226980      0.122618895107E-14
   251.327412287      0.542094827301E-15
   257.610597594      0.718096884995E-15
   263.893782902      0.627631847319E-15
   270.176968209      0.326535265095E-15
   276.460153516      0.930581510955E-16
   282.743338823      0.294514146486E-16
   289.026524130      0.367479703359E-16
   295.309709437      0.270891129193E-16
   301.592894745      0.107292202214E-16
   307.876080052      0.389232441406E-17
   314.159265359      0.423428239778E-17
   320.442450666      0.225995911438E-17
   326.725635973      0.896542223105E-18
   333.008821281      0.686736275867E-18
   339.292006588      0.434424754333E-18
   345.575191895      0.188958027132E-18
   351.858377202      0.139754986494E-18
   358.141562509      0.735766690438E-19
   364.424747816      0.428116765230E-19
   370.707933124      0.286234590529E-19
   376.991118431      0.157599432489E-19
   383.274303738      0.106909815973E-19
   389.557489045      0.671233237578E-20
   395.840674352      0.479690649396E-20
   402.123859659      0.353488384126E-20
   408.407044967      0.260165972863E-20
   414.690230274      0.209935198972E-20
   420.973415581      0.164165367636E-20
   427.256600888      0.146042237230E-20
   433.539786195      0.125651903422E-20
   439.822971503      0.104921388384E-20
   446.106156810      0.831648200765E-21
   452.389342117      0.737673229052E-21
   458.672527424      0.605110163092E-21
   464.955712731      0.493001030697E-21
   471.238898038      0.373005388187E-21
   477.522083346      0.282932860158E-21
   483.805268653      0.212704613641E-21
   490.088453960      0.168415430362E-21
   496.371639267      0.121901867255E-21
   502.654824574      0.915934077599E-22
   508.938009882      0.574487990609E-22
   515.221195189      0.305708256612E-22
   521.504380496      0.205744745921E-22
   527.787565803      0.133649094705E-22
   534.070751110      0.463676834630E-23
   540.353936417      0.174962497806E-23
   546.637121725      0.190679311532E-23
   552.920307032      0.690538024488E-24
   559.203492339      0.382332096888E-24
   565.486677646      0.238593873995E-24
   571.769862953      0.886027486319E-25
   578.053048261      0.341099277425E-25
   584.336233568      0.619924352832E-26
   590.619418875      0.104441776868E-26
   596.902604182      0.332367967918E-27
   603.185789489      0.235151259275E-28
   609.468974796      0.438172832099E-30
   615.752160104      0.261577730747E-31
   622.035345411      0.108106860736E-33
   628.318530718      0.139254412173E-33
   634.601716025      0.731876414185E-34
   640.884901332      0.876222165253E-34
   647.168086639      0.494937500475E-34
   653.451271947      0.132831134046E-33
   659.734457254      0.826807922354E-34
   666.017642561      0.934746410026E-34
   672.300827868      0.452229097474E-34
   678.584013175      0.521682864755E-34
   684.867198483      0.528848547229E-34
   691.150383790      0.486884211969E-34
   697.433569097      0.424309885394E-34
   703.716754404      0.449658297155E-33
   709.999939711      0.141361409884E-33
   716.283125018      0.179861974860E-33
   722.566310326      0.411764142039E-34
   728.849495633      0.752365989371E-34
   735.132680940      0.354480121926E-34
   741.415866247      0.489187619155E-34
   747.699051554      0.417369321522E-34
   753.982236862      0.127949784700E-33
   760.265422169      0.677670891186E-34
   766.548607476      0.584969260107E-34
   772.831792783      0.467598708974E-34
   779.114978090      0.694156427532E-34
   785.398163397      0.515331599503E-34
   791.681348705      0.656241068728E-34
   797.964534012      0.463060876739E-34
   804.247719319      0.884151674589E-33
   810.530904626      0.640706628852E-34
   816.814089933      0.130790338126E-32
   823.097275241      0.983502616343E-34
   829.380460548      0.158638816057E-33
   835.663645855      0.797807171478E-34
   841.946831162      0.948819024354E-34
   848.230016469      0.749477036421E-34
   854.513201776      0.155137415600E-33
   860.796387084      0.124989330980E-33
   867.079572391      0.176504339050E-33
   873.362757698      0.613193852435E-34
   879.645943005      0.972469397615E-34
   885.929128312      0.800265497947E-34
   892.212313620      0.122563647512E-33
   898.495498927      0.739806747389E-34
   904.778684234      0.961587667823E-34
   911.061869541      0.100955977206E-33
   917.345054848      0.132341570827E-33
   923.628240155      0.580199509132E-34
   929.911425463      0.196290612211E-33
   936.194610770      0.819778903695E-34
   942.477796077      0.169651564756E-33
   948.760981384      0.579664028676E-34
   955.044166691      0.108178419908E-33
   961.327351998      0.721563710644E-34
   967.610537306      0.923038853353E-34
   973.893722613      0.451249304999E-34
   980.176907920      0.604289038669E-34
   986.460093227      0.583846774077E-34
   992.743278534      0.971162759150E-34
   999.026463842      0.548376871180E-34
   1005.30964915      0.502300319185E-33
   1011.59283446      0.237429419723E-33
   1017.87601976      0.304757181058E-33
   1024.15920507      0.672152814732E-34
   1030.44239038      0.949386433672E-34
   1036.72557568      0.111515070353E-33
   1043.00876099      0.847204531159E-34
   1049.29194630      0.653221555966E-34
   1055.57513161      0.147667689969E-33
   1061.85831691      0.667738159311E-34
   1068.14150222      0.112310814488E-33
   1074.42468753      0.610742589254E-34
   1080.70787283      0.432469360521E-34
   1086.99105814      0.454917660435E-34
   1093.27424345      0.433590987218E-34
   1099.55742876      0.419045454707E-34
   1105.84061406      0.388616319043E-34
   1112.12379937      0.427160033562E-34
   1118.40698468      0.354543977438E-34
   1124.69016999      0.359384471718E-34
   1130.97335529      0.340306017692E-34
   1137.25654060      0.353884061885E-34
   1143.53972591      0.342686400354E-34
   1149.82291121      0.325224574074E-34
   1156.10609652      0.338816486816E-34
   1162.38928183      0.304214600031E-34
   1168.67246714      0.314576473662E-34
   1174.95565244      0.313595128899E-34
   1181.23883775      0.287318013838E-34
   1187.52202306      0.287181160256E-34
   1193.80520836      0.262697327987E-34
   1200.08839367      0.268254608976E-34
   1206.37157898      0.325653513915E-34
   1212.65476429      0.307201151910E-34
   1218.93794959      0.334861775379E-34
   1225.22113490      0.260059939155E-34
   1231.50432021      0.251704932855E-34
   1237.78750551      0.247613577407E-34
   1244.07069082      0.242137661713E-34
   1250.35387613      0.242758209503E-34
   1256.63706144      0.222869261483E-34
   1262.92024674      0.249495238054E-34
   1269.20343205      0.226814761307E-34
   1275.48661736      0.212090906124E-34
   1281.76980266      0.229381593583E-34
   1288.05298797      0.228431564101E-34
   1294.33617328      0.213101106141E-34
   1300.61935859      0.200747070403E-34
   1306.90254389      0.203627582844E-34
   1313.18572920      0.224612247930E-34
   1319.46891451      0.206107758458E-34
   1325.75209981      0.195148167385E-34
   1332.03528512      0.196518870262E-34
   1338.31847043      0.204635046913E-34
   1344.60165574      0.182586063368E-34
   1350.88484104      0.162794630963E-34
   1357.16802635      0.175024178620E-34
   1363.45121166      0.171727401906E-34
   1369.73439697      0.173196334259E-34
   1376.01758227      0.151848382280E-34
   1382.30076758      0.150773038521E-34
   1388.58395289      0.149579572041E-34
   1394.86713819      0.142285963171E-34
   1401.15032350      0.154389577748E-34
   1407.43350881      0.168313283725E-34
   1413.71669412      0.214382055070E-34
   1419.99987942      0.172682447414E-34
   1426.28306473      0.138801003444E-34
   1432.56625004      0.136251229671E-34
   1438.84943534      0.132492583865E-34
   1445.13262065      0.133410538783E-34
   1451.41580596      0.117289516092E-34
   1457.69899127      0.129072170211E-34
   1463.98217657      0.130723426446E-34
   1470.26536188      0.111837451087E-34
   1476.54854719      0.113246280521E-34
   1482.83173249      0.934269952287E-35
   1489.11491780      0.107424041772E-34
   1495.39810311      0.878164383395E-35
   1501.68128842      0.908562420769E-35
   1507.96447372      0.936780149800E-35
   1514.24765903      0.962585033275E-35
   1520.53084434      0.901661901042E-35
   1526.81402964      0.770406465228E-35
   1533.09721495      0.777068550214E-35
   1539.38040026      0.821718933069E-35
   1545.66358557      0.757666499620E-35
   1551.94677087      0.691330585840E-35
   1558.22995618      0.842226640218E-35
   1564.51314149      0.725546570694E-35
   1570.79632679      0.835032448411E-35
   1577.07951210      0.635213674630E-35
   1583.36269741      0.721243411312E-35
   1589.64588272      0.759038681068E-35
   1595.92906802      0.703720247224E-35
   1602.21225333      0.661360437419E-35
   1608.49543864      0.163793850301E-34
   1614.77862395      0.687263752362E-35
   1621.06180925      0.613637181382E-35
   1627.34499456      0.592111789421E-35
   1633.62817987      0.550170179723E-35
   1639.91136517      0.557549909225E-35
   1646.19455048      0.540282657117E-35
   1652.47773579      0.517335659791E-35
   1658.76092110      0.497686469314E-35
   1665.04410640      0.492533448464E-35
   1671.32729171      0.496837891918E-35
   1677.61047702      0.459748626596E-35
   1683.89366232      0.443262875905E-35
   1690.17684763      0.446987260360E-35
   1696.46003294      0.413503561162E-35
   1702.74321825      0.419312799089E-35
   1709.02640355      0.405807644582E-35
   1715.30958886      0.423073294257E-35
   1721.59277417      0.407730466562E-35
   1727.87595947      0.389511130136E-35
   1734.15914478      0.396953886901E-35
   1740.44233009      0.383479047837E-35
   1746.72551540      0.370024145992E-35
   1753.00870070      0.361626011152E-35
   1759.29188601      0.350566301965E-35
   1765.57507132      0.357350735558E-35
   1771.85825662      0.345683815485E-35
   1778.14144193      0.329819193095E-35
   1784.42462724      0.339481623583E-35
   1790.70781255      0.326662752101E-35
   1796.99099785      0.321200803742E-35
   1803.27418316      0.312100009038E-35
   1809.55736847      0.305757434480E-35
   1815.84055377      0.298775855180E-35
   1822.12373908      0.311369257758E-35
   1828.40692439      0.284599820915E-35
   1834.69010970      0.283504167499E-35
   1840.97329500      0.293608779097E-35
   1847.25648031      0.277525592657E-35
   1853.53966562      0.278349997306E-35
   1859.82285093      0.275973412529E-35
   1866.10603623      0.260786461812E-35
   1872.38922154      0.277497024919E-35
   1878.67240685      0.263416067304E-35
   1884.95559215      0.266995881736E-35
   1891.23877746      0.253963058211E-35
   1897.52196277      0.258073824760E-35
   1903.80514808      0.249114866647E-35
   1910.08833338      0.249900054173E-35
   1916.37151869      0.258369706170E-35
   1922.65470400      0.253349808299E-35
   1928.93788930      0.236352014041E-35
   1935.22107461      0.248957192173E-35
   1941.50425992      0.235596083588E-35
   1947.78744523      0.250169325836E-35
   1954.07063053      0.232886199823E-35
   1960.35381584      0.232196193239E-35
   1966.63700115      0.231842963097E-35
   1972.92018645      0.237284318954E-35
   1979.20337176      0.231830199022E-35
   1985.48655707      0.228016791208E-35
   1991.76974238      0.224129367889E-35
   1998.05292768      0.209943144665E-35
   2004.33611299      0.228378292488E-35
   2010.61929830      0.219455309885E-35
   2016.90248360      0.197430241716E-35
   2023.18566891      0.205775298551E-35
   2029.46885422      0.191708933820E-35
   2035.75203953      0.198731323029E-35
   2042.03522483      0.197454275085E-35
   2048.31841014      0.193581163644E-35
   2054.60159545      0.188638055158E-35
   2060.88478075      0.189418317427E-35
   2067.16796606      0.186157069011E-35
   2073.45115137      0.180159970314E-35
   2079.73433668      0.175849263424E-35
   2086.01752198      0.179830453770E-35
   2092.30070729      0.171984285788E-35
   2098.58389260      0.165037031258E-35
   2104.86707791      0.178355108887E-35
   2111.15026321      0.155215878956E-35
   2117.43344852      0.164132305614E-35
   2123.71663383      0.147338719237E-35
   2129.99981913      0.168536122579E-35
   2136.28300444      0.144852705434E-35
   2142.56618975      0.164123389058E-35
   2148.84937506      0.140241768323E-35
   2155.13256036      0.143461433459E-35
   2161.41574567      0.134704401201E-35
   2167.69893098      0.139697099889E-35
   2173.98211628      0.132252023037E-35
   2180.26530159      0.127664377554E-35
   2186.54848690      0.122575098063E-35
   2192.83167221      0.128941874664E-35
   2199.11485751      0.120624102202E-35
   2205.39804282      0.126923472320E-35
   2211.68122813      0.105510142988E-35
   2217.96441343      0.120568409560E-35
   2224.24759874      0.109682966210E-35
   2230.53078405      0.106493528769E-35
   2236.81396936      0.115890291814E-35
   2243.09715466      0.998021995481E-36
   2249.38033997      0.105745295241E-35
   2255.66352528      0.902019149307E-36
   2261.94671058      0.109736963264E-35
   2268.22989589      0.104981189144E-35
   2274.51308120      0.938733876283E-36
   2280.79626651      0.714838223784E-36
   2287.07945181      0.666051572324E-36
   2293.36263712      0.637133578370E-36
   2299.64582243      0.614469722238E-36
   2305.92900773      0.588967358799E-36
   2312.21219304      0.569898642022E-36
   2318.49537835      0.547008213678E-36
   2324.77856366      0.540155991814E-36
   2331.06174896      0.512833853593E-36
   2337.34493427      0.497888229204E-36
   2343.62811958      0.468764150247E-36
   2349.91130489      0.470100614425E-36
   2356.19449019      0.445612504475E-36
   2362.47767550      0.431745054646E-36
   2368.76086081      0.413461293386E-36
   2375.04404611      0.409366778708E-36
   2381.32723142      0.386102538634E-36
   2387.61041673      0.378097869180E-36
   2393.89360204      0.368270544663E-36
   2400.17678734      0.352664865967E-36
   2406.45997265      0.335441606751E-36
   2412.74315796      0.327497895505E-36
   2419.02634326      0.315219447448E-36
   2425.30952857      0.305444436065E-36
   2431.59271388      0.293168394485E-36
   2437.87589919      0.287091233621E-36
   2444.15908449      0.273769284121E-36
   2450.44226980      0.261419521148E-36
   2456.72545511      0.248000939830E-36
   2463.00864041      0.247405968180E-36
   2469.29182572      0.230545903660E-36
   2475.57501103      0.222343734851E-36
   2481.85819634      0.221464228036E-36
   2488.14138164      0.207889062956E-36
   2494.42456695      0.205143570988E-36
   2500.70775226      0.190474277764E-36
   2506.99093756      0.185535330670E-36
   2513.27412287      0.178968296375E-36
   2519.55730818      0.176627443037E-36
   2525.84049349      0.158347768292E-36
   2532.12367879      0.158480225333E-36
   2538.40686410      0.147640792154E-36
   2544.69004941      0.142050903226E-36
   2550.97323471      0.135859086646E-36
   2557.25642002      0.125747953981E-36
   2563.53960533      0.124875382833E-36
   2569.82279064      0.114503667199E-36
   2576.10597594      0.109349650083E-36
   2582.38916125      0.103414770610E-36
   2588.67234656      0.103579187427E-36
   2594.95553187      0.938660991908E-37
   2601.23871717      0.881238228936E-37
   2607.52190248      0.813527893668E-37
   2613.80508779      0.820154773671E-37
   2620.08827309      0.810166197734E-37
   2626.37145840      0.719034779076E-37
   2632.65464371      0.680358487913E-37
   2638.93782902      0.595588996827E-37
   2645.22101432      0.590781112163E-37
   2651.50419963      0.526896531146E-37
   2657.78738494      0.561082072815E-37
   2664.07057024      0.464605388527E-37
   2670.35375555      0.444217846751E-37
   2676.63694086      0.433433791438E-37
   2682.92012617      0.392020210752E-37
   2689.20331147      0.361955498176E-37
   2695.48649678      0.289338601534E-37
   2701.76968209      0.323261313131E-37
   2708.05286739      0.288603165345E-37
   2714.33605270      0.223593825770E-37
   2720.61923801      0.161030631432E-37
   2726.90242332      0.209606444004E-37
   2733.18560862      0.167172383476E-37
   2739.46879393      0.135747752871E-37
   2745.75197924      0.696503293538E-38
   2752.03516454      0.113906363418E-37
   2758.31834985      0.839777582518E-38
   2764.60153516      0.771405135538E-38
   2770.88472047      0.245565611838E-38
   2777.16790577      0.272863785743E-38
   2783.45109108      0.152373098933E-38
   2789.73427639      0.181083688628E-41
   6.28318530718      0.507263117484E-37
   12.5663706144      0.799900108045E-02
   18.8495559215      0.326514446547E-03
   25.1327412287      0.887951269025E-04
   31.4159265359      0.905372606761E-05
   37.6991118431      0.105931262890E-05
   43.9822971503      0.229696626180E-06
   50.2654824574      0.420797484017E-07
   56.5486677646      0.503958854461E-08
   62.8318530718      0.105000308085E-08
   69.1150383790      0.189663055395E-09
   75.3982236862      0.514672558946E-10
   81.6814089933      0.139254860957E-10
   87.9645943005      0.538536703431E-11
   94.2477796077      0.291799654244E-11
   100.530964915      0.246325269014E-11
   106.814150222      0.241302155376E-11
   113.097335529      0.239406472853E-11
   119.380520836      0.252739856731E-11
   125.663706144      0.267745347502E-11
   131.946891451      0.266443917369E-11
   138.230076758      0.234220395920E-11
   144.513262065      0.247852525454E-11
   150.796447372      0.237436809494E-11
   157.079632679      0.204397699176E-11
   163.362817987      0.180326886587E-11
   169.646003294      0.166527351439E-11
   175.929188601      0.140546881906E-11
   182.212373908      0.103036434773E-11
   188.495559215      0.854030257020E-12
   194.778744523      0.634784069890E-12
   201.061929830      0.456532710056E-12
   207.345115137      0.282729767448E-12
   213.628300444      0.185132616440E-12
   219.911485751      0.102862530897E-12
   226.194671058      0.487648953069E-13
   232.477856366      0.185635677132E-13
   238.761041673      0.623449931614E-14
   245.044226980      0.131233596812E-14
   251.327412287      0.539104251036E-15
   257.610597594      0.707275057005E-15
   263.893782902      0.627983788989E-15
   270.176968209      0.332559674218E-15
   276.460153516      0.964214738529E-16
   282.743338823      0.295753877662E-16
   289.026524130      0.363076861564E-16
   295.309709437      0.272490691632E-16
   301.592894745      0.109561024040E-16
   307.876080052      0.389592576510E-17
   314.159265359      0.421285386187E-17
   320.442450666      0.228204031067E-17
   326.725635973      0.901939203854E-18
   333.008821281      0.684172180166E-18
   339.292006588      0.437307632913E-18
   345.575191895      0.189491166907E-18
   351.858377202      0.139751654210E-18
   358.141562509      0.739037382369E-19
   364.424747816      0.428203335975E-19
   370.707933124      0.286834156866E-19
   376.991118431      0.157892705877E-19
   383.274303738      0.107034153258E-19
   389.557489045      0.672335236893E-20
   395.840674352      0.480186442884E-20
   402.123859659      0.353943017243E-20
   408.407044967      0.260508857538E-20
   414.690230274      0.210079907692E-20
   420.973415581      0.164360804639E-20
   427.256600888      0.146138016209E-20
   433.539786195      0.125721205913E-20
   439.822971503      0.104971403295E-20
   446.106156810      0.831793401774E-21
   452.389342117      0.738262994424E-21
   458.672527424      0.605143661812E-21
   464.955712731      0.493154330026E-21
   471.238898038      0.373079953118E-21
   477.522083346      0.282952045313E-21
   483.805268653      0.212763793300E-21
   490.088453960      0.168438993956E-21
   496.371639267      0.121865008903E-21
   502.654824574      0.916210333823E-22
   508.938009882      0.574740205487E-22
   515.221195189      0.305655605845E-22
   521.504380496      0.205793638860E-22
   527.787565803      0.133692764594E-22
   534.070751110      0.463549601485E-23
   540.353936417      0.174908480033E-23
   546.637121725      0.190748276628E-23
   552.920307032      0.690849911117E-24
   559.203492339      0.382154031354E-24
   565.486677646      0.238328088578E-24
   571.769862953      0.887946423769E-25
   578.053048261      0.340745564460E-25
   584.336233568      0.618431755945E-26
   590.619418875      0.104444455264E-26
   596.902604182      0.332367961806E-27
   603.185789489      0.235151713337E-28
   609.468974796      0.438167784631E-30
   615.752160104      0.261647167950E-31
   622.035345411      0.108969385267E-33
   628.318530718      0.148785077039E-33
   634.601716025      0.809075229875E-34
   640.884901332      0.927830459929E-34
   647.168086639      0.509705994688E-34
   653.451271947      0.138142993623E-33
   659.734457254      0.971769948597E-34
   666.017642561      0.104941948840E-33
   672.300827868      0.531481915160E-34
   678.584013175      0.573099588900E-34
   684.867198483      0.589271187357E-34
   691.150383790      0.517203107348E-34
   697.433569097      0.437443985854E-34
   703.716754404      0.452713932168E-33
   709.999939711      0.129222425954E-33
   716.283125018      0.195438809884E-33
   722.566310326      0.449007339777E-34
   728.849495633      0.830007078722E-34
   735.132680940      0.375425206721E-34
   741.415866247      0.532481079833E-34
   747.699051554      0.433114308100E-34
   753.982236862      0.137511632312E-33
   760.265422169      0.704579072126E-34
   766.548607476      0.621575751823E-34
   772.831792783      0.453515318864E-34
   779.114978090      0.767497135902E-34
   785.398163397      0.581599736261E-34
   791.681348705      0.708947586964E-34
   797.964534012      0.489402114329E-34
   804.247719319      0.910761571430E-33
   810.530904626      0.699825545180E-34
   816.814089933      0.140509338977E-32
   823.097275241      0.104087286741E-33
   829.380460548      0.167876403954E-33
   835.663645855      0.876488624337E-34
   841.946831162      0.946817158930E-34
   848.230016469      0.810332720659E-34
   854.513201776      0.165606050929E-33
   860.796387084      0.122632674750E-33
   867.079572391      0.195966774419E-33
   873.362757698      0.652588830234E-34
   879.645943005      0.101089187509E-33
   885.929128312      0.885060216085E-34
   892.212313620      0.130291923073E-33
   898.495498927      0.708797136449E-34
   904.778684234      0.977160321881E-34
   911.061869541      0.108459467469E-33
   917.345054848      0.143459151522E-33
   923.628240155      0.586077820602E-34
   929.911425463      0.213942255359E-33
   936.194610770      0.847373243931E-34
   942.477796077      0.187028538801E-33
   948.760981384      0.664358575664E-34
   955.044166691      0.121817184509E-33
   961.327351998      0.804568161428E-34
   967.610537306      0.102255958915E-33
   973.893722613      0.486097259514E-34
   980.176907920      0.649764940800E-34
   986.460093227      0.646063849079E-34
   992.743278534      0.106503262258E-33
   999.026463842      0.573837243430E-34
   1005.30964915      0.525698128896E-33
   1011.59283446      0.228343682395E-33
   1017.87601976      0.313020201039E-33
   1024.15920507      0.720814198829E-34
   1030.44239038      0.102848622368E-33
   1036.72557568      0.116298634419E-33
   1043.00876099      0.910487942991E-34
   1049.29194630      0.678767898562E-34
   1055.57513161      0.164332566753E-33
   1061.85831691      0.674060801474E-34
   1068.14150222      0.121495519273E-33
   1074.42468753      0.674591909888E-34
   1080.70787283      0.453565644507E-34
   1086.99105814      0.491704542585E-34
   1093.27424345      0.459920314701E-34
   1099.55742876      0.436191003135E-34
   1105.84061406      0.420736410626E-34
   1112.12379937      0.439235297608E-34
   1118.40698468      0.373464638281E-34
   1124.69016999      0.379542172442E-34
   1130.97335529      0.348700943343E-34
   1137.25654060      0.358452994222E-34
   1143.53972591      0.360623292104E-34
   1149.82291121      0.341768900921E-34
   1156.10609652      0.348954639160E-34
   1162.38928183      0.303814505501E-34
   1168.67246714      0.321607967316E-34
   1174.95565244      0.328385215578E-34
   1181.23883775      0.299786480333E-34
   1187.52202306      0.296171220769E-34
   1193.80520836      0.283041134194E-34
   1200.08839367      0.273646698096E-34
   1206.37157898      0.346230278683E-34
   1212.65476429      0.368751227700E-34
   1218.93794959      0.377944267753E-34
   1225.22113490      0.265138887919E-34
   1231.50432021      0.261856449894E-34
   1237.78750551      0.245862930457E-34
   1244.07069082      0.250122185234E-34
   1250.35387613      0.253226777156E-34
   1256.63706144      0.235229515936E-34
   1262.92024674      0.263867595717E-34
   1269.20343205      0.236965156041E-34
   1275.48661736      0.223835473565E-34
   1281.76980266      0.241014906911E-34
   1288.05298797      0.232452540699E-34
   1294.33617328      0.223900836870E-34
   1300.61935859      0.211938605912E-34
   1306.90254389      0.218894129149E-34
   1313.18572920      0.216884555829E-34
   1319.46891451      0.217939781405E-34
   1325.75209981      0.206208916869E-34
   1332.03528512      0.206429262296E-34
   1338.31847043      0.215802087587E-34
   1344.60165574      0.184032557067E-34
   1350.88484104      0.165652623094E-34
   1357.16802635      0.186562226449E-34
   1363.45121166      0.196670695454E-34
   1369.73439697      0.179821658325E-34
   1376.01758227      0.160854945476E-34
   1382.30076758      0.159432748535E-34
   1388.58395289      0.164448665631E-34
   1394.86713819      0.151248292032E-34
   1401.15032350      0.156286902248E-34
   1407.43350881      0.182829692459E-34
   1413.71669412      0.171180256761E-34
   1419.99987942      0.195648906454E-34
   1426.28306473      0.143938223289E-34
   1432.56625004      0.137115049227E-34
   1438.84943534      0.135119928188E-34
   1445.13262065      0.142716325981E-34
   1451.41580596      0.119014543008E-34
   1457.69899127      0.125991602014E-34
   1463.98217657      0.127685124617E-34
   1470.26536188      0.115701313109E-34
   1476.54854719      0.114647519694E-34
   1482.83173249      0.100197898693E-34
   1489.11491780      0.102381278855E-34
   1495.39810311      0.897650953628E-35
   1501.68128842      0.991580991558E-35
   1507.96447372      0.102333441660E-34
   1514.24765903      0.911747059342E-35
   1520.53084434      0.103872616608E-34
   1526.81402964      0.773934812111E-35
   1533.09721495      0.797048268217E-35
   1539.38040026      0.770138765416E-35
   1545.66358557      0.758002167130E-35
   1551.94677087      0.697626118719E-35
   1558.22995618      0.851794088942E-35
   1564.51314149      0.795431831169E-35
   1570.79632679      0.862640045326E-35
   1577.07951210      0.699303135919E-35
   1583.36269741      0.791781999070E-35
   1589.64588272      0.682510770057E-35
   1595.92906802      0.744565148502E-35
   1602.21225333      0.626111609546E-35
   1608.49543864      0.158215170031E-34
   1614.77862395      0.189872951081E-34
   1621.06180925      0.644323249902E-35
   1627.34499456      0.588387255596E-35
   1633.62817987      0.555981551766E-35
   1639.91136517      0.549742415753E-35
   1646.19455048      0.552584747543E-35
   1652.47773579      0.508051533882E-35
   1658.76092110      0.493281064651E-35
   1665.04410640      0.484894959162E-35
   1671.32729171      0.511145255396E-35
   1677.61047702      0.457780181695E-35
   1683.89366232      0.451606188167E-35
   1690.17684763      0.453571642484E-35
   1696.46003294      0.431222755385E-35
   1702.74321825      0.432240366202E-35
   1709.02640355      0.425563840824E-35
   1715.30958886      0.421081387431E-35
   1721.59277417      0.391999746150E-35
   1727.87595947      0.381565685626E-35
   1734.15914478      0.389805548901E-35
   1740.44233009      0.381941954344E-35
   1746.72551540      0.364062326778E-35
   1753.00870070      0.355002247134E-35
   1759.29188601      0.359047992055E-35
   1765.57507132      0.362409920744E-35
   1771.85825662      0.348356876210E-35
   1778.14144193      0.334405096744E-35
   1784.42462724      0.349878093341E-35
   1790.70781255      0.336041345162E-35
   1796.99099785      0.311085809690E-35
   1803.27418316      0.299706614001E-35
   1809.55736847      0.301052615706E-35
   1815.84055377      0.295285471367E-35
   1822.12373908      0.295523146388E-35
   1828.40692439      0.286574911789E-35
   1834.69010970      0.279690415216E-35
   1840.97329500      0.284276187550E-35
   1847.25648031      0.277652380092E-35
   1853.53966562      0.271456779646E-35
   1859.82285093      0.283135474816E-35
   1866.10603623      0.270303971135E-35
   1872.38922154      0.276886390150E-35
   1878.67240685      0.263015341764E-35
   1884.95559215      0.270763194470E-35
   1891.23877746      0.258038558534E-35
   1897.52196277      0.260224369016E-35
   1903.80514808      0.249854946665E-35
   1910.08833338      0.236538740587E-35
   1916.37151869      0.259509444602E-35
   1922.65470400      0.246292772095E-35
   1928.93788930      0.240196012788E-35
   1935.22107461      0.254215383809E-35
   1941.50425992      0.232226009344E-35
   1947.78744523      0.247511602231E-35
   1954.07063053      0.232343006438E-35
   1960.35381584      0.233692905958E-35
   1966.63700115      0.222290078344E-35
   1972.92018645      0.231494421524E-35
   1979.20337176      0.221435772311E-35
   1985.48655707      0.221134117943E-35
   1991.76974238      0.222850227124E-35
   1998.05292768      0.210309400031E-35
   2004.33611299      0.220036479412E-35
   2010.61929830      0.210772155363E-35
   2016.90248360      0.197787356990E-35
   2023.18566891      0.210090877705E-35
   2029.46885422      0.196281816098E-35
   2035.75203953      0.192758289430E-35
   2042.03522483      0.192754762475E-35
   2048.31841014      0.189463205712E-35
   2054.60159545      0.180903629516E-35
   2060.88478075      0.177794359332E-35
   2067.16796606      0.179780697209E-35
   2073.45115137      0.182102279522E-35
   2079.73433668      0.172004418601E-35
   2086.01752198      0.170992230526E-35
   2092.30070729      0.166581000135E-35
   2098.58389260      0.165068526600E-35
   2104.86707791      0.164790744566E-35
   2111.15026321      0.155313607588E-35
   2117.43344852      0.154912465875E-35
   2123.71663383      0.149044231987E-35
   2129.99981913      0.160382894949E-35
   2136.28300444      0.143828473034E-35
   2142.56618975      0.153428207965E-35
   2148.84937506      0.140323738721E-35
   2155.13256036      0.144572879739E-35
   2161.41574567      0.141115196014E-35
   2167.69893098      0.134100033980E-35
   2173.98211628      0.134289713606E-35
   2180.26530159      0.135942637175E-35
   2186.54848690      0.129701071071E-35
   2192.83167221      0.125499969433E-35
   2199.11485751      0.113209405278E-35
   2205.39804282      0.125066931138E-35
   2211.68122813      0.111733880164E-35
   2217.96441343      0.117576793003E-35
   2224.24759874      0.998220608918E-36
   2230.53078405      0.102547308432E-35
   2236.81396936      0.123039073403E-35
   2243.09715466      0.958276117051E-36
   2249.38033997      0.106815313871E-35
   2255.66352528      0.900943380408E-36
   2261.94671058      0.916220586838E-36
   2268.22989589      0.831368093245E-36
   2274.51308120      0.792470179429E-36
   2280.79626651      0.709367491468E-36
   2287.07945181      0.666887854194E-36
   2293.36263712      0.631209163275E-36
   2299.64582243      0.619687368676E-36
   2305.92900773      0.591526640025E-36
   2312.21219304      0.571234314545E-36
   2318.49537835      0.552844616944E-36
   2324.77856366      0.528448041098E-36
   2331.06174896      0.510008988876E-36
   2337.34493427      0.493231271680E-36
   2343.62811958      0.467265051058E-36
   2349.91130489      0.471120353051E-36
   2356.19449019      0.442972484144E-36
   2362.47767550      0.434515667972E-36
   2368.76086081      0.412999226896E-36
   2375.04404611      0.410748593054E-36
   2381.32723142      0.385459883671E-36
   2387.61041673      0.376191792940E-36
   2393.89360204      0.365009904082E-36
   2400.17678734      0.349931192234E-36
   2406.45997265      0.340305149033E-36
   2412.74315796      0.324485874698E-36
   2419.02634326      0.317083880727E-36
   2425.30952857      0.308309247937E-36
   2431.59271388      0.289391488116E-36
   2437.87589919      0.283358060969E-36
   2444.15908449      0.273723484927E-36
   2450.44226980      0.263671104340E-36
   2456.72545511      0.259773281124E-36
   2463.00864041      0.245733905804E-36
   2469.29182572      0.237977225035E-36
   2475.57501103      0.227134084498E-36
   2481.85819634      0.222070840229E-36
   2488.14138164      0.212022538841E-36
   2494.42456695      0.202757332171E-36
   2500.70775226      0.190253874904E-36
   2506.99093756      0.183211654385E-36
   2513.27412287      0.179630374072E-36
   2519.55730818      0.172245771066E-36
   2525.84049349      0.163329120866E-36
   2532.12367879      0.158728537066E-36
   2538.40686410      0.148507366667E-36
   2544.69004941      0.143476086888E-36
   2550.97323471      0.136673470649E-36
   2557.25642002      0.132000337693E-36
   2563.53960533      0.125452044082E-36
   2569.82279064      0.116570705299E-36
   2576.10597594      0.111460421267E-36
   2582.38916125      0.105939638507E-36
   2588.67234656      0.102330885040E-36
   2594.95553187      0.984965335905E-37
   2601.23871717      0.917825577441E-37
   2607.52190248      0.870174838197E-37
   2613.80508779      0.830930151036E-37
   2620.08827309      0.758467798202E-37
   2626.37145840      0.762380285654E-37
   2632.65464371      0.697086565733E-37
   2638.93782902      0.589502121152E-37
   2645.22101432      0.601262508160E-37
   2651.50419963      0.574328035797E-37
   2657.78738494      0.568692278325E-37
   2664.07057024      0.465629171292E-37
   2670.35375555      0.425506765374E-37
   2676.63694086      0.426834035657E-37
   2682.92012617      0.396644325363E-37
   2689.20331147      0.344129858238E-37
   2695.48649678      0.268709834824E-37
   2701.76968209      0.340837034681E-37
   2708.05286739      0.282566439503E-37
   2714.33605270      0.230537021947E-37
   2720.61923801      0.171583010093E-37
   2726.90242332      0.210975930305E-37
   2733.18560862      0.184580687706E-37
   2739.46879393      0.155729766183E-37
   2745.75197924      0.796895847351E-38
   2752.03516454      0.107548301713E-37
   2758.31834985      0.883889448249E-38
   2764.60153516      0.614636458065E-38
   2770.88472047      0.220804281650E-38
   2777.16790577      0.304766465983E-38
   2783.45109108      0.803065135212E-39
   2789.73427639      0.113709804136E-40
   6.28318530718      0.143615796248E-37
   12.5663706144      0.791465017233E-02
   18.8495559215      0.349787983952E-03
   25.1327412287      0.100102428299E-03
   31.4159265359      0.107394592308E-04
   37.6991118431      0.127745645316E-05
   43.9822971503      0.285987747573E-06
   50.2654824574      0.545425680827E-07
   56.5486677646      0.653032573474E-08
   62.8318530718      0.132740662532E-08
   69.1150383790      0.235100341240E-09
   75.3982236862      0.625555285788E-10
   81.6814089933      0.158826805516E-10
   87.9645943005      0.582952154873E-11
   94.2477796077      0.300251329314E-11
   100.530964915      0.245807243560E-11
   106.814150222      0.238398521413E-11
   113.097335529      0.236237489474E-11
   119.380520836      0.249739122112E-11
   125.663706144      0.265394506114E-11
   131.946891451      0.264641726927E-11
   138.230076758      0.232960288754E-11
   144.513262065      0.247216672085E-11
   150.796447372      0.237313768386E-11
   157.079632679      0.204642020750E-11
   163.362817987      0.180803613096E-11
   169.646003294      0.167386261783E-11
   175.929188601      0.141513718788E-11
   182.212373908      0.103921960779E-11
   188.495559215      0.863044402721E-12
   194.778744523      0.643254356643E-12
   201.061929830      0.463662800459E-12
   207.345115137      0.287959022634E-12
   213.628300444      0.189267080831E-12
   219.911485751      0.105662999819E-12
   226.194671058      0.504093607575E-13
   232.477856366      0.193655378881E-13
   238.761041673      0.659438297618E-14
   245.044226980      0.140332748687E-14
   251.327412287      0.537997884209E-15
   257.610597594      0.696443320371E-15
   263.893782902      0.627715022791E-15
   270.176968209      0.338164264154E-15
   276.460153516      0.997084353235E-16
   282.743338823      0.297375875221E-16
   289.026524130      0.358744991048E-16
   295.309709437      0.273893345360E-16
   301.592894745      0.111747558068E-16
   307.876080052      0.390162671873E-17
   314.159265359      0.419135811215E-17
   320.442450666      0.230287667034E-17
   326.725635973      0.907384947908E-18
   333.008821281      0.681683749654E-18
   339.292006588      0.440065532805E-18
   345.575191895      0.190037937566E-18
   351.858377202      0.139746698103E-18
   358.141562509      0.742267112806E-19
   364.424747816      0.428322172320E-19
   370.707933124      0.287428266813E-19
   376.991118431      0.158193371657E-19
   383.274303738      0.107161249230E-19
   389.557489045      0.673475549435E-20
   395.840674352      0.480697618392E-20
   402.123859659      0.354410016925E-20
   408.407044967      0.260855567844E-20
   414.690230274      0.210229307590E-20
   420.973415581      0.164559609706E-20
   427.256600888      0.146235988382E-20
   433.539786195      0.125791790393E-20
   439.822971503      0.105022776086E-20
   446.106156810      0.831948877932E-21
   452.389342117      0.738860037494E-21
   458.672527424      0.605180430384E-21
   464.955712731      0.493311968886E-21
   471.238898038      0.373158489750E-21
   477.522083346      0.282974260436E-21
   483.805268653      0.212822492096E-21
   490.088453960      0.168463613906E-21
   496.371639267      0.121828747419E-21
   502.654824574      0.916494638550E-22
   508.938009882      0.575008682856E-22
   515.221195189      0.305608165015E-22
   521.504380496      0.205846776913E-22
   527.787565803      0.133739284609E-22
   534.070751110      0.463432716988E-23
   540.353936417      0.174861937003E-23
   546.637121725      0.190819878700E-23
   552.920307032      0.691173067907E-24
   559.203492339      0.382019172605E-24
   565.486677646      0.238063524353E-24
   571.769862953      0.889896922640E-25
   578.053048261      0.340411072026E-25
   584.336233568      0.617085444724E-26
   590.619418875      0.104447583600E-26
   596.902604182      0.332367991941E-27
   603.185789489      0.235152904893E-28
   609.468974796      0.438186324625E-30
   615.752160104      0.262443517289E-31
   622.035345411      0.116458805901E-33
   628.318530718      0.169178712678E-33
   634.601716025      0.851087091326E-34
   640.884901332      0.102106613971E-33
   647.168086639      0.546757561373E-34
   653.451271947      0.146188778847E-33
   659.734457254      0.998793004888E-34
   666.017642561      0.110705392155E-33
   672.300827868      0.544029536572E-34
   678.584013175      0.584243302874E-34
   684.867198483      0.559778485377E-34
   691.150383790      0.599882982933E-34
   697.433569097      0.454664783896E-34
   703.716754404      0.479951150987E-33
   709.999939711      0.146605163371E-33
   716.283125018      0.201811424098E-33
   722.566310326      0.489023763134E-34
   728.849495633      0.900692151126E-34
   735.132680940      0.462748424482E-34
   741.415866247      0.559888053813E-34
   747.699051554      0.459791226662E-34
   753.982236862      0.144590417622E-33
   760.265422169      0.804609248710E-34
   766.548607476      0.644175443342E-34
   772.831792783      0.509515548175E-34
   779.114978090      0.803833495169E-34
   785.398163397      0.591973900155E-34
   791.681348705      0.731437114912E-34
   797.964534012      0.522014643902E-34
   804.247719319      0.992902777562E-33
   810.530904626      0.676141869598E-34
   816.814089933      0.159356109488E-32
   823.097275241      0.112954146786E-33
   829.380460548      0.181059516779E-33
   835.663645855      0.942046121351E-34
   841.946831162      0.101663029213E-33
   848.230016469      0.857677495783E-34
   854.513201776      0.180297311125E-33
   860.796387084      0.123576286930E-33
   867.079572391      0.213633527184E-33
   873.362757698      0.695507269159E-34
   879.645943005      0.110628794324E-33
   885.929128312      0.913432346234E-34
   892.212313620      0.139796223972E-33
   898.495498927      0.767228565542E-34
   904.778684234      0.999868547401E-34
   911.061869541      0.969422560603E-34
   917.345054848      0.139410891018E-33
   923.628240155      0.619479145170E-34
   929.911425463      0.228775731285E-33
   936.194610770      0.941810906066E-34
   942.477796077      0.200278453500E-33
   948.760981384      0.660857999104E-34
   955.044166691      0.129022844703E-33
   961.327351998      0.778376634125E-34
   967.610537306      0.109743169978E-33
   973.893722613      0.513362201702E-34
   980.176907920      0.732856219614E-34
   986.460093227      0.686382343490E-34
   992.743278534      0.117264873706E-33
   999.026463842      0.583310393523E-34
   1005.30964915      0.545149835770E-33
   1011.59283446      0.301934261174E-33
   1017.87601976      0.333725200853E-33
   1024.15920507      0.796466391799E-34
   1030.44239038      0.108030487301E-33
   1036.72557568      0.124099582991E-33
   1043.00876099      0.102911148038E-33
   1049.29194630      0.727401117870E-34
   1055.57513161      0.175041585221E-33
   1061.85831691      0.669595764197E-34
   1068.14150222      0.124256921573E-33
   1074.42468753      0.707405649905E-34
   1080.70787283      0.476195446911E-34
   1086.99105814      0.507198404281E-34
   1093.27424345      0.481410311377E-34
   1099.55742876      0.461037203740E-34
   1105.84061406      0.430861989620E-34
   1112.12379937      0.469712866058E-34
   1118.40698468      0.386043794225E-34
   1124.69016999      0.392480363548E-34
   1130.97335529      0.370521562649E-34
   1137.25654060      0.365196321904E-34
   1143.53972591      0.375306708269E-34
   1149.82291121      0.356836968672E-34
   1156.10609652      0.355609645487E-34
   1162.38928183      0.325435341436E-34
   1168.67246714      0.338222913020E-34
   1174.95565244      0.335303796648E-34
   1181.23883775      0.305501990468E-34
   1187.52202306      0.310664209808E-34
   1193.80520836      0.282327339343E-34
   1200.08839367      0.289548363853E-34
   1206.37157898      0.327678051406E-34
   1212.65476429      0.324542816604E-34
   1218.93794959      0.348275469306E-34
   1225.22113490      0.269782133731E-34
   1231.50432021      0.270550941645E-34
   1237.78750551      0.266488300070E-34
   1244.07069082      0.258596316943E-34
   1250.35387613      0.262836745582E-34
   1256.63706144      0.245246292897E-34
   1262.92024674      0.269590290212E-34
   1269.20343205      0.252975336550E-34
   1275.48661736      0.233316795254E-34
   1281.76980266      0.247446501050E-34
   1288.05298797      0.236488197516E-34
   1294.33617328      0.234468228932E-34
   1300.61935859      0.218653310159E-34
   1306.90254389      0.214096273322E-34
   1313.18572920      0.232624693190E-34
   1319.46891451      0.224195732648E-34
   1325.75209981      0.214868474720E-34
   1332.03528512      0.213773280977E-34
   1338.31847043      0.222661919470E-34
   1344.60165574      0.187478586638E-34
   1350.88484104      0.173777553196E-34
   1357.16802635      0.190404504240E-34
   1363.45121166      0.206293266914E-34
   1369.73439697      0.192898747581E-34
   1376.01758227      0.163620174874E-34
   1382.30076758      0.164048304400E-34
   1388.58395289      0.175581149128E-34
   1394.86713819      0.154071069897E-34
   1401.15032350      0.164829933089E-34
   1407.43350881      0.203620305533E-34
   1413.71669412      0.218571292081E-34
   1419.99987942      0.209191454128E-34
   1426.28306473      0.145253542106E-34
   1432.56625004      0.140818727435E-34
   1438.84943534      0.140179468121E-34
   1445.13262065      0.143462476236E-34
   1451.41580596      0.124458501096E-34
   1457.69899127      0.129564368852E-34
   1463.98217657      0.130891511429E-34
   1470.26536188      0.113904056419E-34
   1476.54854719      0.116707461007E-34
   1482.83173249      0.101543018004E-34
   1489.11491780      0.115210373452E-34
   1495.39810311      0.949885514346E-35
   1501.68128842      0.884006555844E-35
   1507.96447372      0.115065587646E-34
   1514.24765903      0.103951774724E-34
   1520.53084434      0.110382917519E-34
   1526.81402964      0.760035294040E-35
   1533.09721495      0.773604047022E-35
   1539.38040026      0.834247443801E-35
   1545.66358557      0.754439980364E-35
   1551.94677087      0.734733080287E-35
   1558.22995618      0.928782137693E-35
   1564.51314149      0.776294444556E-35
   1570.79632679      0.895890105200E-35
   1577.07951210      0.697787705728E-35
   1583.36269741      0.745451849291E-35
   1589.64588272      0.778790179686E-35
   1595.92906802      0.715205715924E-35
   1602.21225333      0.700569065342E-35
   1608.49543864      0.190145243371E-34
   1614.77862395      0.718991250799E-35
   1621.06180925      0.623996387825E-35
   1627.34499456      0.593090600590E-35
   1633.62817987      0.561173023517E-35
   1639.91136517      0.553504811398E-35
   1646.19455048      0.540005742119E-35
   1652.47773579      0.521172876278E-35
   1658.76092110      0.490686824136E-35
   1665.04410640      0.485972055887E-35
   1671.32729171      0.473415529997E-35
   1677.61047702      0.463540973477E-35
   1683.89366232      0.451552844590E-35
   1690.17684763      0.463301647493E-35
   1696.46003294      0.438306618646E-35
   1702.74321825      0.420144526687E-35
   1709.02640355      0.406139636521E-35
   1715.30958886      0.413816729751E-35
   1721.59277417      0.394998660534E-35
   1727.87595947      0.379224305967E-35
   1734.15914478      0.383017466374E-35
   1740.44233009      0.384117181776E-35
   1746.72551540      0.374955004426E-35
   1753.00870070      0.354286422830E-35
   1759.29188601      0.356130576767E-35
   1765.57507132      0.362995607560E-35
   1771.85825662      0.340289684139E-35
   1778.14144193      0.327868948788E-35
   1784.42462724      0.341822046039E-35
   1790.70781255      0.324653363490E-35
   1796.99099785      0.325962964618E-35
   1803.27418316      0.308275595485E-35
   1809.55736847      0.307913333182E-35
   1815.84055377      0.294961336797E-35
   1822.12373908      0.305287471579E-35
   1828.40692439      0.279305353190E-35
   1834.69010970      0.282534194763E-35
   1840.97329500      0.291652508253E-35
   1847.25648031      0.280992616701E-35
   1853.53966562      0.276175108040E-35
   1859.82285093      0.268335151918E-35
   1866.10603623      0.266950576697E-35
   1872.38922154      0.280232010006E-35
   1878.67240685      0.271069087229E-35
   1884.95559215      0.258281900900E-35
   1891.23877746      0.253883910457E-35
   1897.52196277      0.260672998154E-35
   1903.80514808      0.248805369816E-35
   1910.08833338      0.242286890242E-35
   1916.37151869      0.256328362066E-35
   1922.65470400      0.255704596149E-35
   1928.93788930      0.239505896845E-35
   1935.22107461      0.242497120259E-35
   1941.50425992      0.223707646253E-35
   1947.78744523      0.236704007417E-35
   1954.07063053      0.222383671243E-35
   1960.35381584      0.227555050417E-35
   1966.63700115      0.228537530057E-35
   1972.92018645      0.227678129107E-35
   1979.20337176      0.221605810429E-35
   1985.48655707      0.219266274286E-35
   1991.76974238      0.227361088247E-35
   1998.05292768      0.212827305022E-35
   2004.33611299      0.216354485695E-35
   2010.61929830      0.204130041967E-35
   2016.90248360      0.201439703730E-35
   2023.18566891      0.203715282949E-35
   2029.46885422      0.191586918770E-35
   2035.75203953      0.199154468310E-35
   2042.03522483      0.191827357716E-35
   2048.31841014      0.194758200391E-35
   2054.60159545      0.183331150241E-35
   2060.88478075      0.181225847347E-35
   2067.16796606      0.182279308819E-35
   2073.45115137      0.176996391870E-35
   2079.73433668      0.167312534654E-35
   2086.01752198      0.169404019844E-35
   2092.30070729      0.163113427221E-35
   2098.58389260      0.173098678694E-35
   2104.86707791      0.166986028994E-35
   2111.15026321      0.153684585212E-35
   2117.43344852      0.160764710695E-35
   2123.71663383      0.155912710592E-35
   2129.99981913      0.164122260400E-35
   2136.28300444      0.140195525181E-35
   2142.56618975      0.151412011981E-35
   2148.84937506      0.134762092600E-35
   2155.13256036      0.138796143988E-35
   2161.41574567      0.130042789347E-35
   2167.69893098      0.132951593683E-35
   2173.98211628      0.128089994446E-35
   2180.26530159      0.126171187523E-35
   2186.54848690      0.120831100368E-35
   2192.83167221      0.125166640536E-35
   2199.11485751      0.113881913966E-35
   2205.39804282      0.123531623469E-35
   2211.68122813      0.108210055176E-35
   2217.96441343      0.119137316362E-35
   2224.24759874      0.101359217115E-35
   2230.53078405      0.101293804926E-35
   2236.81396936      0.117914936742E-35
   2243.09715466      0.925948269748E-36
   2249.38033997      0.106550117274E-35
   2255.66352528      0.930819227504E-36
   2261.94671058      0.969486968641E-36
   2268.22989589      0.862951575529E-36
   2274.51308120      0.757104405204E-36
   2280.79626651      0.708008063636E-36
   2287.07945181      0.659237030968E-36
   2293.36263712      0.627868555352E-36
   2299.64582243      0.616146509426E-36
   2305.92900773      0.585502712953E-36
   2312.21219304      0.563210852887E-36
   2318.49537835      0.551631766415E-36
   2324.77856366      0.530845125663E-36
   2331.06174896      0.499633381627E-36
   2337.34493427      0.495083458473E-36
   2343.62811958      0.459884050226E-36
   2349.91130489      0.463452285182E-36
   2356.19449019      0.448601357827E-36
   2362.47767550      0.438111337140E-36
   2368.76086081      0.407244955489E-36
   2375.04404611      0.402742954995E-36
   2381.32723142      0.384250295432E-36
   2387.61041673      0.373130709699E-36
   2393.89360204      0.361731084070E-36
   2400.17678734      0.348928007080E-36
   2406.45997265      0.345269861669E-36
   2412.74315796      0.319468309894E-36
   2419.02634326      0.314183313288E-36
   2425.30952857      0.310545595673E-36
   2431.59271388      0.292420535004E-36
   2437.87589919      0.284860406620E-36
   2444.15908449      0.276498379057E-36
   2450.44226980      0.262182679460E-36
   2456.72545511      0.250272738016E-36
   2463.00864041      0.245510163030E-36
   2469.29182572      0.235696647499E-36
   2475.57501103      0.219704787756E-36
   2481.85819634      0.218414555785E-36
   2488.14138164      0.208287658783E-36
   2494.42456695      0.204683539242E-36
   2500.70775226      0.191537998358E-36
   2506.99093756      0.182698765479E-36
   2513.27412287      0.180712114115E-36
   2519.55730818      0.175831899905E-36
   2525.84049349      0.166372096226E-36
   2532.12367879      0.158783469951E-36
   2538.40686410      0.149361112810E-36
   2544.69004941      0.136305429981E-36
   2550.97323471      0.135574795695E-36
   2557.25642002      0.130937869616E-36
   2563.53960533      0.125892153340E-36
   2569.82279064      0.118227086439E-36
   2576.10597594      0.104659815353E-36
   2582.38916125      0.101705917488E-36
   2588.67234656      0.104299453519E-36
   2594.95553187      0.983147605714E-37
   2601.23871717      0.882908648388E-37
   2607.52190248      0.870285928053E-37
   2613.80508779      0.830575054220E-37
   2620.08827309      0.755461710197E-37
   2626.37145840      0.715907523980E-37
   2632.65464371      0.696340141948E-37
   2638.93782902      0.634644593297E-37
   2645.22101432      0.603630895949E-37
   2651.50419963      0.581421591799E-37
   2657.78738494      0.576051890948E-37
   2664.07057024      0.444499327884E-37
   2670.35375555      0.424155578077E-37
   2676.63694086      0.425894870392E-37
   2682.92012617      0.416794099987E-37
   2689.20331147      0.337154680033E-37
   2695.48649678      0.283297018236E-37
   2701.76968209      0.321933782325E-37
   2708.05286739      0.294824087589E-37
   2714.33605270      0.225245359430E-37
   2720.61923801      0.160506360902E-37
   2726.90242332      0.231177945144E-37
   2733.18560862      0.177630913007E-37
   2739.46879393      0.136433433583E-37
   2745.75197924      0.749886848086E-38
   2752.03516454      0.113833914518E-37
   2758.31834985      0.883936382520E-38
   2764.60153516      0.680835666001E-38
   2770.88472047      0.204120188037E-38
   2777.16790577      0.244914418197E-38
   2783.45109108      0.532889691857E-39
   2789.73427639      0.152025467175E-40
   6.28318530718      0.428294605728E-39
   12.5663706144      0.782817042979E-02
   18.8495559215      0.374023601922E-03
   25.1327412287      0.111786781470E-03
   31.4159265359      0.125877073950E-04
   37.6991118431      0.152604063177E-05
   43.9822971503      0.351173831427E-06
   50.2654824574      0.699652129337E-07
   56.5486677646      0.842275247819E-08
   62.8318530718      0.167064002110E-08
   69.1150383790      0.291968508390E-09
   75.3982236862      0.766421187459E-10
   81.6814089933      0.182904671888E-10
   87.9645943005      0.636776180336E-11
   94.2477796077      0.311095829974E-11
   100.530964915      0.245988505396E-11
   106.814150222      0.235748499944E-11
   113.097335529      0.233188309401E-11
   119.380520836      0.246805187747E-11
   125.663706144      0.263080526105E-11
   131.946891451      0.262856103811E-11
   138.230076758      0.231702313527E-11
   144.513262065      0.246566445114E-11
   150.796447372      0.237166432265E-11
   157.079632679      0.204857574743E-11
   163.362817987      0.181249566463E-11
   169.646003294      0.168210611472E-11
   175.929188601      0.142447927565E-11
   182.212373908      0.104781084161E-11
   188.495559215      0.871819818063E-12
   194.778744523      0.651539667411E-12
   201.061929830      0.470653471671E-12
   207.345115137      0.293099810602E-12
   213.628300444      0.193346852268E-12
   219.911485751      0.108438273658E-12
   226.194671058      0.520473696319E-13
   232.477856366      0.201701061101E-13
   238.761041673      0.696002119804E-14
   245.044226980      0.149872834922E-14
   251.327412287      0.538796239153E-15
   257.610597594      0.685703304475E-15
   263.893782902      0.626874262884E-15
   270.176968209      0.343339554867E-15
   276.460153516      0.102899772312E-15
   282.743338823      0.299323704373E-16
   289.026524130      0.354515394763E-16
   295.309709437      0.275118304343E-16
   301.592894745      0.113848054991E-16
   307.876080052      0.390913983653E-17
   314.159265359      0.417003622311E-17
   320.442450666      0.232256580420E-17
   326.725635973      0.912855390239E-18
   333.008821281      0.679288452343E-18
   339.292006588      0.442715236928E-18
   345.575191895      0.190598841921E-18
   351.858377202      0.139743155262E-18
   358.141562509      0.745473220375E-19
   364.424747816      0.428478388567E-19
   370.707933124      0.288021721888E-19
   376.991118431      0.158503463449E-19
   383.274303738      0.107292083319E-19
   389.557489045      0.674658284228E-20
   395.840674352      0.481226627693E-20
   402.123859659      0.354889405129E-20
   408.407044967      0.261206384425E-20
   414.690230274      0.210383298617E-20
   420.973415581      0.164761743291E-20
   427.256600888      0.146336015271E-20
   433.539786195      0.125863623276E-20
   439.822971503      0.105075451865E-20
   446.106156810      0.832114737743E-21
   452.389342117      0.739463911361E-21
   458.672527424      0.605221026916E-21
   464.955712731      0.493473771146E-21
   471.238898038      0.373241037314E-21
   477.522083346      0.282999698669E-21
   483.805268653      0.212880701890E-21
   490.088453960      0.168489387268E-21
   496.371639267      0.121793167679E-21
   502.654824574      0.916786524265E-22
   508.938009882      0.575292872211E-22
   515.221195189      0.305565647781E-22
   521.504380496      0.205904214391E-22
   527.787565803      0.133788842503E-22
   534.070751110      0.463324990171E-23
   540.353936417      0.174822036260E-23
   546.637121725      0.190894079342E-23
   552.920307032      0.691509943664E-24
   559.203492339      0.381924994989E-24
   565.486677646      0.237798628070E-24
   571.769862953      0.891913829445E-25
   578.053048261      0.340118916967E-25
   584.336233568      0.615963209576E-26
   590.619418875      0.104451153675E-26
   596.902604182      0.332340206734E-27
   603.185789489      0.235153579385E-28
   609.468974796      0.438172553241E-30
   615.752160104      0.263585744721E-31
   622.035345411      0.119776978296E-33
   628.318530718      0.180696281501E-33
   634.601716025      0.101503247114E-33
   640.884901332      0.110706592414E-33
   647.168086639      0.555870991348E-34
   653.451271947      0.154321294069E-33
   659.734457254      0.949772539114E-34
   666.017642561      0.115298654966E-33
   672.300827868      0.587653352965E-34
   678.584013175      0.590634042277E-34
   684.867198483      0.661439874041E-34
   691.150383790      0.604699283719E-34
   697.433569097      0.468717050802E-34
   703.716754404      0.513409751683E-33
   709.999939711      0.147095319506E-33
   716.283125018      0.212685864721E-33
   722.566310326      0.519788503249E-34
   728.849495633      0.946574177690E-34
   735.132680940      0.440776569833E-34
   741.415866247      0.588581558960E-34
   747.699051554      0.483819936369E-34
   753.982236862      0.161401700624E-33
   760.265422169      0.704097293228E-34
   766.548607476      0.769066709535E-34
   772.831792783      0.551580545351E-34
   779.114978090      0.825547032928E-34
   785.398163397      0.626589602300E-34
   791.681348705      0.806592606479E-34
   797.964534012      0.574743479573E-34
   804.247719319      0.107560505018E-32
   810.530904626      0.736038597993E-34
   816.814089933      0.169218001100E-32
   823.097275241      0.122594086222E-33
   829.380460548      0.191596968433E-33
   835.663645855      0.972022728209E-34
   841.946831162      0.105718148692E-33
   848.230016469      0.901532253594E-34
   854.513201776      0.191788171794E-33
   860.796387084      0.126043882122E-33
   867.079572391      0.221665318379E-33
   873.362757698      0.720005566843E-34
   879.645943005      0.114784679962E-33
   885.929128312      0.861804701871E-34
   892.212313620      0.145393425344E-33
   898.495498927      0.770193586888E-34
   904.778684234      0.109078281518E-33
   911.061869541      0.107400740392E-33
   917.345054848      0.163877241799E-33
   923.628240155      0.663467464015E-34
   929.911425463      0.249965824093E-33
   936.194610770      0.947816260132E-34
   942.477796077      0.217387357026E-33
   948.760981384      0.688263773204E-34
   955.044166691      0.128813691617E-33
   961.327351998      0.877740834873E-34
   967.610537306      0.115762144299E-33
   973.893722613      0.529586466983E-34
   980.176907920      0.765785043389E-34
   986.460093227      0.719287242425E-34
   992.743278534      0.123766769687E-33
   999.026463842      0.639837996097E-34
   1005.30964915      0.619043828698E-33
   1011.59283446      0.298473365272E-33
   1017.87601976      0.391484699024E-33
   1024.15920507      0.804438550728E-34
   1030.44239038      0.115875316906E-33
   1036.72557568      0.125718058429E-33
   1043.00876099      0.109500863781E-33
   1049.29194630      0.734232292617E-34
   1055.57513161      0.185371162038E-33
   1061.85831691      0.674767440179E-34
   1068.14150222      0.139934561061E-33
   1074.42468753      0.697190184867E-34
   1080.70787283      0.495017675373E-34
   1086.99105814      0.524648831458E-34
   1093.27424345      0.499154887590E-34
   1099.55742876      0.476720288933E-34
   1105.84061406      0.451003952843E-34
   1112.12379937      0.482400961432E-34
   1118.40698468      0.415685565319E-34
   1124.69016999      0.411104594507E-34
   1130.97335529      0.373468253712E-34
   1137.25654060      0.379873643464E-34
   1143.53972591      0.388384310682E-34
   1149.82291121      0.379240118102E-34
   1156.10609652      0.381514722835E-34
   1162.38928183      0.348058638982E-34
   1168.67246714      0.366378729261E-34
   1174.95565244      0.351368564029E-34
   1181.23883775      0.326757918069E-34
   1187.52202306      0.328555321497E-34
   1193.80520836      0.300978015423E-34
   1200.08839367      0.298073964113E-34
   1206.37157898      0.338207635793E-34
   1212.65476429      0.300301117971E-34
   1218.93794959      0.372646783079E-34
   1225.22113490      0.287607554467E-34
   1231.50432021      0.283263852696E-34
   1237.78750551      0.270117456383E-34
   1244.07069082      0.262331625882E-34
   1250.35387613      0.280164209857E-34
   1256.63706144      0.259427981034E-34
   1262.92024674      0.277669388080E-34
   1269.20343205      0.258156513130E-34
   1275.48661736      0.237121140983E-34
   1281.76980266      0.253927275023E-34
   1288.05298797      0.240683725778E-34
   1294.33617328      0.254250411591E-34
   1300.61935859      0.229293461907E-34
   1306.90254389      0.233002528007E-34
   1313.18572920      0.247163447720E-34
   1319.46891451      0.245382162006E-34
   1325.75209981      0.217482132002E-34
   1332.03528512      0.227478833666E-34
   1338.31847043      0.228751154576E-34
   1344.60165574      0.200110110757E-34
   1350.88484104      0.177080281190E-34
   1357.16802635      0.188844994947E-34
   1363.45121166      0.186957707177E-34
   1369.73439697      0.187788020180E-34
   1376.01758227      0.166640686453E-34
   1382.30076758      0.170114415548E-34
   1388.58395289      0.168294468005E-34
   1394.86713819      0.164070026566E-34
   1401.15032350      0.166768156369E-34
   1407.43350881      0.194882644232E-34
   1413.71669412      0.182242556801E-34
   1419.99987942      0.194149114870E-34
   1426.28306473      0.150173488720E-34
   1432.56625004      0.146280689330E-34
   1438.84943534      0.137231826308E-34
   1445.13262065      0.147648381838E-34
   1451.41580596      0.123471658607E-34
   1457.69899127      0.141358260172E-34
   1463.98217657      0.147838484105E-34
   1470.26536188      0.119602630429E-34
   1476.54854719      0.119116297700E-34
   1482.83173249      0.100746229812E-34
   1489.11491780      0.117561529241E-34
   1495.39810311      0.928424130418E-35
   1501.68128842      0.958224474402E-35
   1507.96447372      0.105937735340E-34
   1514.24765903      0.105584333543E-34
   1520.53084434      0.999038627388E-35
   1526.81402964      0.810475010437E-35
   1533.09721495      0.819330219876E-35
   1539.38040026      0.846356183625E-35
   1545.66358557      0.771291718908E-35
   1551.94677087      0.711297669393E-35
   1558.22995618      0.813930602375E-35
   1564.51314149      0.942159606327E-35
   1570.79632679      0.769211154928E-35
   1577.07951210      0.682498179577E-35
   1583.36269741      0.762268646831E-35
   1589.64588272      0.713130986626E-35
   1595.92906802      0.706439981380E-35
   1602.21225333      0.681519075125E-35
   1608.49543864      0.154245339111E-34
   1614.77862395      0.708656090084E-35
   1621.06180925      0.641249425274E-35
   1627.34499456      0.598095902326E-35
   1633.62817987      0.568802516686E-35
   1639.91136517      0.570192637773E-35
   1646.19455048      0.558026313122E-35
   1652.47773579      0.526605917504E-35
   1658.76092110      0.528649017462E-35
   1665.04410640      0.503814244229E-35
   1671.32729171      0.494312867516E-35
   1677.61047702      0.465969661894E-35
   1683.89366232      0.446383533476E-35
   1690.17684763      0.445559863342E-35
   1696.46003294      0.412676208699E-35
   1702.74321825      0.426012215109E-35
   1709.02640355      0.409748839535E-35
   1715.30958886      0.409583904605E-35
   1721.59277417      0.409696484423E-35
   1727.87595947      0.385838705423E-35
   1734.15914478      0.399650740233E-35
   1740.44233009      0.381606193834E-35
   1746.72551540      0.370634893018E-35
   1753.00870070      0.348705993461E-35
   1759.29188601      0.355822809414E-35
   1765.57507132      0.361793836033E-35
   1771.85825662      0.338797385464E-35
   1778.14144193      0.337796629316E-35
   1784.42462724      0.353177009460E-35
   1790.70781255      0.333905241855E-35
   1796.99099785      0.320440616000E-35
   1803.27418316      0.296942455298E-35
   1809.55736847      0.300054057174E-35
   1815.84055377      0.301160636943E-35
   1822.12373908      0.296883236949E-35
   1828.40692439      0.286400264180E-35
   1834.69010970      0.278152639305E-35
   1840.97329500      0.286213201094E-35
   1847.25648031      0.278712600570E-35
   1853.53966562      0.283012785759E-35
   1859.82285093      0.279820158422E-35
   1866.10603623      0.272994598795E-35
   1872.38922154      0.277326967507E-35
   1878.67240685      0.255941162767E-35
   1884.95559215      0.258131166577E-35
   1891.23877746      0.253746026271E-35
   1897.52196277      0.259774272007E-35
   1903.80514808      0.253855995670E-35
   1910.08833338      0.246603447919E-35
   1916.37151869      0.248529981229E-35
   1922.65470400      0.252029317821E-35
   1928.93788930      0.234143334438E-35
   1935.22107461      0.243870061205E-35
   1941.50425992      0.230978911599E-35
   1947.78744523      0.238423442316E-35
   1954.07063053      0.230606125969E-35
   1960.35381584      0.232220583102E-35
   1966.63700115      0.225835496892E-35
   1972.92018645      0.220335694716E-35
   1979.20337176      0.215351381320E-35
   1985.48655707      0.217535752454E-35
   1991.76974238      0.225772371392E-35
   1998.05292768      0.207252132241E-35
   2004.33611299      0.214651755889E-35
   2010.61929830      0.204381519122E-35
   2016.90248360      0.193456464286E-35
   2023.18566891      0.212722099998E-35
   2029.46885422      0.194224759903E-35
   2035.75203953      0.194556533901E-35
   2042.03522483      0.186289053818E-35
   2048.31841014      0.182234005430E-35
   2054.60159545      0.179765593832E-35
   2060.88478075      0.179573602676E-35
   2067.16796606      0.181878827244E-35
   2073.45115137      0.191828880086E-35
   2079.73433668      0.177355901030E-35
   2086.01752198      0.167759744332E-35
   2092.30070729      0.161043955682E-35
   2098.58389260      0.161136587538E-35
   2104.86707791      0.168153680876E-35
   2111.15026321      0.155319079582E-35
   2117.43344852      0.163075848699E-35
   2123.71663383      0.146562962640E-35
   2129.99981913      0.159462036074E-35
   2136.28300444      0.142791550753E-35
   2142.56618975      0.150950849360E-35
   2148.84937506      0.138832183126E-35
   2155.13256036      0.137561515604E-35
   2161.41574567      0.129296146199E-35
   2167.69893098      0.136837863479E-35
   2173.98211628      0.131320489679E-35
   2180.26530159      0.136192335448E-35
   2186.54848690      0.125766268580E-35
   2192.83167221      0.132913770311E-35
   2199.11485751      0.117040748021E-35
   2205.39804282      0.129021120048E-35
   2211.68122813      0.107301407407E-35
   2217.96441343      0.118129159174E-35
   2224.24759874      0.995677571052E-36
   2230.53078405      0.105519329313E-35
   2236.81396936      0.114894303611E-35
   2243.09715466      0.965061865767E-36
   2249.38033997      0.104293520293E-35
   2255.66352528      0.868217227495E-36
   2261.94671058      0.943342337816E-36
   2268.22989589      0.859132199687E-36
   2274.51308120      0.801653005830E-36
   2280.79626651      0.699321877581E-36
   2287.07945181      0.669887708891E-36
   2293.36263712      0.627978756262E-36
   2299.64582243      0.617835904062E-36
   2305.92900773      0.577649034070E-36
   2312.21219304      0.564316879455E-36
   2318.49537835      0.545329187617E-36
   2324.77856366      0.531710131594E-36
   2331.06174896      0.504517557372E-36
   2337.34493427      0.494322526945E-36
   2343.62811958      0.468469296304E-36
   2349.91130489      0.459787661906E-36
   2356.19449019      0.444445956938E-36
   2362.47767550      0.437475356213E-36
   2368.76086081      0.408624529533E-36
   2375.04404611      0.412398329124E-36
   2381.32723142      0.380704201763E-36
   2387.61041673      0.369652494719E-36
   2393.89360204      0.359806639123E-36
   2400.17678734      0.354107761057E-36
   2406.45997265      0.342784336930E-36
   2412.74315796      0.325838537819E-36
   2419.02634326      0.310707195667E-36
   2425.30952857      0.304229336489E-36
   2431.59271388      0.297313375149E-36
   2437.87589919      0.286611904656E-36
   2444.15908449      0.276446514180E-36
   2450.44226980      0.266066924141E-36
   2456.72545511      0.249520253292E-36
   2463.00864041      0.243673599217E-36
   2469.29182572      0.231955556089E-36
   2475.57501103      0.224790048203E-36
   2481.85819634      0.219530981705E-36
   2488.14138164      0.212761488978E-36
   2494.42456695      0.204886837070E-36
   2500.70775226      0.192598614371E-36
   2506.99093756      0.179999433461E-36
   2513.27412287      0.180756677794E-36
   2519.55730818      0.174468452851E-36
   2525.84049349      0.163286339859E-36
   2532.12367879      0.158354987311E-36
   2538.40686410      0.147246062568E-36
   2544.69004941      0.140715423640E-36
   2550.97323471      0.135377416821E-36
   2557.25642002      0.131316469871E-36
   2563.53960533      0.120616169297E-36
   2569.82279064      0.113039216864E-36
   2576.10597594      0.106063433709E-36
   2582.38916125      0.106156927921E-36
   2588.67234656      0.102657528142E-36
   2594.95553187      0.100334627405E-36
   2601.23871717      0.914623656329E-37
   2607.52190248      0.885916603626E-37
   2613.80508779      0.827254001587E-37
   2620.08827309      0.801862617317E-37
   2626.37145840      0.744450086225E-37
   2632.65464371      0.703433352176E-37
   2638.93782902      0.597373530698E-37
   2645.22101432      0.646252221638E-37
   2651.50419963      0.561140290209E-37
   2657.78738494      0.552662877363E-37
   2664.07057024      0.471831778250E-37
   2670.35375555      0.437710912033E-37
   2676.63694086      0.415311716291E-37
   2682.92012617      0.382226599363E-37
   2689.20331147      0.338010059568E-37
   2695.48649678      0.276290932989E-37
   2701.76968209      0.311702990239E-37
   2708.05286739      0.291587266826E-37
   2714.33605270      0.240504913497E-37
   2720.61923801      0.172683145444E-37
   2726.90242332      0.223510298622E-37
   2733.18560862      0.170945869066E-37
   2739.46879393      0.143590503953E-37
   2745.75197924      0.655329029449E-38
   2752.03516454      0.107382265368E-37
   2758.31834985      0.804878555768E-38
   2764.60153516      0.523035972921E-38
   2770.88472047      0.227834481165E-38
   2777.16790577      0.304273104216E-38
   2783.45109108      0.659414849159E-39
   2789.73427639      0.765508569183E-41
