   6.28318530718       0.00000000000    
   12.5663706144      0.224958959894E-02
   18.8495559215      0.902270494496E-04
   25.1327412287      0.125084117058E-03
   31.4159265359      0.172745141966E-04
   37.6991118431      0.422291483426E-05
   43.9822971503      0.801500838868E-06
   50.2654824574      0.113533065622E-05
   56.5486677646      0.334336045735E-06
   62.8318530718      0.155493493465E-06
   69.1150383790      0.296871997971E-07
   75.3982236862      0.160313649550E-07
   81.6814089933      0.376941534944E-08
   87.9645943005      0.319292493007E-08
   94.2477796077      0.567439449052E-09
   100.530964915      0.473718375649E-09
   106.814150222      0.850162437998E-10
   113.097335529      0.103138227818E-09
   119.380520836      0.195251224309E-10
   125.663706144      0.214446914505E-10
   131.946891451      0.371034911513E-11
   138.230076758      0.499364292055E-11
   144.513262065      0.780793397232E-12
   150.796447372      0.115114674312E-11
   157.079632679      0.214119560239E-12
   163.362817987      0.271757714837E-12
   169.646003294      0.450559626389E-13
   175.929188601      0.648257554274E-13
   182.212373908      0.127931352141E-13
   188.495559215      0.152365386373E-13
   194.778744523      0.322849438540E-14
   201.061929830      0.365228980540E-14
   207.345115137      0.897459502357E-15
   213.628300444      0.813948035308E-15
   219.911485751      0.257638187227E-15
   226.194671058      0.164338975431E-15
   232.477856366      0.635944797078E-16
   238.761041673      0.361879231537E-16
   245.044226980      0.152396150287E-16
   251.327412287      0.787857548627E-17
   257.610597594      0.335418785794E-17
   263.893782902      0.169396739232E-17
   270.176968209      0.667186333624E-18
   276.460153516      0.352361525047E-18
   282.743338823      0.143763834944E-18
   289.026524130      0.662716233207E-19
   295.309709437      0.304000485301E-19
   301.592894745      0.138132660137E-19
   307.876080052      0.590334105084E-20
   314.159265359      0.282212515987E-20
   320.442450666      0.126089247840E-20
   326.725635973      0.528019280724E-21
   333.008821281      0.248534957895E-21
   339.292006588      0.109136199897E-21
   345.575191895      0.477647672548E-22
   351.858377202      0.227095202739E-22
   358.141562509      0.967093541380E-23
   364.424747816      0.477289210238E-23
   370.707933124      0.213299683392E-23
   376.991118431      0.936478398014E-24
   383.274303738      0.439539593260E-24
   389.557489045      0.201518230958E-24
   395.840674352      0.902087614582E-25
   402.123859659      0.439471934175E-25
   408.407044967      0.196731122321E-25
   414.690230274      0.980132342429E-26
   420.973415581      0.414495184507E-26
   427.256600888      0.223197641305E-26
   433.539786195      0.946876649611E-27
   439.822971503      0.502655849623E-27
   446.106156810      0.218230070466E-27
   452.389342117      0.119400850994E-27
   458.672527424      0.548862310873E-28
   464.955712731      0.288250986319E-28
   471.238898038      0.137135015619E-28
   477.522083346      0.715982827655E-29
   483.805268653      0.354480907743E-29
   490.088453960      0.183654269121E-29
   496.371639267      0.967897891522E-30
   502.654824574      0.510891808118E-30
   508.938009882      0.274516202261E-30
   515.221195189      0.137423532242E-30
   521.504380496      0.807046254709E-31
   527.787565803      0.402515842896E-31
   534.070751110      0.239262765855E-31
   540.353936417      0.115352247906E-31
   546.637121725      0.484229597353E-32
   552.920307032      0.237574685980E-32
   559.203492339      0.126415792707E-32
   565.486677646      0.689810786490E-33
   571.769862953      0.342312364917E-33
   578.053048261      0.182127996410E-33
   584.336233568      0.113988848846E-33
   590.619418875      0.693261143546E-34
   596.902604182      0.404878083305E-34
   603.185789489      0.260782202826E-34
   609.468974796      0.187711183926E-34
   615.752160104      0.128376953275E-34
   622.035345411      0.947390601477E-35
   628.318530718      0.765761366124E-35
   634.601716025      0.689655463785E-35
   640.884901332      0.633442385427E-35
   647.168086639      0.582756728120E-35
   653.451271947      0.551493584012E-35
   659.734457254      0.500965546679E-35
   666.017642561      0.475536030096E-35
   672.300827868      0.448437179521E-35
   678.584013175      0.422955098756E-35
   684.867198483      0.392580568291E-35
   691.150383790      0.382578792830E-35
   697.433569097      0.361217923199E-35
   703.716754404      0.332720608476E-35
   709.999939711      0.298337510204E-35
   716.283125018      0.300015085567E-35
   722.566310326      0.269747262150E-35
   728.849495633      0.229013951639E-35
   735.132680940      0.217002710086E-35
   741.415866247      0.194142961833E-35
   747.699051554      0.173375255213E-35
   753.982236862      0.153580130096E-35
   760.265422169      0.135915920548E-35
   766.548607476      0.118125282032E-35
   772.831792783      0.103651885608E-35
   779.114978090      0.978134457265E-36
   785.398163397      0.872946342334E-36
   791.681348705      0.811719575059E-36
   797.964534012      0.687040545171E-36
   804.247719319      0.680145786508E-36
   810.530904626      0.554501411433E-36
   816.814089933      0.492870247145E-36
   823.097275241      0.421312702852E-36
   829.380460548      0.375648733335E-36
   835.663645855      0.326090438722E-36
   841.946831162      0.276935871277E-36
   848.230016469      0.242332698015E-36
   854.513201776      0.197859284569E-36
   860.796387084      0.153461581954E-36
   867.079572391      0.131742401622E-36
   873.362757698      0.124196661768E-36
   879.645943005      0.958689292804E-37
   885.929128312      0.656815465365E-37
   892.212313620      0.434538152613E-37
   898.495498927      0.440799338767E-37
   904.778684234      0.264227042281E-37
   911.061869541      0.159584339103E-37
   917.345054848      0.291462727471E-38
   923.628240155      0.447978018888E-38
   929.911425463      0.532158486611E-39
   936.194610770       0.00000000000    
   942.477796077       0.00000000000    
   948.760981384       0.00000000000    
   955.044166691       0.00000000000    
   961.327351998       0.00000000000    
   967.610537306       0.00000000000    
   973.893722613       0.00000000000    
   980.176907920       0.00000000000    
   986.460093227       0.00000000000    
   992.743278534       0.00000000000    
   999.026463842       0.00000000000    
   1005.30964915       0.00000000000    
   1011.59283446       0.00000000000    
   1017.87601976       0.00000000000    
   1024.15920507       0.00000000000    
   1030.44239038       0.00000000000    
   1036.72557568       0.00000000000    
   1043.00876099       0.00000000000    
   1049.29194630       0.00000000000    
   1055.57513161       0.00000000000    
   1061.85831691       0.00000000000    
   1068.14150222       0.00000000000    
   1074.42468753       0.00000000000    
   1080.70787283       0.00000000000    
   1086.99105814       0.00000000000    
   1093.27424345       0.00000000000    
   1099.55742876       0.00000000000    
   1105.84061406       0.00000000000    
   1112.12379937       0.00000000000    
   1118.40698468       0.00000000000    
   1124.69016999       0.00000000000    
   1130.97335529       0.00000000000    
   1137.25654060       0.00000000000    
   1143.53972591       0.00000000000    
   1149.82291121       0.00000000000    
   1156.10609652       0.00000000000    
   1162.38928183       0.00000000000    
   1168.67246714       0.00000000000    
   1174.95565244       0.00000000000    
   1181.23883775       0.00000000000    
   1187.52202306       0.00000000000    
   1193.80520836       0.00000000000    
   1200.08839367       0.00000000000    
   1206.37157898       0.00000000000    
   1212.65476429       0.00000000000    
   1218.93794959       0.00000000000    
   1225.22113490       0.00000000000    
   1231.50432021       0.00000000000    
   1237.78750551       0.00000000000    
   1244.07069082       0.00000000000    
   1250.35387613       0.00000000000    
   1256.63706144       0.00000000000    
   1262.92024674       0.00000000000    
   1269.20343205       0.00000000000    
   1275.48661736       0.00000000000    
   1281.76980266       0.00000000000    
   1288.05298797       0.00000000000    
   1294.33617328       0.00000000000    
   1300.61935859       0.00000000000    
   1306.90254389       0.00000000000    
   1313.18572920       0.00000000000    
   1319.46891451       0.00000000000    
   1325.75209981       0.00000000000    
   1332.03528512       0.00000000000    
   1338.31847043       0.00000000000    
   1344.60165574       0.00000000000    
   1350.88484104       0.00000000000    
   1357.16802635       0.00000000000    
   1363.45121166       0.00000000000    
   1369.73439697       0.00000000000    
   1376.01758227       0.00000000000    
   1382.30076758       0.00000000000    
   1388.58395289       0.00000000000    
   1394.86713819       0.00000000000    
   6.28318530718      0.162601058728E-40
   12.5663706144      0.221100211466E-02
   18.8495559215      0.116737862344E-03
   25.1327412287      0.132996378666E-03
   31.4159265359      0.187165705599E-04
   37.6991118431      0.460252352840E-05
   43.9822971503      0.874720645531E-06
   50.2654824574      0.121462758619E-05
   56.5486677646      0.337796365282E-06
   62.8318530718      0.145517362471E-06
   69.1150383790      0.259009170577E-07
   75.3982236862      0.154435552747E-07
   81.6814089933      0.361729329492E-08
   87.9645943005      0.283876342624E-08
   94.2477796077      0.516947691173E-09
   100.530964915      0.447448114707E-09
   106.814150222      0.799175063668E-10
   113.097335529      0.981333337656E-10
   119.380520836      0.178582747230E-10
   125.663706144      0.204608107102E-10
   131.946891451      0.347582261845E-11
   138.230076758      0.475911887741E-11
   144.513262065      0.759381240461E-12
   150.796447372      0.110581205454E-11
   157.079632679      0.209286403161E-12
   163.362817987      0.260629188579E-12
   169.646003294      0.450957365800E-13
   175.929188601      0.620226122011E-13
   182.212373908      0.126413574201E-13
   188.495559215      0.146014089709E-13
   194.778744523      0.317445427633E-14
   201.061929830      0.349971295060E-14
   207.345115137      0.878824476241E-15
   213.628300444      0.781737192335E-15
   219.911485751      0.248838723735E-15
   226.194671058      0.157965628679E-15
   232.477856366      0.614314393581E-16
   238.761041673      0.346712662789E-16
   245.044226980      0.146445723065E-16
   251.327412287      0.755175089621E-17
   257.610597594      0.322552061853E-17
   263.893782902      0.162374005916E-17
   270.176968209      0.641605987676E-18
   276.460153516      0.338003514689E-18
   282.743338823      0.138103114497E-18
   289.026524130      0.637544172263E-19
   295.309709437      0.291952373251E-19
   301.592894745      0.132847625869E-19
   307.876080052      0.567795385974E-20
   314.159265359      0.272271576139E-20
   320.442450666      0.121511745050E-20
   326.725635973      0.509561613622E-21
   333.008821281      0.240423457114E-21
   339.292006588      0.105363670050E-21
   345.575191895      0.462214353568E-22
   351.858377202      0.219906599091E-22
   358.141562509      0.937528329324E-23
   364.424747816      0.462728150294E-23
   370.707933124      0.207276685382E-23
   376.991118431      0.909916723647E-24
   383.274303738      0.427722850242E-24
   389.557489045      0.197954692191E-24
   395.840674352      0.886223630563E-25
   402.123859659      0.435306337985E-25
   408.407044967      0.193487356069E-25
   414.690230274      0.963578608976E-26
   420.973415581      0.408619413514E-26
   427.256600888      0.222266744577E-26
   433.539786195      0.942895108583E-27
   439.822971503      0.501567636147E-27
   446.106156810      0.218229866022E-27
   452.389342117      0.119400741830E-27
   458.672527424      0.548863461288E-28
   464.955712731      0.288250222112E-28
   471.238898038      0.137134217300E-28
   477.522083346      0.715983918918E-29
   483.805268653      0.354479560519E-29
   490.088453960      0.183657334401E-29
   496.371639267      0.967901860704E-30
   502.654824574      0.510894099364E-30
   508.938009882      0.274524844446E-30
   515.221195189      0.137436010936E-30
   521.504380496      0.807063906483E-31
   527.787565803      0.402636812974E-31
   534.070751110      0.239292558437E-31
   540.353936417      0.115408660547E-31
   546.637121725      0.484689819599E-32
   552.920307032      0.238044260484E-32
   559.203492339      0.126810685317E-32
   565.486677646      0.694096931226E-33
   571.769862953      0.345692671023E-33
   578.053048261      0.186010782516E-33
   584.336233568      0.117284786829E-33
   590.619418875      0.727360194192E-34
   596.902604182      0.439565745691E-34
   603.185789489      0.342189283708E-34
   609.468974796      0.220175046119E-34
   615.752160104      0.241371554258E-34
   622.035345411      0.127707135143E-34
   628.318530718      0.125057876936E-34
   634.601716025      0.994230322453E-35
   640.884901332      0.108275942964E-34
   647.168086639      0.925751355902E-35
   653.451271947      0.106184423380E-34
   659.734457254      0.837089748818E-35
   666.017642561      0.102316270562E-34
   672.300827868      0.775412765954E-35
   678.584013175      0.802591156348E-35
   684.867198483      0.718881562141E-35
   691.150383790      0.830826649967E-35
   697.433569097      0.634403317071E-35
   703.716754404      0.123728348014E-34
   709.999939711      0.590627539568E-35
   716.283125018      0.129658969482E-34
   722.566310326      0.562728741703E-35
   728.849495633      0.601083476495E-35
   735.132680940      0.511687121791E-35
   741.415866247      0.548225320279E-35
   747.699051554      0.450245493174E-35
   753.982236862      0.671966386936E-35
   760.265422169      0.418139336485E-35
   766.548607476      0.560208677148E-35
   772.831792783      0.415655839546E-35
   779.114978090      0.470295242703E-35
   785.398163397      0.380749347943E-35
   791.681348705      0.556583986937E-35
   797.964534012      0.414205270924E-35
   804.247719319      0.768414941649E-35
   810.530904626      0.412802448171E-35
   816.814089933      0.401524304661E-35
   823.097275241      0.357171118866E-35
   829.380460548      0.310283274009E-35
   835.663645855      0.319846523997E-35
   841.946831162      0.304794983742E-35
   848.230016469      0.271483461985E-35
   854.513201776      0.294483156800E-35
   860.796387084      0.256349968302E-35
   867.079572391      0.244410763703E-35
   873.362757698      0.246579720167E-35
   879.645943005      0.237589640848E-35
   885.929128312      0.256000638596E-35
   892.212313620      0.213914861535E-35
   898.495498927      0.220574221147E-35
   904.778684234      0.217900708349E-35
   911.061869541      0.195090772820E-35
   917.345054848      0.214046382185E-35
   923.628240155      0.192567622948E-35
   929.911425463      0.178981013611E-35
   936.194610770      0.185201637849E-35
   942.477796077      0.181619787769E-35
   948.760981384      0.164733849682E-35
   955.044166691      0.168625668957E-35
   961.327351998      0.170379949527E-35
   967.610537306      0.161537044212E-35
   973.893722613      0.147828183016E-35
   980.176907920      0.148220904594E-35
   986.460093227      0.155015175372E-35
   992.743278534      0.150660836942E-35
   999.026463842      0.137937745849E-35
   1005.30964915      0.143630496452E-35
   1011.59283446      0.118441120067E-35
   1017.87601976      0.126179759342E-35
   1024.15920507      0.121099531937E-35
   1030.44239038      0.108615982034E-35
   1036.72557568      0.129301205754E-35
   1043.00876099      0.109973780468E-35
   1049.29194630      0.108816518197E-35
   1055.57513161      0.100872129907E-35
   1061.85831691      0.972993727630E-36
   1068.14150222      0.104807387018E-35
   1074.42468753      0.822484622376E-36
   1080.70787283      0.879132251648E-36
   1086.99105814      0.830306929648E-36
   1093.27424345      0.821464474273E-36
   1099.55742876      0.895057707761E-36
   1105.84061406      0.707463084003E-36
   1112.12379937      0.782032999456E-36
   1118.40698468      0.644839828882E-36
   1124.69016999      0.688451067809E-36
   1130.97335529      0.688134247670E-36
   1137.25654060      0.496636332541E-36
   1143.53972591      0.453661288143E-36
   1149.82291121      0.389657676106E-36
   1156.10609652      0.381430918462E-36
   1162.38928183      0.326970753222E-36
   1168.67246714      0.329657318723E-36
   1174.95565244      0.289181796222E-36
   1181.23883775      0.296913906721E-36
   1187.52202306      0.261039213863E-36
   1193.80520836      0.250298998976E-36
   1200.08839367      0.219574442476E-36
   1206.37157898      0.214181382188E-36
   1212.65476429      0.193312949705E-36
   1218.93794959      0.185675030587E-36
   1225.22113490      0.172676489620E-36
   1231.50432021      0.165383595847E-36
   1237.78750551      0.142964807144E-36
   1244.07069082      0.145232137499E-36
   1250.35387613      0.130822502637E-36
   1256.63706144      0.116778956051E-36
   1262.92024674      0.101850364121E-36
   1269.20343205      0.997702560132E-37
   1275.48661736      0.877823438909E-37
   1281.76980266      0.850676284384E-37
   1288.05298797      0.751882164284E-37
   1294.33617328      0.744452612154E-37
   1300.61935859      0.637364672398E-37
   1306.90254389      0.485868875162E-37
   1313.18572920      0.510727454442E-37
   1319.46891451      0.459117516886E-37
   1325.75209981      0.385284435325E-37
   1332.03528512      0.302603142182E-37
   1338.31847043      0.266401634792E-37
   1344.60165574      0.271577092044E-37
   1350.88484104      0.230577477285E-37
   1357.16802635      0.199999731123E-37
   1363.45121166      0.121680240726E-37
   1369.73439697      0.143879246664E-37
   1376.01758227      0.883456835185E-38
   1382.30076758      0.549058471784E-38
   1388.58395289      0.797383435158E-39
   1394.86713819      0.574239573174E-39
   6.28318530718      0.440395838166E-41
   12.5663706144      0.216815678750E-02
   18.8495559215      0.144883385157E-03
   25.1327412287      0.141356915809E-03
   31.4159265359      0.213753067899E-04
   37.6991118431      0.531405661568E-05
   43.9822971503      0.106275897814E-05
   50.2654824574      0.134933355290E-05
   56.5486677646      0.349766842287E-06
   62.8318530718      0.137487344525E-06
   69.1150383790      0.246755120149E-07
   75.3982236862      0.152447635350E-07
   81.6814089933      0.354393286388E-08
   87.9645943005      0.254491948109E-08
   94.2477796077      0.497912048347E-09
   100.530964915      0.429094813487E-09
   106.814150222      0.768221681422E-10
   113.097335529      0.942360425160E-10
   119.380520836      0.166829588221E-10
   125.663706144      0.196273328877E-10
   131.946891451      0.330641888125E-11
   138.230076758      0.454450091909E-11
   144.513262065      0.746341835881E-12
   150.796447372      0.106031123760E-11
   157.079632679      0.205085274636E-12
   163.362817987      0.249054759362E-12
   169.646003294      0.450030968514E-13
   175.929188601      0.590824747264E-13
   182.212373908      0.124280250779E-13
   188.495559215      0.139234536577E-13
   194.778744523      0.310085414153E-14
   201.061929830      0.333482114107E-14
   207.345115137      0.854660665260E-15
   213.628300444      0.745933276339E-15
   219.911485751      0.238724662289E-15
   226.194671058      0.150800825415E-15
   232.477856366      0.589096820035E-16
   238.761041673      0.329784031425E-16
   245.044226980      0.139686319297E-16
   251.327412287      0.718362324945E-17
   257.610597594      0.307772922247E-17
   263.893782902      0.154452198636E-17
   270.176968209      0.612196855083E-18
   276.460153516      0.321665669261E-18
   282.743338823      0.131618927129E-18
   289.026524130      0.608501245489E-19
   295.309709437      0.278116240617E-19
   301.592894745      0.126771521674E-19
   307.876080052      0.541729485096E-20
   314.159265359      0.260621721578E-20
   320.442450666      0.116161963252E-20
   326.725635973      0.487957651110E-21
   333.008821281      0.230749794838E-21
   339.292006588      0.100977968996E-21
   345.575191895      0.443877783096E-22
   351.858377202      0.211299310271E-22
   358.141562509      0.902912440079E-23
   364.424747816      0.445946856322E-23
   370.707933124      0.200259160494E-23
   376.991118431      0.882032925014E-24
   383.274303738      0.415317346708E-24
   389.557489045      0.194247092847E-24
   395.840674352      0.871383106254E-25
   402.123859659      0.433793863499E-25
   408.407044967      0.191292622500E-25
   414.690230274      0.950366196107E-26
   420.973415581      0.403864968710E-26
   427.256600888      0.221683847746E-26
   433.539786195      0.939074043872E-27
   439.822971503      0.500597735350E-27
   446.106156810      0.218229853902E-27
   452.389342117      0.119400686668E-27
   458.672527424      0.548863463702E-28
   464.955712731      0.288250078038E-28
   471.238898038      0.137133840808E-28
   477.522083346      0.715988330254E-29
   483.805268653      0.354482947722E-29
   490.088453960      0.183657015665E-29
   496.371639267      0.967882592674E-30
   502.654824574      0.510912643517E-30
   508.938009882      0.274521876873E-30
   515.221195189      0.137441733862E-30
   521.504380496      0.807119526607E-31
   527.787565803      0.402670390010E-31
   534.070751110      0.239334983688E-31
   540.353936417      0.115407587154E-31
   546.637121725      0.484886153674E-32
   552.920307032      0.238256822035E-32
   559.203492339      0.126917095207E-32
   565.486677646      0.695632024191E-33
   571.769862953      0.347109567029E-33
   578.053048261      0.187555900634E-33
   584.336233568      0.118645093861E-33
   590.619418875      0.738606481128E-34
   596.902604182      0.450292562694E-34
   603.185789489      0.365943925578E-34
   609.468974796      0.228539251787E-34
   615.752160104      0.232877444449E-34
   622.035345411      0.142925977280E-34
   628.318530718      0.127224368356E-34
   634.601716025      0.112427755995E-34
   640.884901332      0.115164728567E-34
   647.168086639      0.977794535707E-35
   653.451271947      0.115832515470E-34
   659.734457254      0.888743032067E-35
   666.017642561      0.100771627431E-34
   672.300827868      0.812490368829E-35
   678.584013175      0.846151425906E-35
   684.867198483      0.741716026678E-35
   691.150383790      0.827142626933E-35
   697.433569097      0.704368143676E-35
   703.716754404      0.123573346762E-34
   709.999939711      0.624166264829E-35
   716.283125018      0.126395548211E-34
   722.566310326      0.664194458141E-35
   728.849495633      0.683576967811E-35
   735.132680940      0.559782629131E-35
   741.415866247      0.617731501808E-35
   747.699051554      0.510590845187E-35
   753.982236862      0.608171256380E-35
   760.265422169      0.460168054509E-35
   766.548607476      0.616666983485E-35
   772.831792783      0.454697538186E-35
   779.114978090      0.493998147963E-35
   785.398163397      0.384799188671E-35
   791.681348705      0.525493166194E-35
   797.964534012      0.443078419910E-35
   804.247719319      0.219490438995E-34
   810.530904626      0.448142845077E-35
   816.814089933      0.349529330105E-35
   823.097275241      0.329945119669E-35
   829.380460548      0.300862723754E-35
   835.663645855      0.322624221478E-35
   841.946831162      0.304249234458E-35
   848.230016469      0.264159106337E-35
   854.513201776      0.283400979215E-35
   860.796387084      0.261371537044E-35
   867.079572391      0.254910354101E-35
   873.362757698      0.253286039536E-35
   879.645943005      0.236891916866E-35
   885.929128312      0.270347222004E-35
   892.212313620      0.231160308293E-35
   898.495498927      0.219038416513E-35
   904.778684234      0.201842869569E-35
   911.061869541      0.190599704131E-35
   917.345054848      0.201327385711E-35
   923.628240155      0.193019250180E-35
   929.911425463      0.182913291886E-35
   936.194610770      0.180372737785E-35
   942.477796077      0.176983544666E-35
   948.760981384      0.168986551107E-35
   955.044166691      0.169037505911E-35
   961.327351998      0.168320898599E-35
   967.610537306      0.165879808594E-35
   973.893722613      0.153421872871E-35
   980.176907920      0.157934390645E-35
   986.460093227      0.147950857308E-35
   992.743278534      0.141870113286E-35
   999.026463842      0.141999480316E-35
   1005.30964915      0.151978313591E-35
   1011.59283446      0.128435448731E-35
   1017.87601976      0.131018375210E-35
   1024.15920507      0.122356501156E-35
   1030.44239038      0.110136510439E-35
   1036.72557568      0.122746616906E-35
   1043.00876099      0.107036056247E-35
   1049.29194630      0.118810129353E-35
   1055.57513161      0.108876904544E-35
   1061.85831691      0.100775807688E-35
   1068.14150222      0.113983924165E-35
   1074.42468753      0.911536377942E-36
   1080.70787283      0.880479391312E-36
   1086.99105814      0.791233943029E-36
   1093.27424345      0.726732840851E-36
   1099.55742876      0.771264359053E-36
   1105.84061406      0.710949314440E-36
   1112.12379937      0.742392469526E-36
   1118.40698468      0.656742886616E-36
   1124.69016999      0.679484792668E-36
   1130.97335529      0.562201594790E-36
   1137.25654060      0.481157371867E-36
   1143.53972591      0.448539547492E-36
   1149.82291121      0.387092583326E-36
   1156.10609652      0.379077367461E-36
   1162.38928183      0.341609343599E-36
   1168.67246714      0.337493211358E-36
   1174.95565244      0.290154229745E-36
   1181.23883775      0.296046210807E-36
   1187.52202306      0.258111070098E-36
   1193.80520836      0.252501620700E-36
   1200.08839367      0.230210049612E-36
   1206.37157898      0.217878705820E-36
   1212.65476429      0.187745187021E-36
   1218.93794959      0.183449199809E-36
   1225.22113490      0.161613968518E-36
   1231.50432021      0.151106161720E-36
   1237.78750551      0.133813421937E-36
   1244.07069082      0.132677648266E-36
   1250.35387613      0.120972199003E-36
   1256.63706144      0.118304092184E-36
   1262.92024674      0.104604105290E-36
   1269.20343205      0.104143263950E-36
   1275.48661736      0.859233915646E-37
   1281.76980266      0.794627059686E-37
   1288.05298797      0.714956496790E-37
   1294.33617328      0.718188939329E-37
   1300.61935859      0.621000384168E-37
   1306.90254389      0.498389845057E-37
   1313.18572920      0.489788058684E-37
   1319.46891451      0.471140934785E-37
   1325.75209981      0.367486526674E-37
   1332.03528512      0.353785139420E-37
   1338.31847043      0.294108155220E-37
   1344.60165574      0.289386804820E-37
   1350.88484104      0.226222454263E-37
   1357.16802635      0.135268460028E-37
   1363.45121166      0.912902824033E-38
   1369.73439697      0.120111134212E-37
   1376.01758227      0.706970604702E-38
   1382.30076758      0.423484413353E-38
   1388.58395289      0.179253482395E-38
   1394.86713819      0.728499217582E-40
   6.28318530718      0.318094663436E-40
   12.5663706144      0.212153413720E-02
   18.8495559215      0.174008687390E-03
   25.1327412287      0.150033225009E-03
   31.4159265359      0.253891565550E-04
   37.6991118431      0.643445166585E-05
   43.9822971503      0.140478922433E-05
   50.2654824574      0.155169133192E-05
   56.5486677646      0.374723356850E-06
   62.8318530718      0.132682745022E-06
   69.1150383790      0.262469924701E-07
   75.3982236862      0.154483417647E-07
   81.6814089933      0.356628468563E-08
   87.9645943005      0.232680683954E-08
   94.2477796077      0.499870656918E-09
   100.530964915      0.417286492370E-09
   106.814150222      0.744304252726E-10
   113.097335529      0.913302876337E-10
   119.380520836      0.158124835416E-10
   125.663706144      0.188831010858E-10
   131.946891451      0.318011056393E-11
   138.230076758      0.433740327143E-11
   144.513262065      0.736699645807E-12
   150.796447372      0.101305383603E-11
   157.079632679      0.200742648826E-12
   163.362817987      0.236821558825E-12
   169.646003294      0.446548041076E-13
   175.929188601      0.559803282950E-13
   182.212373908      0.121327398544E-13
   188.495559215      0.131973380577E-13
   194.778744523      0.300441203569E-14
   201.061929830      0.315693470201E-14
   207.345115137      0.824432757772E-15
   213.628300444      0.706460091209E-15
   219.911485751      0.227255039011E-15
   226.194671058      0.142835230556E-15
   232.477856366      0.560259954851E-16
   238.761041673      0.311128960605E-16
   245.044226980      0.132131088090E-16
   251.327412287      0.677542140373E-17
   257.610597594      0.291115945926E-17
   263.893782902      0.145664979950E-17
   270.176968209      0.579038830521E-18
   276.460153516      0.303427831483E-18
   282.743338823      0.124335157355E-18
   289.026524130      0.575705626684E-19
   295.309709437      0.262558597727E-19
   301.592894745      0.119930902037E-19
   307.876080052      0.512258125903E-20
   314.159265359      0.247301371799E-20
   320.442450666      0.110067398290E-20
   326.725635973      0.463290327760E-21
   333.008821281      0.219550625477E-21
   339.292006588      0.959847898542E-22
   345.575191895      0.422749121558E-22
   351.858377202      0.201441914127E-22
   358.141562509      0.863401099427E-23
   364.424747816      0.426849553279E-23
   370.707933124      0.192434416572E-23
   376.991118431      0.850949930102E-24
   383.274303738      0.402657686038E-24
   389.557489045      0.190533243963E-24
   395.840674352      0.859151024746E-25
   402.123859659      0.434991210359E-25
   408.407044967      0.190096243170E-25
   414.690230274      0.940445799968E-26
   420.973415581      0.400394066069E-26
   427.256600888      0.221452669899E-26
   433.539786195      0.935820312419E-27
   439.822971503      0.500298465029E-27
   446.106156810      0.218230030413E-27
   452.389342117      0.119400805414E-27
   458.672527424      0.548862781635E-28
   464.955712731      0.288250657962E-28
   471.238898038      0.137133774959E-28
   477.522083346      0.715987948119E-29
   483.805268653      0.354482743543E-29
   490.088453960      0.183658676169E-29
   496.371639267      0.967892806764E-30
   502.654824574      0.510935905559E-30
   508.938009882      0.274526092333E-30
   515.221195189      0.137454586462E-30
   521.504380496      0.807141408014E-31
   527.787565803      0.402696078611E-31
   534.070751110      0.239366569477E-31
   540.353936417      0.115439328220E-31
   546.637121725      0.485025418092E-32
   552.920307032      0.238270557774E-32
   559.203492339      0.126979856850E-32
   565.486677646      0.697378351515E-33
   571.769862953      0.347842525606E-33
   578.053048261      0.188349706784E-33
   584.336233568      0.119227406751E-33
   590.619418875      0.745414109610E-34
   596.902604182      0.459946124760E-34
   603.185789489      0.385541289290E-34
   609.468974796      0.239947507774E-34
   615.752160104      0.265659676269E-34
   622.035345411      0.148980516653E-34
   628.318530718      0.138804512579E-34
   634.601716025      0.118346587627E-34
   640.884901332      0.123175824059E-34
   647.168086639      0.106973022475E-34
   653.451271947      0.124584655746E-34
   659.734457254      0.914905009663E-35
   666.017642561      0.111394462161E-34
   672.300827868      0.838673026078E-35
   678.584013175      0.875486511923E-35
   684.867198483      0.770301088525E-35
   691.150383790      0.849288790497E-35
   697.433569097      0.712756998646E-35
   703.716754404      0.120603710417E-34
   709.999939711      0.665711386219E-35
   716.283125018      0.141565395744E-34
   722.566310326      0.703993211514E-35
   728.849495633      0.639441568811E-35
   735.132680940      0.557845025767E-35
   741.415866247      0.574956086747E-35
   747.699051554      0.478450426715E-35
   753.982236862      0.566364232693E-35
   760.265422169      0.429242736730E-35
   766.548607476      0.534175551477E-35
   772.831792783      0.412875559291E-35
   779.114978090      0.427544463221E-35
   785.398163397      0.375703661153E-35
   791.681348705      0.472219437777E-35
   797.964534012      0.464815932304E-35
   804.247719319      0.176761717013E-34
   810.530904626      0.421359680405E-35
   816.814089933      0.344811468061E-35
   823.097275241      0.350852412469E-35
   829.380460548      0.294184298199E-35
   835.663645855      0.320140009696E-35
   841.946831162      0.286521369960E-35
   848.230016469      0.250742050019E-35
   854.513201776      0.269687452438E-35
   860.796387084      0.246541284078E-35
   867.079572391      0.241714454637E-35
   873.362757698      0.246829658259E-35
   879.645943005      0.242636354871E-35
   885.929128312      0.247534847369E-35
   892.212313620      0.220550461210E-35
   898.495498927      0.220526321879E-35
   904.778684234      0.217143337409E-35
   911.061869541      0.183110381976E-35
   917.345054848      0.205792751594E-35
   923.628240155      0.180271187173E-35
   929.911425463      0.174885365957E-35
   936.194610770      0.176878424636E-35
   942.477796077      0.166740217364E-35
   948.760981384      0.163665666501E-35
   955.044166691      0.156845230962E-35
   961.327351998      0.151883733074E-35
   967.610537306      0.152026456841E-35
   973.893722613      0.143750711546E-35
   980.176907920      0.151125096574E-35
   986.460093227      0.148766314388E-35
   992.743278534      0.146511459634E-35
   999.026463842      0.132767021805E-35
   1005.30964915      0.133413260796E-35
   1011.59283446      0.118930267527E-35
   1017.87601976      0.119930343600E-35
   1024.15920507      0.120172491477E-35
   1030.44239038      0.105750817223E-35
   1036.72557568      0.119745489090E-35
   1043.00876099      0.103781374192E-35
   1049.29194630      0.109190331270E-35
   1055.57513161      0.102975676090E-35
   1061.85831691      0.957904576368E-36
   1068.14150222      0.105087608240E-35
   1074.42468753      0.799047899643E-36
   1080.70787283      0.844233019520E-36
   1086.99105814      0.800710030631E-36
   1093.27424345      0.850184730555E-36
   1099.55742876      0.918684952073E-36
   1105.84061406      0.737721760127E-36
   1112.12379937      0.740025423826E-36
   1118.40698468      0.689880537191E-36
   1124.69016999      0.721513240177E-36
   1130.97335529      0.586921394658E-36
   1137.25654060      0.488768261548E-36
   1143.53972591      0.451538926252E-36
   1149.82291121      0.385982145983E-36
   1156.10609652      0.375884960374E-36
   1162.38928183      0.328923631028E-36
   1168.67246714      0.332099291993E-36
   1174.95565244      0.292375630650E-36
   1181.23883775      0.285198226061E-36
   1187.52202306      0.242953818401E-36
   1193.80520836      0.240144025600E-36
   1200.08839367      0.223411732859E-36
   1206.37157898      0.209249047935E-36
   1212.65476429      0.185927850612E-36
   1218.93794959      0.179366674975E-36
   1225.22113490      0.163037582581E-36
   1231.50432021      0.152810378711E-36
   1237.78750551      0.137265099456E-36
   1244.07069082      0.137186325681E-36
   1250.35387613      0.121711553628E-36
   1256.63706144      0.113662513652E-36
   1262.92024674      0.103339463210E-36
   1269.20343205      0.103893273754E-36
   1275.48661736      0.824245103255E-37
   1281.76980266      0.852049266383E-37
   1288.05298797      0.732437143414E-37
   1294.33617328      0.717287479990E-37
   1300.61935859      0.624782787413E-37
   1306.90254389      0.547501343875E-37
   1313.18572920      0.495173396586E-37
   1319.46891451      0.450712961772E-37
   1325.75209981      0.358510354151E-37
   1332.03528512      0.282845788493E-37
   1338.31847043      0.243307549559E-37
   1344.60165574      0.232413247008E-37
   1350.88484104      0.198655500470E-37
   1357.16802635      0.141722307746E-37
   1363.45121166      0.866330196400E-38
   1369.73439697      0.118562796619E-37
   1376.01758227      0.878812791320E-38
   1382.30076758      0.337901448567E-38
   1388.58395289      0.974550916356E-39
   1394.86713819      0.156932411849E-39
   6.28318530718      0.326516515854E-40
   12.5663706144      0.207165856851E-02
   18.8495559215      0.203500172463E-03
   25.1327412287      0.158883150208E-03
   31.4159265359      0.307764999789E-04
   37.6991118431      0.805874509842E-05
   43.9822971503      0.195027912563E-05
   50.2654824574      0.184130897380E-05
   56.5486677646      0.422626108033E-06
   62.8318530718      0.134550528799E-06
   69.1150383790      0.315024162284E-07
   75.3982236862      0.162478711716E-07
   81.6814089933      0.378410657403E-08
   87.9645943005      0.221130270963E-08
   94.2477796077      0.519470232878E-09
   100.530964915      0.413314629923E-09
   106.814150222      0.724466778347E-10
   113.097335529      0.894833191145E-10
   119.380520836      0.151295965015E-10
   125.663706144      0.181984853348E-10
   131.946891451      0.308097112406E-11
   138.230076758      0.412961203255E-11
   144.513262065      0.726638762941E-12
   150.796447372      0.962957225283E-12
   157.079632679      0.195634677083E-12
   163.362817987      0.223788899469E-12
   169.646003294      0.439450834278E-13
   175.929188601      0.527012780456E-13
   182.212373908      0.117389808377E-13
   188.495559215      0.124197703308E-13
   194.778744523      0.288280148823E-14
   201.061929830      0.296580497948E-14
   207.345115137      0.787807882144E-15
   213.628300444      0.663346461627E-15
   219.911485751      0.214425156174E-15
   226.194671058      0.134082611420E-15
   232.477856366      0.527866084056E-16
   238.761041673      0.290831260948E-16
   245.044226980      0.123812247954E-16
   251.327412287      0.632950143846E-17
   257.610597594      0.272661173899E-17
   263.893782902      0.136069049833E-17
   270.176968209      0.542301993834E-18
   276.460153516      0.283420638933E-18
   282.743338823      0.116295828866E-18
   289.026524130      0.539372235262E-19
   295.309709437      0.245390815730E-19
   301.592894745      0.112371999114E-19
   307.876080052      0.479598427087E-20
   314.159265359      0.232399114765E-20
   320.442450666      0.103274480865E-20
   326.725635973      0.435754183911E-21
   333.008821281      0.206881701427E-21
   339.292006588      0.904194978433E-22
   345.575191895      0.398891298918E-22
   351.858377202      0.190377461686E-22
   358.141562509      0.818542274850E-23
   364.424747816      0.405568366531E-23
   370.707933124      0.183743087940E-23
   376.991118431      0.818268606677E-24
   383.274303738      0.390126990707E-24
   389.557489045      0.186587464986E-24
   395.840674352      0.850722514194E-25
   402.123859659      0.438174173160E-25
   408.407044967      0.189390376598E-25
   414.690230274      0.934399076248E-26
   420.973415581      0.397867792630E-26
   427.256600888      0.221432994747E-26
   433.539786195      0.933264080254E-27
   439.822971503      0.500267189372E-27
   446.106156810      0.218229961637E-27
   452.389342117      0.119400802571E-27
   458.672527424      0.548863582065E-28
   464.955712731      0.288250279989E-28
   471.238898038      0.137134009355E-28
   477.522083346      0.715990650982E-29
   483.805268653      0.354484047414E-29
   490.088453960      0.183660641205E-29
   496.371639267      0.967883102370E-30
   502.654824574      0.510931783665E-30
   508.938009882      0.274525782835E-30
   515.221195189      0.137458863183E-30
   521.504380496      0.807125681314E-31
   527.787565803      0.402749991657E-31
   534.070751110      0.239393684245E-31
   540.353936417      0.115458338411E-31
   546.637121725      0.485258005865E-32
   552.920307032      0.238559641299E-32
   559.203492339      0.127077481840E-32
   565.486677646      0.698861370504E-33
   571.769862953      0.348787015683E-33
   578.053048261      0.189612896868E-33
   584.336233568      0.120124655496E-33
   590.619418875      0.751109644508E-34
   596.902604182      0.468626484721E-34
   603.185789489      0.384492687170E-34
   609.468974796      0.243442310338E-34
   615.752160104      0.249540025510E-34
   622.035345411      0.156469988621E-34
   628.318530718      0.141179576245E-34
   634.601716025      0.130389458274E-34
   640.884901332      0.125642253956E-34
   647.168086639      0.112578011049E-34
   653.451271947      0.136210679217E-34
   659.734457254      0.999312760325E-35
   666.017642561      0.128065974434E-34
   672.300827868      0.909155877858E-35
   678.584013175      0.982475833248E-35
   684.867198483      0.815805255274E-35
   691.150383790      0.853467421523E-35
   697.433569097      0.760248089026E-35
   703.716754404      0.117198923051E-34
   709.999939711      0.683503098404E-35
   716.283125018      0.226839971788E-34
   722.566310326      0.694471903995E-35
   728.849495633      0.744349124552E-35
   735.132680940      0.576502347652E-35
   741.415866247      0.621808810686E-35
   747.699051554      0.486584747376E-35
   753.982236862      0.617712629840E-35
   760.265422169      0.457465267057E-35
   766.548607476      0.588099882231E-35
   772.831792783      0.440590982628E-35
   779.114978090      0.491837847113E-35
   785.398163397      0.421031240163E-35
   791.681348705      0.482858326567E-35
   797.964534012      0.473622962892E-35
   804.247719319      0.300815184557E-34
   810.530904626      0.419348167233E-35
   816.814089933      0.375003579082E-35
   823.097275241      0.340681624457E-35
   829.380460548      0.310545199232E-35
   835.663645855      0.309457341498E-35
   841.946831162      0.282472485907E-35
   848.230016469      0.251922668027E-35
   854.513201776      0.264425530452E-35
   860.796387084      0.259123856292E-35
   867.079572391      0.253165594730E-35
   873.362757698      0.242973155433E-35
   879.645943005      0.233456361961E-35
   885.929128312      0.228447891719E-35
   892.212313620      0.203976816796E-35
   898.495498927      0.213218198041E-35
   904.778684234      0.198811456575E-35
   911.061869541      0.182467744855E-35
   917.345054848      0.187343948251E-35
   923.628240155      0.169457601402E-35
   929.911425463      0.171564078118E-35
   936.194610770      0.166891524602E-35
   942.477796077      0.170622971260E-35
   948.760981384      0.161466247133E-35
   955.044166691      0.161553871230E-35
   961.327351998      0.153040636302E-35
   967.610537306      0.146417018904E-35
   973.893722613      0.140571122041E-35
   980.176907920      0.143599236792E-35
   986.460093227      0.133712796124E-35
   992.743278534      0.142462358736E-35
   999.026463842      0.138195318948E-35
   1005.30964915      0.138553341484E-35
   1011.59283446      0.117291679599E-35
   1017.87601976      0.119290991489E-35
   1024.15920507      0.120552819944E-35
   1030.44239038      0.105390180530E-35
   1036.72557568      0.120421524748E-35
   1043.00876099      0.101225417209E-35
   1049.29194630      0.101313382611E-35
   1055.57513161      0.105378714823E-35
   1061.85831691      0.981571005936E-36
   1068.14150222      0.103855711216E-35
   1074.42468753      0.774775905162E-36
   1080.70787283      0.928542782742E-36
   1086.99105814      0.848267098565E-36
   1093.27424345      0.830532610199E-36
   1099.55742876      0.913009778103E-36
   1105.84061406      0.717112103488E-36
   1112.12379937      0.727044806191E-36
   1118.40698468      0.562030301849E-36
   1124.69016999      0.660185086362E-36
   1130.97335529      0.533288664469E-36
   1137.25654060      0.473240440487E-36
   1143.53972591      0.434872391441E-36
   1149.82291121      0.364074502501E-36
   1156.10609652      0.362458796711E-36
   1162.38928183      0.319553241492E-36
   1168.67246714      0.317946882972E-36
   1174.95565244      0.276205048731E-36
   1181.23883775      0.269440535733E-36
   1187.52202306      0.241799092044E-36
   1193.80520836      0.226743286276E-36
   1200.08839367      0.205287424946E-36
   1206.37157898      0.201979140426E-36
   1212.65476429      0.179122014247E-36
   1218.93794959      0.168545233468E-36
   1225.22113490      0.155819685395E-36
   1231.50432021      0.151086932010E-36
   1237.78750551      0.132141419401E-36
   1244.07069082      0.130966972172E-36
   1250.35387613      0.118201572981E-36
   1256.63706144      0.113071137793E-36
   1262.92024674      0.985468006872E-37
   1269.20343205      0.975582748787E-37
   1275.48661736      0.764786041303E-37
   1281.76980266      0.744538229036E-37
   1288.05298797      0.713741820139E-37
   1294.33617328      0.687152946320E-37
   1300.61935859      0.588001923852E-37
   1306.90254389      0.498145462703E-37
   1313.18572920      0.497555509784E-37
   1319.46891451      0.477772453538E-37
   1325.75209981      0.406068658502E-37
   1332.03528512      0.319246327871E-37
   1338.31847043      0.283969073878E-37
   1344.60165574      0.262057398622E-37
   1350.88484104      0.191379035566E-37
   1357.16802635      0.127859808151E-37
   1363.45121166      0.921395477492E-38
   1369.73439697      0.970485824434E-38
   1376.01758227      0.584656756365E-38
   1382.30076758      0.323379963427E-38
   1388.58395289      0.527523636786E-39
   1394.86713819      0.755566694845E-40
   6.28318530718      0.746244288833E-41
   12.5663706144      0.201907855642E-02
   18.8495559215      0.232802654171E-03
   25.1327412287      0.167773789164E-03
   31.4159265359      0.374321085091E-04
   37.6991118431      0.102830468562E-04
   43.9822971503      0.276078755979E-05
   50.2654824574      0.224570809818E-05
   56.5486677646      0.510529093852E-06
   62.8318530718      0.150058313732E-06
   69.1150383790      0.424167731563E-07
   75.3982236862      0.182536234229E-07
   81.6814089933      0.447393268574E-08
   87.9645943005      0.227337519654E-08
   94.2477796077      0.572259131763E-09
   100.530964915      0.423969258926E-09
   106.814150222      0.723408784359E-10
   113.097335529      0.892668366322E-10
   119.380520836      0.146618922988E-10
   125.663706144      0.176012415139E-10
   131.946891451      0.300403414849E-11
   138.230076758      0.391859381793E-11
   144.513262065      0.713910756138E-12
   150.796447372      0.909587993309E-12
   157.079632679      0.189329493593E-12
   163.362817987      0.209906750239E-12
   169.646003294      0.427933984375E-13
   175.929188601      0.492433886183E-13
   182.212373908      0.112361625295E-13
   188.495559215      0.115901650009E-13
   194.778744523      0.273501162922E-14
   201.061929830      0.276175835513E-14
   207.345115137      0.744721676257E-15
   213.628300444      0.616763043365E-15
   219.911485751      0.200282285031E-15
   226.194671058      0.124586883377E-15
   232.477856366      0.492107395899E-16
   238.761041673      0.269035998873E-16
   245.044226980      0.114788799222E-16
   251.327412287      0.584961425287E-17
   257.610597594      0.252551706185E-17
   263.893782902      0.125749587310E-17
   270.176968209      0.502280021354E-18
   276.460153516      0.261836323116E-18
   282.743338823      0.107571531607E-18
   289.026524130      0.499838064992E-19
   295.309709437      0.226781293056E-19
   301.592894745      0.104165584043E-19
   307.876080052      0.444067418476E-20
   314.159265359      0.216054442886E-20
   320.442450666      0.958456339759E-21
   326.725635973      0.405607704734E-21
   333.008821281      0.192867546590E-21
   339.292006588      0.843311129880E-22
   345.575191895      0.372462995259E-22
   351.858377202      0.178168230347E-22
   358.141562509      0.769002993451E-23
   364.424747816      0.382210397963E-23
   370.707933124      0.174219353987E-23
   376.991118431      0.781679292026E-24
   383.274303738      0.377998589160E-24
   389.557489045      0.182603463984E-24
   395.840674352      0.846566508559E-25
   402.123859659      0.443871567757E-25
   408.407044967      0.189482544906E-25
   414.690230274      0.932010781295E-26
   420.973415581      0.396161013749E-26
   427.256600888      0.221721006409E-26
   433.539786195      0.931416472779E-27
   439.822971503      0.500233848566E-27
   446.106156810      0.218230028091E-27
   452.389342117      0.119400735619E-27
   458.672527424      0.548862493067E-28
   464.955712731      0.288250268807E-28
   471.238898038      0.137134211253E-28
   477.522083346      0.715986102434E-29
   483.805268653      0.354484590057E-29
   490.088453960      0.183662379321E-29
   496.371639267      0.967868656397E-30
   502.654824574      0.510947217639E-30
   508.938009882      0.274523860111E-30
   515.221195189      0.137475321060E-30
   521.504380496      0.807137641698E-31
   527.787565803      0.402879085976E-31
   534.070751110      0.239365259776E-31
   540.353936417      0.115482155773E-31
   546.637121725      0.485534190036E-32
   552.920307032      0.238533198781E-32
   559.203492339      0.127202151213E-32
   565.486677646      0.699656056045E-33
   571.769862953      0.349794000869E-33
   578.053048261      0.190512516252E-33
   584.336233568      0.120957468306E-33
   590.619418875      0.762215885346E-34
   596.902604182      0.483261902899E-34
   603.185789489      0.367780681648E-34
   609.468974796      0.256655780636E-34
   615.752160104      0.249976119238E-34
   622.035345411      0.159724108690E-34
   628.318530718      0.149145742754E-34
   634.601716025      0.138672445073E-34
   640.884901332      0.133345091930E-34
   647.168086639      0.123970886721E-34
   653.451271947      0.137433734897E-34
   659.734457254      0.104196349477E-34
   666.017642561      0.127237147186E-34
   672.300827868      0.972052037879E-35
   678.584013175      0.101902376152E-34
   684.867198483      0.842811131437E-35
   691.150383790      0.976598392432E-35
   697.433569097      0.834122121134E-35
   703.716754404      0.129837901291E-34
   709.999939711      0.747247591402E-35
   716.283125018      0.139523485586E-34
   722.566310326      0.751465993648E-35
   728.849495633      0.700978453219E-35
   735.132680940      0.583267417713E-35
   741.415866247      0.602501005017E-35
   747.699051554      0.526704680507E-35
   753.982236862      0.650926652660E-35
   760.265422169      0.482214325887E-35
   766.548607476      0.512629102264E-35
   772.831792783      0.445032959891E-35
   779.114978090      0.441833347861E-35
   785.398163397      0.424942468133E-35
   791.681348705      0.462560065917E-35
   797.964534012      0.505018106114E-35
   804.247719319      0.122278807598E-34
   810.530904626      0.437618622869E-35
   816.814089933      0.356647636145E-35
   823.097275241      0.323911011693E-35
   829.380460548      0.292672417680E-35
   835.663645855      0.308206822093E-35
   841.946831162      0.298601163021E-35
   848.230016469      0.264199400868E-35
   854.513201776      0.275590733955E-35
   860.796387084      0.247988268108E-35
   867.079572391      0.241707440335E-35
   873.362757698      0.229485114026E-35
   879.645943005      0.227702147333E-35
   885.929128312      0.235891920671E-35
   892.212313620      0.199718144388E-35
   898.495498927      0.196317830143E-35
   904.778684234      0.200246460066E-35
   911.061869541      0.182512877457E-35
   917.345054848      0.195972725262E-35
   923.628240155      0.171431014535E-35
   929.911425463      0.167181023010E-35
   936.194610770      0.162712033222E-35
   942.477796077      0.156533449821E-35
   948.760981384      0.152003996069E-35
   955.044166691      0.148563087218E-35
   961.327351998      0.151546805471E-35
   967.610537306      0.146603642313E-35
   973.893722613      0.140578966471E-35
   980.176907920      0.138856245918E-35
   986.460093227      0.140790207805E-35
   992.743278534      0.136655451521E-35
   999.026463842      0.135048999488E-35
   1005.30964915      0.140567934811E-35
   1011.59283446      0.113606322438E-35
   1017.87601976      0.124912526084E-35
   1024.15920507      0.118778480610E-35
   1030.44239038      0.103392575624E-35
   1036.72557568      0.117623176435E-35
   1043.00876099      0.943950630279E-36
   1049.29194630      0.100325012414E-35
   1055.57513161      0.925284866375E-36
   1061.85831691      0.895651494010E-36
   1068.14150222      0.983078169959E-36
   1074.42468753      0.792950976140E-36
   1080.70787283      0.804952270989E-36
   1086.99105814      0.775524874534E-36
   1093.27424345      0.793968976720E-36
   1099.55742876      0.808666900975E-36
   1105.84061406      0.732820487114E-36
   1112.12379937      0.724266050768E-36
   1118.40698468      0.617020448117E-36
   1124.69016999      0.690068658091E-36
   1130.97335529      0.578460427432E-36
   1137.25654060      0.455967085399E-36
   1143.53972591      0.424472346029E-36
   1149.82291121      0.364239818837E-36
   1156.10609652      0.351066360445E-36
   1162.38928183      0.316446206095E-36
   1168.67246714      0.307533882169E-36
   1174.95565244      0.271969459249E-36
   1181.23883775      0.265474274916E-36
   1187.52202306      0.233772207838E-36
   1193.80520836      0.227837261891E-36
   1200.08839367      0.203257178644E-36
   1206.37157898      0.202163014338E-36
   1212.65476429      0.181984838516E-36
   1218.93794959      0.175238701939E-36
   1225.22113490      0.164132213721E-36
   1231.50432021      0.153739916270E-36
   1237.78750551      0.128689165698E-36
   1244.07069082      0.132978660971E-36
   1250.35387613      0.120953282783E-36
   1256.63706144      0.114417117314E-36
   1262.92024674      0.966054884317E-37
   1269.20343205      0.938693748161E-37
   1275.48661736      0.810119145748E-37
   1281.76980266      0.822289220018E-37
   1288.05298797      0.742124134821E-37
   1294.33617328      0.702549446338E-37
   1300.61935859      0.594510325573E-37
   1306.90254389      0.501597654571E-37
   1313.18572920      0.495858469622E-37
   1319.46891451      0.434391052886E-37
   1325.75209981      0.349487769373E-37
   1332.03528512      0.270642653301E-37
   1338.31847043      0.243229678205E-37
   1344.60165574      0.278847728535E-37
   1350.88484104      0.221362110444E-37
   1357.16802635      0.142342221941E-37
   1363.45121166      0.923672397243E-38
   1369.73439697      0.100884631909E-37
   1376.01758227      0.845098936138E-38
   1382.30076758      0.541729137209E-38
   1388.58395289      0.790966116150E-39
   1394.86713819      0.631823881506E-40
   6.28318530718      0.103659135291E-39
   12.5663706144      0.196434486400E-02
   18.8495559215      0.261428770486E-03
   25.1327412287      0.176598779175E-03
   31.4159265359      0.451483544563E-04
   37.6991118431      0.131835157164E-04
   43.9822971503      0.390588009317E-05
   50.2654824574      0.279852953102E-05
   56.5486677646      0.662637799932E-06
   62.8318530718      0.190883575690E-06
   69.1150383790      0.627559766650E-07
   75.3982236862      0.229543906688E-07
   81.6814089933      0.626093880967E-08
   87.9645943005      0.271929936835E-08
   94.2477796077      0.723809661092E-09
   100.530964915      0.472560751332E-09
   106.814150222      0.811407232793E-10
   113.097335529      0.930726789592E-10
   119.380520836      0.149816223327E-10
   125.663706144      0.173051705614E-10
   131.946891451      0.299318523418E-11
   138.230076758      0.371870732299E-11
   144.513262065      0.701139420161E-12
   150.796447372      0.854195216464E-12
   157.079632679      0.181870803251E-12
   163.362817987      0.195312462007E-12
   169.646003294      0.411697701563E-13
   175.929188601      0.456269901456E-13
   182.212373908      0.106231428378E-13
   188.495559215      0.107118721252E-13
   194.778744523      0.256187285522E-14
   201.061929830      0.254588949287E-14
   207.345115137      0.695458167267E-15
   213.628300444      0.567069779466E-15
   219.911485751      0.184944637817E-15
   226.194671058      0.114429450205E-15
   232.477856366      0.453346620798E-16
   238.761041673      0.245961160376E-16
   245.044226980      0.105154875679E-16
   251.327412287      0.534114869177E-17
   257.610597594      0.231011809667E-17
   263.893782902      0.114825430801E-17
   270.176968209      0.459423924796E-18
   276.460153516      0.238939049164E-18
   282.743338823      0.982656731380E-19
   289.026524130      0.457584604076E-19
   295.309709437      0.206966337780E-19
   301.592894745      0.954119204599E-20
   307.876080052      0.406121250916E-20
   314.159265359      0.198477912862E-20
   320.442450666      0.878822090527E-21
   326.725635973      0.373232515568E-21
   333.008821281      0.177691806479E-21
   339.292006588      0.778179585217E-22
   345.575191895      0.343808486182E-22
   351.858377202      0.165059851607E-22
   358.141562509      0.714687813371E-23
   364.424747816      0.356782134576E-23
   370.707933124      0.163598469796E-23
   376.991118431      0.743315891194E-24
   383.274303738      0.365526956592E-24
   389.557489045      0.178252248881E-24
   395.840674352      0.845114733006E-25
   402.123859659      0.451778232649E-25
   408.407044967      0.190354017842E-25
   414.690230274      0.933411096390E-26
   420.973415581      0.395176736712E-26
   427.256600888      0.222372485727E-26
   433.539786195      0.930021087430E-27
   439.822971503      0.499795114801E-27
   446.106156810      0.218229789618E-27
   452.389342117      0.119400769398E-27
   458.672527424      0.548862990345E-28
   464.955712731      0.288249785692E-28
   471.238898038      0.137133947755E-28
   477.522083346      0.715988330427E-29
   483.805268653      0.354483935296E-29
   490.088453960      0.183662994785E-29
   496.371639267      0.967863111857E-30
   502.654824574      0.510938197761E-30
   508.938009882      0.274520845497E-30
   515.221195189      0.137483689587E-30
   521.504380496      0.807165653136E-31
   527.787565803      0.402909392234E-31
   534.070751110      0.239416875642E-31
   540.353936417      0.115501210120E-31
   546.637121725      0.485817057993E-32
   552.920307032      0.238682115371E-32
   559.203492339      0.127311328214E-32
   565.486677646      0.700508374102E-33
   571.769862953      0.351136572000E-33
   578.053048261      0.190748123100E-33
   584.336233568      0.122146271173E-33
   590.619418875      0.773554788884E-34
   596.902604182      0.495659519148E-34
   603.185789489      0.378087617219E-34
   609.468974796      0.263836692276E-34
   615.752160104      0.246425352231E-34
   622.035345411      0.166609993336E-34
   628.318530718      0.157331082331E-34
   634.601716025      0.140361325917E-34
   640.884901332      0.139663735168E-34
   647.168086639      0.129903167988E-34
   653.451271947      0.145096893319E-34
   659.734457254      0.112013884214E-34
   666.017642561      0.132256229166E-34
   672.300827868      0.105297698147E-34
   678.584013175      0.104315143244E-34
   684.867198483      0.892637643513E-35
   691.150383790      0.920431227780E-35
   697.433569097      0.854565144694E-35
   703.716754404      0.108283677484E-34
   709.999939711      0.734619004039E-35
   716.283125018      0.120413014419E-34
   722.566310326      0.693234687320E-35
   728.849495633      0.704171697618E-35
   735.132680940      0.623808041248E-35
   741.415866247      0.653599619954E-35
   747.699051554      0.551067683950E-35
   753.982236862      0.580485517299E-35
   760.265422169      0.463334836495E-35
   766.548607476      0.568447609579E-35
   772.831792783      0.465758784495E-35
   779.114978090      0.475224424325E-35
   785.398163397      0.410635144431E-35
   791.681348705      0.453688517223E-35
   797.964534012      0.515017269903E-35
   804.247719319      0.182057325370E-34
   810.530904626      0.420575486729E-35
   816.814089933      0.353910427389E-35
   823.097275241      0.324674307721E-35
   829.380460548      0.300095925357E-35
   835.663645855      0.309818548233E-35
   841.946831162      0.290954692263E-35
   848.230016469      0.275624381438E-35
   854.513201776      0.279471321411E-35
   860.796387084      0.248585839209E-35
   867.079572391      0.260662464405E-35
   873.362757698      0.253262121935E-35
   879.645943005      0.238635431919E-35
   885.929128312      0.241010409203E-35
   892.212313620      0.199645802568E-35
   898.495498927      0.208174253027E-35
   904.778684234      0.191964508566E-35
   911.061869541      0.167205436037E-35
   917.345054848      0.182393398351E-35
   923.628240155      0.178167507237E-35
   929.911425463      0.166540321631E-35
   936.194610770      0.177127062999E-35
   942.477796077      0.184248232623E-35
   948.760981384      0.176125379983E-35
   955.044166691      0.151625934902E-35
   961.327351998      0.154735702296E-35
   967.610537306      0.149285889015E-35
   973.893722613      0.140710617064E-35
   980.176907920      0.146794057675E-35
   986.460093227      0.138569735875E-35
   992.743278534      0.134457803713E-35
   999.026463842      0.129216584632E-35
   1005.30964915      0.137946420041E-35
   1011.59283446      0.118842958343E-35
   1017.87601976      0.117459909087E-35
   1024.15920507      0.113132826229E-35
   1030.44239038      0.998260586243E-36
   1036.72557568      0.111053637274E-35
   1043.00876099      0.956679514097E-36
   1049.29194630      0.104120488904E-35
   1055.57513161      0.993496377135E-36
   1061.85831691      0.103896846875E-35
   1068.14150222      0.101470935982E-35
   1074.42468753      0.772088567554E-36
   1080.70787283      0.860124398976E-36
   1086.99105814      0.885693848523E-36
   1093.27424345      0.748716142322E-36
   1099.55742876      0.869760954563E-36
   1105.84061406      0.701982414463E-36
   1112.12379937      0.799839399570E-36
   1118.40698468      0.629981806854E-36
   1124.69016999      0.678184890936E-36
   1130.97335529      0.531048440175E-36
   1137.25654060      0.468357915684E-36
   1143.53972591      0.411114877716E-36
   1149.82291121      0.361202040833E-36
   1156.10609652      0.345336219945E-36
   1162.38928183      0.306804535941E-36
   1168.67246714      0.306183258976E-36
   1174.95565244      0.281560511834E-36
   1181.23883775      0.274902185546E-36
   1187.52202306      0.232384514853E-36
   1193.80520836      0.228180519929E-36
   1200.08839367      0.208924488955E-36
   1206.37157898      0.198690840583E-36
   1212.65476429      0.181379584356E-36
   1218.93794959      0.167845804005E-36
   1225.22113490      0.154829736643E-36
   1231.50432021      0.141420466160E-36
   1237.78750551      0.124140434912E-36
   1244.07069082      0.129349827381E-36
   1250.35387613      0.115826559876E-36
   1256.63706144      0.109183686728E-36
   1262.92024674      0.959085726855E-37
   1269.20343205      0.933841616146E-37
   1275.48661736      0.777797153017E-37
   1281.76980266      0.761004073797E-37
   1288.05298797      0.652604228288E-37
   1294.33617328      0.652166627676E-37
   1300.61935859      0.532578909068E-37
   1306.90254389      0.452572607873E-37
   1313.18572920      0.440325256388E-37
   1319.46891451      0.405363736321E-37
   1325.75209981      0.331534128326E-37
   1332.03528512      0.280836065275E-37
   1338.31847043      0.259689241957E-37
   1344.60165574      0.280413339556E-37
   1350.88484104      0.225091379419E-37
   1357.16802635      0.137062507807E-37
   1363.45121166      0.977236103722E-38
   1369.73439697      0.133942257169E-37
   1376.01758227      0.821995856986E-38
   1382.30076758      0.367326475843E-38
   1388.58395289      0.421511541222E-39
   1394.86713819      0.226220906098E-39
   6.28318530718      0.334842674143E-40
   12.5663706144      0.190798893288E-02
   18.8495559215      0.288961337226E-03
   25.1327412287      0.185290654467E-03
   31.4159265359      0.536542978277E-04
   37.6991118431      0.168005158829E-04
   43.9822971503      0.545259304145E-05
   50.2654824574      0.353583776109E-05
   56.5486677646      0.907989143431E-06
   62.8318530718      0.273616391669E-06
   69.1150383790      0.988872678567E-07
   75.3982236862      0.333434359727E-07
   81.6814089933      0.103720522618E-07
   87.9645943005      0.404148766094E-08
   94.2477796077      0.115943962187E-08
   100.530964915      0.628114993859E-09
   106.814150222      0.123514590440E-09
   113.097335529      0.109492339378E-09
   119.380520836      0.187859437106E-10
   125.663706144      0.182612070710E-10
   131.946891451      0.332652568391E-11
   138.230076758      0.362248272186E-11
   144.513262065      0.715239036502E-12
   150.796447372      0.806054110689E-12
   157.079632679      0.175689134100E-12
   163.362817987      0.180961877184E-12
   169.646003294      0.392668651295E-13
   175.929188601      0.419521324800E-13
   182.212373908      0.992517402098E-14
   188.495559215      0.979789070372E-14
   194.778744523      0.236773728181E-14
   201.061929830      0.232063896429E-14
   207.345115137      0.640824139548E-15
   213.628300444      0.514902096859E-15
   219.911485751      0.168629517800E-15
   226.194671058      0.103737836032E-15
   232.477856366      0.412168957636E-16
   238.761041673      0.221904779377E-16
   245.044226980      0.950484496009E-17
   251.327412287      0.481128076128E-17
   257.610597594      0.208363377645E-17
   263.893782902      0.103452921669E-17
   270.176968209      0.414371469582E-18
   276.460153516      0.215072472896E-18
   282.743338823      0.885198996152E-19
   289.026524130      0.413257945928E-19
   295.309709437      0.186257934887E-19
   301.592894745      0.862443179048E-20
   307.876080052      0.366362668677E-20
   314.159265359      0.179944522112E-20
   320.442450666      0.795060150222E-21
   326.725635973      0.339173283119E-21
   333.008821281      0.161595499771E-21
   339.292006588      0.709630576006E-22
   345.575191895      0.313516182233E-22
   351.858377202      0.151288580394E-22
   358.141562509      0.656531640617E-23
   364.424747816      0.329868604759E-23
   370.707933124      0.152327407284E-23
   376.991118431      0.702125097682E-24
   383.274303738      0.352804404341E-24
   389.557489045      0.174472596217E-24
   395.840674352      0.843457014354E-25
   402.123859659      0.461332131290E-25
   408.407044967      0.192181489555E-25
   414.690230274      0.937735820623E-26
   420.973415581      0.394883719705E-26
   427.256600888      0.223273954198E-26
   433.539786195      0.929350577182E-27
   439.822971503      0.499323638906E-27
   446.106156810      0.218229544327E-27
   452.389342117      0.119400956173E-27
   458.672527424      0.548862503445E-28
   464.955712731      0.288249594184E-28
   471.238898038      0.137134047283E-28
   477.522083346      0.715987243153E-29
   483.805268653      0.354486907006E-29
   490.088453960      0.183663003104E-29
   496.371639267      0.967855043832E-30
   502.654824574      0.510956962257E-30
   508.938009882      0.274529134529E-30
   515.221195189      0.137480964412E-30
   521.504380496      0.807155619741E-31
   527.787565803      0.402959404258E-31
   534.070751110      0.239450150952E-31
   540.353936417      0.115547740539E-31
   546.637121725      0.485843696178E-32
   552.920307032      0.238907122782E-32
   559.203492339      0.127423508107E-32
   565.486677646      0.701279203609E-33
   571.769862953      0.352352422392E-33
   578.053048261      0.192132222956E-33
   584.336233568      0.122650602968E-33
   590.619418875      0.785687158076E-34
   596.902604182      0.502279649492E-34
   603.185789489      0.420689904888E-34
   609.468974796      0.278645191821E-34
   615.752160104      0.276199707024E-34
   622.035345411      0.177424985854E-34
   628.318530718      0.164686024827E-34
   634.601716025      0.149962031245E-34
   640.884901332      0.149683169050E-34
   647.168086639      0.138719777820E-34
   653.451271947      0.150461616157E-34
   659.734457254      0.119055689783E-34
   666.017642561      0.133497183305E-34
   672.300827868      0.111063474205E-34
   678.584013175      0.106615509297E-34
   684.867198483      0.922154011082E-35
   691.150383790      0.975460724361E-35
   697.433569097      0.849362776905E-35
   703.716754404      0.104234788550E-34
   709.999939711      0.788097043179E-35
   716.283125018      0.102858016448E-34
   722.566310326      0.768252343844E-35
   728.849495633      0.728600654579E-35
   735.132680940      0.636492433766E-35
   741.415866247      0.638514700462E-35
   747.699051554      0.546145747087E-35
   753.982236862      0.698772240034E-35
   760.265422169      0.486324667326E-35
   766.548607476      0.520611903843E-35
   772.831792783      0.480509169333E-35
   779.114978090      0.510408612318E-35
   785.398163397      0.412319598908E-35
   791.681348705      0.490307328112E-35
   797.964534012      0.512165631647E-35
   804.247719319      0.123635794135E-34
   810.530904626      0.445106106361E-35
   816.814089933      0.345133468298E-35
   823.097275241      0.347672232235E-35
   829.380460548      0.306508946542E-35
   835.663645855      0.300838901058E-35
   841.946831162      0.287166919477E-35
   848.230016469      0.260966088097E-35
   854.513201776      0.268679501204E-35
   860.796387084      0.237206811537E-35
   867.079572391      0.239660419019E-35
   873.362757698      0.235552452476E-35
   879.645943005      0.225004935648E-35
   885.929128312      0.230498448444E-35
   892.212313620      0.199077317885E-35
   898.495498927      0.203419977819E-35
   904.778684234      0.200911496701E-35
   911.061869541      0.178905548871E-35
   917.345054848      0.180988226556E-35
   923.628240155      0.171726191192E-35
   929.911425463      0.173418759489E-35
   936.194610770      0.164794986639E-35
   942.477796077      0.160928637512E-35
   948.760981384      0.162926294732E-35
   955.044166691      0.161845673839E-35
   961.327351998      0.160946149302E-35
   967.610537306      0.150449946521E-35
   973.893722613      0.140956061206E-35
   980.176907920      0.140617343215E-35
   986.460093227      0.138276797514E-35
   992.743278534      0.134566105419E-35
   999.026463842      0.133876086215E-35
   1005.30964915      0.136625729032E-35
   1011.59283446      0.114975108525E-35
   1017.87601976      0.123465815879E-35
   1024.15920507      0.117797163073E-35
   1030.44239038      0.962085851131E-36
   1036.72557568      0.113455985188E-35
   1043.00876099      0.102672954358E-35
   1049.29194630      0.100444639081E-35
   1055.57513161      0.998340909710E-36
   1061.85831691      0.102563687129E-35
   1068.14150222      0.105376015175E-35
   1074.42468753      0.767623104767E-36
   1080.70787283      0.782824972337E-36
   1086.99105814      0.830070351749E-36
   1093.27424345      0.730927766550E-36
   1099.55742876      0.757444849748E-36
   1105.84061406      0.682262263520E-36
   1112.12379937      0.705186037486E-36
   1118.40698468      0.630027992017E-36
   1124.69016999      0.747808995434E-36
   1130.97335529      0.598711122592E-36
   1137.25654060      0.529145639131E-36
   1143.53972591      0.427666673783E-36
   1149.82291121      0.365723483718E-36
   1156.10609652      0.349966866864E-36
   1162.38928183      0.313406892021E-36
   1168.67246714      0.316671864991E-36
   1174.95565244      0.275829586511E-36
   1181.23883775      0.271788083103E-36
   1187.52202306      0.237351119331E-36
   1193.80520836      0.228770235369E-36
   1200.08839367      0.209271704690E-36
   1206.37157898      0.197524163394E-36
   1212.65476429      0.176490948237E-36
   1218.93794959      0.167567116006E-36
   1225.22113490      0.155799740066E-36
   1231.50432021      0.147954857041E-36
   1237.78750551      0.125719872172E-36
   1244.07069082      0.125956407812E-36
   1250.35387613      0.117418074454E-36
   1256.63706144      0.104867244945E-36
   1262.92024674      0.955003391932E-37
   1269.20343205      0.968859581525E-37
   1275.48661736      0.774445815742E-37
   1281.76980266      0.787097213721E-37
   1288.05298797      0.692606041116E-37
   1294.33617328      0.689790200195E-37
   1300.61935859      0.584587786659E-37
   1306.90254389      0.469152519079E-37
   1313.18572920      0.478847921368E-37
   1319.46891451      0.464791850632E-37
   1325.75209981      0.366556732846E-37
   1332.03528512      0.291009785051E-37
   1338.31847043      0.257090704607E-37
   1344.60165574      0.262409102337E-37
   1350.88484104      0.220727959860E-37
   1357.16802635      0.143622654686E-37
   1363.45121166      0.921921150813E-38
   1369.73439697      0.114113982574E-37
   1376.01758227      0.776337159374E-38
   1382.30076758      0.320602732104E-38
   1388.58395289      0.810989850733E-39
   1394.86713819      0.190839205986E-39
   6.28318530718      0.547812388447E-40
   12.5663706144      0.185050361070E-02
   18.8495559215      0.315050084832E-03
   25.1327412287      0.193826529132E-03
   31.4159265359      0.626620097509E-04
   37.6991118431      0.211338156960E-04
   43.9822971503      0.745094460053E-05
   50.2654824574      0.449183701429E-05
   56.5486677646      0.127586992806E-05
   62.8318530718      0.418394947357E-06
   69.1150383790      0.160279348747E-06
   75.3982236862      0.544418286669E-07
   81.6814089933      0.189207053901E-07
   87.9645943005      0.724442295094E-08
   94.2477796077      0.230563372409E-08
   100.530964915      0.106427663879E-08
   106.814150222      0.270442286121E-09
   113.097335529      0.165009103228E-09
   119.380520836      0.357823806180E-10
   125.663706144      0.240672691970E-10
   131.946891451      0.523020857165E-11
   138.230076758      0.406555269503E-11
   144.513262065      0.900421710209E-12
   150.796447372      0.815413481027E-12
   157.079632679      0.186821954134E-12
   163.362817987      0.172490923991E-12
   169.646003294      0.387242426571E-13
   175.929188601      0.388161346698E-13
   182.212373908      0.932545546573E-14
   188.495559215      0.891601552302E-14
   194.778744523      0.217378609315E-14
   201.061929830      0.209452450256E-14
   207.345115137      0.583508876955E-15
   213.628300444      0.461663827826E-15
   219.911485751      0.151801033650E-15
   226.194671058      0.927283647908E-16
   232.477856366      0.369559375509E-16
   238.761041673      0.197273672057E-16
   245.044226980      0.846714537667E-17
   251.327412287      0.426921594305E-17
   257.610597594      0.185050241224E-17
   263.893782902      0.918295418193E-18
   270.176968209      0.367978792485E-18
   276.460153516      0.190663225865E-18
   282.743338823      0.785179874877E-19
   289.026524130      0.367678332954E-19
   295.309709437      0.165048725663E-19
   301.592894745      0.768294420648E-20
   307.876080052      0.325550042599E-20
   314.159265359      0.160803855852E-20
   320.442450666      0.708759625418E-21
   326.725635973      0.304043155952E-21
   333.008821281      0.144874068391E-21
   339.292006588      0.639002417384E-22
   345.575191895      0.282150035087E-22
   351.858377202      0.136995117839E-22
   358.141562509      0.595848369266E-23
   364.424747816      0.302005030665E-23
   370.707933124      0.140350785349E-23
   376.991118431      0.658958565171E-24
   383.274303738      0.338526277047E-24
   389.557489045      0.170552348146E-24
   395.840674352      0.844151057459E-25
   402.123859659      0.472802170682E-25
   408.407044967      0.194803409969E-25
   414.690230274      0.945045940834E-26
   420.973415581      0.395371571602E-26
   427.256600888      0.224281849201E-26
   433.539786195      0.930062174013E-27
   439.822971503      0.498968258496E-27
   446.106156810      0.218229786400E-27
   452.389342117      0.119401085288E-27
   458.672527424      0.548862799575E-28
   464.955712731      0.288249834001E-28
   471.238898038      0.137133977560E-28
   477.522083346      0.715989884422E-29
   483.805268653      0.354489509610E-29
   490.088453960      0.183664393076E-29
   496.371639267      0.967858323239E-30
   502.654824574      0.510967042564E-30
   508.938009882      0.274526530230E-30
   515.221195189      0.137485657554E-30
   521.504380496      0.807186506497E-31
   527.787565803      0.403025104615E-31
   534.070751110      0.239500069896E-31
   540.353936417      0.115567652922E-31
   546.637121725      0.485998107046E-32
   552.920307032      0.239039060600E-32
   559.203492339      0.127500962066E-32
   565.486677646      0.702267601261E-33
   571.769862953      0.353121421888E-33
   578.053048261      0.193192125042E-33
   584.336233568      0.123530333732E-33
   590.619418875      0.792417257610E-34
   596.902604182      0.517497595917E-34
   603.185789489      0.391619615655E-34
   609.468974796      0.285574991937E-34
   615.752160104      0.278692652217E-34
   622.035345411      0.181513684144E-34
   628.318530718      0.171001490363E-34
   634.601716025      0.160634007218E-34
   640.884901332      0.166213338446E-34
   647.168086639      0.147294905012E-34
   653.451271947      0.152670149114E-34
   659.734457254      0.122144980696E-34
   666.017642561      0.144184399992E-34
   672.300827868      0.116023384686E-34
   678.584013175      0.114195391035E-34
   684.867198483      0.965889285779E-35
   691.150383790      0.103317371229E-34
   697.433569097      0.940492909306E-35
   703.716754404      0.125045384574E-34
   709.999939711      0.789107303625E-35
   716.283125018      0.105015857333E-34
   722.566310326      0.772036434749E-35
   728.849495633      0.733292490345E-35
   735.132680940      0.673692904531E-35
   741.415866247      0.674474477205E-35
   747.699051554      0.573658554409E-35
   753.982236862      0.635772384900E-35
   760.265422169      0.495370034357E-35
   766.548607476      0.479459061842E-35
   772.831792783      0.459244152006E-35
   779.114978090      0.456066441852E-35
   785.398163397      0.395487989852E-35
   791.681348705      0.460016663890E-35
   797.964534012      0.596844278168E-35
   804.247719319      0.135619536967E-34
   810.530904626      0.376907201734E-35
   816.814089933      0.346401154948E-35
   823.097275241      0.334562317090E-35
   829.380460548      0.299010856536E-35
   835.663645855      0.306964967745E-35
   841.946831162      0.281569630859E-35
   848.230016469      0.259248812771E-35
   854.513201776      0.267725391744E-35
   860.796387084      0.231400320308E-35
   867.079572391      0.236733746207E-35
   873.362757698      0.232350617353E-35
   879.645943005      0.224332303628E-35
   885.929128312      0.231447630424E-35
   892.212313620      0.198041032723E-35
   898.495498927      0.200170185539E-35
   904.778684234      0.195407929616E-35
   911.061869541      0.177893953428E-35
   917.345054848      0.185862442439E-35
   923.628240155      0.172600932744E-35
   929.911425463      0.158239503487E-35
   936.194610770      0.162035981833E-35
   942.477796077      0.162012014584E-35
   948.760981384      0.158775639731E-35
   955.044166691      0.151813148718E-35
   961.327351998      0.152136819822E-35
   967.610537306      0.151950709332E-35
   973.893722613      0.137856600502E-35
   980.176907920      0.145243845133E-35
   986.460093227      0.139205959651E-35
   992.743278534      0.128665745583E-35
   999.026463842      0.133341208695E-35
   1005.30964915      0.145951593400E-35
   1011.59283446      0.116692573262E-35
   1017.87601976      0.117464602668E-35
   1024.15920507      0.108734890366E-35
   1030.44239038      0.101771419680E-35
   1036.72557568      0.116964690737E-35
   1043.00876099      0.101191193955E-35
   1049.29194630      0.100902949649E-35
   1055.57513161      0.101457118109E-35
   1061.85831691      0.920142787936E-36
   1068.14150222      0.993663120081E-36
   1074.42468753      0.762859240221E-36
   1080.70787283      0.796811703459E-36
   1086.99105814      0.772715864155E-36
   1093.27424345      0.741657127780E-36
   1099.55742876      0.768172758248E-36
   1105.84061406      0.685150046822E-36
   1112.12379937      0.676945597462E-36
   1118.40698468      0.577978400671E-36
   1124.69016999      0.586590203909E-36
   1130.97335529      0.584762647895E-36
   1137.25654060      0.445774393617E-36
   1143.53972591      0.430687595825E-36
   1149.82291121      0.365683113690E-36
   1156.10609652      0.350984444756E-36
   1162.38928183      0.312179772129E-36
   1168.67246714      0.309387562317E-36
   1174.95565244      0.272001296685E-36
   1181.23883775      0.262697893390E-36
   1187.52202306      0.242776787684E-36
   1193.80520836      0.238653676879E-36
   1200.08839367      0.217891137157E-36
   1206.37157898      0.201303132346E-36
   1212.65476429      0.181413951246E-36
   1218.93794959      0.175896501389E-36
   1225.22113490      0.161127497080E-36
   1231.50432021      0.151087472730E-36
   1237.78750551      0.126789619758E-36
   1244.07069082      0.129925971978E-36
   1250.35387613      0.121373005480E-36
   1256.63706144      0.111714898114E-36
   1262.92024674      0.959814079306E-37
   1269.20343205      0.932279494405E-37
   1275.48661736      0.797880888899E-37
   1281.76980266      0.789064207016E-37
   1288.05298797      0.722017634339E-37
   1294.33617328      0.662804645546E-37
   1300.61935859      0.538535338112E-37
   1306.90254389      0.483195214961E-37
   1313.18572920      0.497205141354E-37
   1319.46891451      0.435486763797E-37
   1325.75209981      0.371472977502E-37
   1332.03528512      0.311415434564E-37
   1338.31847043      0.261466787531E-37
   1344.60165574      0.256745083800E-37
   1350.88484104      0.213524914888E-37
   1357.16802635      0.145115123164E-37
   1363.45121166      0.918501519549E-38
   1369.73439697      0.108349003528E-37
   1376.01758227      0.684710031928E-38
   1382.30076758      0.327968664204E-38
   1388.58395289      0.355081262246E-39
   1394.86713819      0.548179106793E-40
   6.28318530718      0.116499466052E-40
   12.5663706144      0.179232807360E-02
   18.8495559215      0.339404737198E-03
   25.1327412287      0.202226983546E-03
   31.4159265359      0.719096139717E-04
   37.6991118431      0.261492345876E-04
   43.9822971503      0.991977650215E-05
   50.2654824574      0.569561812348E-05
   56.5486677646      0.179011362267E-05
   62.8318530718      0.646155497636E-06
   69.1150383790      0.259174876228E-06
   75.3982236862      0.933161935596E-07
   81.6814089933      0.351162052050E-07
   87.9645943005      0.140798667861E-07
   94.2477796077      0.498665191586E-08
   100.530964915      0.215137976793E-08
   106.814150222      0.691142407982E-09
   113.097335529      0.328486152762E-09
   119.380520836      0.945235618697E-10
   125.663706144      0.461227926515E-10
   131.946891451      0.130394007885E-10
   138.230076758      0.671925067169E-11
   144.513262065      0.186623904181E-11
   150.796447372      0.110860951129E-11
   157.079632679      0.295963563951E-12
   163.362817987      0.199180168814E-12
   169.646003294      0.494263535134E-13
   175.929188601      0.397907319481E-13
   182.212373908      0.100281619883E-13
   188.495559215      0.850207607646E-14
   194.778744523      0.212169778428E-14
   201.061929830      0.192035376781E-14
   207.345115137      0.540435237090E-15
   213.628300444      0.413924120128E-15
   219.911485751      0.136618991128E-15
   226.194671058      0.821832162810E-16
   232.477856366      0.328576777503E-16
   238.761041673      0.173090851910E-16
   245.044226980      0.744816870157E-17
   251.327412287      0.373155324922E-17
   257.610597594      0.161853910652E-17
   263.893782902      0.802501052120E-18
   270.176968209      0.321558220946E-18
   276.460153516      0.166276554059E-18
   282.743338823      0.685110195255E-19
   289.026524130      0.321903843050E-19
   295.309709437      0.143831472563E-19
   301.592894745      0.673739165141E-20
   307.876080052      0.284608389813E-20
   314.159265359      0.141483256373E-20
   320.442450666      0.621801624097E-21
   326.725635973      0.268655244425E-21
   333.008821281      0.127896356938E-21
   339.292006588      0.567849190328E-22
   345.575191895      0.250316127735E-22
   351.858377202      0.122513528570E-22
   358.141562509      0.533909486110E-23
   364.424747816      0.273425204258E-23
   370.707933124      0.127976360734E-23
   376.991118431      0.614025476705E-24
   383.274303738      0.322166786126E-24
   389.557489045      0.165908691894E-24
   395.840674352      0.847587289325E-25
   402.123859659      0.485759915560E-25
   408.407044967      0.197756885046E-25
   414.690230274      0.957335488481E-26
   420.973415581      0.396459537176E-26
   427.256600888      0.225493025753E-26
   433.539786195      0.931695041150E-27
   439.822971503      0.498968239834E-27
   446.106156810      0.218229483138E-27
   452.389342117      0.119401174843E-27
   458.672527424      0.548862044758E-28
   464.955712731      0.288250243963E-28
   471.238898038      0.137133646856E-28
   477.522083346      0.715993927892E-29
   483.805268653      0.354489819882E-29
   490.088453960      0.183664365229E-29
   496.371639267      0.967843355191E-30
   502.654824574      0.510943376499E-30
   508.938009882      0.274536042988E-30
   515.221195189      0.137489072480E-30
   521.504380496      0.807210634517E-31
   527.787565803      0.403068773633E-31
   534.070751110      0.239539807527E-31
   540.353936417      0.115592670627E-31
   546.637121725      0.486059512033E-32
   552.920307032      0.239119605947E-32
   559.203492339      0.127634058636E-32
   565.486677646      0.703142429123E-33
   571.769862953      0.354576540694E-33
   578.053048261      0.194026670522E-33
   584.336233568      0.124623522938E-33
   590.619418875      0.797903905657E-34
   596.902604182      0.525200758878E-34
   603.185789489      0.400931456430E-34
   609.468974796      0.291102969232E-34
   615.752160104      0.287173487774E-34
   622.035345411      0.190677118674E-34
   628.318530718      0.174777531927E-34
   634.601716025      0.169243811300E-34
   640.884901332      0.161790854826E-34
   647.168086639      0.150161344909E-34
   653.451271947      0.158684781246E-34
   659.734457254      0.125804080702E-34
   666.017642561      0.147964719632E-34
   672.300827868      0.121762137896E-34
   678.584013175      0.117340478371E-34
   684.867198483      0.102090399330E-34
   691.150383790      0.105248761917E-34
   697.433569097      0.922010245950E-35
   703.716754404      0.108659785861E-34
   709.999939711      0.794612908150E-35
   716.283125018      0.101826540314E-34
   722.566310326      0.760097255706E-35
   728.849495633      0.762124722416E-35
   735.132680940      0.647855034734E-35
   741.415866247      0.642828731518E-35
   747.699051554      0.570938382467E-35
   753.982236862      0.609194567372E-35
   760.265422169      0.489395823901E-35
   766.548607476      0.490532597574E-35
   772.831792783      0.451327105116E-35
   779.114978090      0.473461942294E-35
   785.398163397      0.401148910541E-35
   791.681348705      0.486011940213E-35
   797.964534012      0.537628248988E-35
   804.247719319      0.130069222284E-34
   810.530904626      0.379938368743E-35
   816.814089933      0.329000520195E-35
   823.097275241      0.325394824804E-35
   829.380460548      0.307595140625E-35
   835.663645855      0.293080288592E-35
   841.946831162      0.273462475671E-35
   848.230016469      0.247051654854E-35
   854.513201776      0.253821806226E-35
   860.796387084      0.230336162655E-35
   867.079572391      0.227739512426E-35
   873.362757698      0.217555834685E-35
   879.645943005      0.203582491639E-35
   885.929128312      0.217710972239E-35
   892.212313620      0.190274836210E-35
   898.495498927      0.191048128910E-35
   904.778684234      0.179798142336E-35
   911.061869541      0.168253784419E-35
   917.345054848      0.168475184093E-35
   923.628240155      0.163529542706E-35
   929.911425463      0.159596470576E-35
   936.194610770      0.152369314782E-35
   942.477796077      0.156445833312E-35
   948.760981384      0.142306791009E-35
   955.044166691      0.138886428840E-35
   961.327351998      0.146951932921E-35
   967.610537306      0.139465475792E-35
   973.893722613      0.133902521626E-35
   980.176907920      0.132293722180E-35
   986.460093227      0.128213265403E-35
   992.743278534      0.129612134282E-35
   999.026463842      0.123885190819E-35
   1005.30964915      0.128014079915E-35
   1011.59283446      0.109719640645E-35
   1017.87601976      0.118987619015E-35
   1024.15920507      0.109853261262E-35
   1030.44239038      0.970167440503E-36
   1036.72557568      0.110590395458E-35
   1043.00876099      0.939684867385E-36
   1049.29194630      0.978776604370E-36
   1055.57513161      0.915947028847E-36
   1061.85831691      0.903251616298E-36
   1068.14150222      0.961189230551E-36
   1074.42468753      0.812594882167E-36
   1080.70787283      0.785339018957E-36
   1086.99105814      0.772580110490E-36
   1093.27424345      0.700126507602E-36
   1099.55742876      0.712734428630E-36
   1105.84061406      0.628081381421E-36
   1112.12379937      0.708205691616E-36
   1118.40698468      0.617156324108E-36
   1124.69016999      0.634602854130E-36
   1130.97335529      0.545493683857E-36
   1137.25654060      0.475380248886E-36
   1143.53972591      0.420695561760E-36
   1149.82291121      0.364764092771E-36
   1156.10609652      0.351178370401E-36
   1162.38928183      0.312971342727E-36
   1168.67246714      0.307214651789E-36
   1174.95565244      0.269351551243E-36
   1181.23883775      0.262717360623E-36
   1187.52202306      0.234791405952E-36
   1193.80520836      0.232863741334E-36
   1200.08839367      0.216388905866E-36
   1206.37157898      0.203253961152E-36
   1212.65476429      0.175629024232E-36
   1218.93794959      0.168320987720E-36
   1225.22113490      0.160770085605E-36
   1231.50432021      0.145560191596E-36
   1237.78750551      0.123591662503E-36
   1244.07069082      0.125527696024E-36
   1250.35387613      0.119469882605E-36
   1256.63706144      0.110740886369E-36
   1262.92024674      0.984953441547E-37
   1269.20343205      0.938365816083E-37
   1275.48661736      0.808178658468E-37
   1281.76980266      0.819441450532E-37
   1288.05298797      0.740928687282E-37
   1294.33617328      0.701757167552E-37
   1300.61935859      0.586102076721E-37
   1306.90254389      0.470435674676E-37
   1313.18572920      0.465317916222E-37
   1319.46891451      0.415148867122E-37
   1325.75209981      0.353985317019E-37
   1332.03528512      0.314852168844E-37
   1338.31847043      0.243120401752E-37
   1344.60165574      0.242883793926E-37
   1350.88484104      0.217187682135E-37
   1357.16802635      0.140324713264E-37
   1363.45121166      0.791066597152E-38
   1369.73439697      0.910574338710E-38
   1376.01758227      0.738926558727E-38
   1382.30076758      0.474351401046E-38
   1388.58395289      0.561567205142E-39
   1394.86713819      0.473886569763E-40
   6.28318530718      0.250974613398E-40
   12.5663706144      0.173383820491E-02
   18.8495559215      0.361786520852E-03
   25.1327412287      0.210549267079E-03
   31.4159265359      0.811935782149E-04
   37.6991118431      0.317924178835E-04
   43.9822971503      0.128371158772E-04
   50.2654824574      0.717020377324E-05
   56.5486677646      0.246389749066E-05
   62.8318530718      0.975447300799E-06
   69.1150383790      0.409132168135E-06
   75.3982236862      0.158291795281E-06
   81.6814089933      0.632779513261E-07
   87.9645943005      0.271641191594E-07
   94.2477796077      0.105537087622E-07
   100.530964915      0.456478446144E-08
   106.814150222      0.172392997244E-08
   113.097335529      0.751229960352E-09
   119.380520836      0.264748883010E-09
   125.663706144      0.114477550186E-09
   131.946891451      0.393451901549E-10
   138.230076758      0.168371712212E-10
   144.513262065      0.570317959529E-11
   150.796447372      0.252055394339E-11
   157.079632679      0.827426746444E-12
   163.362817987      0.386437569479E-12
   169.646003294      0.118187041469E-12
   175.929188601      0.627072561512E-13
   182.212373908      0.185740695447E-13
   188.495559215      0.110340542494E-13
   194.778744523      0.308939876396E-14
   201.061929830      0.213342999528E-14
   207.345115137      0.628619966875E-15
   213.628300444      0.415635755581E-15
   219.911485751      0.138587572279E-15
   226.194671058      0.776639220087E-16
   232.477856366      0.309678153331E-16
   238.761041673      0.156453014895E-16
   245.044226980      0.671922222255E-17
   251.327412287      0.329142642505E-17
   257.610597594      0.142450947286E-17
   263.893782902      0.699642815989E-18
   270.176968209      0.280083807578E-18
   276.460153516      0.143669559923E-18
   282.743338823      0.592142304222E-19
   289.026524130      0.278522135628E-19
   295.309709437      0.123671808309E-19
   301.592894745      0.582776809119E-20
   307.876080052      0.245181656438E-20
   314.159265359      0.122670265228E-20
   320.442450666      0.536991889799E-21
   326.725635973      0.234150647125E-21
   333.008821281      0.111162165064E-21
   339.292006588      0.498070170184E-22
   345.575191895      0.218860139552E-22
   351.858377202      0.108261469063E-22
   358.141562509      0.472277007364E-23
   364.424747816      0.244638934995E-23
   370.707933124      0.115534467274E-23
   376.991118431      0.567149909701E-24
   383.274303738      0.303754304384E-24
   389.557489045      0.161749604135E-24
   395.840674352      0.853078708231E-25
   402.123859659      0.499636080681E-25
   408.407044967      0.201076130801E-25
   414.690230274      0.972207024364E-26
   420.973415581      0.397551383587E-26
   427.256600888      0.226638078842E-26
   433.539786195      0.933641372938E-27
   439.822971503      0.498968231762E-27
   446.106156810      0.218229324719E-27
   452.389342117      0.119401326379E-27
   458.672527424      0.548863056344E-28
   464.955712731      0.288250987795E-28
   471.238898038      0.137133948053E-28
   477.522083346      0.715994185746E-29
   483.805268653      0.354493336580E-29
   490.088453960      0.183665741229E-29
   496.371639267      0.967822560054E-30
   502.654824574      0.510962893513E-30
   508.938009882      0.274542071290E-30
   515.221195189      0.137501780886E-30
   521.504380496      0.807277225950E-31
   527.787565803      0.403089550613E-31
   534.070751110      0.239589579251E-31
   540.353936417      0.115640677370E-31
   546.637121725      0.486287927191E-32
   552.920307032      0.239287859671E-32
   559.203492339      0.127716083029E-32
   565.486677646      0.705299749932E-33
   571.769862953      0.355466766261E-33
   578.053048261      0.194835071043E-33
   584.336233568      0.125284949133E-33
   590.619418875      0.810364476351E-34
   596.902604182      0.534752891357E-34
   603.185789489      0.399037914329E-34
   609.468974796      0.304217862598E-34
   615.752160104      0.280584146976E-34
   622.035345411      0.196900916553E-34
   628.318530718      0.185840538534E-34
   634.601716025      0.179980534923E-34
   640.884901332      0.170974928616E-34
   647.168086639      0.160112755394E-34
   653.451271947      0.170465595955E-34
   659.734457254      0.133856810020E-34
   666.017642561      0.158092268346E-34
   672.300827868      0.129292934136E-34
   678.584013175      0.121577372442E-34
   684.867198483      0.106090919987E-34
   691.150383790      0.106304746045E-34
   697.433569097      0.975808593417E-35
   703.716754404      0.112743399912E-34
   709.999939711      0.807250028253E-35
   716.283125018      0.106544787666E-34
   722.566310326      0.801254534937E-35
   728.849495633      0.775778540366E-35
   735.132680940      0.665881150146E-35
   741.415866247      0.662850005786E-35
   747.699051554      0.572739300052E-35
   753.982236862      0.618358625636E-35
   760.265422169      0.502213083923E-35
   766.548607476      0.523728832417E-35
   772.831792783      0.462871959296E-35
   779.114978090      0.479982464714E-35
   785.398163397      0.400816769331E-35
   791.681348705      0.499649978876E-35
   797.964534012      0.596674172110E-35
   804.247719319      0.167427603407E-34
   810.530904626      0.396318432448E-35
   816.814089933      0.350537520648E-35
   823.097275241      0.339212415053E-35
   829.380460548      0.301122969939E-35
   835.663645855      0.290742511051E-35
   841.946831162      0.264918914865E-35
   848.230016469      0.244811356495E-35
   854.513201776      0.250804290117E-35
   860.796387084      0.229751157270E-35
   867.079572391      0.229705824418E-35
   873.362757698      0.218641723850E-35
   879.645943005      0.208906151683E-35
   885.929128312      0.212402821882E-35
   892.212313620      0.194527778091E-35
   898.495498927      0.187440169440E-35
   904.778684234      0.189606376408E-35
   911.061869541      0.166064166989E-35
   917.345054848      0.171058835333E-35
   923.628240155      0.160379015057E-35
   929.911425463      0.159458881201E-35
   936.194610770      0.151019349011E-35
   942.477796077      0.160151545459E-35
   948.760981384      0.148912678972E-35
   955.044166691      0.147950377814E-35
   961.327351998      0.146075734168E-35
   967.610537306      0.143003608642E-35
   973.893722613      0.132346293775E-35
   980.176907920      0.132633449948E-35
   986.460093227      0.123302379272E-35
   992.743278534      0.127923910349E-35
   999.026463842      0.123736787206E-35
   1005.30964915      0.124006433520E-35
   1011.59283446      0.109325124924E-35
   1017.87601976      0.117333864553E-35
   1024.15920507      0.115500833277E-35
   1030.44239038      0.998152269790E-36
   1036.72557568      0.114620317356E-35
   1043.00876099      0.968381135502E-36
   1049.29194630      0.100028356703E-35
   1055.57513161      0.921752614544E-36
   1061.85831691      0.886559528349E-36
   1068.14150222      0.949291200608E-36
   1074.42468753      0.761070850825E-36
   1080.70787283      0.776614676901E-36
   1086.99105814      0.817108939235E-36
   1093.27424345      0.714559608151E-36
   1099.55742876      0.787424215339E-36
   1105.84061406      0.652774712840E-36
   1112.12379937      0.674550593891E-36
   1118.40698468      0.579543954377E-36
   1124.69016999      0.602906146148E-36
   1130.97335529      0.572981671940E-36
   1137.25654060      0.459601681866E-36
   1143.53972591      0.427643070206E-36
   1149.82291121      0.368532419962E-36
   1156.10609652      0.349124469000E-36
   1162.38928183      0.312971987451E-36
   1168.67246714      0.301191703193E-36
   1174.95565244      0.269240486038E-36
   1181.23883775      0.268486129900E-36
   1187.52202306      0.239217533582E-36
   1193.80520836      0.227213098807E-36
   1200.08839367      0.210663356156E-36
   1206.37157898      0.200166307879E-36
   1212.65476429      0.181079275708E-36
   1218.93794959      0.172349049512E-36
   1225.22113490      0.162923959621E-36
   1231.50432021      0.150711679448E-36
   1237.78750551      0.132874774120E-36
   1244.07069082      0.136075445182E-36
   1250.35387613      0.123878593592E-36
   1256.63706144      0.115541955540E-36
   1262.92024674      0.105701878627E-36
   1269.20343205      0.975122974984E-37
   1275.48661736      0.795008740923E-37
   1281.76980266      0.822267258009E-37
   1288.05298797      0.722498195962E-37
   1294.33617328      0.668688937271E-37
   1300.61935859      0.564932187028E-37
   1306.90254389      0.452779933880E-37
   1313.18572920      0.460576244129E-37
   1319.46891451      0.446059138857E-37
   1325.75209981      0.358419756555E-37
   1332.03528512      0.314618599397E-37
   1338.31847043      0.269176671562E-37
   1344.60165574      0.271949284235E-37
   1350.88484104      0.215484558374E-37
   1357.16802635      0.138292353695E-37
   1363.45121166      0.776129610523E-38
   1369.73439697      0.108207420300E-37
   1376.01758227      0.915064509005E-38
   1382.30076758      0.470170375825E-38
   1388.58395289      0.100891339578E-38
   1394.86713819      0.887179962693E-40
   6.28318530718      0.278311274115E-40
   12.5663706144      0.167534290779E-02
   18.8495559215      0.381999956001E-03
   25.1327412287      0.218876548280E-03
   31.4159265359      0.903870162314E-04
   37.6991118431      0.380033151603E-04
   43.9822971503      0.161376868815E-04
   50.2654824574      0.893439152183E-05
   56.5486677646      0.329639905491E-05
   62.8318530718      0.141996074455E-05
   69.1150383790      0.622607456891E-06
   75.3982236862      0.257427896293E-06
   81.6814089933      0.108574235649E-06
   87.9645943005      0.498436044433E-07
   94.2477796077      0.208946449325E-07
   100.530964915      0.936806335396E-08
   106.814150222      0.394360722631E-08
   113.097335529      0.171751205073E-08
   119.380520836      0.689691429270E-09
   125.663706144      0.295745506729E-09
   131.946891451      0.114692600145E-09
   138.230076758      0.481007697936E-10
   144.513262065      0.183249063701E-10
   150.796447372      0.758332888642E-11
   157.079632679      0.284139863541E-11
   163.362817987      0.117303018626E-11
   169.646003294      0.422184110634E-12
   175.929188601      0.179368364941E-12
   182.212373908      0.633650589675E-13
   188.495559215      0.279025125757E-13
   194.778744523      0.944638957052E-14
   201.061929830      0.448373554181E-14
   207.345115137      0.151070633491E-14
   213.628300444      0.726335569785E-15
   219.911485751      0.256332161377E-15
   226.194671058      0.116659312165E-15
   232.477856366      0.456510418670E-16
   238.761041673      0.201247418760E-16
   245.044226980      0.835211591965E-17
   251.327412287      0.371517515696E-17
   257.610597594      0.156417316661E-17
   263.893782902      0.717598411686E-18
   270.176968209      0.284997088518E-18
   276.460153516      0.137973334720E-18
   282.743338823      0.564512110961E-19
   289.026524130      0.258738663766E-19
   295.309709437      0.112652256621E-19
   301.592894745      0.525062143568E-20
   307.876080052      0.218490445043E-20
   314.159265359      0.108557644435E-20
   320.442450666      0.469987345904E-21
   326.725635973      0.206603441721E-21
   333.008821281      0.968905489927E-22
   339.292006588      0.438555421297E-22
   345.575191895      0.190838642727E-22
   351.858377202      0.955895865700E-23
   358.141562509      0.415470735821E-23
   364.424747816      0.217836794716E-23
   370.707933124      0.103745798543E-23
   376.991118431      0.519762101308E-24
   383.274303738      0.283470274226E-24
   389.557489045      0.156383654907E-24
   395.840674352      0.847551660853E-25
   402.123859659      0.512185421109E-25
   408.407044967      0.204638337541E-25
   414.690230274      0.987914420761E-26
   420.973415581      0.399345231618E-26
   427.256600888      0.227966923144E-26
   433.539786195      0.935716761405E-27
   439.822971503      0.499086769691E-27
   446.106156810      0.218229351116E-27
   452.389342117      0.119401346424E-27
   458.672527424      0.548861668468E-28
   464.955712731      0.288249625403E-28
   471.238898038      0.137133700535E-28
   477.522083346      0.715998503610E-29
   483.805268653      0.354491184869E-29
   490.088453960      0.183665409064E-29
   496.371639267      0.967829007822E-30
   502.654824574      0.510949766374E-30
   508.938009882      0.274544521846E-30
   515.221195189      0.137510101704E-30
   521.504380496      0.807361061146E-31
   527.787565803      0.403151896464E-31
   534.070751110      0.239656574873E-31
   540.353936417      0.115681989654E-31
   546.637121725      0.486652383347E-32
   552.920307032      0.239391758081E-32
   559.203492339      0.127808163255E-32
   565.486677646      0.707154473639E-33
   571.769862953      0.357093823401E-33
   578.053048261      0.195719447866E-33
   584.336233568      0.125961444166E-33
   590.619418875      0.819872751204E-34
   596.902604182      0.544859559229E-34
   603.185789489      0.419015746093E-34
   609.468974796      0.312777363910E-34
   615.752160104      0.297696661070E-34
   622.035345411      0.200107194185E-34
   628.318530718      0.199643084355E-34
   634.601716025      0.193004348871E-34
   640.884901332      0.184791098807E-34
   647.168086639      0.166634250528E-34
   653.451271947      0.178414205115E-34
   659.734457254      0.137893368490E-34
   666.017642561      0.162711964515E-34
   672.300827868      0.130404412570E-34
   678.584013175      0.125692715115E-34
   684.867198483      0.108621421481E-34
   691.150383790      0.111557811628E-34
   697.433569097      0.100072956138E-34
   703.716754404      0.113986420892E-34
   709.999939711      0.857863895336E-35
   716.283125018      0.108351832850E-34
   722.566310326      0.840454658603E-35
   728.849495633      0.774282474965E-35
   735.132680940      0.706706309077E-35
   741.415866247      0.689227632105E-35
   747.699051554      0.601674206131E-35
   753.982236862      0.655528180944E-35
   760.265422169      0.521996381962E-35
   766.548607476      0.528155397367E-35
   772.831792783      0.487688351582E-35
   779.114978090      0.472891218333E-35
   785.398163397      0.425506802832E-35
   791.681348705      0.468647544734E-35
   797.964534012      0.537506571140E-35
   804.247719319      0.145446463558E-34
   810.530904626      0.398294073528E-35
   816.814089933      0.342065672500E-35
   823.097275241      0.336902142262E-35
   829.380460548      0.304124830550E-35
   835.663645855      0.303223050806E-35
   841.946831162      0.276812537744E-35
   848.230016469      0.250442175982E-35
   854.513201776      0.259708634262E-35
   860.796387084      0.234438694499E-35
   867.079572391      0.226888642397E-35
   873.362757698      0.225667823948E-35
   879.645943005      0.227565743585E-35
   885.929128312      0.226660347518E-35
   892.212313620      0.191740516565E-35
   898.495498927      0.191700636194E-35
   904.778684234      0.189661264461E-35
   911.061869541      0.171694592893E-35
   917.345054848      0.178748994266E-35
   923.628240155      0.162351800111E-35
   929.911425463      0.160759695478E-35
   936.194610770      0.153369959979E-35
   942.477796077      0.149369759380E-35
   948.760981384      0.144040568756E-35
   955.044166691      0.140989577336E-35
   961.327351998      0.142326735398E-35
   967.610537306      0.143840816326E-35
   973.893722613      0.133178632904E-35
   980.176907920      0.132158058109E-35
   986.460093227      0.125046799862E-35
   992.743278534      0.123892893229E-35
   999.026463842      0.121672274746E-35
   1005.30964915      0.125202620849E-35
   1011.59283446      0.110598159156E-35
   1017.87601976      0.116453082001E-35
   1024.15920507      0.115685210671E-35
   1030.44239038      0.100796218183E-35
   1036.72557568      0.109362421739E-35
   1043.00876099      0.967169506750E-36
   1049.29194630      0.975774994772E-36
   1055.57513161      0.938968786847E-36
   1061.85831691      0.883222691137E-36
   1068.14150222      0.985300121846E-36
   1074.42468753      0.849806015881E-36
   1080.70787283      0.827579364558E-36
   1086.99105814      0.782446683593E-36
   1093.27424345      0.768577399572E-36
   1099.55742876      0.818427535089E-36
   1105.84061406      0.655461819413E-36
   1112.12379937      0.662018192761E-36
   1118.40698468      0.599878881602E-36
   1124.69016999      0.597830768141E-36
   1130.97335529      0.533665110671E-36
   1137.25654060      0.457215720042E-36
   1143.53972591      0.423753711208E-36
   1149.82291121      0.369233657459E-36
   1156.10609652      0.349350841746E-36
   1162.38928183      0.316396718256E-36
   1168.67246714      0.311275464480E-36
   1174.95565244      0.274999547639E-36
   1181.23883775      0.271699639847E-36
   1187.52202306      0.241435912794E-36
   1193.80520836      0.234996735804E-36
   1200.08839367      0.211197872378E-36
   1206.37157898      0.200385292201E-36
   1212.65476429      0.179943534720E-36
   1218.93794959      0.171886267053E-36
   1225.22113490      0.161226361474E-36
   1231.50432021      0.150151200446E-36
   1237.78750551      0.134024992293E-36
   1244.07069082      0.127018311444E-36
   1250.35387613      0.121158824124E-36
   1256.63706144      0.114263713231E-36
   1262.92024674      0.103139054740E-36
   1269.20343205      0.974337200236E-37
   1275.48661736      0.791768435201E-37
   1281.76980266      0.798188183571E-37
   1288.05298797      0.717299851453E-37
   1294.33617328      0.674281814537E-37
   1300.61935859      0.563874287588E-37
   1306.90254389      0.479192109342E-37
   1313.18572920      0.507401238029E-37
   1319.46891451      0.456386397915E-37
   1325.75209981      0.396802601642E-37
   1332.03528512      0.331240918487E-37
   1338.31847043      0.242812116593E-37
   1344.60165574      0.288368852940E-37
   1350.88484104      0.243080312577E-37
   1357.16802635      0.159898050629E-37
   1363.45121166      0.895173341944E-38
   1369.73439697      0.941959245947E-38
   1376.01758227      0.653507694661E-38
   1382.30076758      0.271092725565E-38
   1388.58395289      0.848280591276E-39
   1394.86713819      0.924454008986E-40
   6.28318530718      0.233597051778E-39
   12.5663706144      0.161708601877E-02
   18.8495559215      0.399886270159E-03
   25.1327412287      0.227304972689E-03
   31.4159265359      0.994445161685E-04
   37.6991118431      0.447258228485E-04
   43.9822971503      0.197180520776E-04
   50.2654824574      0.110069783801E-04
   56.5486677646      0.427198807988E-05
   62.8318530718      0.198744145070E-05
   69.1150383790      0.908218702426E-06
   75.3982236862      0.396760340347E-06
   81.6814089933      0.176454478902E-06
   87.9645943005      0.857657685443E-07
   94.2477796077      0.382564106055E-07
   100.530964915      0.180174047422E-07
   106.814150222      0.818999283288E-08
   113.097335529      0.369033158979E-08
   119.380520836      0.161984662584E-08
   125.663706144      0.716184507416E-09
   131.946891451      0.302018745224E-09
   138.230076758      0.130514749184E-09
   144.513262065      0.537965038798E-10
   150.796447372      0.227053224106E-10
   157.079632679      0.921823391265E-11
   163.362817987      0.383008886831E-11
   169.646003294      0.150919337548E-11
   175.929188601      0.625569842149E-12
   182.212373908      0.244152004818E-12
   188.495559215      0.101463638800E-12
   194.778744523      0.385458239432E-13
   201.061929830      0.163087170398E-13
   207.345115137      0.615747822929E-14
   213.628300444      0.257403857331E-14
   219.911485751      0.987616292103E-15
   226.194671058      0.399462114581E-15
   232.477856366      0.158309502627E-15
   238.761041673      0.631782101514E-16
   245.044226980      0.254470907415E-16
   251.327412287      0.101733467213E-16
   257.610597594      0.412150449731E-17
   263.893782902      0.167038032044E-17
   270.176968209      0.659973550884E-18
   276.460153516      0.275977355330E-18
   282.743338823      0.110435181165E-18
   289.026524130      0.458520723802E-19
   295.309709437      0.187374118625E-19
   301.592894745      0.800378767003E-20
   307.876080052      0.320928592695E-20
   314.159265359      0.144663274866E-20
   320.442450666      0.596481674114E-21
   326.725635973      0.254817861987E-21
   333.008821281      0.111456344036E-21
   339.292006588      0.492925964917E-22
   345.575191895      0.204953426963E-22
   351.858377202      0.999377043697E-23
   358.141562509      0.421121327619E-23
   364.424747816      0.215796792743E-23
   370.707933124      0.100624224960E-23
   376.991118431      0.503770706324E-24
   383.274303738      0.272958900713E-24
   389.557489045      0.151280146399E-24
   395.840674352      0.833764933461E-25
   402.123859659      0.510871213258E-25
   408.407044967      0.204892793407E-25
   414.690230274      0.984927741364E-26
   420.973415581      0.401402366017E-26
   427.256600888      0.229893929690E-26
   433.539786195      0.941266136054E-27
   439.822971503      0.500399055753E-27
   446.106156810      0.218352149824E-27
   452.389342117      0.119476323987E-27
   458.672527424      0.548206150014E-28
   464.955712731      0.288249387660E-28
   471.238898038      0.137133854874E-28
   477.522083346      0.715999405491E-29
   483.805268653      0.354494543635E-29
   490.088453960      0.183666717618E-29
   496.371639267      0.967834929981E-30
   502.654824574      0.510959233019E-30
   508.938009882      0.274556032780E-30
   515.221195189      0.137517180721E-30
   521.504380496      0.807377911623E-31
   527.787565803      0.403224178109E-31
   534.070751110      0.239730886787E-31
   540.353936417      0.115714615440E-31
   546.637121725      0.486880788038E-32
   552.920307032      0.239603350381E-32
   559.203492339      0.127920303304E-32
   565.486677646      0.709409843660E-33
   571.769862953      0.358822288461E-33
   578.053048261      0.197887216688E-33
   584.336233568      0.127304648495E-33
   590.619418875      0.826825030132E-34
   596.902604182      0.559126156468E-34
   603.185789489      0.422096066783E-34
   609.468974796      0.328294640965E-34
   615.752160104      0.310269349022E-34
   622.035345411      0.213319578783E-34
   628.318530718      0.203611786574E-34
   634.601716025      0.203935534672E-34
   640.884901332      0.196913292008E-34
   647.168086639      0.176482956376E-34
   653.451271947      0.199708146592E-34
   659.734457254      0.148818021269E-34
   666.017642561      0.171198356367E-34
   672.300827868      0.139866827137E-34
   678.584013175      0.140474496419E-34
   684.867198483      0.113373310452E-34
   691.150383790      0.115565210627E-34
   697.433569097      0.103421801876E-34
   703.716754404      0.113623261879E-34
   709.999939711      0.886408410245E-35
   716.283125018      0.106837038639E-34
   722.566310326      0.848599274162E-35
   728.849495633      0.813601268242E-35
   735.132680940      0.721374155412E-35
   741.415866247      0.697210162986E-35
   747.699051554      0.618999440080E-35
   753.982236862      0.668937597803E-35
   760.265422169      0.517301522406E-35
   766.548607476      0.563855601613E-35
   772.831792783      0.479169509433E-35
   779.114978090      0.480209414225E-35
   785.398163397      0.417820562307E-35
   791.681348705      0.501957069558E-35
   797.964534012      0.580234657543E-35
   804.247719319      0.104762293746E-34
   810.530904626      0.406178574857E-35
   816.814089933      0.345162747441E-35
   823.097275241      0.336960347927E-35
   829.380460548      0.322078749962E-35
   835.663645855      0.315346148975E-35
   841.946831162      0.281771272321E-35
   848.230016469      0.260731446893E-35
   854.513201776      0.259462543410E-35
   860.796387084      0.238535818486E-35
   867.079572391      0.225926552004E-35
   873.362757698      0.220350842084E-35
   879.645943005      0.216280882614E-35
   885.929128312      0.221926862150E-35
   892.212313620      0.185061701110E-35
   898.495498927      0.197808662559E-35
   904.778684234      0.188272742607E-35
   911.061869541      0.165141210536E-35
   917.345054848      0.176032984160E-35
   923.628240155      0.166114666881E-35
   929.911425463      0.166108612812E-35
   936.194610770      0.164704241948E-35
   942.477796077      0.158485230234E-35
   948.760981384      0.144327083383E-35
   955.044166691      0.142056605694E-35
   961.327351998      0.138856935067E-35
   967.610537306      0.140871431972E-35
   973.893722613      0.135526177056E-35
   980.176907920      0.137015681287E-35
   986.460093227      0.133815103304E-35
   992.743278534      0.128964359578E-35
   999.026463842      0.126759082362E-35
   1005.30964915      0.129062868716E-35
   1011.59283446      0.108878989124E-35
   1017.87601976      0.115261488182E-35
   1024.15920507      0.112030493784E-35
   1030.44239038      0.986385458230E-36
   1036.72557568      0.109435940025E-35
   1043.00876099      0.942228265928E-36
   1049.29194630      0.955973732208E-36
   1055.57513161      0.902239481576E-36
   1061.85831691      0.902975366521E-36
   1068.14150222      0.939938081646E-36
   1074.42468753      0.799928576888E-36
   1080.70787283      0.800428385022E-36
   1086.99105814      0.757574919237E-36
   1093.27424345      0.718503440471E-36
   1099.55742876      0.761873862968E-36
   1105.84061406      0.659047493175E-36
   1112.12379937      0.682650054176E-36
   1118.40698468      0.651496010278E-36
   1124.69016999      0.639187240323E-36
   1130.97335529      0.545561113535E-36
   1137.25654060      0.505003389904E-36
   1143.53972591      0.423987084730E-36
   1149.82291121      0.370865276808E-36
   1156.10609652      0.344901846238E-36
   1162.38928183      0.318816004276E-36
   1168.67246714      0.299025734998E-36
   1174.95565244      0.261720136241E-36
   1181.23883775      0.260277948283E-36
   1187.52202306      0.235354100799E-36
   1193.80520836      0.226607613827E-36
   1200.08839367      0.213138854316E-36
   1206.37157898      0.204206887517E-36
   1212.65476429      0.182441434768E-36
   1218.93794959      0.168492824307E-36
   1225.22113490      0.159463081231E-36
   1231.50432021      0.153711677953E-36
   1237.78750551      0.133123884551E-36
   1244.07069082      0.127423181220E-36
   1250.35387613      0.124119767966E-36
   1256.63706144      0.116173753518E-36
   1262.92024674      0.100881722509E-36
   1269.20343205      0.987040695549E-37
   1275.48661736      0.816445937889E-37
   1281.76980266      0.839404857082E-37
   1288.05298797      0.720587279499E-37
   1294.33617328      0.661030415929E-37
   1300.61935859      0.545079292644E-37
   1306.90254389      0.482035232959E-37
   1313.18572920      0.488274698226E-37
   1319.46891451      0.478250916218E-37
   1325.75209981      0.389831042095E-37
   1332.03528512      0.314607139882E-37
   1338.31847043      0.267874077738E-37
   1344.60165574      0.276064376356E-37
   1350.88484104      0.201073475640E-37
   1357.16802635      0.131523506343E-37
   1363.45121166      0.859520482859E-38
   1369.73439697      0.104356770693E-37
   1376.01758227      0.748669107985E-38
   1382.30076758      0.324461333849E-38
   1388.58395289      0.369265043685E-39
   1394.86713819      0.324428592305E-39
   6.28318530718      0.146161258862E-39
   12.5663706144      0.155925281467E-02
   18.8495559215      0.415319127163E-03
   25.1327412287      0.235929943118E-03
   31.4159265359      0.108396323130E-03
   37.6991118431      0.519100431350E-04
   43.9822971503      0.234479227570E-04
   50.2654824574      0.134120125856E-04
   56.5486677646      0.536205209108E-05
   62.8318530718      0.267996646496E-05
   69.1150383790      0.126847010232E-05
   75.3982236862      0.579056549082E-06
   81.6814089933      0.271784481091E-06
   87.9645943005      0.138259889450E-06
   94.2477796077      0.648952741345E-07
   100.530964915      0.322476364855E-07
   106.814150222      0.155270330980E-07
   113.097335529      0.733069745883E-08
   119.380520836      0.343275273522E-08
   125.663706144      0.158389490298E-08
   131.946891451      0.713210156102E-09
   138.230076758      0.320511957379E-09
   144.513262065      0.140778935068E-09
   150.796447372      0.616725299060E-10
   157.079632679      0.266031845494E-10
   163.362817987      0.114652471519E-10
   169.646003294      0.479627473982E-11
   175.929188601      0.204639722560E-11
   182.212373908      0.850721749701E-12
   188.495559215      0.361667770512E-12
   194.778744523      0.146584382498E-12
   201.061929830      0.627360715992E-13
   207.345115137      0.253117937932E-13
   213.628300444      0.106468126299E-13
   219.911485751      0.434103020965E-14
   226.194671058      0.177628574029E-14
   232.477856366      0.734834642022E-15
   238.761041673      0.298051925789E-15
   245.044226980      0.123302390231E-15
   251.327412287      0.498375395883E-16
   257.610597594      0.206374626617E-16
   263.893782902      0.831280456558E-17
   270.176968209      0.338656141972E-17
   276.460153516      0.137932949403E-17
   282.743338823      0.561674992239E-18
   289.026524130      0.228601241480E-18
   295.309709437      0.922155270238E-19
   301.592894745      0.379199853875E-19
   307.876080052      0.151879462547E-19
   314.159265359      0.630809824921E-20
   320.442450666      0.253175750628E-20
   326.725635973      0.104114295742E-20
   333.008821281      0.423046933139E-21
   339.292006588      0.174974502727E-21
   345.575191895      0.699917776186E-22
   351.858377202      0.300019190754E-22
   358.141562509      0.120788448482E-22
   364.424747816      0.529907404357E-23
   370.707933124      0.222999847404E-23
   376.991118431      0.990312149538E-24
   383.274303738      0.461160679571E-24
   389.557489045      0.221274462719E-24
   395.840674352      0.110773115618E-24
   402.123859659      0.616009034914E-25
   408.407044967      0.245427777973E-25
   414.690230274      0.109902473238E-25
   420.973415581      0.436920827990E-26
   427.256600888      0.241754393173E-26
   433.539786195      0.997776152961E-27
   439.822971503      0.524913241237E-27
   446.106156810      0.233846680890E-27
   452.389342117      0.124334639754E-27
   458.672527424      0.563873929324E-28
   464.955712731      0.292418272609E-28
   471.238898038      0.137392997243E-28
   477.522083346      0.715400620099E-29
   483.805268653      0.354602660867E-29
   490.088453960      0.183666379665E-29
   496.371639267      0.967847478266E-30
   502.654824574      0.510948399359E-30
   508.938009882      0.274564648385E-30
   515.221195189      0.137519670710E-30
   521.504380496      0.807427707575E-31
   527.787565803      0.403238009028E-31
   534.070751110      0.239760173109E-31
   540.353936417      0.115736604878E-31
   546.637121725      0.487220801260E-32
   552.920307032      0.239775037901E-32
   559.203492339      0.128115742639E-32
   565.486677646      0.710883842969E-33
   571.769862953      0.359326004649E-33
   578.053048261      0.198838749584E-33
   584.336233568      0.128112586156E-33
   590.619418875      0.846044221606E-34
   596.902604182      0.568173867968E-34
   603.185789489      0.421808392836E-34
   609.468974796      0.336153693504E-34
   615.752160104      0.306254568062E-34
   622.035345411      0.217304236407E-34
   628.318530718      0.214073801010E-34
   634.601716025      0.211039781914E-34
   640.884901332      0.196813175534E-34
   647.168086639      0.184605565392E-34
   653.451271947      0.197456176685E-34
   659.734457254      0.152238636290E-34
   666.017642561      0.172029392738E-34
   672.300827868      0.148767480991E-34
   678.584013175      0.134960114595E-34
   684.867198483      0.118640598303E-34
   691.150383790      0.119999381685E-34
   697.433569097      0.106131335704E-34
   703.716754404      0.119426130829E-34
   709.999939711      0.919944514677E-35
   716.283125018      0.114773627162E-34
   722.566310326      0.885518476760E-35
   728.849495633      0.839654731228E-35
   735.132680940      0.760063154053E-35
   741.415866247      0.721268036461E-35
   747.699051554      0.630055021338E-35
   753.982236862      0.687376645637E-35
   760.265422169      0.544006610504E-35
   766.548607476      0.581424193203E-35
   772.831792783      0.494935847642E-35
   779.114978090      0.492312635634E-35
   785.398163397      0.433523291036E-35
   791.681348705      0.510205248103E-35
   797.964534012      0.536293487103E-35
   804.247719319      0.126636477408E-34
   810.530904626      0.401377732837E-35
   816.814089933      0.364533261259E-35
   823.097275241      0.354172441153E-35
   829.380460548      0.312776534843E-35
   835.663645855      0.303761971296E-35
   841.946831162      0.282948178955E-35
   848.230016469      0.251214182379E-35
   854.513201776      0.262329259564E-35
   860.796387084      0.234201557984E-35
   867.079572391      0.229454961520E-35
   873.362757698      0.224216444617E-35
   879.645943005      0.219259362589E-35
   885.929128312      0.211340352541E-35
   892.212313620      0.189938060017E-35
   898.495498927      0.192895487126E-35
   904.778684234      0.181060127337E-35
   911.061869541      0.164637281167E-35
   917.345054848      0.177582683640E-35
   923.628240155      0.164390400358E-35
   929.911425463      0.155883808934E-35
   936.194610770      0.157497488386E-35
   942.477796077      0.155877402263E-35
   948.760981384      0.149241997795E-35
   955.044166691      0.143170191576E-35
   961.327351998      0.142858748615E-35
   967.610537306      0.137836970684E-35
   973.893722613      0.134372327641E-35
   980.176907920      0.137208131006E-35
   986.460093227      0.130664161368E-35
   992.743278534      0.131089723477E-35
   999.026463842      0.126485894765E-35
   1005.30964915      0.131841240193E-35
   1011.59283446      0.119413280428E-35
   1017.87601976      0.113788994967E-35
   1024.15920507      0.110118973927E-35
   1030.44239038      0.102353856958E-35
   1036.72557568      0.112365399565E-35
   1043.00876099      0.933248567118E-36
   1049.29194630      0.964370543832E-36
   1055.57513161      0.931445906059E-36
   1061.85831691      0.940934132639E-36
   1068.14150222      0.960350366799E-36
   1074.42468753      0.833613941291E-36
   1080.70787283      0.830225669004E-36
   1086.99105814      0.826163624103E-36
   1093.27424345      0.723190395517E-36
   1099.55742876      0.719075109919E-36
   1105.84061406      0.650141693709E-36
   1112.12379937      0.651985706593E-36
   1118.40698468      0.595907825628E-36
   1124.69016999      0.603350827987E-36
   1130.97335529      0.503370444446E-36
   1137.25654060      0.454914747124E-36
   1143.53972591      0.422880686057E-36
   1149.82291121      0.367185113155E-36
   1156.10609652      0.349456183170E-36
   1162.38928183      0.319914945584E-36
   1168.67246714      0.303099113698E-36
   1174.95565244      0.277409142244E-36
   1181.23883775      0.269400975286E-36
   1187.52202306      0.243824063637E-36
   1193.80520836      0.231393805830E-36
   1200.08839367      0.211042105279E-36
   1206.37157898      0.204814793774E-36
   1212.65476429      0.179789862458E-36
   1218.93794959      0.166482728910E-36
   1225.22113490      0.158365553038E-36
   1231.50432021      0.151355950593E-36
   1237.78750551      0.129598295130E-36
   1244.07069082      0.132797631331E-36
   1250.35387613      0.119968980688E-36
   1256.63706144      0.108904352245E-36
   1262.92024674      0.100729472953E-36
   1269.20343205      0.969987211121E-37
   1275.48661736      0.805429081586E-37
   1281.76980266      0.794281156361E-37
   1288.05298797      0.706220481686E-37
   1294.33617328      0.680764494337E-37
   1300.61935859      0.565956842262E-37
   1306.90254389      0.475588534137E-37
   1313.18572920      0.478149908220E-37
   1319.46891451      0.451247068647E-37
   1325.75209981      0.357519687898E-37
   1332.03528512      0.294701981754E-37
   1338.31847043      0.237033046352E-37
   1344.60165574      0.263172845945E-37
   1350.88484104      0.215281406870E-37
   1357.16802635      0.141439014625E-37
   1363.45121166      0.822561339257E-38
   1369.73439697      0.102498693008E-37
   1376.01758227      0.740707044373E-38
   1382.30076758      0.406662808026E-38
   1388.58395289      0.124078633854E-38
   1394.86713819      0.873344626436E-40
   6.28318530718      0.553848718918E-40
   12.5663706144      0.150197969056E-02
   18.8495559215      0.428202726397E-03
   25.1327412287      0.244832596896E-03
   31.4159265359      0.117335409085E-03
   37.6991118431      0.595082412356E-04
   43.9822971503      0.271849208126E-04
   50.2654824574      0.161828832941E-04
   56.5486677646      0.652934282497E-05
   62.8318530718      0.349518168447E-05
   69.1150383790      0.169839900845E-05
   75.3982236862      0.803715260166E-06
   81.6814089933      0.397772888570E-06
   87.9645943005      0.209737991907E-06
   94.2477796077      0.102667371308E-06
   100.530964915      0.538417052617E-07
   106.814150222      0.271240229744E-07
   113.097335529      0.134709529211E-07
   119.380520836      0.662409715470E-08
   125.663706144      0.320150299783E-08
   131.946891451      0.152224566878E-08
   138.230076758      0.710817895842E-09
   144.513262065      0.330153845138E-09
   150.796447372      0.150176995502E-09
   157.079632679      0.682715984199E-10
   163.362817987      0.306125271454E-10
   169.646003294      0.134229370339E-10
   175.929188601      0.594587681545E-11
   182.212373908      0.259609828925E-11
   188.495559215      0.114498210978E-11
   194.778744523      0.485899845793E-12
   201.061929830      0.215675292524E-12
   207.345115137      0.911472463288E-13
   213.628300444      0.397257131873E-13
   219.911485751      0.169604353347E-13
   226.194671058      0.719182031599E-14
   232.477856366      0.310907143376E-14
   238.761041673      0.130904117617E-14
   245.044226980      0.563525813326E-15
   251.327412287      0.236676665391E-15
   257.610597594      0.101975319940E-15
   263.893782902      0.425787979216E-16
   270.176968209      0.180383003650E-16
   276.460153516      0.761132302707E-17
   282.743338823      0.321631679051E-17
   289.026524130      0.135752418089E-17
   295.309709437      0.565693241140E-18
   301.592894745      0.240420428224E-18
   307.876080052      0.997403161014E-19
   314.159265359      0.424200798187E-19
   320.442450666      0.175718434702E-19
   326.725635973      0.741323338228E-20
   333.008821281      0.308709956912E-20
   339.292006588      0.129123078730E-20
   345.575191895      0.536727027070E-21
   351.858377202      0.225829904593E-21
   358.141562509      0.938414073920E-22
   364.424747816      0.394760476867E-22
   370.707933124      0.164756956505E-22
   376.991118431      0.690108782741E-23
   383.274303738      0.293185228242E-23
   389.557489045      0.122886010051E-23
   395.840674352      0.528307272699E-24
   402.123859659      0.233122291219E-24
   408.407044967      0.946290355307E-25
   414.690230274      0.391617203457E-25
   420.973415581      0.155517989947E-25
   427.256600888      0.682879108774E-26
   433.539786195      0.261113423089E-26
   439.822971503      0.105164919684E-26
   446.106156810      0.438211853393E-27
   452.389342117      0.193570058901E-27
   458.672527424      0.883830303767E-28
   464.955712731      0.456086819184E-28
   471.238898038      0.201575962061E-28
   477.522083346      0.945808081262E-29
   483.805268653      0.401639206633E-29
   490.088453960      0.188883685329E-29
   496.371639267      0.982980112765E-30
   502.654824574      0.507988468607E-30
   508.938009882      0.274706919095E-30
   515.221195189      0.137530685822E-30
   521.504380496      0.807525287572E-31
   527.787565803      0.403318166761E-31
   534.070751110      0.239825540578E-31
   540.353936417      0.115763929022E-31
   546.637121725      0.487385151378E-32
   552.920307032      0.239915753156E-32
   559.203492339      0.128183601106E-32
   565.486677646      0.712127627770E-33
   571.769862953      0.362015123581E-33
   578.053048261      0.200559515071E-33
   584.336233568      0.128946268330E-33
   590.619418875      0.855576015624E-34
   596.902604182      0.580347317224E-34
   603.185789489      0.426286591272E-34
   609.468974796      0.348235602928E-34
   615.752160104      0.321068241564E-34
   622.035345411      0.227887476700E-34
   628.318530718      0.222566937834E-34
   634.601716025      0.218468203872E-34
   640.884901332      0.206267558009E-34
   647.168086639      0.188607664764E-34
   653.451271947      0.201277619072E-34
   659.734457254      0.156417377052E-34
   666.017642561      0.180887319239E-34
   672.300827868      0.150161030178E-34
   678.584013175      0.140004460775E-34
   684.867198483      0.123689492484E-34
   691.150383790      0.127536232641E-34
   697.433569097      0.108517383761E-34
   703.716754404      0.124154888582E-34
   709.999939711      0.960415416913E-35
   716.283125018      0.127515380129E-34
   722.566310326      0.956909204245E-35
   728.849495633      0.880844686792E-35
   735.132680940      0.777627969441E-35
   741.415866247      0.737372257091E-35
   747.699051554      0.658416103826E-35
   753.982236862      0.677868246774E-35
   760.265422169      0.543338693882E-35
   766.548607476      0.616504869848E-35
   772.831792783      0.496245400669E-35
   779.114978090      0.505473288037E-35
   785.398163397      0.445588308500E-35
   791.681348705      0.513569143718E-35
   797.964534012      0.547765171741E-35
   804.247719319      0.834658200959E-35
   810.530904626      0.412074345111E-35
   816.814089933      0.365063472428E-35
   823.097275241      0.346942118171E-35
   829.380460548      0.312943808331E-35
   835.663645855      0.315134704968E-35
   841.946831162      0.284781604664E-35
   848.230016469      0.260617776758E-35
   854.513201776      0.264717579488E-35
   860.796387084      0.238337131199E-35
   867.079572391      0.233981555825E-35
   873.362757698      0.220558469303E-35
   879.645943005      0.214636419225E-35
   885.929128312      0.227660023974E-35
   892.212313620      0.200988294294E-35
   898.495498927      0.201542204410E-35
   904.778684234      0.185089757733E-35
   911.061869541      0.170551787884E-35
   917.345054848      0.178175197407E-35
   923.628240155      0.166159672209E-35
   929.911425463      0.161935584893E-35
   936.194610770      0.161464093437E-35
   942.477796077      0.155750236842E-35
   948.760981384      0.153226201088E-35
   955.044166691      0.148053744822E-35
   961.327351998      0.144970465170E-35
   967.610537306      0.140162802279E-35
   973.893722613      0.126893559334E-35
   980.176907920      0.132885117844E-35
   986.460093227      0.132976253623E-35
   992.743278534      0.126543876796E-35
   999.026463842      0.121551278846E-35
   1005.30964915      0.126360679226E-35
   1011.59283446      0.115435569474E-35
   1017.87601976      0.113931903044E-35
   1024.15920507      0.110695904556E-35
   1030.44239038      0.966203011716E-36
   1036.72557568      0.105540929033E-35
   1043.00876099      0.969343933236E-36
   1049.29194630      0.978488073854E-36
   1055.57513161      0.911296695562E-36
   1061.85831691      0.880294698596E-36
   1068.14150222      0.967598193129E-36
   1074.42468753      0.813626244810E-36
   1080.70787283      0.824037683741E-36
   1086.99105814      0.730848698145E-36
   1093.27424345      0.724934693292E-36
   1099.55742876      0.743196650478E-36
   1105.84061406      0.646729452432E-36
   1112.12379937      0.661310282633E-36
   1118.40698468      0.598537218879E-36
   1124.69016999      0.587851126524E-36
   1130.97335529      0.541164714171E-36
   1137.25654060      0.463886162200E-36
   1143.53972591      0.424214282025E-36
   1149.82291121      0.366533389329E-36
   1156.10609652      0.354054994711E-36
   1162.38928183      0.315438135093E-36
   1168.67246714      0.314556576054E-36
   1174.95565244      0.276970349112E-36
   1181.23883775      0.269054021735E-36
   1187.52202306      0.244839692559E-36
   1193.80520836      0.228004013805E-36
   1200.08839367      0.206563209367E-36
   1206.37157898      0.197433622432E-36
   1212.65476429      0.177842219648E-36
   1218.93794959      0.168167968501E-36
   1225.22113490      0.162428082295E-36
   1231.50432021      0.147999406700E-36
   1237.78750551      0.127738377971E-36
   1244.07069082      0.133440680129E-36
   1250.35387613      0.121648835517E-36
   1256.63706144      0.114359798471E-36
   1262.92024674      0.987411576049E-37
   1269.20343205      0.930205211590E-37
   1275.48661736      0.819107305950E-37
   1281.76980266      0.830614623283E-37
   1288.05298797      0.740141213734E-37
   1294.33617328      0.657074720688E-37
   1300.61935859      0.538354567445E-37
   1306.90254389      0.482694417789E-37
   1313.18572920      0.476208964772E-37
   1319.46891451      0.429843443566E-37
   1325.75209981      0.376259239045E-37
   1332.03528512      0.303862949582E-37
   1338.31847043      0.247773864546E-37
   1344.60165574      0.265437075530E-37
   1350.88484104      0.206915197208E-37
   1357.16802635      0.167140025937E-37
   1363.45121166      0.989036372522E-38
   1369.73439697      0.121951609608E-37
   1376.01758227      0.827541261630E-38
   1382.30076758      0.485865133287E-38
   1388.58395289      0.158750707118E-38
   1394.86713819      0.143764404627E-39
   6.28318530718      0.612957760798E-40
   12.5663706144      0.144536547318E-02
   18.8495559215      0.438471820625E-03
   25.1327412287      0.254067142434E-03
   31.4159265359      0.126400468104E-03
   37.6991118431      0.674684306216E-04
   43.9822971503      0.307896777169E-04
   50.2654824574      0.193626772320E-04
   56.5486677646      0.773466901450E-05
   62.8318530718      0.442813902461E-05
   69.1150383790      0.218514154523E-05
   75.3982236862      0.106800632270E-05
   81.6814089933      0.554921355911E-06
   87.9645943005      0.301329421680E-06
   94.2477796077      0.152714333452E-06
   100.530964915      0.843379254732E-07
   106.814150222      0.440765804437E-07
   113.097335529      0.230352999134E-07
   119.380520836      0.117657867205E-07
   125.663706144      0.596131186248E-08
   131.946891451      0.296842267240E-08
   138.230076758      0.143695305093E-08
   144.513262065      0.701733330932E-09
   150.796447372      0.330481071652E-09
   157.079632679      0.157576337428E-09
   163.362817987      0.732973241808E-10
   169.646003294      0.334739396689E-10
   175.929188601      0.153777771459E-10
   182.212373908      0.699995286553E-11
   188.495559215      0.320271428337E-11
   194.778744523      0.141124178460E-11
   201.061929830      0.651017233359E-12
   207.345115137      0.285602182348E-12
   213.628300444      0.129261481172E-12
   219.911485751      0.573366804352E-13
   226.194671058      0.252058452275E-13
   232.477856366      0.113310441528E-13
   238.761041673      0.494735039419E-14
   245.044226980      0.221200895366E-14
   251.327412287      0.964007644219E-15
   257.610597594      0.431432417533E-15
   263.893782902      0.186918902510E-15
   270.176968209      0.821719525082E-16
   276.460153516      0.359975571333E-16
   282.743338823      0.157815550015E-16
   289.026524130      0.691433566118E-17
   295.309709437      0.298960483329E-17
   301.592894745      0.131775783533E-17
   307.876080052      0.567556788673E-18
   314.159265359      0.250100113698E-18
   320.442450666      0.107543088667E-18
   326.725635973      0.470040298210E-19
   333.008821281      0.203058184118E-19
   339.292006588      0.878596012943E-20
   345.575191895      0.380095611491E-20
   351.858377202      0.164646710038E-20
   358.141562509      0.711354668538E-21
   364.424747816      0.307559423451E-21
   370.707933124      0.132900515127E-21
   376.991118431      0.571112897596E-22
   383.274303738      0.247913458405E-22
   389.557489045      0.105948240794E-22
   395.840674352      0.457823378982E-23
   402.123859659      0.197630507028E-23
   408.407044967      0.844906710742E-24
   414.690230274      0.359824140125E-24
   420.973415581      0.151975331231E-24
   427.256600888      0.650281759852E-25
   433.539786195      0.269602396357E-25
   439.822971503      0.110539898350E-25
   446.106156810      0.461777188650E-26
   452.389342117      0.176887070070E-26
   458.672527424      0.715019739396E-27
   464.955712731      0.262518854439E-27
   471.238898038      0.104616454092E-27
   477.522083346      0.460232580478E-28
   483.805268653      0.214541120351E-28
   490.088453960      0.104989906336E-28
   496.371639267      0.391118745880E-29
   502.654824574      0.144860242641E-29
   508.938009882      0.487148086862E-30
   515.221195189      0.160892448967E-30
   521.504380496      0.824853491514E-31
   527.787565803      0.398875531511E-31
   534.070751110      0.240021006756E-31
   540.353936417      0.115813999517E-31
   546.637121725      0.487699385232E-32
   552.920307032      0.240255629617E-32
   559.203492339      0.128276517042E-32
   565.486677646      0.713575002704E-33
   571.769862953      0.363125122234E-33
   578.053048261      0.201576083119E-33
   584.336233568      0.130251716870E-33
   590.619418875      0.863081021135E-34
   596.902604182      0.596243521257E-34
   603.185789489      0.453166884318E-34
   609.468974796      0.358584250199E-34
   615.752160104      0.346314706281E-34
   622.035345411      0.239834272991E-34
   628.318530718      0.234552644728E-34
   634.601716025      0.225841153758E-34
   640.884901332      0.216987178290E-34
   647.168086639      0.197417640402E-34
   653.451271947      0.209506395534E-34
   659.734457254      0.169617731273E-34
   666.017642561      0.188832369295E-34
   672.300827868      0.156890518101E-34
   678.584013175      0.142534166617E-34
   684.867198483      0.128698694823E-34
   691.150383790      0.130823612131E-34
   697.433569097      0.112466157062E-34
   703.716754404      0.134130715719E-34
   709.999939711      0.999150114756E-35
   716.283125018      0.125281014297E-34
   722.566310326      0.967837444661E-35
   728.849495633      0.887415712636E-35
   735.132680940      0.802756133873E-35
   741.415866247      0.767774803215E-35
   747.699051554      0.667529317055E-35
   753.982236862      0.692847623058E-35
   760.265422169      0.554253237321E-35
   766.548607476      0.563242587170E-35
   772.831792783      0.523663021656E-35
   779.114978090      0.534129866007E-35
   785.398163397      0.460011664231E-35
   791.681348705      0.501012418886E-35
   797.964534012      0.525634571921E-35
   804.247719319      0.131336660791E-34
   810.530904626      0.411022569049E-35
   816.814089933      0.363951730897E-35
   823.097275241      0.355901960990E-35
   829.380460548      0.328330592795E-35
   835.663645855      0.319949157389E-35
   841.946831162      0.286739122464E-35
   848.230016469      0.258282221436E-35
   854.513201776      0.265858039163E-35
   860.796387084      0.239350906431E-35
   867.079572391      0.221630421541E-35
   873.362757698      0.223062978130E-35
   879.645943005      0.221169118901E-35
   885.929128312      0.215553248369E-35
   892.212313620      0.197467351956E-35
   898.495498927      0.193519618879E-35
   904.778684234      0.188008381590E-35
   911.061869541      0.169811090765E-35
   917.345054848      0.176525301299E-35
   923.628240155      0.166023877266E-35
   929.911425463      0.160986125393E-35
   936.194610770      0.157236586195E-35
   942.477796077      0.155236631955E-35
   948.760981384      0.148469309127E-35
   955.044166691      0.142167515253E-35
   961.327351998      0.144870871961E-35
   967.610537306      0.146732472690E-35
   973.893722613      0.138149896992E-35
   980.176907920      0.133800770401E-35
   986.460093227      0.124288005375E-35
   992.743278534      0.125530321032E-35
   999.026463842      0.132250045394E-35
   1005.30964915      0.129718869751E-35
   1011.59283446      0.115337939252E-35
   1017.87601976      0.114501458164E-35
   1024.15920507      0.109902159653E-35
   1030.44239038      0.100336619570E-35
   1036.72557568      0.111216139547E-35
   1043.00876099      0.989065757476E-36
   1049.29194630      0.959108763738E-36
   1055.57513161      0.941002852167E-36
   1061.85831691      0.942370891310E-36
   1068.14150222      0.932561831060E-36
   1074.42468753      0.797971326678E-36
   1080.70787283      0.781982559327E-36
   1086.99105814      0.756114367972E-36
   1093.27424345      0.733339948010E-36
   1099.55742876      0.718662515340E-36
   1105.84061406      0.638653246390E-36
   1112.12379937      0.650371522342E-36
   1118.40698468      0.557007325830E-36
   1124.69016999      0.599056089634E-36
   1130.97335529      0.527776510445E-36
   1137.25654060      0.465841073761E-36
   1143.53972591      0.414042928656E-36
   1149.82291121      0.359371772381E-36
   1156.10609652      0.346257417305E-36
   1162.38928183      0.316436220323E-36
   1168.67246714      0.295452919740E-36
   1174.95565244      0.267982867839E-36
   1181.23883775      0.259661907735E-36
   1187.52202306      0.240089470296E-36
   1193.80520836      0.232575961522E-36
   1200.08839367      0.213070352627E-36
   1206.37157898      0.198164764499E-36
   1212.65476429      0.178602020000E-36
   1218.93794959      0.169951901875E-36
   1225.22113490      0.160056003980E-36
   1231.50432021      0.144816924719E-36
   1237.78750551      0.126857002124E-36
   1244.07069082      0.124806429964E-36
   1250.35387613      0.118904858642E-36
   1256.63706144      0.108297156805E-36
   1262.92024674      0.967894896046E-37
   1269.20343205      0.954204401447E-37
   1275.48661736      0.780310161782E-37
   1281.76980266      0.781277037263E-37
   1288.05298797      0.700181036753E-37
   1294.33617328      0.682589841825E-37
   1300.61935859      0.588268734636E-37
   1306.90254389      0.467479893321E-37
   1313.18572920      0.439941594103E-37
   1319.46891451      0.420633085148E-37
   1325.75209981      0.362646218295E-37
   1332.03528512      0.278060962418E-37
   1338.31847043      0.244461480436E-37
   1344.60165574      0.247090455069E-37
   1350.88484104      0.215448954073E-37
   1357.16802635      0.150195373424E-37
   1363.45121166      0.102481194173E-37
   1369.73439697      0.118335504755E-37
   1376.01758227      0.801867185451E-38
   1382.30076758      0.381519967708E-38
   1388.58395289      0.428658361376E-39
   1394.86713819      0.118733011958E-39
   6.28318530718      0.149116939519E-39
   12.5663706144      0.138948298190E-02
   18.8495559215      0.446092897707E-03
   25.1327412287      0.263649630564E-03
   31.4159265359      0.135756808070E-03
   37.6991118431      0.757306244512E-04
   43.9822971503      0.341385992750E-04
   50.2654824574      0.229988139943E-04
   56.5486677646      0.894534604244E-05
   62.8318530718      0.547342921480E-05
   69.1150383790      0.270840813023E-05
   75.3982236862      0.136924292612E-05
   81.6814089933      0.740351384046E-06
   87.9645943005      0.412907531689E-06
   94.2477796077      0.215330932778E-06
   100.530964915      0.124764341992E-06
   106.814150222      0.672070316371E-07
   113.097335529      0.369188548170E-07
   119.380520836      0.194403933988E-07
   125.663706144      0.103190147759E-07
   131.946891451      0.534522237086E-08
   138.230076758      0.267804375944E-08
   144.513262065      0.136744767749E-08
   150.796447372      0.665060505624E-09
   157.079632679      0.331204264413E-09
   163.362817987      0.159215647898E-09
   169.646003294      0.754594226004E-10
   175.929188601      0.358482448965E-10
   182.212373908      0.169262143065E-10
   188.495559215      0.801057435279E-11
   194.778744523      0.364958743972E-11
   201.061929830      0.174419437165E-11
   207.345115137      0.790558200737E-12
   213.628300444      0.370473657008E-12
   219.911485751      0.169850863523E-12
   226.194671058      0.772547346055E-13
   232.477856366      0.359092499503E-13
   238.761041673      0.162213431410E-13
   245.044226980      0.750028236365E-14
   251.327412287      0.338100674338E-14
   257.610597594      0.156423219574E-14
   263.893782902      0.701444922150E-15
   270.176968209      0.318952701635E-15
   276.460153516      0.144475732770E-15
   282.743338823      0.655186161546E-16
   289.026524130      0.296608884020E-16
   295.309709437      0.132887406117E-16
   301.592894745      0.604354744820E-17
   307.876080052      0.269778642974E-17
   314.159265359      0.122619371038E-17
   320.442450666      0.546333471486E-18
   326.725635973      0.246635350775E-18
   333.008821281      0.110203942082E-18
   339.292006588      0.493357982820E-19
   345.575191895      0.220729050145E-19
   351.858377202      0.987961510520E-20
   358.141562509      0.441271786332E-20
   364.424747816      0.197175177203E-20
   370.707933124      0.880143249864E-21
   376.991118431      0.391437405197E-21
   383.274303738      0.175033574328E-21
   389.557489045      0.775659027792E-22
   395.840674352      0.345525607838E-22
   402.123859659      0.153488261178E-22
   408.407044967      0.681709346826E-23
   414.690230274      0.301606088785E-23
   420.973415581      0.133200319928E-23
   427.256600888      0.589371514480E-24
   433.539786195      0.258722926599E-24
   439.822971503      0.112710015733E-24
   446.106156810      0.496540971391E-25
   452.389342117      0.210871983876E-25
   458.672527424      0.910803759583E-26
   464.955712731      0.368280059719E-26
   471.238898038      0.159094708652E-26
   477.522083346      0.579384926564E-27
   483.805268653      0.248617219025E-27
   490.088453960      0.949238251285E-28
   496.371639267      0.429051128418E-28
   502.654824574      0.225997112512E-28
   508.938009882      0.959945788047E-29
   515.221195189      0.427056087423E-29
   521.504380496      0.130376700659E-29
   527.787565803      0.428402638642E-30
   534.070751110      0.118991936284E-30
   540.353936417      0.184937354711E-31
   546.637121725      0.487809271062E-32
   552.920307032      0.240387860495E-32
   559.203492339      0.128356519652E-32
   565.486677646      0.716532726202E-33
   571.769862953      0.364860421865E-33
   578.053048261      0.203162997875E-33
   584.336233568      0.131809840907E-33
   590.619418875      0.877853703450E-34
   596.902604182      0.615470625909E-34
   603.185789489      0.452613984749E-34
   609.468974796      0.371087049665E-34
   615.752160104      0.358200149501E-34
   622.035345411      0.243879572436E-34
   628.318530718      0.243721816682E-34
   634.601716025      0.229171057139E-34
   640.884901332      0.219514915512E-34
   647.168086639      0.201484669490E-34
   653.451271947      0.227617725925E-34
   659.734457254      0.177982726672E-34
   666.017642561      0.193414370512E-34
   672.300827868      0.158360624171E-34
   678.584013175      0.149024582583E-34
   684.867198483      0.131741992080E-34
   691.150383790      0.134500999084E-34
   697.433569097      0.120342570195E-34
   703.716754404      0.126825823359E-34
   709.999939711      0.102055763988E-34
   716.283125018      0.133449433582E-34
   722.566310326      0.958549375184E-35
   728.849495633      0.952981989562E-35
   735.132680940      0.824132089444E-35
   741.415866247      0.786671006724E-35
   747.699051554      0.708605497854E-35
   753.982236862      0.726646927953E-35
   760.265422169      0.574374139126E-35
   766.548607476      0.636631543635E-35
   772.831792783      0.545400748178E-35
   779.114978090      0.546202089455E-35
   785.398163397      0.487826409512E-35
   791.681348705      0.537448539657E-35
   797.964534012      0.744655848930E-35
   804.247719319      0.144273185634E-34
   810.530904626      0.450496734441E-35
   816.814089933      0.365202976742E-35
   823.097275241      0.351180887148E-35
   829.380460548      0.329337394743E-35
   835.663645855      0.320740312727E-35
   841.946831162      0.299345330354E-35
   848.230016469      0.266967648971E-35
   854.513201776      0.263475573987E-35
   860.796387084      0.238236328657E-35
   867.079572391      0.234474311676E-35
   873.362757698      0.236985016587E-35
   879.645943005      0.221065734931E-35
   885.929128312      0.219298889659E-35
   892.212313620      0.188767161350E-35
   898.495498927      0.199459725482E-35
   904.778684234      0.188911121031E-35
   911.061869541      0.174311275940E-35
   917.345054848      0.179717170605E-35
   923.628240155      0.168273283305E-35
   929.911425463      0.163855992569E-35
   936.194610770      0.161490447060E-35
   942.477796077      0.159934783833E-35
   948.760981384      0.153044343273E-35
   955.044166691      0.146674837428E-35
   961.327351998      0.150869452682E-35
   967.610537306      0.137177090005E-35
   973.893722613      0.135454332182E-35
   980.176907920      0.132099417306E-35
   986.460093227      0.129103908453E-35
   992.743278534      0.131773623531E-35
   999.026463842      0.127551585443E-35
   1005.30964915      0.128664600635E-35
   1011.59283446      0.114417291057E-35
   1017.87601976      0.112660720117E-35
   1024.15920507      0.108247707001E-35
   1030.44239038      0.978888759145E-36
   1036.72557568      0.106974024953E-35
   1043.00876099      0.944386253464E-36
   1049.29194630      0.961048984922E-36
   1055.57513161      0.928808897999E-36
   1061.85831691      0.856168602772E-36
   1068.14150222      0.956339024870E-36
   1074.42468753      0.775570372844E-36
   1080.70787283      0.787765993328E-36
   1086.99105814      0.755889081289E-36
   1093.27424345      0.741263073710E-36
   1099.55742876      0.724495530392E-36
   1105.84061406      0.658878395283E-36
   1112.12379937      0.731115255149E-36
   1118.40698468      0.607631208008E-36
   1124.69016999      0.582179657917E-36
   1130.97335529      0.547823352614E-36
   1137.25654060      0.472564600897E-36
   1143.53972591      0.417754062954E-36
   1149.82291121      0.365293638831E-36
   1156.10609652      0.346260460092E-36
   1162.38928183      0.306544404351E-36
   1168.67246714      0.300839043105E-36
   1174.95565244      0.272801513233E-36
   1181.23883775      0.259345588354E-36
   1187.52202306      0.236366973600E-36
   1193.80520836      0.229219421283E-36
   1200.08839367      0.202385780578E-36
   1206.37157898      0.197118329373E-36
   1212.65476429      0.173213978428E-36
   1218.93794959      0.166706651417E-36
   1225.22113490      0.156633522419E-36
   1231.50432021      0.145175616262E-36
   1237.78750551      0.130223737262E-36
   1244.07069082      0.127484019831E-36
   1250.35387613      0.117174999925E-36
   1256.63706144      0.107401562520E-36
   1262.92024674      0.982442788897E-37
   1269.20343205      0.938129259730E-37
   1275.48661736      0.758502979891E-37
   1281.76980266      0.760651436386E-37
   1288.05298797      0.661932744232E-37
   1294.33617328      0.667119455904E-37
   1300.61935859      0.557614311320E-37
   1306.90254389      0.459356233765E-37
   1313.18572920      0.458406617492E-37
   1319.46891451      0.452996312040E-37
   1325.75209981      0.365794604993E-37
   1332.03528512      0.275588545706E-37
   1338.31847043      0.234896101262E-37
   1344.60165574      0.237981669449E-37
   1350.88484104      0.193194610670E-37
   1357.16802635      0.146325617648E-37
   1363.45121166      0.103297246813E-37
   1369.73439697      0.114857040860E-37
   1376.01758227      0.772621599267E-38
   1382.30076758      0.474503181184E-38
   1388.58395289      0.131633258589E-38
   1394.86713819      0.927070559959E-40
   6.28318530718      0.143307538533E-40
   12.5663706144      0.133438976237E-02
   18.8495559215      0.451065684744E-03
   25.1327412287      0.273548839466E-03
   31.4159265359      0.145576049771E-03
   37.6991118431      0.842298682115E-04
   43.9822971503      0.371327492893E-04
   50.2654824574      0.271317684659E-04
   56.5486677646      0.101437740000E-04
   62.8318530718      0.662700287647E-05
   69.1150383790      0.324257837171E-05
   75.3982236862      0.170696861990E-05
   81.6814089933      0.947805617998E-06
   87.9645943005      0.543613507235E-06
   94.2477796077      0.289952208859E-06
   100.530964915      0.175487418685E-06
   106.814150222      0.969022039496E-07
   113.097335529      0.558511724578E-07
   119.380520836      0.301695071934E-07
   125.663706144      0.167488785117E-07
   131.946891451      0.897468782276E-08
   138.230076758      0.465119565872E-08
   144.513262065      0.246908433604E-08
   150.796447372      0.123830588911E-08
   157.079632679      0.641233524186E-09
   163.362817987      0.317544732336E-09
   169.646003294      0.155815049521E-09
   175.929188601      0.763257019961E-10
   182.212373908      0.372356989567E-10
   188.495559215      0.181643848348E-10
   194.778744523      0.853980380957E-11
   201.061929830      0.420773155855E-11
   207.345115137      0.196570943116E-11
   213.628300444      0.949946190005E-12
   219.911485751      0.448469291673E-12
   226.194671058      0.210649828011E-12
   232.477856366      0.100702524694E-12
   238.761041673      0.469824847306E-13
   245.044226980      0.223616654312E-13
   251.327412287      0.104027644347E-13
   257.610597594      0.495068076657E-14
   263.893782902      0.229282965993E-14
   270.176968209      0.107493636464E-14
   276.460153516      0.501590756687E-15
   282.743338823      0.234548385660E-15
   289.026524130      0.109296622053E-15
   295.309709437      0.506157304327E-16
   301.592894745      0.236483574224E-16
   307.876080052      0.109149126098E-16
   314.159265359      0.509412428377E-17
   320.442450666      0.234600180571E-17
   326.725635973      0.108956428026E-17
   333.008821281      0.502130257702E-18
   339.292006588      0.231857984198E-18
   345.575191895      0.106849465772E-18
   351.858377202      0.492994843686E-19
   358.141562509      0.226768066207E-19
   364.424747816      0.104468293047E-19
   370.707933124      0.479969997137E-20
   376.991118431      0.220444039386E-20
   383.274303738      0.101281974555E-20
   389.557489045      0.464036114768E-21
   395.840674352      0.212750524375E-21
   402.123859659      0.974578508155E-22
   408.407044967      0.446121807301E-22
   414.690230274      0.203923811441E-22
   420.973415581      0.931069907698E-23
   427.256600888      0.425225581783E-23
   433.539786195      0.193693465471E-23
   439.822971503      0.878751959182E-24
   446.106156810      0.400743089368E-24
   452.389342117      0.180223274550E-24
   458.672527424      0.815974574641E-25
   464.955712731      0.360308767493E-25
   471.238898038      0.162680627947E-25
   477.522083346      0.689040395037E-26
   483.805268653      0.308514867306E-26
   490.088453960      0.122807584261E-26
   496.371639267      0.533823848288E-27
   502.654824574      0.201602581937E-27
   508.938009882      0.975683404997E-28
   515.221195189      0.471697636747E-28
   521.504380496      0.226198292744E-28
   527.787565803      0.113245919897E-28
   534.070751110      0.443280616839E-29
   540.353936417      0.153990484464E-29
   546.637121725      0.488026245702E-32
   552.920307032      0.240744177137E-32
   559.203492339      0.128523452558E-32
   565.486677646      0.718288251013E-33
   571.769862953      0.365998861420E-33
   578.053048261      0.204791595992E-33
   584.336233568      0.132810115708E-33
   590.619418875      0.890180198070E-34
   596.902604182      0.631923266045E-34
   603.185789489      0.493150996378E-34
   609.468974796      0.378166738383E-34
   615.752160104      0.377572773308E-34
   622.035345411      0.256468663595E-34
   628.318530718      0.254214351670E-34
   634.601716025      0.247082473473E-34
   640.884901332      0.231933693225E-34
   647.168086639      0.209666156882E-34
   653.451271947      0.233279889741E-34
   659.734457254      0.182277950163E-34
   666.017642561      0.205816948551E-34
   672.300827868      0.167855040327E-34
   678.584013175      0.155428773638E-34
   684.867198483      0.137146719025E-34
   691.150383790      0.137999870346E-34
   697.433569097      0.120042464058E-34
   703.716754404      0.144515644990E-34
   709.999939711      0.106805239148E-34
   716.283125018      0.130949102359E-34
   722.566310326      0.995908795285E-35
   728.849495633      0.929542007693E-35
   735.132680940      0.846427164796E-35
   741.415866247      0.812849413816E-35
   747.699051554      0.729802880304E-35
   753.982236862      0.790519065710E-35
   760.265422169      0.592936488613E-35
   766.548607476      0.623041299688E-35
   772.831792783      0.541733955087E-35
   779.114978090      0.540621888048E-35
   785.398163397      0.492321956372E-35
   791.681348705      0.535711396453E-35
   797.964534012      0.617147798656E-35
   804.247719319      0.114740416451E-34
   810.530904626      0.420110080487E-35
   816.814089933      0.375005812756E-35
   823.097275241      0.349095688699E-35
   829.380460548      0.321947571933E-35
   835.663645855      0.325271493977E-35
   841.946831162      0.297178783144E-35
   848.230016469      0.275812157820E-35
   854.513201776      0.268955021435E-35
   860.796387084      0.252005256916E-35
   867.079572391      0.242280985318E-35
   873.362757698      0.235431947055E-35
   879.645943005      0.225498441818E-35
   885.929128312      0.229218673972E-35
   892.212313620      0.197737365596E-35
   898.495498927      0.198850408949E-35
   904.778684234      0.189523887909E-35
   911.061869541      0.179536316623E-35
   917.345054848      0.175606294801E-35
   923.628240155      0.168278266121E-35
   929.911425463      0.162069584328E-35
   936.194610770      0.158879942533E-35
   942.477796077      0.160306766391E-35
   948.760981384      0.150247998747E-35
   955.044166691      0.149317737978E-35
   961.327351998      0.148658755446E-35
   967.610537306      0.141192839081E-35
   973.893722613      0.136722032828E-35
   980.176907920      0.132683899173E-35
   986.460093227      0.129996019395E-35
   992.743278534      0.130014494495E-35
   999.026463842      0.125106770816E-35
   1005.30964915      0.129676073747E-35
   1011.59283446      0.113522097537E-35
   1017.87601976      0.115002425474E-35
   1024.15920507      0.108955806967E-35
   1030.44239038      0.101083621599E-35
   1036.72557568      0.105708013485E-35
   1043.00876099      0.941643301192E-36
   1049.29194630      0.954105476209E-36
   1055.57513161      0.907213044420E-36
   1061.85831691      0.878394187186E-36
   1068.14150222      0.972212988693E-36
   1074.42468753      0.788211706233E-36
   1080.70787283      0.824281905749E-36
   1086.99105814      0.788912883315E-36
   1093.27424345      0.706986940079E-36
   1099.55742876      0.764867319027E-36
   1105.84061406      0.663125042082E-36
   1112.12379937      0.655062327700E-36
   1118.40698468      0.566314320246E-36
   1124.69016999      0.569845512449E-36
   1130.97335529      0.536477283923E-36
   1137.25654060      0.442581340885E-36
   1143.53972591      0.411624461422E-36
   1149.82291121      0.369385088232E-36
   1156.10609652      0.350308021257E-36
   1162.38928183      0.318951112538E-36
   1168.67246714      0.302541772303E-36
   1174.95565244      0.270078145193E-36
   1181.23883775      0.263463128741E-36
   1187.52202306      0.240715841836E-36
   1193.80520836      0.229412434301E-36
   1200.08839367      0.208178059001E-36
   1206.37157898      0.196707125448E-36
   1212.65476429      0.177116339749E-36
   1218.93794959      0.171153196355E-36
   1225.22113490      0.154560391579E-36
   1231.50432021      0.144413467982E-36
   1237.78750551      0.125528854600E-36
   1244.07069082      0.125277268991E-36
   1250.35387613      0.112990245251E-36
   1256.63706144      0.105873636269E-36
   1262.92024674      0.935457990358E-37
   1269.20343205      0.930837847997E-37
   1275.48661736      0.797615414152E-37
   1281.76980266      0.782764880263E-37
   1288.05298797      0.690711479995E-37
   1294.33617328      0.644386220817E-37
   1300.61935859      0.579559574505E-37
   1306.90254389      0.466764964215E-37
   1313.18572920      0.439587227917E-37
   1319.46891451      0.434194915034E-37
   1325.75209981      0.405667269429E-37
   1332.03528512      0.296677994591E-37
   1338.31847043      0.249769643588E-37
   1344.60165574      0.272383377946E-37
   1350.88484104      0.225278348757E-37
   1357.16802635      0.162300286532E-37
   1363.45121166      0.100365108115E-37
   1369.73439697      0.123025983047E-37
   1376.01758227      0.871793539306E-38
   1382.30076758      0.455392460917E-38
   1388.58395289      0.807664540635E-39
   1394.86713819      0.149318384034E-39
   6.28318530718      0.253659324731E-40
   12.5663706144      0.128013728836E-02
   18.8495559215      0.453424226568E-03
   25.1327412287      0.283680122686E-03
   31.4159265359      0.156014884251E-03
   37.6991118431      0.929075971176E-04
   43.9822971503      0.397028078540E-04
   50.2654824574      0.317802406125E-04
   56.5486677646      0.113332669446E-04
   62.8318530718      0.788661657918E-05
   69.1150383790      0.376183870479E-05
   75.3982236862      0.208417951662E-05
   81.6814089933      0.116836093548E-05
   87.9645943005      0.692856714146E-06
   94.2477796077      0.375116193602E-06
   100.530964915      0.236234852193E-06
   106.814150222      0.133045362316E-06
   113.097335529      0.802801227742E-07
   119.380520836      0.443517878550E-07
   125.663706144      0.256896782501E-07
   131.946891451      0.141723351598E-07
   138.230076758      0.759989109553E-08
   144.513262065      0.417026247287E-08
   150.796447372      0.215586685381E-08
   157.079632679      0.115514068402E-08
   163.362817987      0.588010323912E-09
   169.646003294      0.298115183191E-09
   175.929188601      0.150200361898E-09
   182.212373908      0.754752653806E-10
   188.495559215      0.378206604614E-10
   194.778744523      0.183349443313E-10
   201.061929830      0.926472179621E-11
   207.345115137      0.445649904073E-11
   213.628300444      0.221154617331E-11
   219.911485751      0.107228166442E-11
   226.194671058      0.519122185065E-12
   232.477856366      0.254135174865E-12
   238.761041673      0.122252113159E-12
   245.044226980      0.596437278082E-13
   251.327412287      0.285850624195E-13
   257.610597594      0.139330470850E-13
   263.893782902      0.665063135401E-14
   270.176968209      0.320523513295E-14
   276.460153516      0.153615054129E-14
   282.743338823      0.738453136594E-15
   289.026524130      0.353223532365E-15
   295.309709437      0.168549918323E-15
   301.592894745      0.806838098505E-16
   307.876080052      0.383847665873E-16
   314.159265359      0.183439066872E-16
   320.442450666      0.870611103622E-17
   326.725635973      0.414592697106E-17
   333.008821281      0.196610713622E-17
   339.292006588      0.932866183784E-18
   345.575191895      0.441701602231E-18
   351.858377202      0.209392251417E-18
   358.141562509      0.989500501333E-19
   364.424747816      0.468392049206E-19
   370.707933124      0.221009164125E-19
   376.991118431      0.104400551726E-19
   383.274303738      0.492117508268E-20
   389.557489045      0.232088271697E-20
   395.840674352      0.109205249757E-20
   402.123859659      0.514629448837E-21
   408.407044967      0.241822691398E-21
   414.690230274      0.113787734823E-21
   420.973415581      0.533650300577E-22
   427.256600888      0.250896611532E-22
   433.539786195      0.117506402569E-22
   439.822971503      0.550538528855E-23
   446.106156810      0.257883128545E-23
   452.389342117      0.120386343235E-23
   458.672527424      0.562323481063E-24
   464.955712731      0.260272164811E-24
   471.238898038      0.121532347195E-24
   477.522083346      0.552503236820E-25
   483.805268653      0.257456002798E-25
   490.088453960      0.114030192547E-25
   496.371639267      0.521704931665E-26
   502.654824574      0.220422245285E-26
   508.938009882      0.985194939736E-27
   515.221195189      0.451612147707E-27
   521.504380496      0.175019762385E-27
   527.787565803      0.956696177397E-28
   534.070751110      0.386035969243E-28
   540.353936417      0.214018531418E-28
   546.637121725      0.139572079371E-31
   552.920307032      0.240681209099E-32
   559.203492339      0.128671759001E-32
   565.486677646      0.719278788492E-33
   571.769862953      0.367444639718E-33
   578.053048261      0.206207842096E-33
   584.336233568      0.133487432170E-33
   590.619418875      0.905284737347E-34
   596.902604182      0.646770488013E-34
   603.185789489      0.471665356125E-34
   609.468974796      0.396679843057E-34
   615.752160104      0.367579383208E-34
   622.035345411      0.264411318261E-34
   628.318530718      0.263729517708E-34
   634.601716025      0.255736741431E-34
   640.884901332      0.243130914234E-34
   647.168086639      0.218656444334E-34
   653.451271947      0.240985114183E-34
   659.734457254      0.189984722511E-34
   666.017642561      0.216025737031E-34
   672.300827868      0.174259433395E-34
   678.584013175      0.165227542601E-34
   684.867198483      0.143656988275E-34
   691.150383790      0.142103423731E-34
   697.433569097      0.122729138772E-34
   703.716754404      0.135411815081E-34
   709.999939711      0.107186099722E-34
   716.283125018      0.124454933582E-34
   722.566310326      0.103858855342E-34
   728.849495633      0.966855845424E-35
   735.132680940      0.861087712733E-35
   741.415866247      0.852457987356E-35
   747.699051554      0.725036282738E-35
   753.982236862      0.748153814936E-35
   760.265422169      0.601360739400E-35
   766.548607476      0.602339828445E-35
   772.831792783      0.547841155622E-35
   779.114978090      0.567624398300E-35
   785.398163397      0.506745947610E-35
   791.681348705      0.540836142843E-35
   797.964534012      0.687933496153E-35
   804.247719319      0.123924475242E-34
   810.530904626      0.453196784232E-35
   816.814089933      0.394377604701E-35
   823.097275241      0.364529248150E-35
   829.380460548      0.333608748481E-35
   835.663645855      0.332756890782E-35
   841.946831162      0.300297656845E-35
   848.230016469      0.264541844764E-35
   854.513201776      0.274182375642E-35
   860.796387084      0.245675677022E-35
   867.079572391      0.232397060410E-35
   873.362757698      0.232105430810E-35
   879.645943005      0.222446230754E-35
   885.929128312      0.223375686671E-35
   892.212313620      0.199188930070E-35
   898.495498927      0.196213455679E-35
   904.778684234      0.186490536668E-35
   911.061869541      0.172041734312E-35
   917.345054848      0.180004361653E-35
   923.628240155      0.168499216621E-35
   929.911425463      0.164553254961E-35
   936.194610770      0.161429275735E-35
   942.477796077      0.155632757720E-35
   948.760981384      0.149731966871E-35
   955.044166691      0.149144219101E-35
   961.327351998      0.146745870368E-35
   967.610537306      0.147238657714E-35
   973.893722613      0.132305772946E-35
   980.176907920      0.138546569056E-35
   986.460093227      0.130168304057E-35
   992.743278534      0.128586276496E-35
   999.026463842      0.123475550393E-35
   1005.30964915      0.126603263606E-35
   1011.59283446      0.110510092429E-35
   1017.87601976      0.111626412113E-35
   1024.15920507      0.109320986172E-35
   1030.44239038      0.101041594334E-35
   1036.72557568      0.109111948727E-35
   1043.00876099      0.963998760713E-36
   1049.29194630      0.102519442670E-35
   1055.57513161      0.935436560800E-36
   1061.85831691      0.855178230604E-36
   1068.14150222      0.928299961631E-36
   1074.42468753      0.811103499203E-36
   1080.70787283      0.817596589239E-36
   1086.99105814      0.777031812645E-36
   1093.27424345      0.751397472814E-36
   1099.55742876      0.751993348208E-36
   1105.84061406      0.675242740558E-36
   1112.12379937      0.679395450196E-36
   1118.40698468      0.615521499730E-36
   1124.69016999      0.664047584176E-36
   1130.97335529      0.540255291847E-36
   1137.25654060      0.453334397590E-36
   1143.53972591      0.416706196694E-36
   1149.82291121      0.369111423942E-36
   1156.10609652      0.353721795023E-36
   1162.38928183      0.321846422350E-36
   1168.67246714      0.304482625088E-36
   1174.95565244      0.273506871409E-36
   1181.23883775      0.266309759261E-36
   1187.52202306      0.236899333066E-36
   1193.80520836      0.232360560576E-36
   1200.08839367      0.206886440391E-36
   1206.37157898      0.193514493752E-36
   1212.65476429      0.170662566703E-36
   1218.93794959      0.165184892999E-36
   1225.22113490      0.157552086339E-36
   1231.50432021      0.146623304301E-36
   1237.78750551      0.130917260187E-36
   1244.07069082      0.129987254582E-36
   1250.35387613      0.121259442682E-36
   1256.63706144      0.109186647610E-36
   1262.92024674      0.981455484853E-37
   1269.20343205      0.946745438298E-37
   1275.48661736      0.796519393859E-37
   1281.76980266      0.784533670802E-37
   1288.05298797      0.658306134231E-37
   1294.33617328      0.644452500228E-37
   1300.61935859      0.582443239048E-37
   1306.90254389      0.489310691449E-37
   1313.18572920      0.448543674900E-37
   1319.46891451      0.443685408640E-37
   1325.75209981      0.375644627500E-37
   1332.03528512      0.294105538845E-37
   1338.31847043      0.248535735352E-37
   1344.60165574      0.256688190494E-37
   1350.88484104      0.204855051879E-37
   1357.16802635      0.137180010921E-37
   1363.45121166      0.790699888739E-38
   1369.73439697      0.108283525790E-37
   1376.01758227      0.846526589534E-38
   1382.30076758      0.362600232085E-38
   1388.58395289      0.515834364182E-39
   1394.86713819      0.192963094077E-39
   6.28318530718      0.941761220000E-40
   12.5663706144      0.122677826644E-02
   18.8495559215      0.453236998997E-03
   25.1327412287      0.293903158806E-03
   31.4159265359      0.167193061437E-03
   37.6991118431      0.101729549127E-03
   43.9822971503      0.418114986608E-04
   50.2654824574      0.369272582878E-04
   56.5486677646      0.125378486891E-04
   62.8318530718      0.924998683578E-05
   69.1150383790      0.424909065721E-05
   75.3982236862      0.250721506912E-05
   81.6814089933      0.139161547872E-05
   87.9645943005      0.861452878500E-06
   94.2477796077      0.468393024079E-06
   100.530964915      0.306331382835E-06
   106.814150222      0.175052182286E-06
   113.097335529      0.110323564240E-06
   119.380520836      0.622176747534E-07
   125.663706144      0.374929079648E-07
   131.946891451      0.212116554115E-07
   138.230076758      0.117773479665E-07
   144.513262065      0.664388868637E-08
   150.796447372      0.354159224229E-08
   157.079632679      0.195347218779E-08
   163.362817987      0.102108396406E-08
   169.646003294      0.533707416020E-09
   175.929188601      0.276025006387E-09
   182.212373908      0.142497524608E-09
   188.495559215      0.731292703005E-10
   194.778744523      0.365385865244E-10
   201.061929830      0.188441885344E-10
   207.345115137      0.932844173998E-11
   213.628300444      0.473529813767E-11
   219.911485751      0.235382686976E-11
   226.194671058      0.117168234644E-11
   232.477856366      0.585694004929E-12
   238.761041673      0.289886130588E-12
   245.044226980      0.144480623317E-12
   251.327412287      0.712128614504E-13
   257.610597594      0.354396988128E-13
   263.893782902      0.173923446988E-13
   270.176968209      0.859287773084E-14
   276.460153516      0.422015057955E-14
   282.743338823      0.207975046711E-14
   289.026524130      0.101918817574E-14
   295.309709437      0.499239244397E-15
   301.592894745      0.244538870348E-15
   307.876080052      0.119470542590E-15
   314.159265359      0.583908529745E-16
   320.442450666      0.284614890455E-16
   326.725635973      0.138638174777E-16
   333.008821281      0.675025614248E-17
   339.292006588      0.327926165193E-17
   345.575191895      0.159247421093E-17
   351.858377202      0.773129194024E-18
   358.141562509      0.374692119670E-18
   364.424747816      0.181640188763E-18
   370.707933124      0.879035051192E-19
   376.991118431      0.425200030641E-19
   383.274303738      0.205545911926E-19
   389.557489045      0.993487036502E-20
   395.840674352      0.478724429077E-20
   402.123859659      0.231419821667E-20
   408.407044967      0.111357458396E-20
   414.690230274      0.537841252145E-21
   420.973415581      0.258049780013E-21
   427.256600888      0.124650861998E-21
   433.539786195      0.597255708173E-22
   439.822971503      0.287890793182E-22
   446.106156810      0.137875584143E-22
   452.389342117      0.663437924016E-23
   458.672527424      0.317410529530E-23
   464.955712731      0.151831959103E-23
   471.238898038      0.727694501835E-24
   477.522083346      0.344312246042E-24
   483.805268653      0.165235907026E-24
   490.088453960      0.773772257824E-25
   496.371639267      0.368954995952E-25
   502.654824574      0.169072161212E-25
   508.938009882      0.797240007369E-26
   515.221195189      0.372406008489E-26
   521.504380496      0.162338091071E-26
   527.787565803      0.757331476698E-27
   534.070751110      0.311297816172E-27
   540.353936417      0.161970475025E-27
   546.637121725      0.225707760524E-29
   552.920307032      0.240859781484E-32
   559.203492339      0.128804044344E-32
   565.486677646      0.721421195853E-33
   571.769862953      0.369322493491E-33
   578.053048261      0.207765356537E-33
   584.336233568      0.134698339805E-33
   590.619418875      0.917705960630E-34
   596.902604182      0.666163464966E-34
   603.185789489      0.495904770767E-34
   609.468974796      0.409181416935E-34
   615.752160104      0.385923431167E-34
   622.035345411      0.273679671388E-34
   628.318530718      0.279731914845E-34
   634.601716025      0.268123150248E-34
   640.884901332      0.252313617678E-34
   647.168086639      0.224314550497E-34
   653.451271947      0.250263836528E-34
   659.734457254      0.195817931802E-34
   666.017642561      0.224230917951E-34
   672.300827868      0.180628370195E-34
   678.584013175      0.171340158386E-34
   684.867198483      0.149737186893E-34
   691.150383790      0.147271236934E-34
   697.433569097      0.129567156527E-34
   703.716754404      0.145514911921E-34
   709.999939711      0.111537022878E-34
   716.283125018      0.148778300590E-34
   722.566310326      0.105924722218E-34
   728.849495633      0.102352173313E-34
   735.132680940      0.896431953844E-35
   741.415866247      0.884013039890E-35
   747.699051554      0.739950576201E-35
   753.982236862      0.834266104842E-35
   760.265422169      0.612965337282E-35
   766.548607476      0.640880239865E-35
   772.831792783      0.563806688457E-35
   779.114978090      0.564358586585E-35
   785.398163397      0.524105226633E-35
   791.681348705      0.533271635872E-35
   797.964534012      0.733635067146E-35
   804.247719319      0.138449087752E-34
   810.530904626      0.455347802263E-35
   816.814089933      0.391518548539E-35
   823.097275241      0.375204229064E-35
   829.380460548      0.343362490483E-35
   835.663645855      0.344444342063E-35
   841.946831162      0.306088601156E-35
   848.230016469      0.275464760073E-35
   854.513201776      0.277703256110E-35
   860.796387084      0.254905153654E-35
   867.079572391      0.242004078631E-35
   873.362757698      0.231638301772E-35
   879.645943005      0.221130581044E-35
   885.929128312      0.227169778730E-35
   892.212313620      0.200359747939E-35
   898.495498927      0.198858192605E-35
   904.778684234      0.187138896628E-35
   911.061869541      0.171640432265E-35
   917.345054848      0.178660821894E-35
   923.628240155      0.167271558191E-35
   929.911425463      0.167686282420E-35
   936.194610770      0.160578998805E-35
   942.477796077      0.156347237136E-35
   948.760981384      0.155154189113E-35
   955.044166691      0.147081745367E-35
   961.327351998      0.147329906180E-35
   967.610537306      0.139195360256E-35
   973.893722613      0.134918255315E-35
   980.176907920      0.130421946267E-35
   986.460093227      0.132770900301E-35
   992.743278534      0.131097556939E-35
   999.026463842      0.127940973869E-35
   1005.30964915      0.129121765488E-35
   1011.59283446      0.113470008471E-35
   1017.87601976      0.115701200937E-35
   1024.15920507      0.111716273989E-35
   1030.44239038      0.986076129440E-36
   1036.72557568      0.110179516809E-35
   1043.00876099      0.970338623206E-36
   1049.29194630      0.998962708660E-36
   1055.57513161      0.929056330080E-36
   1061.85831691      0.916535118978E-36
   1068.14150222      0.971578966829E-36
   1074.42468753      0.801821817317E-36
   1080.70787283      0.841819776337E-36
   1086.99105814      0.796385141724E-36
   1093.27424345      0.732590933867E-36
   1099.55742876      0.742241337190E-36
   1105.84061406      0.645681407458E-36
   1112.12379937      0.671420051711E-36
   1118.40698468      0.580424108071E-36
   1124.69016999      0.602676601789E-36
   1130.97335529      0.548257636129E-36
   1137.25654060      0.453746766752E-36
   1143.53972591      0.418326914982E-36
   1149.82291121      0.363809528126E-36
   1156.10609652      0.345788880533E-36
   1162.38928183      0.313784714896E-36
   1168.67246714      0.295242303475E-36
   1174.95565244      0.267751964875E-36
   1181.23883775      0.267373758419E-36
   1187.52202306      0.238766133548E-36
   1193.80520836      0.225196118769E-36
   1200.08839367      0.202124891404E-36
   1206.37157898      0.196095623343E-36
   1212.65476429      0.172211482843E-36
   1218.93794959      0.168810610399E-36
   1225.22113490      0.156930126087E-36
   1231.50432021      0.145374714795E-36
   1237.78750551      0.130082441191E-36
   1244.07069082      0.124368421113E-36
   1250.35387613      0.114782897335E-36
   1256.63706144      0.109556088751E-36
   1262.92024674      0.995979825233E-37
   1269.20343205      0.938062567327E-37
   1275.48661736      0.809765662345E-37
   1281.76980266      0.784707089087E-37
   1288.05298797      0.705543959692E-37
   1294.33617328      0.661552531263E-37
   1300.61935859      0.545081848024E-37
   1306.90254389      0.467859010838E-37
   1313.18572920      0.435431482357E-37
   1319.46891451      0.417335645488E-37
   1325.75209981      0.354082392892E-37
   1332.03528512      0.305289101839E-37
   1338.31847043      0.235030297031E-37
   1344.60165574      0.255338466101E-37
   1350.88484104      0.202312887091E-37
   1357.16802635      0.144261078586E-37
   1363.45121166      0.845690499887E-38
   1369.73439697      0.104985164946E-37
   1376.01758227      0.726455068185E-38
   1382.30076758      0.355298293758E-38
   1388.58395289      0.819175042007E-39
   1394.86713819      0.105385643028E-39
   6.28318530718      0.223712132528E-39
   12.5663706144      0.117437194082E-02
   18.8495559215      0.450605771228E-03
   25.1327412287      0.304024429430E-03
   31.4159265359      0.179171273517E-03
   37.6991118431      0.110705546067E-03
   43.9822971503      0.434557564345E-04
   50.2654824574      0.425120857329E-04
   56.5486677646      0.137941483357E-04
   62.8318530718      0.107110116560E-04
   69.1150383790      0.470666380739E-05
   75.3982236862      0.298488254220E-05
   81.6814089933      0.160709117383E-05
   87.9645943005      0.105223783069E-05
   94.2477796077      0.566508238604E-06
   100.530964915      0.385170261727E-06
   106.814150222      0.221962449384E-06
   113.097335529      0.145836128987E-06
   119.380520836      0.837969753988E-07
   125.663706144      0.523865720239E-07
   131.946891451      0.302960431214E-07
   138.230076758      0.174262979345E-07
   144.513262065      0.100573856117E-07
   150.796447372      0.553208268986E-08
   157.079632679      0.312559149708E-08
   163.362817987      0.167735750514E-08
   169.646003294      0.901560827785E-09
   175.929188601      0.477899708263E-09
   182.212373908      0.252892632980E-09
   188.495559215      0.132612171343E-09
   194.778744523      0.682178240770E-10
   201.061929830      0.357822285368E-10
   207.345115137      0.182148215134E-10
   213.628300444      0.942836854642E-11
   219.911485751      0.479900446042E-11
   226.194671058      0.244852719745E-11
   232.477856366      0.124813518507E-11
   238.761041673      0.633721194517E-12
   245.044226980      0.321970097994E-12
   251.327412287      0.162836918383E-12
   257.610597594      0.825911723759E-13
   263.893782902      0.415498070726E-13
   270.176968209      0.209910659629E-13
   276.460153516      0.105455169245E-13
   282.743338823      0.531421729751E-14
   289.026524130      0.266435665840E-14
   295.309709437      0.133454061337E-14
   301.592894745      0.668579002072E-15
   307.876080052      0.334126093011E-15
   314.159265359      0.166963323824E-15
   320.442450666      0.832800156330E-16
   326.725635973      0.414347613688E-16
   333.008821281      0.206624713336E-16
   339.292006588      0.102475234881E-16
   345.575191895      0.509594957758E-17
   351.858377202      0.252647802106E-17
   358.141562509      0.125391339741E-17
   364.424747816      0.620679652317E-18
   370.707933124      0.307724405799E-18
   376.991118431      0.151848817189E-18
   383.274303738      0.752474151205E-19
   389.557489045      0.371357221731E-19
   395.840674352      0.182958961550E-19
   402.123859659      0.904669142389E-20
   408.407044967      0.445059169510E-20
   414.690230274      0.220030923412E-20
   420.973415581      0.107753499219E-20
   427.256600888      0.533493410414E-21
   433.539786195      0.260836362317E-21
   439.822971503      0.128968632619E-21
   446.106156810      0.629937170812E-22
   452.389342117      0.311198083512E-22
   458.672527424      0.151960568664E-22
   464.955712731      0.746575264980E-23
   471.238898038      0.365653866063E-23
   477.522083346      0.178026453002E-23
   483.805268653      0.874780633740E-24
   490.088453960      0.423821262701E-24
   496.371639267      0.207668190125E-24
   502.654824574      0.996407988919E-25
   508.938009882      0.485883417623E-25
   515.221195189      0.234751409865E-25
   521.504380496      0.111239403764E-25
   527.787565803      0.526386032315E-26
   534.070751110      0.241177043461E-26
   540.353936417      0.118251869624E-26
   546.637121725      0.251360163986E-28
   552.920307032      0.156853897627E-30
   559.203492339      0.129038670357E-32
   565.486677646      0.724393478293E-33
   571.769862953      0.371340754909E-33
   578.053048261      0.209539885371E-33
   584.336233568      0.136080329959E-33
   590.619418875      0.934406595201E-34
   596.902604182      0.678513505985E-34
   603.185789489      0.494295658546E-34
   609.468974796      0.420771236124E-34
   615.752160104      0.391467037333E-34
   622.035345411      0.284265786037E-34
   628.318530718      0.287439703934E-34
   634.601716025      0.281650127886E-34
   640.884901332      0.257237233772E-34
   647.168086639      0.230711497306E-34
   653.451271947      0.261273975730E-34
   659.734457254      0.202422521875E-34
   666.017642561      0.235439268468E-34
   672.300827868      0.191038772686E-34
   678.584013175      0.182362363763E-34
   684.867198483      0.155568699672E-34
   691.150383790      0.155506577062E-34
   697.433569097      0.135608435319E-34
   703.716754404      0.139906404927E-34
   709.999939711      0.116968574887E-34
   716.283125018      0.133894075491E-34
   722.566310326      0.110174028134E-34
   728.849495633      0.101993236062E-34
   735.132680940      0.910117596236E-35
   741.415866247      0.861573845710E-35
   747.699051554      0.775239314154E-35
   753.982236862      0.773246156515E-35
   760.265422169      0.624736406079E-35
   766.548607476      0.683198947003E-35
   772.831792783      0.574012599370E-35
   779.114978090      0.592789382816E-35
   785.398163397      0.509456129259E-35
   791.681348705      0.538459835867E-35
   797.964534012      0.679942436063E-35
   804.247719319      0.144870580203E-34
   810.530904626      0.441387593568E-35
   816.814089933      0.398548622066E-35
   823.097275241      0.371735656261E-35
   829.380460548      0.341583569262E-35
   835.663645855      0.333081853728E-35
   841.946831162      0.300813155352E-35
   848.230016469      0.280878930139E-35
   854.513201776      0.279005508920E-35
   860.796387084      0.252786241485E-35
   867.079572391      0.237772743150E-35
   873.362757698      0.235827574246E-35
   879.645943005      0.224574041486E-35
   885.929128312      0.228342147590E-35
   892.212313620      0.196128093475E-35
   898.495498927      0.196556734566E-35
   904.778684234      0.191523760375E-35
   911.061869541      0.174142639233E-35
   917.345054848      0.180475180867E-35
   923.628240155      0.169361418447E-35
   929.911425463      0.166783728618E-35
   936.194610770      0.158063102932E-35
   942.477796077      0.151781632725E-35
   948.760981384      0.154618602141E-35
   955.044166691      0.145692963171E-35
   961.327351998      0.150856580646E-35
   967.610537306      0.143371264211E-35
   973.893722613      0.139440677291E-35
   980.176907920      0.138882293736E-35
   986.460093227      0.129298224796E-35
   992.743278534      0.134094614714E-35
   999.026463842      0.127594419345E-35
   1005.30964915      0.136496244244E-35
   1011.59283446      0.114765931032E-35
   1017.87601976      0.115827179246E-35
   1024.15920507      0.111627761126E-35
   1030.44239038      0.101016360616E-35
   1036.72557568      0.108752981396E-35
   1043.00876099      0.951747888122E-36
   1049.29194630      0.958930122321E-36
   1055.57513161      0.948758320499E-36
   1061.85831691      0.949077148580E-36
   1068.14150222      0.105415233808E-35
   1074.42468753      0.774821320316E-36
   1080.70787283      0.814735598287E-36
   1086.99105814      0.830266238699E-36
   1093.27424345      0.735987580147E-36
   1099.55742876      0.773732308737E-36
   1105.84061406      0.666065596743E-36
   1112.12379937      0.700621390129E-36
   1118.40698468      0.578225520920E-36
   1124.69016999      0.608777655930E-36
   1130.97335529      0.528372863809E-36
   1137.25654060      0.485026488910E-36
   1143.53972591      0.418914439147E-36
   1149.82291121      0.362892369517E-36
   1156.10609652      0.348816467281E-36
   1162.38928183      0.311051066424E-36
   1168.67246714      0.300588819116E-36
   1174.95565244      0.273173115863E-36
   1181.23883775      0.261078819055E-36
   1187.52202306      0.239661107473E-36
   1193.80520836      0.230525093061E-36
   1200.08839367      0.210391216158E-36
   1206.37157898      0.197256800978E-36
   1212.65476429      0.181931826334E-36
   1218.93794959      0.173116766883E-36
   1225.22113490      0.160130898930E-36
   1231.50432021      0.145345797138E-36
   1237.78750551      0.128371593737E-36
   1244.07069082      0.123534884852E-36
   1250.35387613      0.113450141273E-36
   1256.63706144      0.104773918625E-36
   1262.92024674      0.956172252830E-37
   1269.20343205      0.922300328309E-37
   1275.48661736      0.795763781636E-37
   1281.76980266      0.790958921386E-37
   1288.05298797      0.686021263434E-37
   1294.33617328      0.708240133776E-37
   1300.61935859      0.581901850255E-37
   1306.90254389      0.501129641746E-37
   1313.18572920      0.475072225111E-37
   1319.46891451      0.451062555589E-37
   1325.75209981      0.378428453357E-37
   1332.03528512      0.311752808447E-37
   1338.31847043      0.245677168809E-37
   1344.60165574      0.253019667176E-37
   1350.88484104      0.186216616119E-37
   1357.16802635      0.146375255674E-37
   1363.45121166      0.901545341005E-38
   1369.73439697      0.997655113277E-38
   1376.01758227      0.655308172823E-38
   1382.30076758      0.281103454198E-38
   1388.58395289      0.475518718371E-39
   1394.86713819      0.142491090018E-39
   6.28318530718      0.355706052856E-39
   12.5663706144      0.112298746634E-02
   18.8495559215      0.445663174840E-03
   25.1327412287      0.313804883187E-03
   31.4159265359      0.191930473657E-03
   37.6991118431      0.119904930249E-03
   43.9822971503      0.446708286397E-04
   50.2654824574      0.484308957042E-04
   56.5486677646      0.151367517711E-04
   62.8318530718      0.122562879851E-04
   69.1150383790      0.516372970402E-05
   75.3982236862      0.352765113882E-05
   81.6814089933      0.180588783583E-05
   87.9645943005      0.126968914623E-05
   94.2477796077      0.665871846641E-06
   100.530964915      0.472866792396E-06
   106.814150222      0.272560513129E-06
   113.097335529      0.186603378832E-06
   119.380520836      0.108888599943E-06
   125.663706144      0.704760834556E-07
   131.946891451      0.415387445750E-07
   138.230076758      0.247581944067E-07
   144.513262065      0.145587430360E-07
   150.796447372      0.826893298772E-08
   157.079632679      0.476436220805E-08
   163.362817987      0.262611746879E-08
   169.646003294      0.144724371057E-08
   175.929188601      0.785420616542E-09
   182.212373908      0.425123276732E-09
   188.495559215      0.227455834569E-09
   194.778744523      0.120214472513E-09
   201.061929830      0.640157477686E-10
   207.345115137      0.334539612206E-10
   213.628300444      0.176203399295E-10
   219.911485751      0.917366612768E-11
   226.194671058      0.478031627577E-11
   232.477856366      0.248468564622E-11
   238.761041673      0.128940793404E-11
   245.044226980      0.667210003533E-12
   251.327412287      0.345209379455E-12
   257.610597594      0.178348783205E-12
   263.893782902      0.916683139665E-13
   270.176968209      0.472526852374E-13
   276.460153516      0.242451652436E-13
   282.743338823      0.124659790705E-13
   289.026524130      0.638633571135E-14
   295.309709437      0.325968232532E-14
   301.592894745      0.166974350344E-14
   307.876080052      0.850580846592E-15
   314.159265359      0.434513615257E-15
   320.442450666      0.221037157325E-15
   326.725635973      0.112245381861E-15
   333.008821281      0.571729980240E-16
   339.292006588      0.288915112312E-16
   345.575191895      0.146874359561E-16
   351.858377202      0.741981560308E-17
   358.141562509      0.376524963675E-17
   364.424747816      0.189865531943E-17
   370.707933124      0.962952201814E-18
   376.991118431      0.483556767489E-18
   383.274303738      0.245323501748E-18
   389.557489045      0.123293562268E-18
   395.840674352      0.620249398561E-19
   402.123859659      0.312877072594E-19
   408.407044967      0.157166538375E-19
   414.690230274      0.793132753904E-20
   420.973415581      0.396078966282E-20
   427.256600888      0.200374743625E-20
   433.539786195      0.998742740126E-21
   439.822971503      0.504874626711E-21
   446.106156810      0.251293698997E-21
   452.389342117      0.126985317386E-21
   458.672527424      0.631970787904E-22
   464.955712731      0.317675946599E-22
   471.238898038      0.158612211020E-22
   477.522083346      0.790899096731E-23
   483.805268653      0.396401149579E-23
   490.088453960      0.197135674207E-23
   496.371639267      0.986382265394E-24
   502.654824574      0.488318357484E-24
   508.938009882      0.243860142387E-24
   515.221195189      0.120894520143E-24
   521.504380496      0.597262807236E-25
   527.787565803      0.293711440109E-25
   534.070751110      0.143552731963E-25
   540.353936417      0.725439986262E-26
   546.637121725      0.822539232137E-28
   552.920307032      0.154614866157E-29
   559.203492339      0.129166231413E-32
   565.486677646      0.724631032437E-33
   571.769862953      0.372719065457E-33
   578.053048261      0.210576899979E-33
   584.336233568      0.137140521192E-33
   590.619418875      0.954288296742E-34
   596.902604182      0.696266060538E-34
   603.185789489      0.524189935681E-34
   609.468974796      0.433889508696E-34
   615.752160104      0.429801267031E-34
   622.035345411      0.299169011949E-34
   628.318530718      0.301990458066E-34
   634.601716025      0.290807318702E-34
   640.884901332      0.277411142474E-34
   647.168086639      0.240838437034E-34
   653.451271947      0.269882468101E-34
   659.734457254      0.212760599974E-34
   666.017642561      0.242286329437E-34
   672.300827868      0.196634609601E-34
   678.584013175      0.182511756370E-34
   684.867198483      0.160500032757E-34
   691.150383790      0.156916899650E-34
   697.433569097      0.136975993567E-34
   703.716754404      0.150877885901E-34
   709.999939711      0.119349034344E-34
   716.283125018      0.145375976196E-34
   722.566310326      0.116017663503E-34
   728.849495633      0.108307872661E-34
   735.132680940      0.939090999016E-35
   741.415866247      0.102665595000E-34
   747.699051554      0.785431359947E-35
   753.982236862      0.849407293197E-35
   760.265422169      0.649126605545E-35
   766.548607476      0.668193650989E-35
   772.831792783      0.574467369743E-35
   779.114978090      0.636121866171E-35
   785.398163397      0.521187973622E-35
   791.681348705      0.557536641659E-35
   797.964534012      0.638107448113E-35
   804.247719319      0.145238143210E-34
   810.530904626      0.459406664278E-35
   816.814089933      0.405298965329E-35
   823.097275241      0.371315887790E-35
   829.380460548      0.349547618000E-35
   835.663645855      0.334392695482E-35
   841.946831162      0.310945317303E-35
   848.230016469      0.283581366631E-35
   854.513201776      0.278990885290E-35
   860.796387084      0.260906460635E-35
   867.079572391      0.246007098187E-35
   873.362757698      0.238117837360E-35
   879.645943005      0.227747390850E-35
   885.929128312      0.229913082533E-35
   892.212313620      0.202766159096E-35
   898.495498927      0.202811774507E-35
   904.778684234      0.190238441201E-35
   911.061869541      0.179532870502E-35
   917.345054848      0.178620102676E-35
   923.628240155      0.164596422378E-35
   929.911425463      0.164541236856E-35
   936.194610770      0.166978224895E-35
   942.477796077      0.157092595315E-35
   948.760981384      0.152698357807E-35
   955.044166691      0.148609748574E-35
   961.327351998      0.143741019132E-35
   967.610537306      0.141904170851E-35
   973.893722613      0.136329811409E-35
   980.176907920      0.138770904685E-35
   986.460093227      0.132149021736E-35
   992.743278534      0.131718168040E-35
   999.026463842      0.126699909010E-35
   1005.30964915      0.133309090066E-35
   1011.59283446      0.114350942986E-35
   1017.87601976      0.113794464045E-35
   1024.15920507      0.108878040467E-35
   1030.44239038      0.100896432266E-35
   1036.72557568      0.112524405880E-35
   1043.00876099      0.100959653638E-35
   1049.29194630      0.103460505500E-35
   1055.57513161      0.986460588317E-36
   1061.85831691      0.888194959761E-36
   1068.14150222      0.947379228734E-36
   1074.42468753      0.797640664589E-36
   1080.70787283      0.795248834825E-36
   1086.99105814      0.763901147994E-36
   1093.27424345      0.756655815431E-36
   1099.55742876      0.758655106443E-36
   1105.84061406      0.622210378927E-36
   1112.12379937      0.684205365574E-36
   1118.40698468      0.594892925101E-36
   1124.69016999      0.628177398116E-36
   1130.97335529      0.520603844166E-36
   1137.25654060      0.473305055833E-36
   1143.53972591      0.415394180588E-36
   1149.82291121      0.360062378911E-36
   1156.10609652      0.345639470349E-36
   1162.38928183      0.309890069672E-36
   1168.67246714      0.299289089315E-36
   1174.95565244      0.268756441311E-36
   1181.23883775      0.261005362636E-36
   1187.52202306      0.234835897326E-36
   1193.80520836      0.227824428298E-36
   1200.08839367      0.206081560737E-36
   1206.37157898      0.196380280701E-36
   1212.65476429      0.176370058740E-36
   1218.93794959      0.167817123692E-36
   1225.22113490      0.157665244893E-36
   1231.50432021      0.147556785665E-36
   1237.78750551      0.128375783212E-36
   1244.07069082      0.128417328607E-36
   1250.35387613      0.120511101354E-36
   1256.63706144      0.109761809163E-36
   1262.92024674      0.973875994482E-37
   1269.20343205      0.914960891578E-37
   1275.48661736      0.777520640334E-37
   1281.76980266      0.789682372053E-37
   1288.05298797      0.711866307561E-37
   1294.33617328      0.686785325171E-37
   1300.61935859      0.575238950562E-37
   1306.90254389      0.471825340545E-37
   1313.18572920      0.460573298593E-37
   1319.46891451      0.434096662346E-37
   1325.75209981      0.363780489896E-37
   1332.03528512      0.285342593518E-37
   1338.31847043      0.238946846950E-37
   1344.60165574      0.258775956515E-37
   1350.88484104      0.214456799080E-37
   1357.16802635      0.145365850887E-37
   1363.45121166      0.828089420453E-38
   1369.73439697      0.103195241913E-37
   1376.01758227      0.631641222842E-38
   1382.30076758      0.359058510551E-38
   1388.58395289      0.509054913390E-39
   1394.86713819      0.451918507515E-40
   6.28318530718      0.177662809059E-40
   12.5663706144      0.107270551378E-02
   18.8495559215      0.438569134548E-03
   25.1327412287      0.322972638641E-03
   31.4159265359      0.205355122247E-03
   37.6991118431      0.129461849852E-03
   43.9822971503      0.455373640298E-04
   50.2654824574      0.545456814744E-04
   56.5486677646      0.165819907668E-04
   62.8318530718      0.138650472914E-04
   69.1150383790      0.567472940306E-05
   75.3982236862      0.414674459359E-05
   81.6814089933      0.198291764852E-05
   87.9645943005      0.151893281119E-05
   94.2477796077      0.763394534187E-06
   100.530964915      0.570858047678E-06
   106.814150222      0.325581591579E-06
   113.097335529      0.232631436634E-06
   119.380520836      0.137035062635E-06
   125.663706144      0.918057693049E-07
   131.946891451      0.549477675175E-07
   138.230076758      0.339390879810E-07
   144.513262065      0.202656290191E-07
   150.796447372      0.118895109730E-07
   157.079632679      0.696089782844E-08
   163.362817987      0.394305885114E-08
   169.646003294      0.222114483370E-08
   175.929188601      0.123318244228E-08
   182.212373908      0.681303268179E-09
   188.495559215      0.371690918152E-09
   194.778744523      0.201190951538E-09
   201.061929830      0.108757347317E-09
   207.345115137      0.581872635576E-10
   213.628300444      0.311533050190E-10
   219.911485751      0.165671865175E-10
   226.194671058      0.878600781334E-11
   232.477856366      0.465850711822E-11
   238.761041673      0.246127284115E-11
   245.044226980      0.129722640003E-11
   251.327412287      0.684200908958E-12
   257.610597594      0.360141057883E-12
   263.893782902      0.188482687543E-12
   270.176968209      0.989650440312E-13
   276.460153516      0.517763311700E-13
   282.743338823      0.271145484626E-13
   289.026524130      0.141737125331E-13
   295.309709437      0.735400187035E-14
   301.592894745      0.384880348864E-14
   307.876080052      0.199317298393E-14
   314.159265359      0.104029128732E-14
   320.442450666      0.538256207323E-15
   326.725635973      0.278843189109E-15
   333.008821281      0.144683953697E-15
   339.292006588      0.744246742487E-16
   345.575191895      0.385993850834E-16
   351.858377202      0.198414217756E-16
   358.141562509      0.102751458654E-16
   364.424747816      0.527026171943E-17
   370.707933124      0.272878493893E-17
   376.991118431      0.139296835276E-17
   383.274303738      0.721826179199E-18
   389.557489045      0.368886340449E-18
   395.840674352      0.189252229131E-18
   402.123859659      0.971699881636E-19
   408.407044967      0.497825171830E-19
   414.690230274      0.255764155837E-19
   420.973415581      0.130206918616E-19
   427.256600888      0.670864968618E-20
   433.539786195      0.340858541835E-20
   439.822971503      0.175546166116E-20
   446.106156810      0.890449090171E-21
   452.389342117      0.458543130524E-21
   458.672527424      0.232517610980E-21
   464.955712731      0.119206837788E-21
   471.238898038      0.606012054402E-22
   477.522083346      0.308662502327E-22
   483.805268653      0.157406572187E-22
   490.088453960      0.800424056516E-23
   496.371639267      0.407708534611E-23
   502.654824574      0.206835115821E-23
   508.938009882      0.105266166545E-23
   515.221195189      0.534012840317E-24
   521.504380496      0.270770516675E-24
   527.787565803      0.137074349352E-24
   534.070751110      0.692857146965E-25
   540.353936417      0.363757920965E-25
   546.637121725      0.257934810834E-27
   552.920307032      0.867542920804E-29
   559.203492339      0.129392683769E-32
   565.486677646      0.726573394523E-33
   571.769862953      0.374512514637E-33
   578.053048261      0.212696259159E-33
   584.336233568      0.137719894369E-33
   590.619418875      0.960123406653E-34
   596.902604182      0.715134979641E-34
   603.185789489      0.509726718495E-34
   609.468974796      0.447653821207E-34
   615.752160104      0.406086725571E-34
   622.035345411      0.301955804457E-34
   628.318530718      0.311161349862E-34
   634.601716025      0.297484159400E-34
   640.884901332      0.282363299217E-34
   647.168086639      0.247364391711E-34
   653.451271947      0.279682956410E-34
   659.734457254      0.220661870951E-34
   666.017642561      0.251345826191E-34
   672.300827868      0.202183697582E-34
   678.584013175      0.185618699432E-34
   684.867198483      0.165405417167E-34
   691.150383790      0.158158018677E-34
   697.433569097      0.140944024371E-34
   703.716754404      0.179042879229E-34
   709.999939711      0.122107529891E-34
   716.283125018      0.145487661257E-34
   722.566310326      0.116451301800E-34
   728.849495633      0.107252068096E-34
   735.132680940      0.943491180003E-35
   741.415866247      0.907953658603E-35
   747.699051554      0.793844993675E-35
   753.982236862      0.822033549574E-35
   760.265422169      0.661675606221E-35
   766.548607476      0.679488178846E-35
   772.831792783      0.591941740358E-35
   779.114978090      0.604518416712E-35
   785.398163397      0.531973769349E-35
   791.681348705      0.565234535520E-35
   797.964534012      0.699149325166E-35
   804.247719319      0.931099622783E-35
   810.530904626      0.460261368581E-35
   816.814089933      0.396929576870E-35
   823.097275241      0.378714315869E-35
   829.380460548      0.352662212160E-35
   835.663645855      0.343864209165E-35
   841.946831162      0.316007044603E-35
   848.230016469      0.282403283614E-35
   854.513201776      0.276593740228E-35
   860.796387084      0.248217059073E-35
   867.079572391      0.248313639807E-35
   873.362757698      0.237102314432E-35
   879.645943005      0.224881521269E-35
   885.929128312      0.236483453558E-35
   892.212313620      0.203433455834E-35
   898.495498927      0.201836395926E-35
   904.778684234      0.194120935225E-35
   911.061869541      0.177923111229E-35
   917.345054848      0.179086099869E-35
   923.628240155      0.170131511686E-35
   929.911425463      0.162244963784E-35
   936.194610770      0.158575154296E-35
   942.477796077      0.159712892610E-35
   948.760981384      0.159205747463E-35
   955.044166691      0.144034543099E-35
   961.327351998      0.144045707873E-35
   967.610537306      0.139180570459E-35
   973.893722613      0.134918114298E-35
   980.176907920      0.136080196035E-35
   986.460093227      0.127887645362E-35
   992.743278534      0.127010808468E-35
   999.026463842      0.121319741473E-35
   1005.30964915      0.127292234453E-35
   1011.59283446      0.110473473173E-35
   1017.87601976      0.113681887751E-35
   1024.15920507      0.112013204469E-35
   1030.44239038      0.102082490482E-35
   1036.72557568      0.112219850781E-35
   1043.00876099      0.935149170872E-36
   1049.29194630      0.995830467004E-36
   1055.57513161      0.915115231743E-36
   1061.85831691      0.886326195557E-36
   1068.14150222      0.918671931801E-36
   1074.42468753      0.795310791357E-36
   1080.70787283      0.816527109688E-36
   1086.99105814      0.795923318894E-36
   1093.27424345      0.761777039409E-36
   1099.55742876      0.730197153307E-36
   1105.84061406      0.634134561038E-36
   1112.12379937      0.759726036370E-36
   1118.40698468      0.584501683690E-36
   1124.69016999      0.656821683860E-36
   1130.97335529      0.531421408647E-36
   1137.25654060      0.447652925328E-36
   1143.53972591      0.402863766912E-36
   1149.82291121      0.358339530690E-36
   1156.10609652      0.338974327924E-36
   1162.38928183      0.302497702571E-36
   1168.67246714      0.295406252674E-36
   1174.95565244      0.266049014532E-36
   1181.23883775      0.259537665107E-36
   1187.52202306      0.233653402544E-36
   1193.80520836      0.223310264915E-36
   1200.08839367      0.207128640436E-36
   1206.37157898      0.200574053274E-36
   1212.65476429      0.178143358489E-36
   1218.93794959      0.163630665912E-36
   1225.22113490      0.151617268039E-36
   1231.50432021      0.146454187918E-36
   1237.78750551      0.130306124297E-36
   1244.07069082      0.126738005881E-36
   1250.35387613      0.119606267179E-36
   1256.63706144      0.109578334717E-36
   1262.92024674      0.926026445879E-37
   1269.20343205      0.912887577460E-37
   1275.48661736      0.781132377723E-37
   1281.76980266      0.778195095730E-37
   1288.05298797      0.723305731009E-37
   1294.33617328      0.674806373506E-37
   1300.61935859      0.566306878153E-37
   1306.90254389      0.466317053445E-37
   1313.18572920      0.441218719047E-37
   1319.46891451      0.409782441162E-37
   1325.75209981      0.343771895362E-37
   1332.03528512      0.289889714726E-37
   1338.31847043      0.218298217450E-37
   1344.60165574      0.252694304810E-37
   1350.88484104      0.202978823997E-37
   1357.16802635      0.144993149353E-37
   1363.45121166      0.914651802137E-38
   1369.73439697      0.994745309500E-38
   1376.01758227      0.739222614711E-38
   1382.30076758      0.306936089086E-38
   1388.58395289      0.891892463783E-39
   1394.86713819      0.213995152577E-39
   6.28318530718      0.159137592097E-40
   12.5663706144      0.102361831385E-02
   18.8495559215      0.429506454567E-03
   25.1327412287      0.331239832949E-03
   31.4159265359      0.219223501333E-03
   37.6991118431      0.139566826936E-03
   43.9822971503      0.461905994923E-04
   50.2654824574      0.606976171788E-04
   56.5486677646      0.181170759933E-04
   62.8318530718      0.155141525315E-04
   69.1150383790      0.630676832071E-05
   75.3982236862      0.485166161147E-05
   81.6814089933      0.213983931363E-05
   87.9645943005      0.180512577613E-05
   94.2477796077      0.857357796155E-06
   100.530964915      0.682055747479E-06
   106.814150222      0.380049988066E-06
   113.097335529      0.284474954707E-06
   119.380520836      0.167562346945E-06
   125.663706144      0.116476478308E-06
   131.946891451      0.704186397921E-07
   138.230076758      0.450962132258E-07
   144.513262065      0.272564511690E-07
   150.796447372      0.165196461450E-07
   157.079632679      0.980052768406E-08
   163.362817987      0.570748050320E-08
   169.646003294      0.327631437318E-08
   175.929188601      0.185993427242E-08
   182.212373908      0.104668877438E-08
   188.495559215      0.582236053416E-09
   194.778744523      0.321518374516E-09
   201.061929830      0.176637504845E-09
   207.345115137      0.964009167604E-10
   213.628300444      0.524582125399E-10
   219.911485751      0.284408187153E-10
   226.194671058      0.153063076448E-10
   232.477856366      0.827943011151E-11
   238.761041673      0.443855251495E-11
   245.044226980      0.238353729758E-11
   251.327412287      0.127705976106E-11
   257.610597594      0.685093443280E-12
   263.893782902      0.364024992330E-12
   270.176968209      0.194446565207E-12
   276.460153516      0.103537598808E-12
   282.743338823      0.551548060001E-13
   289.026524130      0.293662118236E-13
   295.309709437      0.154702459037E-13
   301.592894745      0.825904418765E-14
   307.876080052      0.434171564512E-14
   314.159265359      0.231193758139E-14
   320.442450666      0.121460073707E-14
   326.725635973      0.641422846390E-15
   333.008821281      0.338252579449E-15
   339.292006588      0.177051863575E-15
   345.575191895      0.934664924659E-16
   351.858377202      0.488539179502E-16
   358.141562509      0.257585673067E-16
   364.424747816      0.134293356300E-16
   370.707933124      0.708059572105E-17
   376.991118431      0.367387837352E-17
   383.274303738      0.193875150093E-17
   389.557489045      0.100683542758E-17
   395.840674352      0.526105852817E-18
   402.123859659      0.274447429350E-18
   408.407044967      0.143235058866E-18
   414.690230274      0.747538120434E-19
   420.973415581      0.387805147199E-19
   427.256600888      0.202932724921E-19
   433.539786195      0.105087698830E-19
   439.822971503      0.549684551390E-20
   446.106156810      0.284190001169E-20
   452.389342117      0.148640499847E-20
   458.672527424      0.767968611539E-21
   464.955712731      0.400432904805E-21
   471.238898038      0.207139632042E-21
   477.522083346      0.107520373423E-21
   483.805268653      0.557214578637E-22
   490.088453960      0.288915252610E-22
   496.371639267      0.149573433096E-22
   502.654824574      0.774486879943E-23
   508.938009882      0.400722570142E-23
   515.221195189      0.207474117473E-23
   521.504380496      0.107235097117E-23
   527.787565803      0.556055932198E-24
   534.070751110      0.287429589712E-24
   540.353936417      0.155902550307E-24
   546.637121725      0.680212613196E-27
   552.920307032      0.547679569375E-28
   559.203492339      0.104107733922E-29
   565.486677646      0.729065054974E-33
   571.769862953      0.376063925012E-33
   578.053048261      0.213460804293E-33
   584.336233568      0.139264894830E-33
   590.619418875      0.973025669459E-34
   596.902604182      0.727131548715E-34
   603.185789489      0.526228075999E-34
   609.468974796      0.462453645264E-34
   615.752160104      0.441989899448E-34
   622.035345411      0.312849751695E-34
   628.318530718      0.323432842303E-34
   634.601716025      0.300698606685E-34
   640.884901332      0.289055497424E-34
   647.168086639      0.253291139877E-34
   653.451271947      0.287957244875E-34
   659.734457254      0.223017057290E-34
   666.017642561      0.252126704435E-34
   672.300827868      0.211655483056E-34
   678.584013175      0.192516142047E-34
   684.867198483      0.168109390063E-34
   691.150383790      0.162835495374E-34
   697.433569097      0.145455607508E-34
   703.716754404      0.160651437624E-34
   709.999939711      0.127331288679E-34
   716.283125018      0.143028191085E-34
   722.566310326      0.116730700851E-34
   728.849495633      0.114204195240E-34
   735.132680940      0.983880322343E-35
   741.415866247      0.945162461100E-35
   747.699051554      0.811785202634E-35
   753.982236862      0.840763202523E-35
   760.265422169      0.673600160587E-35
   766.548607476      0.681222627702E-35
   772.831792783      0.601926668241E-35
   779.114978090      0.596273750378E-35
   785.398163397      0.557312116978E-35
   791.681348705      0.564619482664E-35
   797.964534012      0.747120079294E-35
   804.247719319      0.113224617914E-34
   810.530904626      0.463033322259E-35
   816.814089933      0.417068710378E-35
   823.097275241      0.378171389559E-35
   829.380460548      0.355646597156E-35
   835.663645855      0.343338549274E-35
   841.946831162      0.316078951715E-35
   848.230016469      0.278696474276E-35
   854.513201776      0.285913551369E-35
   860.796387084      0.260677053002E-35
   867.079572391      0.242398517275E-35
   873.362757698      0.229666571749E-35
   879.645943005      0.217583158189E-35
   885.929128312      0.224836320987E-35
   892.212313620      0.193976517577E-35
   898.495498927      0.198665513507E-35
   904.778684234      0.196987135678E-35
   911.061869541      0.174713517377E-35
   917.345054848      0.179254144098E-35
   923.628240155      0.165378110663E-35
   929.911425463      0.160609402359E-35
   936.194610770      0.160538438216E-35
   942.477796077      0.157279739429E-35
   948.760981384      0.150935900824E-35
   955.044166691      0.147668653730E-35
   961.327351998      0.144555880419E-35
   967.610537306      0.139075192518E-35
   973.893722613      0.134668104491E-35
   980.176907920      0.137374545349E-35
   986.460093227      0.128874126473E-35
   992.743278534      0.129731866100E-35
   999.026463842      0.126184226714E-35
   1005.30964915      0.129379092020E-35
   1011.59283446      0.112151589629E-35
   1017.87601976      0.114027172468E-35
   1024.15920507      0.110066098641E-35
   1030.44239038      0.972941699590E-36
   1036.72557568      0.109309881376E-35
   1043.00876099      0.957878638735E-36
   1049.29194630      0.985244130048E-36
   1055.57513161      0.905074354299E-36
   1061.85831691      0.865896428984E-36
   1068.14150222      0.959526545630E-36
   1074.42468753      0.784717353885E-36
   1080.70787283      0.823993758695E-36
   1086.99105814      0.742727711915E-36
   1093.27424345      0.717211175045E-36
   1099.55742876      0.731986446466E-36
   1105.84061406      0.625716361568E-36
   1112.12379937      0.728678422427E-36
   1118.40698468      0.591952150913E-36
   1124.69016999      0.631531465134E-36
   1130.97335529      0.531923287058E-36
   1137.25654060      0.441335932559E-36
   1143.53972591      0.407399260626E-36
   1149.82291121      0.352902735586E-36
   1156.10609652      0.336089193075E-36
   1162.38928183      0.299869425507E-36
   1168.67246714      0.290113413558E-36
   1174.95565244      0.264191316062E-36
   1181.23883775      0.254931312632E-36
   1187.52202306      0.233180138344E-36
   1193.80520836      0.224072751669E-36
   1200.08839367      0.203392293605E-36
   1206.37157898      0.194858764513E-36
   1212.65476429      0.170630061712E-36
   1218.93794959      0.160643784693E-36
   1225.22113490      0.154043894272E-36
   1231.50432021      0.144025568116E-36
   1237.78750551      0.129177274593E-36
   1244.07069082      0.131590782459E-36
   1250.35387613      0.116732463545E-36
   1256.63706144      0.108856052870E-36
   1262.92024674      0.985704512294E-37
   1269.20343205      0.963063304710E-37
   1275.48661736      0.821050237764E-37
   1281.76980266      0.766858518924E-37
   1288.05298797      0.678456088274E-37
   1294.33617328      0.655258125442E-37
   1300.61935859      0.579201470924E-37
   1306.90254389      0.483077207004E-37
   1313.18572920      0.450992033226E-37
   1319.46891451      0.430180570136E-37
   1325.75209981      0.345355380752E-37
   1332.03528512      0.277739122077E-37
   1338.31847043      0.222076732068E-37
   1344.60165574      0.239199077841E-37
   1350.88484104      0.204784113140E-37
   1357.16802635      0.160066292319E-37
   1363.45121166      0.935718222771E-38
   1369.73439697      0.108022838090E-37
   1376.01758227      0.620141106165E-38
   1382.30076758      0.361467565550E-38
   1388.58395289      0.606115824286E-39
   1394.86713819      0.115507609822E-39
   6.28318530718      0.562814729883E-40
   12.5663706144      0.975828359682E-03
   18.8495559215      0.418675934638E-03
   25.1327412287      0.338321988087E-03
   31.4159265359      0.233208236811E-03
   37.6991118431      0.150444426692E-03
   43.9822971503      0.468286135560E-04
   50.2654824574      0.667198468034E-04
   56.5486677646      0.197002893122E-04
   62.8318530718      0.171862195864E-04
   69.1150383790      0.711989536911E-05
   75.3982236862      0.564520957230E-05
   81.6814089933      0.228795929513E-05
   87.9645943005      0.213355602631E-05
   94.2477796077      0.948510049091E-06
   100.530964915      0.810322243954E-06
   106.814150222      0.435691818476E-06
   113.097335529      0.343465251036E-06
   119.380520836      0.199805847318E-06
   125.663706144      0.144773385756E-06
   131.946891451      0.877507758644E-07
   138.230076758      0.583550400678E-07
   144.513262065      0.355629127087E-07
   150.796447372      0.222756013954E-07
   157.079632679      0.133600350825E-07
   163.362817987      0.800074359218E-08
   169.646003294      0.466631209630E-08
   175.929188601      0.270789118480E-08
   182.212373908      0.154914364874E-08
   188.495559215      0.878845191848E-09
   194.778744523      0.493133043030E-09
   201.061929830      0.275807372546E-09
   207.345115137      0.152932209214E-09
   213.628300444      0.846158431126E-10
   219.911485751      0.466549174548E-10
   226.194671058      0.254349872540E-10
   232.477856366      0.140228751191E-10
   238.761041673      0.761067666929E-11
   245.044226980      0.416343157366E-11
   251.327412287      0.225954462289E-11
   257.610597594      0.123516749127E-11
   263.893782902      0.664961791326E-12
   270.176968209      0.360979027980E-12
   276.460153516      0.195253048956E-12
   282.743338823      0.105699119761E-12
   289.026524130      0.572040380208E-13
   295.309709437      0.305960726095E-13
   301.592894745      0.166209846532E-13
   307.876080052      0.886663622447E-14
   314.159265359      0.480616444968E-14
   320.442450666      0.256192807939E-14
   326.725635973      0.137730301722E-14
   333.008821281      0.736973574569E-15
   339.292006588      0.392439459008E-15
   345.575191895      0.210395080697E-15
   351.858377202      0.111794677267E-15
   358.141562509      0.598655179158E-16
   364.424747816      0.317207265140E-16
   370.707933124      0.169855596556E-16
   376.991118431      0.895966442910E-17
   383.274303738      0.480085308833E-17
   389.557489045      0.253279659147E-17
   395.840674352      0.134610922815E-17
   402.123859659      0.712499838780E-18
   408.407044967      0.378306486676E-18
   414.690230274      0.200251070912E-18
   420.973415581      0.105759551260E-18
   427.256600888      0.561057966239E-19
   433.539786195      0.295883682523E-19
   439.822971503      0.156860723578E-19
   446.106156810      0.826157200199E-20
   452.389342117      0.437875981985E-20
   458.672527424      0.230407387183E-20
   464.955712731      0.121913374019E-20
   471.238898038      0.641386309293E-21
   477.522083346      0.338497230951E-21
   483.805268653      0.178191004975E-21
   490.088453960      0.939611090244E-22
   496.371639267      0.494155217823E-22
   502.654824574      0.260350141568E-22
   508.938009882      0.136832476448E-22
   515.221195189      0.721009627810E-23
   521.504380496      0.378923746368E-23
   527.787565803      0.200370286819E-23
   534.070751110      0.105485495842E-23
   540.353936417      0.587505139849E-24
   546.637121725      0.159920165481E-26
   552.920307032      0.146115513292E-27
   559.203492339      0.108482817295E-28
   565.486677646      0.731176561195E-33
   571.769862953      0.377927523619E-33
   578.053048261      0.214935235285E-33
   584.336233568      0.139799570190E-33
   590.619418875      0.984828513219E-34
   596.902604182      0.744436875845E-34
   603.185789489      0.544592373225E-34
   609.468974796      0.470679358920E-34
   615.752160104      0.450506875123E-34
   622.035345411      0.317877111417E-34
   628.318530718      0.341089951625E-34
   634.601716025      0.314370760640E-34
   640.884901332      0.298817181702E-34
   647.168086639      0.257897612083E-34
   653.451271947      0.300281049372E-34
   659.734457254      0.235225944287E-34
   666.017642561      0.262629473773E-34
   672.300827868      0.214625447732E-34
   678.584013175      0.198451988234E-34
   684.867198483      0.173171949228E-34
   691.150383790      0.169345945873E-34
   697.433569097      0.150584677162E-34
   703.716754404      0.167797332267E-34
   709.999939711      0.128353437581E-34
   716.283125018      0.150694926545E-34
   722.566310326      0.116970686420E-34
   728.849495633      0.118063465695E-34
   735.132680940      0.100579614761E-34
   741.415866247      0.952066832309E-35
   747.699051554      0.828822920814E-35
   753.982236862      0.816420206708E-35
   760.265422169      0.676263992587E-35
   766.548607476      0.678588029071E-35
   772.831792783      0.592520211362E-35
   779.114978090      0.587529995841E-35
   785.398163397      0.549953831238E-35
   791.681348705      0.625230081603E-35
   797.964534012      0.637300037369E-35
   804.247719319      0.145903931112E-34
   810.530904626      0.479329042195E-35
   816.814089933      0.415433515743E-35
   823.097275241      0.384987196555E-35
   829.380460548      0.354847848222E-35
   835.663645855      0.334917006314E-35
   841.946831162      0.312173516246E-35
   848.230016469      0.276446336910E-35
   854.513201776      0.275479157034E-35
   860.796387084      0.252031106318E-35
   867.079572391      0.240343119934E-35
   873.362757698      0.235658067613E-35
   879.645943005      0.223826441358E-35
   885.929128312      0.223715703693E-35
   892.212313620      0.196438567800E-35
   898.495498927      0.192935790169E-35
   904.778684234      0.181313850382E-35
   911.061869541      0.166923891663E-35
   917.345054848      0.172307737646E-35
   923.628240155      0.156898933292E-35
   929.911425463      0.158598788219E-35
   936.194610770      0.149814475385E-35
   942.477796077      0.154047660084E-35
   948.760981384      0.147148000568E-35
   955.044166691      0.137927786571E-35
   961.327351998      0.147689714461E-35
   967.610537306      0.143575568718E-35
   973.893722613      0.138350813475E-35
   980.176907920      0.130799726076E-35
   986.460093227      0.127530956804E-35
   992.743278534      0.128657275861E-35
   999.026463842      0.122622843485E-35
   1005.30964915      0.126335660981E-35
   1011.59283446      0.108777506624E-35
   1017.87601976      0.111631967961E-35
   1024.15920507      0.108331699235E-35
   1030.44239038      0.101480646028E-35
   1036.72557568      0.105785502521E-35
   1043.00876099      0.895367412894E-36
   1049.29194630      0.952529940610E-36
   1055.57513161      0.914016336607E-36
   1061.85831691      0.867153410513E-36
   1068.14150222      0.940808269428E-36
   1074.42468753      0.761552373081E-36
   1080.70787283      0.773462987391E-36
   1086.99105814      0.735655968728E-36
   1093.27424345      0.702175868859E-36
   1099.55742876      0.705124880020E-36
   1105.84061406      0.624161585839E-36
   1112.12379937      0.644622156678E-36
   1118.40698468      0.544483316375E-36
   1124.69016999      0.613676764806E-36
   1130.97335529      0.565985548675E-36
   1137.25654060      0.443648380828E-36
   1143.53972591      0.394851757805E-36
   1149.82291121      0.344577133351E-36
   1156.10609652      0.328704756015E-36
   1162.38928183      0.300524301510E-36
   1168.67246714      0.286991074442E-36
   1174.95565244      0.255957974936E-36
   1181.23883775      0.251801636080E-36
   1187.52202306      0.227798126599E-36
   1193.80520836      0.221175397587E-36
   1200.08839367      0.199796509615E-36
   1206.37157898      0.191029475702E-36
   1212.65476429      0.168909352973E-36
   1218.93794959      0.163619094189E-36
   1225.22113490      0.150254318560E-36
   1231.50432021      0.141849455944E-36
   1237.78750551      0.122746707950E-36
   1244.07069082      0.123126269205E-36
   1250.35387613      0.113121621774E-36
   1256.63706144      0.104736726138E-36
   1262.92024674      0.936037992591E-37
   1269.20343205      0.887159712073E-37
   1275.48661736      0.787428104726E-37
   1281.76980266      0.733146301476E-37
   1288.05298797      0.664993538684E-37
   1294.33617328      0.635846751445E-37
   1300.61935859      0.538812358941E-37
   1306.90254389      0.471523034861E-37
   1313.18572920      0.447381208121E-37
   1319.46891451      0.410170443707E-37
   1325.75209981      0.343350245696E-37
   1332.03528512      0.277212081329E-37
   1338.31847043      0.225207824787E-37
   1344.60165574      0.252464327513E-37
   1350.88484104      0.198464142046E-37
   1357.16802635      0.138885594190E-37
   1363.45121166      0.791091857328E-38
   1369.73439697      0.112022450200E-37
   1376.01758227      0.668361359787E-38
   1382.30076758      0.355685137535E-38
   1388.58395289      0.430436086100E-39
   1394.86713819      0.126346498127E-39
   6.28318530718      0.220674058135E-39
   12.5663706144      0.929445989844E-03
   18.8495559215      0.406291417709E-03
   25.1327412287      0.343957722934E-03
   31.4159265359      0.246889313235E-03
   37.6991118431      0.162320334825E-03
   43.9822971503      0.477150254619E-04
   50.2654824574      0.724462170574E-04
   56.5486677646      0.212739638744E-04
   62.8318530718      0.188755747998E-04
   69.1150383790      0.814808630558E-05
   75.3982236862      0.651824089814E-05
   81.6814089933      0.244950966237E-05
   87.9645943005      0.250942952434E-05
   94.2477796077      0.104167300623E-05
   100.530964915      0.959584437265E-06
   106.814150222      0.493404570234E-06
   113.097335529      0.411601267155E-06
   119.380520836      0.233543131386E-06
   125.663706144      0.177249939545E-06
   131.946891451      0.106733413659E-06
   138.230076758      0.738864265194E-07
   144.513262065      0.451768046808E-07
   150.796447372      0.292810830623E-07
   157.079632679      0.177065191919E-07
   163.362817987      0.109093765528E-07
   169.646003294      0.644325879141E-08
   175.929188601      0.382363054616E-08
   182.212373908      0.221893912459E-08
   188.495559215      0.128427956980E-08
   194.778744523      0.729575061101E-09
   201.061929830      0.416064823673E-09
   207.345115137      0.233524928283E-09
   213.628300444      0.131425043387E-09
   219.911485751      0.734929260727E-10
   226.194671058      0.405584910642E-10
   232.477856366      0.227427274400E-10
   238.761041673      0.124838803199E-10
   245.044226980      0.694888998175E-11
   251.327412287      0.381322987974E-11
   257.610597594      0.212154372789E-11
   263.893782902      0.115601297620E-11
   270.176968209      0.637068122383E-12
   276.460153516      0.349453790230E-12
   282.743338823      0.192052878457E-12
   289.026524130      0.105435866350E-12
   295.309709437      0.572819417237E-13
   301.592894745      0.315724045562E-13
   307.876080052      0.170983649973E-13
   314.159265359      0.940884962601E-14
   320.442450666      0.508878562452E-14
   326.725635973      0.277968694012E-14
   333.008821281      0.150783247883E-14
   339.292006588      0.816364622362E-15
   345.575191895      0.443651602583E-15
   351.858377202      0.239578659975E-15
   358.141562509      0.130015917456E-15
   364.424747816      0.700128600826E-16
   370.707933124      0.379873356295E-16
   376.991118431      0.203676506766E-16
   383.274303738      0.110557725987E-16
   389.557489045      0.592338602140E-17
   395.840674352      0.319705684349E-17
   402.123859659      0.171555954773E-17
   408.407044967      0.925245804543E-18
   414.690230274      0.496322623213E-18
   420.973415581      0.266428943427E-18
   427.256600888      0.143168605480E-18
   433.539786195      0.767716285935E-19
   439.822971503      0.412105716328E-19
   446.106156810      0.220797930951E-19
   452.389342117      0.118461244557E-19
   458.672527424      0.634081499565E-20
   464.955712731      0.339937317304E-20
   471.238898038      0.181765384014E-20
   477.522083346      0.973163397497E-21
   483.805268653      0.520281352910E-21
   490.088453960      0.278341956276E-21
   496.371639267      0.148684579303E-21
   502.654824574      0.794949710435E-22
   508.938009882      0.424360193315E-22
   515.221195189      0.226935408167E-22
   521.504380496      0.121205151772E-22
   527.787565803      0.651273122185E-23
   534.070751110      0.348798363702E-23
   540.353936417      0.198676280440E-23
   546.637121725      0.379001319741E-26
   552.920307032      0.280372921492E-27
   559.203492339      0.384077175854E-28
   565.486677646      0.376224761493E-31
   571.769862953      0.379523519782E-33
   578.053048261      0.216016484176E-33
   584.336233568      0.141428397217E-33
   590.619418875      0.995882263899E-34
   596.902604182      0.767896388941E-34
   603.185789489      0.564032860974E-34
   609.468974796      0.474434189719E-34
   615.752160104      0.468615924559E-34
   622.035345411      0.328201514309E-34
   628.318530718      0.347661410314E-34
   634.601716025      0.329314881005E-34
   640.884901332      0.305349219183E-34
   647.168086639      0.263655855503E-34
   653.451271947      0.300274422205E-34
   659.734457254      0.238302216656E-34
   666.017642561      0.267730011992E-34
   672.300827868      0.222063935701E-34
   678.584013175      0.207453940587E-34
   684.867198483      0.179811977469E-34
   691.150383790      0.172216841777E-34
   697.433569097      0.154409886367E-34
   703.716754404      0.166238550097E-34
   709.999939711      0.129051939298E-34
   716.283125018      0.162014063452E-34
   722.566310326      0.122860115815E-34
   728.849495633      0.116765394956E-34
   735.132680940      0.103542518549E-34
   741.415866247      0.988375070320E-35
   747.699051554      0.847223906378E-35
   753.982236862      0.834431516949E-35
   760.265422169      0.684562877603E-35
   766.548607476      0.716127913308E-35
   772.831792783      0.636113410510E-35
   779.114978090      0.598927594843E-35
   785.398163397      0.558778959925E-35
   791.681348705      0.642533803894E-35
   797.964534012      0.665298691364E-35
   804.247719319      0.152955063975E-34
   810.530904626      0.454263267312E-35
   816.814089933      0.410263487858E-35
   823.097275241      0.389244244323E-35
   829.380460548      0.354402363519E-35
   835.663645855      0.329465985575E-35
   841.946831162      0.304337883349E-35
   848.230016469      0.276841879379E-35
   854.513201776      0.277883012353E-35
   860.796387084      0.244694940170E-35
   867.079572391      0.238370748462E-35
   873.362757698      0.231851562067E-35
   879.645943005      0.220443772148E-35
   885.929128312      0.227257663673E-35
   892.212313620      0.196316097793E-35
   898.495498927      0.199038302740E-35
   904.778684234      0.180123190142E-35
   911.061869541      0.162172209921E-35
   917.345054848      0.168786723628E-35
   923.628240155      0.159997928715E-35
   929.911425463      0.155649268498E-35
   936.194610770      0.155137588737E-35
   942.477796077      0.154759337735E-35
   948.760981384      0.142834627868E-35
   955.044166691      0.141371074651E-35
   961.327351998      0.138482979605E-35
   967.610537306      0.139468929263E-35
   973.893722613      0.130782951899E-35
   980.176907920      0.133104464055E-35
   986.460093227      0.126539885830E-35
   992.743278534      0.125696715414E-35
   999.026463842      0.119502936849E-35
   1005.30964915      0.125665740864E-35
   1011.59283446      0.105391017087E-35
   1017.87601976      0.112431047883E-35
   1024.15920507      0.105319727866E-35
   1030.44239038      0.960852693588E-36
   1036.72557568      0.108473941241E-35
   1043.00876099      0.909006428582E-36
   1049.29194630      0.919670760097E-36
   1055.57513161      0.875018178572E-36
   1061.85831691      0.881227744814E-36
   1068.14150222      0.887340365343E-36
   1074.42468753      0.769937990714E-36
   1080.70787283      0.746116489686E-36
   1086.99105814      0.759667567688E-36
   1093.27424345      0.670534340942E-36
   1099.55742876      0.692695574433E-36
   1105.84061406      0.591812334106E-36
   1112.12379937      0.659087252160E-36
   1118.40698468      0.561606813053E-36
   1124.69016999      0.598755665965E-36
   1130.97335529      0.503897571566E-36
   1137.25654060      0.419801046572E-36
   1143.53972591      0.384428347690E-36
   1149.82291121      0.335494421861E-36
   1156.10609652      0.320155671500E-36
   1162.38928183      0.286932704900E-36
   1168.67246714      0.275266753642E-36
   1174.95565244      0.246462936609E-36
   1181.23883775      0.243251098535E-36
   1187.52202306      0.217591383059E-36
   1193.80520836      0.213383407287E-36
   1200.08839367      0.194410911928E-36
   1206.37157898      0.183214417563E-36
   1212.65476429      0.166473125532E-36
   1218.93794959      0.157548077214E-36
   1225.22113490      0.145349655234E-36
   1231.50432021      0.134342784572E-36
   1237.78750551      0.120716744340E-36
   1244.07069082      0.116909925830E-36
   1250.35387613      0.107003574452E-36
   1256.63706144      0.101295127190E-36
   1262.92024674      0.928186461450E-37
   1269.20343205      0.899168238257E-37
   1275.48661736      0.745362287442E-37
   1281.76980266      0.717225350127E-37
   1288.05298797      0.617598191037E-37
   1294.33617328      0.614043168763E-37
   1300.61935859      0.539663189413E-37
   1306.90254389      0.459656922392E-37
   1313.18572920      0.422286506337E-37
   1319.46891451      0.418550348801E-37
   1325.75209981      0.343808546240E-37
   1332.03528512      0.287672266541E-37
   1338.31847043      0.209825458702E-37
   1344.60165574      0.235483589618E-37
   1350.88484104      0.196175941748E-37
   1357.16802635      0.140816554629E-37
   1363.45121166      0.905490340610E-38
   1369.73439697      0.981447645787E-38
   1376.01758227      0.615502574256E-38
   1382.30076758      0.304778633104E-38
   1388.58395289      0.524783454238E-39
   1394.86713819      0.141027647997E-39
   6.28318530718      0.926509169892E-41
   12.5663706144      0.884586073757E-03
   18.8495559215      0.392575151981E-03
   25.1327412287      0.347926453794E-03
   31.4159265359      0.259780185414E-03
   37.6991118431      0.175383710839E-03
   43.9822971503      0.491711562439E-04
   50.2654824574      0.777158717805E-04
   56.5486677646      0.227870819648E-04
   62.8318530718      0.205865863429E-04
   69.1150383790      0.938769681332E-05
   75.3982236862      0.744915431501E-05
   81.6814089933      0.265588392319E-05
   87.9645943005      0.293619909957E-05
   94.2477796077      0.114710706380E-05
   100.530964915      0.113327250783E-05
   106.814150222      0.555864731867E-06
   113.097335529      0.491136737392E-06
   119.380520836      0.269356140016E-06
   125.663706144      0.214742309636E-06
   131.946891451      0.127360798756E-06
   138.230076758      0.919257115770E-07
   144.513262065      0.560991681266E-07
   150.796447372      0.376906690605E-07
   157.079632679      0.229049959716E-07
   163.362817987      0.145349149842E-07
   169.646003294      0.865788255677E-08
   175.929188601      0.526225934320E-08
   182.212373908      0.308940952779E-08
   188.495559215      0.182552354447E-08
   194.778744523      0.104636841211E-08
   201.061929830      0.609282530715E-09
   207.345115137      0.345067695184E-09
   213.628300444      0.197569866475E-09
   219.911485751      0.111745219932E-09
   226.194671058      0.624295047115E-10
   232.477856366      0.355001145698E-10
   238.761041673      0.197068887204E-10
   245.044226980      0.111374825601E-10
   251.327412287      0.617539270896E-11
   257.610597594      0.348892585136E-11
   263.893782902      0.192374778462E-11
   270.176968209      0.107469888111E-11
   276.460153516      0.597095695903E-12
   282.743338823      0.332710075936E-12
   289.026524130      0.184981572753E-12
   295.309709437      0.102098092291E-12
   301.592894745      0.569460405628E-13
   307.876080052      0.313206805695E-13
   314.159265359      0.174515611184E-13
   320.442450666      0.957843399650E-14
   326.725635973      0.530493520975E-14
   333.008821281      0.291615953368E-14
   339.292006588      0.160344975433E-14
   345.575191895      0.882211986833E-15
   351.858377202      0.483838011758E-15
   358.141562509      0.265711595538E-15
   364.424747816      0.145348325752E-15
   370.707933124      0.797860092137E-16
   376.991118431      0.434497504033E-16
   383.274303738      0.238575659989E-16
   389.557489045      0.129734380597E-16
   395.840674352      0.709935972486E-17
   402.123859659      0.386037918693E-17
   408.407044967      0.211108144888E-17
   414.690230274      0.114723255679E-17
   420.973415581      0.624737622539E-18
   427.256600888      0.339972038773E-18
   433.539786195      0.184993059925E-18
   439.822971503      0.100537679858E-18
   446.106156810      0.546815642593E-19
   452.389342117      0.296937950773E-19
   458.672527424      0.161383712350E-19
   464.955712731      0.875861950416E-20
   471.238898038      0.475506251827E-20
   477.522083346      0.257804933328E-20
   483.805268653      0.139925047437E-20
   490.088453960      0.758054346877E-21
   496.371639267      0.411162629241E-21
   502.654824574      0.222629255430E-21
   508.938009882      0.120685408175E-21
   515.221195189      0.653537127959E-22
   521.504380496      0.354662349888E-22
   527.787565803      0.193152465889E-22
   534.070751110      0.105188315172E-22
   540.353936417      0.610819049790E-23
   546.637121725      0.895529900903E-26
   552.920307032      0.452918858564E-27
   559.203492339      0.941947013047E-28
   565.486677646      0.383517161689E-29
   571.769862953      0.380533401891E-33
   578.053048261      0.217849122052E-33
   584.336233568      0.142719271070E-33
   590.619418875      0.101066859790E-33
   596.902604182      0.774159013847E-34
   603.185789489      0.565226365472E-34
   609.468974796      0.488894445862E-34
   615.752160104      0.476291365653E-34
   622.035345411      0.334654543436E-34
   628.318530718      0.353498315888E-34
   634.601716025      0.332760703966E-34
   640.884901332      0.316978265745E-34
   647.168086639      0.274964753635E-34
   653.451271947      0.310126800993E-34
   659.734457254      0.243160066906E-34
   666.017642561      0.278662712455E-34
   672.300827868      0.226251868520E-34
   678.584013175      0.210094128891E-34
   684.867198483      0.181017475735E-34
   691.150383790      0.178006168546E-34
   697.433569097      0.156329809989E-34
   703.716754404      0.166501956387E-34
   709.999939711      0.133931000752E-34
   716.283125018      0.170242681118E-34
   722.566310326      0.124766101262E-34
   728.849495633      0.117773743414E-34
   735.132680940      0.103843581594E-34
   741.415866247      0.979560764952E-35
   747.699051554      0.858088652825E-35
   753.982236862      0.826851362633E-35
   760.265422169      0.706793673471E-35
   766.548607476      0.693173157974E-35
   772.831792783      0.624329545509E-35
   779.114978090      0.646268409065E-35
   785.398163397      0.564158630965E-35
   791.681348705      0.649742572904E-35
   797.964534012      0.606823383594E-35
   804.247719319      0.120025652967E-34
   810.530904626      0.460993330734E-35
   816.814089933      0.402629531226E-35
   823.097275241      0.379055184176E-35
   829.380460548      0.345185979896E-35
   835.663645855      0.336128298802E-35
   841.946831162      0.300871996135E-35
   848.230016469      0.280742838044E-35
   854.513201776      0.274585487208E-35
   860.796387084      0.242636723266E-35
   867.079572391      0.239204759275E-35
   873.362757698      0.229871204315E-35
   879.645943005      0.213575574502E-35
   885.929128312      0.222271032486E-35
   892.212313620      0.190149632756E-35
   898.495498927      0.195646434540E-35
   904.778684234      0.182769574438E-35
   911.061869541      0.163199077551E-35
   917.345054848      0.168659135169E-35
   923.628240155      0.153866436425E-35
   929.911425463      0.155321962263E-35
   936.194610770      0.154374490803E-35
   942.477796077      0.149515227444E-35
   948.760981384      0.145098505575E-35
   955.044166691      0.139139603327E-35
   961.327351998      0.138701880887E-35
   967.610537306      0.129304391923E-35
   973.893722613      0.130356160563E-35
   980.176907920      0.127351329450E-35
   986.460093227      0.125050674160E-35
   992.743278534      0.120528448707E-35
   999.026463842      0.119416871443E-35
   1005.30964915      0.121481071899E-35
   1011.59283446      0.106598495742E-35
   1017.87601976      0.114383872591E-35
   1024.15920507      0.104792821141E-35
   1030.44239038      0.937441642776E-36
   1036.72557568      0.100020064429E-35
   1043.00876099      0.883375664613E-36
   1049.29194630      0.909251061644E-36
   1055.57513161      0.885702614935E-36
   1061.85831691      0.898581358820E-36
   1068.14150222      0.905981360864E-36
   1074.42468753      0.768366668714E-36
   1080.70787283      0.750349611114E-36
   1086.99105814      0.736466886792E-36
   1093.27424345      0.681190874692E-36
   1099.55742876      0.724593980990E-36
   1105.84061406      0.607019167898E-36
   1112.12379937      0.626451998293E-36
   1118.40698468      0.528602436837E-36
   1124.69016999      0.574101993867E-36
   1130.97335529      0.496805948300E-36
   1137.25654060      0.450914733030E-36
   1143.53972591      0.378159172402E-36
   1149.82291121      0.329558787491E-36
   1156.10609652      0.311601230643E-36
   1162.38928183      0.288327441472E-36
   1168.67246714      0.271732925096E-36
   1174.95565244      0.247425441691E-36
   1181.23883775      0.239946715036E-36
   1187.52202306      0.213556444476E-36
   1193.80520836      0.202340673108E-36
   1200.08839367      0.191082754717E-36
   1206.37157898      0.181434440923E-36
   1212.65476429      0.166326899195E-36
   1218.93794959      0.153141059793E-36
   1225.22113490      0.144815875676E-36
   1231.50432021      0.135070236166E-36
   1237.78750551      0.119071447270E-36
   1244.07069082      0.116441192440E-36
   1250.35387613      0.108616260741E-36
   1256.63706144      0.982066129750E-37
   1262.92024674      0.880042828141E-37
   1269.20343205      0.821609949772E-37
   1275.48661736      0.710401691121E-37
   1281.76980266      0.701868017869E-37
   1288.05298797      0.621773624045E-37
   1294.33617328      0.592169142388E-37
   1300.61935859      0.517319051235E-37
   1306.90254389      0.435933082836E-37
   1313.18572920      0.408838688800E-37
   1319.46891451      0.393934499332E-37
   1325.75209981      0.338188468494E-37
   1332.03528512      0.264583246941E-37
   1338.31847043      0.217989617969E-37
   1344.60165574      0.230850796949E-37
   1350.88484104      0.184811447627E-37
   1357.16802635      0.122921006516E-37
   1363.45121166      0.750702819499E-38
   1369.73439697      0.931570046991E-38
   1376.01758227      0.609520929348E-38
   1382.30076758      0.311226382486E-38
   1388.58395289      0.458822990393E-39
   1394.86713819      0.257443825576E-39
   6.28318530718      0.164451260822E-40
   12.5663706144      0.841364024829E-03
   18.8495559215      0.377753784662E-03
   25.1327412287      0.350061998042E-03
   31.4159265359      0.271365369030E-03
   37.6991118431      0.189751644642E-03
   43.9822971503      0.515539024382E-04
   50.2654824574      0.823768930939E-04
   56.5486677646      0.242206917433E-04
   62.8318530718      0.223230711009E-04
   69.1150383790      0.107955985265E-04
   75.3982236862      0.841163350529E-05
   81.6814089933      0.294291801897E-05
   87.9645943005      0.341313368858E-05
   94.2477796077      0.127987397777E-05
   100.530964915      0.133428536368E-05
   106.814150222      0.628004876582E-06
   113.097335529      0.584564418550E-06
   119.380520836      0.308568631756E-06
   125.663706144      0.258343132089E-06
   131.946891451      0.150110633989E-06
   138.230076758      0.112777386744E-06
   144.513262065      0.684458543639E-07
   150.796447372      0.477052925132E-07
   157.079632679      0.290473169642E-07
   163.362817987      0.190064055733E-07
   169.646003294      0.113677164665E-07
   175.929188601      0.709422519522E-08
   182.212373908      0.420013077408E-08
   188.495559215      0.253675666547E-08
   194.778744523      0.146195924653E-08
   201.061929830      0.870690492143E-09
   207.345115137      0.496157097199E-09
   213.628300444      0.289101393186E-09
   219.911485751      0.164968033193E-09
   226.194671058      0.933382156281E-10
   232.477856366      0.536633162194E-10
   238.761041673      0.301298706234E-10
   245.044226980      0.172430870346E-10
   251.327412287      0.966026305400E-11
   257.610597594      0.552506561712E-11
   263.893782902      0.308310747687E-11
   270.176968209      0.174281584346E-11
   276.460153516      0.979948030371E-12
   282.743338823      0.552657911617E-12
   289.026524130      0.310812098330E-12
   295.309709437      0.174155169635E-12
   301.592894745      0.981225218536E-13
   307.876080052      0.547892138154E-13
   314.159265359      0.308539955903E-13
   320.442450666      0.171812497883E-13
   326.725635973      0.963009677722E-14
   333.008821281      0.536319128823E-14
   339.292006588      0.299008955656E-14
   345.575191895      0.166449869483E-14
   351.858377202      0.925997660289E-15
   358.141562509      0.514264412694E-15
   364.424747816      0.285462207685E-15
   370.707933124      0.158417464105E-15
   376.991118431      0.875083756646E-16
   383.274303738      0.485719422986E-16
   389.557489045      0.267838923632E-16
   395.840674352      0.148359369200E-16
   402.123859659      0.817277359426E-17
   408.407044967      0.452351040416E-17
   414.690230274      0.249014122549E-17
   420.973415581      0.137296632844E-17
   427.256600888      0.756611303750E-18
   433.539786195      0.416899326125E-18
   439.822971503      0.229433599153E-18
   446.106156810      0.126383288027E-18
   452.389342117      0.694857254082E-19
   458.672527424      0.382635080683E-19
   464.955712731      0.210148911668E-19
   471.238898038      0.115679048350E-19
   477.522083346      0.634390018306E-20
   483.805268653      0.349236023188E-20
   490.088453960      0.191373531402E-20
   496.371639267      0.105304331932E-20
   502.654824574      0.576719005247E-21
   508.938009882      0.317239455807E-21
   515.221195189      0.173724919915E-21
   521.504380496      0.957301350833E-22
   527.787565803      0.527623573096E-22
   534.070751110      0.291936077583E-22
   540.353936417      0.172466962391E-22
   546.637121725      0.210348252984E-25
   552.920307032      0.767563391138E-27
   559.203492339      0.202720763263E-27
   565.486677646      0.274511428369E-28
   571.769862953      0.372619034555E-29
   578.053048261      0.773881165288E-30
   584.336233568      0.295425728962E-31
   590.619418875      0.102341528143E-33
   596.902604182      0.790458693143E-34
   603.185789489      0.568399996967E-34
   609.468974796      0.496900911571E-34
   615.752160104      0.488314049510E-34
   622.035345411      0.339688367309E-34
   628.318530718      0.369611888425E-34
   634.601716025      0.338819726995E-34
   640.884901332      0.330897024435E-34
   647.168086639      0.284697291752E-34
   653.451271947      0.312875931815E-34
   659.734457254      0.250204545631E-34
   666.017642561      0.282994757617E-34
   672.300827868      0.232797744218E-34
   678.584013175      0.215506353638E-34
   684.867198483      0.186568012671E-34
   691.150383790      0.182478211859E-34
   697.433569097      0.155560619671E-34
   703.716754404      0.173040314263E-34
   709.999939711      0.136068194092E-34
   716.283125018      0.160187237253E-34
   722.566310326      0.124570264077E-34
   728.849495633      0.120199478327E-34
   735.132680940      0.105705344870E-34
   741.415866247      0.100882041266E-34
   747.699051554      0.889580219393E-35
   753.982236862      0.850192661107E-35
   760.265422169      0.698170198633E-35
   766.548607476      0.737016750486E-35
   772.831792783      0.647743874076E-35
   779.114978090      0.644303187409E-35
   785.398163397      0.571804543630E-35
   791.681348705      0.657811557992E-35
   797.964534012      0.740441606012E-35
   804.247719319      0.116267925443E-34
   810.530904626      0.474042311341E-35
   816.814089933      0.414668762238E-35
   823.097275241      0.377021466392E-35
   829.380460548      0.348202027036E-35
   835.663645855      0.335430198770E-35
   841.946831162      0.305047146804E-35
   848.230016469      0.275786912544E-35
   854.513201776      0.270465104782E-35
   860.796387084      0.244664885238E-35
   867.079572391      0.232967010827E-35
   873.362757698      0.221483813409E-35
   879.645943005      0.218393983492E-35
   885.929128312      0.208249280125E-35
   892.212313620      0.186535969730E-35
   898.495498927      0.187691826894E-35
   904.778684234      0.175160237091E-35
   911.061869541      0.160046117986E-35
   917.345054848      0.164901192817E-35
   923.628240155      0.155087633675E-35
   929.911425463      0.149964161012E-35
   936.194610770      0.147141677055E-35
   942.477796077      0.142936604398E-35
   948.760981384      0.137708250256E-35
   955.044166691      0.136449276280E-35
   961.327351998      0.139334544201E-35
   967.610537306      0.132110208409E-35
   973.893722613      0.130639849163E-35
   980.176907920      0.125019096117E-35
   986.460093227      0.117979893903E-35
   992.743278534      0.121439430894E-35
   999.026463842      0.114620871236E-35
   1005.30964915      0.115674758084E-35
   1011.59283446      0.104153207355E-35
   1017.87601976      0.107289009531E-35
   1024.15920507      0.100352216088E-35
   1030.44239038      0.934827148065E-36
   1036.72557568      0.101217636918E-35
   1043.00876099      0.871685090220E-36
   1049.29194630      0.914763446977E-36
   1055.57513161      0.872643831492E-36
   1061.85831691      0.855461355963E-36
   1068.14150222      0.904362887837E-36
   1074.42468753      0.736317454810E-36
   1080.70787283      0.775241957966E-36
   1086.99105814      0.733134055156E-36
   1093.27424345      0.652810916761E-36
   1099.55742876      0.656755233834E-36
   1105.84061406      0.577391673743E-36
   1112.12379937      0.626160041247E-36
   1118.40698468      0.536047437032E-36
   1124.69016999      0.532204230300E-36
   1130.97335529      0.499194789750E-36
   1137.25654060      0.417141215521E-36
   1143.53972591      0.367873855736E-36
   1149.82291121      0.323717662722E-36
   1156.10609652      0.308105577602E-36
   1162.38928183      0.280759498435E-36
   1168.67246714      0.263861697412E-36
   1174.95565244      0.237971337592E-36
   1181.23883775      0.231188027396E-36
   1187.52202306      0.205013802988E-36
   1193.80520836      0.198133703238E-36
   1200.08839367      0.186497827811E-36
   1206.37157898      0.177281314158E-36
   1212.65476429      0.155737019129E-36
   1218.93794959      0.146016298620E-36
   1225.22113490      0.141396524242E-36
   1231.50432021      0.128853855317E-36
   1237.78750551      0.116616358405E-36
   1244.07069082      0.114309348281E-36
   1250.35387613      0.103980722573E-36
   1256.63706144      0.952509923940E-37
   1262.92024674      0.864852508158E-37
   1269.20343205      0.831023820117E-37
   1275.48661736      0.736079816636E-37
   1281.76980266      0.690687314821E-37
   1288.05298797      0.644394170849E-37
   1294.33617328      0.608134849735E-37
   1300.61935859      0.502069297540E-37
   1306.90254389      0.433174271367E-37
   1313.18572920      0.405440002491E-37
   1319.46891451      0.399876692232E-37
   1325.75209981      0.338510150117E-37
   1332.03528512      0.274998136668E-37
   1338.31847043      0.213579802537E-37
   1344.60165574      0.235978050205E-37
   1350.88484104      0.200230341295E-37
   1357.16802635      0.140334451919E-37
   1363.45121166      0.866333407853E-38
   1369.73439697      0.105495883211E-37
   1376.01758227      0.766925244445E-38
   1382.30076758      0.258249166941E-38
   1388.58395289      0.632151018499E-39
   1394.86713819      0.252470693954E-39
   6.28318530718      0.762152118820E-40
   12.5663706144      0.799891372549E-03
   18.8495559215      0.362055192783E-03
   25.1327412287      0.350260711979E-03
   31.4159265359      0.281145610694E-03
   37.6991118431      0.205441782620E-03
   43.9822971503      0.552183342201E-04
   50.2654824574      0.862934366031E-04
   56.5486677646      0.256081524041E-04
   62.8318530718      0.240739345023E-04
   69.1150383790      0.122954343172E-04
   75.3982236862      0.938747029722E-05
   81.6814089933      0.334501454510E-05
   87.9645943005      0.393437345945E-05
   94.2477796077      0.145676312141E-05
   100.530964915      0.156472981017E-05
   106.814150222      0.716482758837E-06
   113.097335529      0.695604755616E-06
   119.380520836      0.352962256831E-06
   125.663706144      0.309459264786E-06
   131.946891451      0.176022439083E-06
   138.230076758      0.136874267035E-06
   144.513262065      0.825605128629E-07
   150.796447372      0.595970958974E-07
   157.079632679      0.363029025673E-07
   163.362817987      0.244884452891E-07
   169.646003294      0.146589447000E-07
   175.929188601      0.941139331008E-08
   182.212373908      0.560602120033E-08
   188.495559215      0.346331940435E-08
   194.778744523      0.200019268618E-08
   201.061929830      0.122140262170E-08
   207.345115137      0.698294375044E-09
   213.628300444      0.414499734525E-09
   219.911485751      0.238100629459E-09
   226.194671058      0.136504937025E-09
   232.477856366      0.791693894836E-10
   238.761041673      0.449578176137E-10
   245.044226980      0.259850728547E-10
   251.327412287      0.147166156666E-10
   257.610597594      0.849035930732E-11
   263.893782902      0.479575851903E-11
   270.176968209      0.273696879137E-11
   276.460153516      0.155664915986E-11
   282.743338823      0.886670531213E-12
   289.026524130      0.503887450667E-12
   295.309709437      0.286204735162E-12
   301.592894745      0.162760202216E-12
   307.876080052      0.921111564016E-13
   314.159265359      0.523780418393E-13
   320.442450666      0.295655125275E-13
   326.725635973      0.167445019404E-13
   333.008821281      0.944165075404E-14
   339.292006588      0.532820725724E-14
   345.575191895      0.299978954445E-14
   351.858377202      0.169027221396E-14
   358.141562509      0.948967917972E-15
   364.424747816      0.533841287724E-15
   370.707933124      0.299411080987E-15
   376.991118431      0.167489717085E-15
   383.274303738      0.939597669393E-16
   389.557489045      0.524730486839E-16
   395.840674352      0.293799247892E-16
   402.123859659      0.163906746243E-16
   408.407044967      0.916662486144E-17
   414.690230274      0.511064212850E-17
   420.973415581      0.284809741074E-17
   427.256600888      0.158926415089E-17
   433.539786195      0.885012525849E-18
   439.822971503      0.493231628467E-18
   446.106156810      0.274579684130E-18
   452.389342117      0.152881843753E-18
   458.672527424      0.851231243502E-19
   464.955712731      0.473031482410E-19
   471.238898038      0.263577031165E-19
   477.522083346      0.146126503878E-19
   483.805268653      0.814728107672E-20
   490.088453960      0.451358353202E-20
   496.371639267      0.251588168090E-20
   502.654824574      0.139298555458E-20
   508.938009882      0.776430266805E-21
   515.221195189      0.429759095247E-21
   521.504380496      0.240141950236E-21
   527.787565803      0.133880156839E-21
   534.070751110      0.751437794859E-22
   540.353936417      0.451136913590E-22
   546.637121725      0.557448443653E-25
   552.920307032      0.413207773790E-26
   559.203492339      0.127003415867E-26
   565.486677646      0.319662442361E-27
   571.769862953      0.840524985802E-28
   578.053048261      0.337025244433E-28
   584.336233568      0.150734064506E-28
   590.619418875      0.382732910269E-29
   596.902604182      0.611931303690E-30
   603.185789489      0.191970505778E-30
   609.468974796      0.513044694925E-34
   615.752160104      0.488274326763E-34
   622.035345411      0.352849189731E-34
   628.318530718      0.376547683899E-34
   634.601716025      0.348423226067E-34
   640.884901332      0.339337784747E-34
   647.168086639      0.292030835577E-34
   653.451271947      0.328453836305E-34
   659.734457254      0.256364575564E-34
   666.017642561      0.292168338974E-34
   672.300827868      0.237665108149E-34
   678.584013175      0.218863247326E-34
   684.867198483      0.189352359627E-34
   691.150383790      0.182864730483E-34
   697.433569097      0.155491436001E-34
   703.716754404      0.186674965323E-34
   709.999939711      0.139619309068E-34
   716.283125018      0.176024370605E-34
   722.566310326      0.123302563794E-34
   728.849495633      0.123493769307E-34
   735.132680940      0.105606197995E-34
   741.415866247      0.102565469420E-34
   747.699051554      0.894503996602E-35
   753.982236862      0.831464722815E-35
   760.265422169      0.701860888062E-35
   766.548607476      0.703883184916E-35
   772.831792783      0.640848068170E-35
   779.114978090      0.643275602711E-35
   785.398163397      0.573365881612E-35
   791.681348705      0.630301860240E-35
   797.964534012      0.676006002027E-35
   804.247719319      0.131903756700E-34
   810.530904626      0.464472320439E-35
   816.814089933      0.405789848077E-35
   823.097275241      0.375228227970E-35
   829.380460548      0.346768047765E-35
   835.663645855      0.335874114997E-35
   841.946831162      0.303785471070E-35
   848.230016469      0.271082567187E-35
   854.513201776      0.265177538955E-35
   860.796387084      0.240590148501E-35
   867.079572391      0.232133763691E-35
   873.362757698      0.224781051837E-35
   879.645943005      0.210893441881E-35
   885.929128312      0.216027880846E-35
   892.212313620      0.183501119886E-35
   898.495498927      0.190980761603E-35
   904.778684234      0.176632414764E-35
   911.061869541      0.163380908184E-35
   917.345054848      0.166620325920E-35
   923.628240155      0.153092066520E-35
   929.911425463      0.148223346248E-35
   936.194610770      0.146038188646E-35
   942.477796077      0.139546266975E-35
   948.760981384      0.140594427063E-35
   955.044166691      0.133982743666E-35
   961.327351998      0.140997027386E-35
   967.610537306      0.129874770654E-35
   973.893722613      0.126597196432E-35
   980.176907920      0.125736927061E-35
   986.460093227      0.119079858250E-35
   992.743278534      0.117005045280E-35
   999.026463842      0.112678369935E-35
   1005.30964915      0.116293232613E-35
   1011.59283446      0.100700536733E-35
   1017.87601976      0.102829825491E-35
   1024.15920507      0.961168808127E-36
   1030.44239038      0.916495812776E-36
   1036.72557568      0.988416861985E-36
   1043.00876099      0.842471745286E-36
   1049.29194630      0.898021114804E-36
   1055.57513161      0.858469518484E-36
   1061.85831691      0.822380863949E-36
   1068.14150222      0.839161505428E-36
   1074.42468753      0.724417200210E-36
   1080.70787283      0.717771936490E-36
   1086.99105814      0.682741822239E-36
   1093.27424345      0.665819694198E-36
   1099.55742876      0.671657807161E-36
   1105.84061406      0.571516284232E-36
   1112.12379937      0.673686855540E-36
   1118.40698468      0.533116446073E-36
   1124.69016999      0.558613242236E-36
   1130.97335529      0.483869274158E-36
   1137.25654060      0.398008043637E-36
   1143.53972591      0.360721088115E-36
   1149.82291121      0.314766532002E-36
   1156.10609652      0.301627885944E-36
   1162.38928183      0.279097932661E-36
   1168.67246714      0.267896754790E-36
   1174.95565244      0.237643908577E-36
   1181.23883775      0.229686534985E-36
   1187.52202306      0.209904941144E-36
   1193.80520836      0.199789319310E-36
   1200.08839367      0.183163770171E-36
   1206.37157898      0.174836348859E-36
   1212.65476429      0.160926464111E-36
   1218.93794959      0.149292162794E-36
   1225.22113490      0.142227259688E-36
   1231.50432021      0.128077480759E-36
   1237.78750551      0.113894218388E-36
   1244.07069082      0.107896187700E-36
   1250.35387613      0.100047133688E-36
   1256.63706144      0.967039462417E-37
   1262.92024674      0.872045828272E-37
   1269.20343205      0.837637169122E-37
   1275.48661736      0.706532873128E-37
   1281.76980266      0.705004840735E-37
   1288.05298797      0.595952864939E-37
   1294.33617328      0.585509216548E-37
   1300.61935859      0.492218213158E-37
   1306.90254389      0.435661503191E-37
   1313.18572920      0.395258712889E-37
   1319.46891451      0.390159341705E-37
   1325.75209981      0.338472643185E-37
   1332.03528512      0.263972315173E-37
   1338.31847043      0.205427944264E-37
   1344.60165574      0.219438091316E-37
   1350.88484104      0.190022591202E-37
   1357.16802635      0.131849129044E-37
   1363.45121166      0.761142499176E-38
   1369.73439697      0.882392176893E-38
   1376.01758227      0.587067013656E-38
   1382.30076758      0.402914198009E-38
   1388.58395289      0.880446602660E-39
   1394.86713819      0.243419493156E-39
   6.28318530718      0.876713810457E-40
   12.5663706144      0.760271132463E-03
   18.8495559215      0.345706201920E-03
   25.1327412287      0.348483808055E-03
   31.4159265359      0.288684941948E-03
   37.6991118431      0.222357118390E-03
   43.9822971503      0.604677941747E-04
   50.2654824574      0.893594515392E-04
   56.5486677646      0.270432887361E-04
   62.8318530718      0.258047013848E-04
   69.1150383790      0.137899895327E-04
   75.3982236862      0.103751227657E-04
   81.6814089933      0.389015166328E-05
   87.9645943005      0.449044443173E-05
   94.2477796077      0.169342923537E-05
   100.530964915      0.182478632436E-05
   106.814150222      0.827671519752E-06
   113.097335529      0.830132419028E-06
   119.380520836      0.405025611943E-06
   125.663706144      0.370090564146E-06
   131.946891451      0.206448655484E-06
   138.230076758      0.164911953717E-06
   144.513262065      0.990222455579E-07
   150.796447372      0.737804263463E-07
   157.079632679      0.449664411916E-07
   163.362817987      0.311924018902E-07
   169.646003294      0.186732444082E-07
   175.929188601      0.123320359975E-07
   182.212373908      0.739321182510E-08
   188.495559215      0.466522330837E-08
   194.778744523      0.269595320102E-08
   201.061929830      0.169192824045E-08
   207.345115137      0.968498875856E-09
   213.628300444      0.586347970443E-09
   219.911485751      0.338777181365E-09
   226.194671058      0.196811478792E-09
   232.477856366      0.115086406386E-09
   238.761041673      0.660917545050E-10
   245.044226980      0.385019608834E-10
   251.327412287      0.220706559910E-10
   257.610597594      0.127965020570E-10
   263.893782902      0.732357636328E-11
   270.176968209      0.420676111385E-11
   276.460153516      0.242124975686E-11
   282.743338823      0.138970217345E-11
   289.026524130      0.797038224227E-12
   295.309709437      0.458327037849E-12
   301.592894745      0.263054557457E-12
   307.876080052      0.150439663327E-12
   314.159265359      0.863798714619E-13
   320.442450666      0.493610699209E-13
   326.725635973      0.282006257925E-13
   333.008821281      0.160764512170E-13
   339.292006588      0.917041913821E-14
   345.575191895      0.521871849339E-14
   351.858377202      0.297379779503E-14
   358.141562509      0.168645780944E-14
   364.424747816      0.960927757213E-15
   370.707933124      0.544361802344E-15
   376.991118431      0.307806924955E-15
   383.274303738      0.174551309214E-15
   389.557489045      0.985383372916E-16
   395.840674352      0.557202151338E-16
   402.123859659      0.314575129766E-16
   408.407044967      0.177529768417E-16
   414.690230274      0.100198326199E-16
   420.973415581      0.563484410168E-17
   427.256600888      0.318405121602E-17
   433.539786195      0.178814632615E-17
   439.822971503      0.100912154730E-17
   446.106156810      0.566505283650E-18
   452.389342117      0.319437112623E-18
   458.672527424      0.179530077275E-18
   464.955712731      0.100904936688E-18
   471.238898038      0.568294696256E-19
   477.522083346      0.318305742257E-19
   483.805268653      0.179420510248E-19
   490.088453960      0.100488276417E-19
   496.371639267      0.566154255701E-20
   502.654824574      0.316971319474E-20
   508.938009882      0.178656160577E-20
   515.221195189      0.999595088375E-21
   521.504380496      0.565269698129E-21
   527.787565803      0.318794951036E-21
   534.070751110      0.181113311338E-21
   540.353936417      0.110411778145E-21
   546.637121725      0.310508627988E-24
   552.920307032      0.803703310800E-25
   559.203492339      0.343139461419E-25
   565.486677646      0.119359724800E-25
   571.769862953      0.325011449465E-26
   578.053048261      0.914696958311E-27
   584.336233568      0.289408492150E-27
   590.619418875      0.102330755033E-27
   596.902604182      0.430890242271E-28
   603.185789489      0.179938560548E-28
   609.468974796      0.504109795748E-29
   615.752160104      0.943832293730E-30
   622.035345411      0.120946689008E-30
   628.318530718      0.384883605811E-34
   634.601716025      0.360194312081E-34
   640.884901332      0.345704732991E-34
   647.168086639      0.296581957087E-34
   653.451271947      0.330418400831E-34
   659.734457254      0.265084371819E-34
   666.017642561      0.300424415512E-34
   672.300827868      0.242434542285E-34
   678.584013175      0.220696607362E-34
   684.867198483      0.194686573924E-34
   691.150383790      0.189143024404E-34
   697.433569097      0.161343157928E-34
   703.716754404      0.174937833032E-34
   709.999939711      0.141001492554E-34
   716.283125018      0.181833630987E-34
   722.566310326      0.126925253219E-34
   728.849495633      0.126476997351E-34
   735.132680940      0.108540364497E-34
   741.415866247      0.100959882611E-34
   747.699051554      0.888561619358E-35
   753.982236862      0.892221903350E-35
   760.265422169      0.730984160586E-35
   766.548607476      0.681583652775E-35
   772.831792783      0.648926366565E-35
   779.114978090      0.640463644630E-35
   785.398163397      0.600092744015E-35
   791.681348705      0.620973113245E-35
   797.964534012      0.656124747002E-35
   804.247719319      0.122131886008E-34
   810.530904626      0.469506956783E-35
   816.814089933      0.403781474116E-35
   823.097275241      0.372321098859E-35
   829.380460548      0.350100387381E-35
   835.663645855      0.336453574707E-35
   841.946831162      0.303841389539E-35
   848.230016469      0.279188902510E-35
   854.513201776      0.272231155382E-35
   860.796387084      0.241389522305E-35
   867.079572391      0.230999704901E-35
   873.362757698      0.222689018512E-35
   879.645943005      0.213025532698E-35
   885.929128312      0.218998002056E-35
   892.212313620      0.184936985614E-35
   898.495498927      0.188236739971E-35
   904.778684234      0.175291629142E-35
   911.061869541      0.156156540763E-35
   917.345054848      0.160062812457E-35
   923.628240155      0.155921380903E-35
   929.911425463      0.144804378798E-35
   936.194610770      0.143291390496E-35
   942.477796077      0.139941085073E-35
   948.760981384      0.136115944006E-35
   955.044166691      0.131672082631E-35
   961.327351998      0.134584785186E-35
   967.610537306      0.127084938237E-35
   973.893722613      0.126526302320E-35
   980.176907920      0.125646008226E-35
   986.460093227      0.117834646480E-35
   992.743278534      0.116694924854E-35
   999.026463842      0.116628131567E-35
   1005.30964915      0.114878149548E-35
   1011.59283446      0.102583876647E-35
   1017.87601976      0.106170724710E-35
   1024.15920507      0.102176737701E-35
   1030.44239038      0.921276347435E-36
   1036.72557568      0.973274883464E-36
   1043.00876099      0.896962043805E-36
   1049.29194630      0.889578110210E-36
   1055.57513161      0.832043033718E-36
   1061.85831691      0.786953671804E-36
   1068.14150222      0.813271349655E-36
   1074.42468753      0.696346433473E-36
   1080.70787283      0.755483249135E-36
   1086.99105814      0.757261915349E-36
   1093.27424345      0.646096406976E-36
   1099.55742876      0.650390447181E-36
   1105.84061406      0.643142475905E-36
   1112.12379937      0.643831857279E-36
   1118.40698468      0.521320149998E-36
   1124.69016999      0.571699743876E-36
   1130.97335529      0.455863286459E-36
   1137.25654060      0.401696849494E-36
   1143.53972591      0.361918528043E-36
   1149.82291121      0.316562220398E-36
   1156.10609652      0.299439956155E-36
   1162.38928183      0.271921616673E-36
   1168.67246714      0.260001028735E-36
   1174.95565244      0.238230663764E-36
   1181.23883775      0.230135154566E-36
   1187.52202306      0.207561524181E-36
   1193.80520836      0.197125290777E-36
   1200.08839367      0.180866312879E-36
   1206.37157898      0.174182368214E-36
   1212.65476429      0.155524638938E-36
   1218.93794959      0.144871425962E-36
   1225.22113490      0.138226634357E-36
   1231.50432021      0.130474738200E-36
   1237.78750551      0.116843407500E-36
   1244.07069082      0.111980503366E-36
   1250.35387613      0.103211465547E-36
   1256.63706144      0.946072250459E-37
   1262.92024674      0.857993745913E-37
   1269.20343205      0.800024821872E-37
   1275.48661736      0.706598710901E-37
   1281.76980266      0.680111606112E-37
   1288.05298797      0.597006979511E-37
   1294.33617328      0.579868043105E-37
   1300.61935859      0.486076308079E-37
   1306.90254389      0.438220398878E-37
   1313.18572920      0.388923010786E-37
   1319.46891451      0.378943737022E-37
   1325.75209981      0.319511321184E-37
   1332.03528512      0.255631904307E-37
   1338.31847043      0.202477092434E-37
   1344.60165574      0.206024626306E-37
   1350.88484104      0.168152329543E-37
   1357.16802635      0.120734321050E-37
   1363.45121166      0.773250893477E-38
   1369.73439697      0.859985162802E-38
   1376.01758227      0.627579499180E-38
   1382.30076758      0.296386274085E-38
   1388.58395289      0.543290392383E-39
   1394.86713819      0.130409840987E-39
   6.28318530718      0.121582014878E-39
   12.5663706144      0.722593219365E-03
   18.8495559215      0.328931063861E-03
   25.1327412287      0.344754556644E-03
   31.4159265359      0.293653065384E-03
   37.6991118431      0.240284283965E-03
   43.9822971503      0.674981739571E-04
   50.2654824574      0.915189846821E-04
   56.5486677646      0.286720719630E-04
   62.8318530718      0.274636175904E-04
   69.1150383790      0.151789255209E-04
   75.3982236862      0.113858721629E-04
   81.6814089933      0.459625279176E-05
   87.9645943005      0.507033469880E-05
   94.2477796077      0.200481995429E-05
   100.530964915      0.211181635054E-05
   106.814150222      0.965406074342E-06
   113.097335529      0.994744256766E-06
   119.380520836      0.468802599787E-06
   125.663706144      0.443164877836E-06
   131.946891451      0.242818883732E-06
   138.230076758      0.198036041249E-06
   144.513262065      0.118494470103E-06
   150.796447372      0.909028423391E-07
   157.079632679      0.554586056156E-07
   163.362817987      0.394140532760E-07
   169.646003294      0.236165789959E-07
   175.929188601      0.160143862141E-07
   182.212373908      0.969277059202E-08
   188.495559215      0.622192967247E-08
   194.778744523      0.360331246508E-08
   201.061929830      0.232679332249E-08
   207.345115137      0.133395383859E-08
   213.628300444      0.823429354196E-09
   219.911485751      0.479735141672E-09
   226.194671058      0.281861180448E-09
   232.477856366      0.166674677730E-09
   238.761041673      0.967198428068E-10
   245.044226980      0.567961572102E-10
   251.327412287      0.330084573832E-10
   257.610597594      0.191835128237E-10
   263.893782902      0.111548140643E-10
   270.176968209      0.642186645235E-11
   276.460153516      0.375231059644E-11
   282.743338823      0.216540929165E-11
   289.026524130      0.125177889982E-11
   295.309709437      0.729234969310E-12
   301.592894745      0.422709688554E-12
   307.876080052      0.243371655397E-12
   314.159265359      0.141297643343E-12
   320.442450666      0.816578616817E-13
   326.725635973      0.469818839843E-13
   333.008821281      0.270087372505E-13
   339.292006588      0.155681813013E-13
   345.575191895      0.894865807167E-14
   351.858377202      0.515207713700E-14
   358.141562509      0.294509917804E-14
   364.424747816      0.170309432682E-14
   370.707933124      0.973051939960E-15
   376.991118431      0.554986953142E-15
   383.274303738      0.318488198940E-15
   389.557489045      0.181203306720E-15
   395.840674352      0.103514713817E-15
   402.123859659      0.590539942656E-16
   408.407044967      0.336217524968E-16
   414.690230274      0.192023625445E-16
   420.973415581      0.108786293071E-16
   427.256600888      0.623421471182E-17
   433.539786195      0.351890709776E-17
   439.822971503      0.201262241819E-17
   446.106156810      0.113578198301E-17
   452.389342117      0.648965454491E-18
   458.672527424      0.367850462628E-18
   464.955712731      0.208873467882E-18
   471.238898038      0.118916310618E-18
   477.522083346      0.671374857793E-19
   483.805268653      0.382215252931E-19
   490.088453960      0.216519170600E-19
   496.371639267      0.122875337073E-19
   502.654824574      0.696791386439E-20
   508.938009882      0.396053235612E-20
   515.221195189      0.224131081101E-20
   521.504380496      0.127914462852E-20
   527.787565803      0.730029018424E-21
   534.070751110      0.418651022815E-21
   540.353936417      0.258538467332E-21
   546.637121725      0.368775613574E-23
   552.920307032      0.143120098316E-23
   559.203492339      0.682260278126E-24
   565.486677646      0.275206815879E-24
   571.769862953      0.878858731994E-25
   578.053048261      0.281166492773E-25
   584.336233568      0.984770632271E-26
   590.619418875      0.318237065395E-26
   596.902604182      0.115219713128E-26
   603.185789489      0.386769562667E-27
   609.468974796      0.111641026401E-27
   615.752160104      0.535062267461E-28
   622.035345411      0.239304653155E-28
   628.318530718      0.836717724851E-29
   634.601716025      0.132829968711E-29
   640.884901332      0.227496154460E-30
   647.168086639      0.207112446580E-31
   653.451271947      0.343816400499E-34
   659.734457254      0.276705328661E-34
   666.017642561      0.306694188632E-34
   672.300827868      0.250216209696E-34
   678.584013175      0.228533179306E-34
   684.867198483      0.197183629124E-34
   691.150383790      0.190461181963E-34
   697.433569097      0.165338949166E-34
   703.716754404      0.179261360612E-34
   709.999939711      0.142520414460E-34
   716.283125018      0.166954425426E-34
   722.566310326      0.129668948419E-34
   728.849495633      0.129524760077E-34
   735.132680940      0.111837303486E-34
   741.415866247      0.103661495950E-34
   747.699051554      0.903384991655E-35
   753.982236862      0.909607876892E-35
   760.265422169      0.718354766834E-35
   766.548607476      0.709736862639E-35
   772.831792783      0.666330834614E-35
   779.114978090      0.675842271394E-35
   785.398163397      0.576849928117E-35
   791.681348705      0.654713736968E-35
   797.964534012      0.693429454659E-35
   804.247719319      0.998987274312E-35
   810.530904626      0.472421610193E-35
   816.814089933      0.410453256082E-35
   823.097275241      0.381731456495E-35
   829.380460548      0.349852478546E-35
   835.663645855      0.335222966817E-35
   841.946831162      0.306034548738E-35
   848.230016469      0.278980910946E-35
   854.513201776      0.272660355105E-35
   860.796387084      0.238422136944E-35
   867.079572391      0.229367687313E-35
   873.362757698      0.221643838688E-35
   879.645943005      0.209004367184E-35
   885.929128312      0.207650693590E-35
   892.212313620      0.179488763517E-35
   898.495498927      0.181727482010E-35
   904.778684234      0.171598723774E-35
   911.061869541      0.158093513418E-35
   917.345054848      0.171007434258E-35
   923.628240155      0.151066996707E-35
   929.911425463      0.148791250926E-35
   936.194610770      0.144691058395E-35
   942.477796077      0.142443406125E-35
   948.760981384      0.136459622854E-35
   955.044166691      0.133729251850E-35
   961.327351998      0.134155300725E-35
   967.610537306      0.126848984233E-35
   973.893722613      0.122382864340E-35
   980.176907920      0.125107549465E-35
   986.460093227      0.118937992580E-35
   992.743278534      0.118104639311E-35
   999.026463842      0.113976035298E-35
   1005.30964915      0.113553854780E-35
   1011.59283446      0.103521660059E-35
   1017.87601976      0.102878384076E-35
   1024.15920507      0.101149835777E-35
   1030.44239038      0.904425650758E-36
   1036.72557568      0.100736427112E-35
   1043.00876099      0.857529892336E-36
   1049.29194630      0.873163762995E-36
   1055.57513161      0.879779932617E-36
   1061.85831691      0.853132674201E-36
   1068.14150222      0.853756663886E-36
   1074.42468753      0.712595138004E-36
   1080.70787283      0.745276363298E-36
   1086.99105814      0.701109217981E-36
   1093.27424345      0.657253710918E-36
   1099.55742876      0.642599941776E-36
   1105.84061406      0.561139284078E-36
   1112.12379937      0.650546777052E-36
   1118.40698468      0.509353686467E-36
   1124.69016999      0.546372778000E-36
   1130.97335529      0.459826261424E-36
   1137.25654060      0.419827825340E-36
   1143.53972591      0.361005681047E-36
   1149.82291121      0.318003256005E-36
   1156.10609652      0.299181011412E-36
   1162.38928183      0.275422277848E-36
   1168.67246714      0.262570541818E-36
   1174.95565244      0.238795900246E-36
   1181.23883775      0.233082731211E-36
   1187.52202306      0.206994268396E-36
   1193.80520836      0.198718041241E-36
   1200.08839367      0.178048544682E-36
   1206.37157898      0.168139100862E-36
   1212.65476429      0.152986461044E-36
   1218.93794959      0.142377649700E-36
   1225.22113490      0.137926800998E-36
   1231.50432021      0.124303074592E-36
   1237.78750551      0.112852009973E-36
   1244.07069082      0.108736144918E-36
   1250.35387613      0.100359582100E-36
   1256.63706144      0.953543569353E-37
   1262.92024674      0.847945208238E-37
   1269.20343205      0.833527054833E-37
   1275.48661736      0.715176292389E-37
   1281.76980266      0.662759187507E-37
   1288.05298797      0.601598841375E-37
   1294.33617328      0.592734671994E-37
   1300.61935859      0.494451438550E-37
   1306.90254389      0.426139526831E-37
   1313.18572920      0.402777873369E-37
   1319.46891451      0.375309374620E-37
   1325.75209981      0.306978817281E-37
   1332.03528512      0.268154709119E-37
   1338.31847043      0.191652310423E-37
   1344.60165574      0.220342893752E-37
   1350.88484104      0.179990327198E-37
   1357.16802635      0.132251985282E-37
   1363.45121166      0.717466235456E-38
   1369.73439697      0.806948924107E-38
   1376.01758227      0.553355971832E-38
   1382.30076758      0.228961886768E-38
   1388.58395289      0.359913400232E-39
   1394.86713819      0.420353075930E-40
   6.28318530718      0.271854647286E-39
   12.5663706144      0.686930151278E-03
   18.8495559215      0.311950393285E-03
   25.1327412287      0.339151904349E-03
   31.4159265359      0.295856845948E-03
   37.6991118431      0.258904165868E-03
   43.9822971503      0.763460908005E-04
   50.2654824574      0.927898525272E-04
   56.5486677646      0.306668872493E-04
   62.8318530718      0.290043660547E-04
   69.1150383790      0.163806184705E-04
   75.3982236862      0.124288540620E-04
   81.6814089933      0.546772358273E-05
   87.9645943005      0.566185127783E-05
   94.2477796077      0.240731570262E-05
   100.530964915      0.242216589592E-05
   106.814150222      0.113053179739E-05
   113.097335529      0.119287328597E-05
   119.380520836      0.549915286988E-06
   125.663706144      0.532373354938E-06
   131.946891451      0.286729209241E-06
   138.230076758      0.238108343895E-06
   144.513262065      0.141568308383E-06
   150.796447372      0.111873180684E-06
   157.079632679      0.682539103952E-07
   163.362817987      0.495879610795E-07
   169.646003294      0.297349139230E-07
   175.929188601      0.206905336893E-07
   182.212373908      0.126786793870E-07
   188.495559215      0.824340428525E-08
   194.778744523      0.480111004010E-08
   201.061929830      0.319193661266E-08
   207.345115137      0.183727822874E-08
   213.628300444      0.115358361036E-08
   219.911485751      0.682142354361E-09
   226.194671058      0.403393015347E-09
   232.477856366      0.243017324831E-09
   238.761041673      0.142168478697E-09
   245.044226980      0.845241763980E-10
   251.327412287      0.498202435143E-10
   257.610597594      0.290657374594E-10
   263.893782902      0.172361638410E-10
   270.176968209      0.990835353712E-11
   276.460153516      0.591531858486E-11
   282.743338823      0.343142440913E-11
   289.026524130      0.199738752600E-11
   295.309709437      0.118450393986E-11
   301.592894745      0.694809634282E-12
   307.876080052      0.401442842018E-12
   314.159265359      0.236723935384E-12
   320.442450666      0.138302257621E-12
   326.725635973      0.802051177778E-13
   333.008821281      0.463292936770E-13
   339.292006588      0.270551672200E-13
   345.575191895      0.157086850598E-13
   351.858377202      0.915011284047E-14
   358.141562509      0.525363659130E-14
   364.424747816      0.310528803842E-14
   370.707933124      0.178563742088E-14
   376.991118431      0.102593641550E-14
   383.274303738      0.597951392097E-15
   389.557489045      0.341589148117E-15
   395.840674352      0.197727776541E-15
   402.123859659      0.113771452233E-15
   408.407044967      0.655834587289E-16
   414.690230274      0.379250473794E-16
   420.973415581      0.216279543194E-16
   427.256600888      0.126422947707E-16
   433.539786195      0.713403995999E-17
   439.822971503      0.415358006135E-17
   446.106156810      0.234653535490E-17
   452.389342117      0.136204262982E-17
   458.672527424      0.780980198720E-18
   464.955712731      0.447196047610E-18
   471.238898038      0.258866490828E-18
   477.522083346      0.146352130151E-18
   483.805268653      0.845254741013E-19
   490.088453960      0.485447735868E-19
   496.371639267      0.276093321798E-19
   502.654824574      0.159657312778E-19
   508.938009882      0.912762984360E-20
   515.221195189      0.524108923785E-20
   521.504380496      0.300820922659E-20
   527.787565803      0.174089341447E-20
   534.070751110      0.100540077491E-20
   540.353936417      0.623643083772E-21
   546.637121725      0.439778666807E-22
   552.920307032      0.191695566520E-22
   559.203492339      0.974413465015E-23
   565.486677646      0.437475943962E-23
   571.769862953      0.157677238674E-23
   578.053048261      0.565533704012E-24
   584.336233568      0.219495277958E-24
   590.619418875      0.793015013930E-25
   596.902604182      0.313247977631E-25
   603.185789489      0.117223328338E-25
   609.468974796      0.327937490238E-26
   615.752160104      0.113017352085E-26
   622.035345411      0.426984461324E-27
   628.318530718      0.154941114669E-27
   634.601716025      0.689761036777E-28
   640.884901332      0.314702169092E-28
   647.168086639      0.129662372832E-28
   653.451271947      0.265824135100E-29
   659.734457254      0.344012495988E-30
   666.017642561      0.288385305270E-31
   672.300827868      0.258234041393E-34
   678.584013175      0.242480973358E-34
   684.867198483      0.203173390330E-34
   691.150383790      0.197248964020E-34
   697.433569097      0.171530321363E-34
   703.716754404      0.184140506313E-34
   709.999939711      0.145800217132E-34
   716.283125018      0.184337958890E-34
   722.566310326      0.136077364575E-34
   728.849495633      0.131546132462E-34
   735.132680940      0.113549823209E-34
   741.415866247      0.107589899707E-34
   747.699051554      0.938911205004E-35
   753.982236862      0.870830243846E-35
   760.265422169      0.736754554628E-35
   766.548607476      0.738747937174E-35
   772.831792783      0.676727461680E-35
   779.114978090      0.656084263407E-35
   785.398163397      0.606553443785E-35
   791.681348705      0.751918618963E-35
   797.964534012      0.728790696582E-35
   804.247719319      0.127191083874E-34
   810.530904626      0.459281473296E-35
   816.814089933      0.404537035483E-35
   823.097275241      0.381520553881E-35
   829.380460548      0.355822053504E-35
   835.663645855      0.330418163465E-35
   841.946831162      0.306216768436E-35
   848.230016469      0.279427162251E-35
   854.513201776      0.274077918927E-35
   860.796387084      0.243154031584E-35
   867.079572391      0.221383869928E-35
   873.362757698      0.218687641640E-35
   879.645943005      0.211010562285E-35
   885.929128312      0.212208802077E-35
   892.212313620      0.177696111258E-35
   898.495498927      0.183114424982E-35
   904.778684234      0.167928654191E-35
   911.061869541      0.152959758371E-35
   917.345054848      0.159198421743E-35
   923.628240155      0.145571385908E-35
   929.911425463      0.146765331437E-35
   936.194610770      0.140597081755E-35
   942.477796077      0.137503625766E-35
   948.760981384      0.133815811119E-35
   955.044166691      0.128034276872E-35
   961.327351998      0.129038237551E-35
   967.610537306      0.127892601472E-35
   973.893722613      0.119641167341E-35
   980.176907920      0.121531800787E-35
   986.460093227      0.115326560038E-35
   992.743278534      0.113452236313E-35
   999.026463842      0.110198586884E-35
   1005.30964915      0.113944397267E-35
   1011.59283446      0.994187027243E-36
   1017.87601976      0.100770908670E-35
   1024.15920507      0.972230454138E-36
   1030.44239038      0.891719512696E-36
   1036.72557568      0.100183184459E-35
   1043.00876099      0.869922186323E-36
   1049.29194630      0.871181181458E-36
   1055.57513161      0.819316544511E-36
   1061.85831691      0.793296896298E-36
   1068.14150222      0.850376745472E-36
   1074.42468753      0.714257908889E-36
   1080.70787283      0.738533066154E-36
   1086.99105814      0.710867737451E-36
   1093.27424345      0.645260265171E-36
   1099.55742876      0.634347896667E-36
   1105.84061406      0.573120624419E-36
   1112.12379937      0.641951041326E-36
   1118.40698468      0.523834096781E-36
   1124.69016999      0.538883425542E-36
   1130.97335529      0.438404112310E-36
   1137.25654060      0.383492751131E-36
   1143.53972591      0.348088662039E-36
   1149.82291121      0.308295414032E-36
   1156.10609652      0.294676215493E-36
   1162.38928183      0.273112769184E-36
   1168.67246714      0.260790015701E-36
   1174.95565244      0.237519667937E-36
   1181.23883775      0.229093684234E-36
   1187.52202306      0.203895753859E-36
   1193.80520836      0.192567052243E-36
   1200.08839367      0.175146525526E-36
   1206.37157898      0.168330103681E-36
   1212.65476429      0.151302424635E-36
   1218.93794959      0.140105047509E-36
   1225.22113490      0.133465146677E-36
   1231.50432021      0.125943134034E-36
   1237.78750551      0.112892736179E-36
   1244.07069082      0.108518741051E-36
   1250.35387613      0.102074543740E-36
   1256.63706144      0.933088029958E-37
   1262.92024674      0.845105673669E-37
   1269.20343205      0.793336069504E-37
   1275.48661736      0.681585141206E-37
   1281.76980266      0.657700031392E-37
   1288.05298797      0.556696897701E-37
   1294.33617328      0.579292532083E-37
   1300.61935859      0.470284164133E-37
   1306.90254389      0.420249681829E-37
   1313.18572920      0.393839006823E-37
   1319.46891451      0.361293486901E-37
   1325.75209981      0.312093936676E-37
   1332.03528512      0.245271416879E-37
   1338.31847043      0.188080033307E-37
   1344.60165574      0.198891734605E-37
   1350.88484104      0.166991080446E-37
   1357.16802635      0.125651073649E-37
   1363.45121166      0.679983962636E-38
   1369.73439697      0.855128397873E-38
   1376.01758227      0.567892065692E-38
   1382.30076758      0.236120604912E-38
   1388.58395289      0.740941251543E-39
   1394.86713819      0.594599383511E-40
   6.28318530718      0.154209113588E-39
   12.5663706144      0.653333286245E-03
   18.8495559215      0.294980147098E-03
   25.1327412287      0.331802425653E-03
   31.4159265359      0.295256169977E-03
   37.6991118431      0.277811835738E-03
   43.9822971503      0.868520197496E-04
   50.2654824574      0.932853475409E-04
   56.5486677646      0.331866073391E-04
   62.8318530718      0.304185673097E-04
   69.1150383790      0.173538667916E-04
   75.3982236862      0.134961626192E-04
   81.6814089933      0.649130754834E-05
   87.9645943005      0.625139492401E-05
   94.2477796077      0.291608307847E-05
   100.530964915      0.275625119440E-05
   106.814150222      0.132236530805E-05
   113.097335529      0.142239886227E-05
   119.380520836      0.653426560311E-06
   125.663706144      0.641188505483E-06
   131.946891451      0.339940204939E-06
   138.230076758      0.287921463806E-06
   144.513262065      0.168834593180E-06
   150.796447372      0.137806010096E-06
   157.079632679      0.838016593432E-07
   163.362817987      0.622986653429E-07
   169.646003294      0.372700779388E-07
   175.929188601      0.267054983684E-07
   182.212373908      0.165507089964E-07
   188.495559215      0.108863534846E-07
   194.778744523      0.639191424560E-08
   201.061929830      0.438481550339E-08
   207.345115137      0.253926089170E-08
   213.628300444      0.161808531392E-08
   219.911485751      0.978696804723E-09
   226.194671058      0.579418862822E-09
   232.477856366      0.358813648637E-09
   238.761041673      0.211061243082E-09
   245.044226980      0.128106014996E-09
   251.327412287      0.764047100999E-10
   257.610597594      0.450968134299E-10
   263.893782902      0.273214696062E-10
   270.176968209      0.156909781970E-10
   276.460153516      0.963226892995E-11
   282.743338823      0.564390042794E-11
   289.026524130      0.330404256454E-11
   295.309709437      0.201422934764E-11
   301.592894745      0.119861816149E-11
   307.876080052      0.695281794907E-12
   314.159265359      0.419573918464E-12
   320.442450666      0.247908536549E-12
   326.725635973      0.145960320729E-12
   333.008821281      0.844895519718E-13
   339.292006588      0.503239707753E-13
   345.575191895      0.295972905719E-13
   351.858377202      0.175416233113E-13
   358.141562509      0.100886687444E-13
   364.424747816      0.616704457601E-14
   370.707933124      0.356667200855E-14
   376.991118431      0.207075663259E-14
   383.274303738      0.123403393118E-14
   389.557489045      0.707286428384E-15
   395.840674352      0.417518527655E-15
   402.123859659      0.242353222818E-15
   408.407044967      0.143008044032E-15
   414.690230274      0.839401601759E-16
   420.973415581      0.483846707808E-16
   427.256600888      0.291593735928E-16
   433.539786195      0.163965852000E-16
   439.822971503      0.980312928227E-17
   446.106156810      0.555126169504E-17
   452.389342117      0.328406353350E-17
   458.672527424      0.192835857129E-17
   464.955712731      0.111451167965E-17
   471.238898038      0.665146943023E-18
   477.522083346      0.373508107634E-18
   483.805268653      0.222471385213E-18
   490.088453960      0.130310370833E-18
   496.371639267      0.741815643398E-19
   502.654824574      0.443746820475E-19
   508.938009882      0.255925445706E-19
   515.221195189      0.150529056389E-19
   521.504380496      0.869084266532E-20
   527.787565803      0.513295311516E-20
   534.070751110      0.299895569153E-20
   540.353936417      0.184163198874E-20
   546.637121725      0.420955767069E-21
   552.920307032      0.196459512879E-21
   559.203492339      0.104880747209E-21
   565.486677646      0.513213966192E-22
   571.769862953      0.205105692101E-22
   578.053048261      0.811668974026E-23
   584.336233568      0.340811380402E-23
   590.619418875      0.135202954647E-23
   596.902604182      0.580609935899E-24
   603.185789489      0.242347192234E-24
   609.468974796      0.771872506448E-25
   615.752160104      0.278586380716E-25
   622.035345411      0.109196791668E-25
   628.318530718      0.412543856976E-26
   634.601716025      0.144647634335E-26
   640.884901332      0.504897041953E-27
   647.168086639      0.191609600280E-27
   653.451271947      0.756052578511E-28
   659.734457254      0.371750294196E-28
   666.017642561      0.161165487462E-28
   672.300827868      0.369388769471E-29
   678.584013175      0.106432024768E-29
   684.867198483      0.121915018429E-30
   691.150383790      0.677564710053E-32
   697.433569097      0.173986440317E-34
   703.716754404      0.186201494864E-34
   709.999939711      0.149204200912E-34
   716.283125018      0.171917816198E-34
   722.566310326      0.137970294253E-34
   728.849495633      0.131076897401E-34
   735.132680940      0.114776480801E-34
   741.415866247      0.105228775369E-34
   747.699051554      0.947179475646E-35
   753.982236862      0.905273088281E-35
   760.265422169      0.742492672460E-35
   766.548607476      0.746456456260E-35
   772.831792783      0.668949660723E-35
   779.114978090      0.658364975393E-35
   785.398163397      0.615310381160E-35
   791.681348705      0.657136982980E-35
   797.964534012      0.762337712426E-35
   804.247719319      0.107652267782E-34
   810.530904626      0.468636988887E-35
   816.814089933      0.410469571978E-35
   823.097275241      0.377681337783E-35
   829.380460548      0.351561641460E-35
   835.663645855      0.336488970965E-35
   841.946831162      0.303998095691E-35
   848.230016469      0.285942063636E-35
   854.513201776      0.270243275505E-35
   860.796387084      0.238703596655E-35
   867.079572391      0.224882400102E-35
   873.362757698      0.215795425354E-35
   879.645943005      0.206546853484E-35
   885.929128312      0.209117899429E-35
   892.212313620      0.176803108802E-35
   898.495498927      0.180183689609E-35
   904.778684234      0.172923159201E-35
   911.061869541      0.155259173914E-35
   917.345054848      0.159054858622E-35
   923.628240155      0.148607539057E-35
   929.911425463      0.144487700269E-35
   936.194610770      0.138764254349E-35
   942.477796077      0.136342658045E-35
   948.760981384      0.133173335943E-35
   955.044166691      0.130633163001E-35
   961.327351998      0.127297917129E-35
   967.610537306      0.126609720133E-35
   973.893722613      0.120565858933E-35
   980.176907920      0.122022265065E-35
   986.460093227      0.116815839893E-35
   992.743278534      0.114583981576E-35
   999.026463842      0.108070120522E-35
   1005.30964915      0.110356651890E-35
   1011.59283446      0.980650014886E-36
   1017.87601976      0.103933480261E-35
   1024.15920507      0.956479353120E-36
   1030.44239038      0.898649835972E-36
   1036.72557568      0.962813247716E-36
   1043.00876099      0.867940426446E-36
   1049.29194630      0.890124677180E-36
   1055.57513161      0.838065589904E-36
   1061.85831691      0.805408684624E-36
   1068.14150222      0.848523508068E-36
   1074.42468753      0.691813409296E-36
   1080.70787283      0.727428105437E-36
   1086.99105814      0.678521658988E-36
   1093.27424345      0.637840451304E-36
   1099.55742876      0.687127556384E-36
   1105.84061406      0.572664050565E-36
   1112.12379937      0.600669225523E-36
   1118.40698468      0.531310339485E-36
   1124.69016999      0.564288160358E-36
   1130.97335529      0.458199308702E-36
   1137.25654060      0.400897255711E-36
   1143.53972591      0.346078412878E-36
   1149.82291121      0.304264862266E-36
   1156.10609652      0.289034186583E-36
   1162.38928183      0.266672522916E-36
   1168.67246714      0.253337280617E-36
   1174.95565244      0.229241294667E-36
   1181.23883775      0.220281777938E-36
   1187.52202306      0.201596111898E-36
   1193.80520836      0.192644462864E-36
   1200.08839367      0.176291734872E-36
   1206.37157898      0.167802658595E-36
   1212.65476429      0.150466654221E-36
   1218.93794959      0.142743429235E-36
   1225.22113490      0.136163752744E-36
   1231.50432021      0.124976813581E-36
   1237.78750551      0.111238964689E-36
   1244.07069082      0.108570531306E-36
   1250.35387613      0.101755975911E-36
   1256.63706144      0.952105056281E-37
   1262.92024674      0.871239316891E-37
   1269.20343205      0.833210991630E-37
   1275.48661736      0.693293842070E-37
   1281.76980266      0.636760983335E-37
   1288.05298797      0.575076401955E-37
   1294.33617328      0.566948233328E-37
   1300.61935859      0.491698767181E-37
   1306.90254389      0.424331239617E-37
   1313.18572920      0.375025771027E-37
   1319.46891451      0.369990168607E-37
   1325.75209981      0.323010423072E-37
   1332.03528512      0.261244906566E-37
   1338.31847043      0.189809287261E-37
   1344.60165574      0.215539284989E-37
   1350.88484104      0.175433764151E-37
   1357.16802635      0.121255900482E-37
   1363.45121166      0.722136545600E-38
   1369.73439697      0.881229168822E-38
   1376.01758227      0.524400937128E-38
   1382.30076758      0.243686061478E-38
   1388.58395289      0.417311567676E-39
   1394.86713819      0.114130956263E-39
   6.28318530718      0.118486471412E-39
   12.5663706144      0.621829816538E-03
   18.8495559215      0.278230209164E-03
   25.1327412287      0.322872402688E-03
   31.4159265359      0.291961836087E-03
   37.6991118431      0.296541874026E-03
   43.9822971503      0.986485673454E-04
   50.2654824574      0.932278486850E-04
   56.5486677646      0.363301270191E-04
   62.8318530718      0.317649060793E-04
   69.1150383790      0.181129971666E-04
   75.3982236862      0.145602502752E-04
   81.6814089933      0.763286665318E-05
   87.9645943005      0.682731988817E-05
   94.2477796077      0.353356277821E-05
   100.530964915      0.312312738494E-05
   106.814150222      0.153963032530E-05
   113.097335529      0.167862444152E-05
   119.380520836      0.780684240071E-06
   125.663706144      0.771658375396E-06
   131.946891451      0.403779128749E-06
   138.230076758      0.350836439099E-06
   144.513262065      0.201114401535E-06
   150.796447372      0.169914800023E-06
   157.079632679      0.102574388425E-06
   163.362817987      0.782340739747E-07
   169.646003294      0.464347156300E-07
   175.929188601      0.345162094937E-07
   182.212373908      0.215204034530E-07
   188.495559215      0.143597666262E-07
   194.778744523      0.849745144219E-08
   201.061929830      0.604052785418E-08
   207.345115137      0.351827465801E-08
   213.628300444      0.227654002306E-08
   219.911485751      0.141552480446E-08
   226.194671058      0.837212895893E-09
   232.477856366      0.535662656792E-09
   238.761041673      0.316741779488E-09
   245.044226980      0.197909451290E-09
   251.327412287      0.119028866979E-09
   257.610597594      0.719041659135E-10
   263.893782902      0.444303031317E-10
   270.176968209      0.256562530497E-10
   276.460153516      0.162119857621E-10
   282.743338823      0.969177957183E-11
   289.026524130      0.569820410200E-11
   295.309709437      0.360848956281E-11
   301.592894745      0.218157022360E-11
   307.876080052      0.127821906475E-11
   314.159265359      0.793824786942E-12
   320.442450666      0.474987966631E-12
   326.725635973      0.287211647684E-12
   333.008821281      0.166880709298E-12
   339.292006588      0.102111208016E-12
   345.575191895      0.612126565342E-13
   351.858377202      0.371835761092E-13
   358.141562509      0.214703642512E-13
   364.424747816      0.136747580701E-13
   370.707933124      0.798104102818E-14
   376.991118431      0.472281109148E-14
   383.274303738      0.289505421628E-14
   389.557489045      0.167452918286E-14
   395.840674352      0.101422069756E-14
   402.123859659      0.596920217506E-15
   408.407044967      0.365011505210E-15
   414.690230274      0.218003795799E-15
   420.973415581      0.128309636861E-15
   427.256600888      0.802390116269E-16
   433.539786195      0.452403779451E-16
   439.822971503      0.279069959240E-16
   446.106156810      0.160544367370E-16
   452.389342117      0.966617162613E-17
   458.672527424      0.589821431252E-17
   464.955712731      0.346758744568E-17
   471.238898038      0.214943291351E-17
   477.522083346      0.120374737869E-17
   483.805268653      0.750382209898E-18
   490.088453960      0.450447519019E-18
   496.371639267      0.259228886474E-18
   502.654824574      0.161448452807E-18
   508.938009882      0.949196954268E-19
   515.221195189      0.576713465600E-19
   521.504380496      0.337742217305E-19
   527.787565803      0.204490181244E-19
   534.070751110      0.122510744354E-19
   540.353936417      0.745167544319E-20
   546.637121725      0.319054112678E-20
   552.920307032      0.157755360526E-20
   559.203492339      0.875968031031E-21
   565.486677646      0.459983036598E-21
   571.769862953      0.201222295934E-21
   578.053048261      0.869730641274E-22
   584.336233568      0.390939142677E-22
   590.619418875      0.167980612098E-22
   596.902604182      0.773991062377E-23
   603.185789489      0.354094060741E-23
   609.468974796      0.126315391962E-23
   615.752160104      0.486948955694E-24
   622.035345411      0.204652595903E-24
   628.318530718      0.844899081808E-25
   634.601716025      0.316840257493E-25
   640.884901332      0.120157076315E-25
   647.168086639      0.430055441908E-26
   653.451271947      0.161901945139E-26
   659.734457254      0.592083498817E-27
   666.017642561      0.230300599339E-27
   672.300827868      0.874594202494E-28
   678.584013175      0.409034537054E-28
   684.867198483      0.248128788882E-28
   691.150383790      0.852110030308E-29
   697.433569097      0.130527817640E-29
   703.716754404      0.196593610408E-30
   709.999939711      0.160539362017E-31
   716.283125018      0.180494405188E-34
   722.566310326      0.139444146925E-34
   728.849495633      0.133609104302E-34
   735.132680940      0.115947611349E-34
   741.415866247      0.107227154752E-34
   747.699051554      0.972003210666E-35
   753.982236862      0.876685810292E-35
   760.265422169      0.742657527382E-35
   766.548607476      0.732297131182E-35
   772.831792783      0.673077580779E-35
   779.114978090      0.677938001335E-35
   785.398163397      0.605111292612E-35
   791.681348705      0.711039673990E-35
   797.964534012      0.740819924319E-35
   804.247719319      0.100260117275E-34
   810.530904626      0.456153851984E-35
   816.814089933      0.417940200533E-35
   823.097275241      0.379964525494E-35
   829.380460548      0.355847336541E-35
   835.663645855      0.333724958863E-35
   841.946831162      0.307217269525E-35
   848.230016469      0.273517815184E-35
   854.513201776      0.268171900388E-35
   860.796387084      0.239157136428E-35
   867.079572391      0.222983392400E-35
   873.362757698      0.209453342262E-35
   879.645943005      0.205261790960E-35
   885.929128312      0.206660726170E-35
   892.212313620      0.177711493146E-35
   898.495498927      0.182555909336E-35
   904.778684234      0.168520305449E-35
   911.061869541      0.152006240017E-35
   917.345054848      0.158389793620E-35
   923.628240155      0.147967614100E-35
   929.911425463      0.142653853278E-35
   936.194610770      0.141483052800E-35
   942.477796077      0.137080483512E-35
   948.760981384      0.133430281263E-35
   955.044166691      0.131448311029E-35
   961.327351998      0.130057024108E-35
   967.610537306      0.123479672132E-35
   973.893722613      0.120460525913E-35
   980.176907920      0.125077671647E-35
   986.460093227      0.113103696865E-35
   992.743278534      0.115159466356E-35
   999.026463842      0.108040857759E-35
   1005.30964915      0.112950776095E-35
   1011.59283446      0.972054248652E-36
   1017.87601976      0.100032495960E-35
   1024.15920507      0.984927279684E-36
   1030.44239038      0.866614760373E-36
   1036.72557568      0.923156454055E-36
   1043.00876099      0.840556007428E-36
   1049.29194630      0.856544566940E-36
   1055.57513161      0.830968344526E-36
   1061.85831691      0.767555301298E-36
   1068.14150222      0.830775449573E-36
   1074.42468753      0.705995445209E-36
   1080.70787283      0.743599840072E-36
   1086.99105814      0.681331586560E-36
   1093.27424345      0.637411271851E-36
   1099.55742876      0.651566729201E-36
   1105.84061406      0.593173935634E-36
   1112.12379937      0.631882340724E-36
   1118.40698468      0.495995983010E-36
   1124.69016999      0.547544210195E-36
   1130.97335529      0.449934201262E-36
   1137.25654060      0.380213310580E-36
   1143.53972591      0.348337627818E-36
   1149.82291121      0.306751792641E-36
   1156.10609652      0.290194343204E-36
   1162.38928183      0.264308878215E-36
   1168.67246714      0.255548467240E-36
   1174.95565244      0.229961642768E-36
   1181.23883775      0.218966531074E-36
   1187.52202306      0.203430658863E-36
   1193.80520836      0.189784216739E-36
   1200.08839367      0.174659255787E-36
   1206.37157898      0.166616612490E-36
   1212.65476429      0.147216465272E-36
   1218.93794959      0.141069257266E-36
   1225.22113490      0.131311290590E-36
   1231.50432021      0.123196081256E-36
   1237.78750551      0.108585361986E-36
   1244.07069082      0.107080587179E-36
   1250.35387613      0.978623503602E-37
   1256.63706144      0.933836566004E-37
   1262.92024674      0.803297398028E-37
   1269.20343205      0.792647418116E-37
   1275.48661736      0.677929235648E-37
   1281.76980266      0.639317323064E-37
   1288.05298797      0.570361034605E-37
   1294.33617328      0.548092713962E-37
   1300.61935859      0.472085957252E-37
   1306.90254389      0.408369589658E-37
   1313.18572920      0.360958787585E-37
   1319.46891451      0.372105240961E-37
   1325.75209981      0.294216645529E-37
   1332.03528512      0.254870879718E-37
   1338.31847043      0.172049760365E-37
   1344.60165574      0.209611570737E-37
   1350.88484104      0.168009709288E-37
   1357.16802635      0.112413025678E-37
   1363.45121166      0.653287509502E-38
   1369.73439697      0.881418599619E-38
   1376.01758227      0.556537480867E-38
   1382.30076758      0.287521552009E-38
   1388.58395289      0.315552716831E-39
   1394.86713819      0.133865892570E-39
   6.28318530718      0.118589951390E-39
   12.5663706144      0.592420712390E-03
   18.8495559215      0.261902235325E-03
   25.1327412287      0.312561288555E-03
   31.4159265359      0.286216031348E-03
   37.6991118431      0.314595196249E-03
   43.9822971503      0.111180957361E-03
   50.2654824574      0.929483106985E-04
   56.5486677646      0.400945237819E-04
   62.8318530718      0.331811934302E-04
   69.1150383790      0.187319181952E-04
   75.3982236862      0.155861839642E-04
   81.6814089933      0.883885451469E-05
   87.9645943005      0.738881032619E-05
   94.2477796077      0.423480722872E-05
   100.530964915      0.353860476653E-05
   106.814150222      0.177919418605E-05
   113.097335529      0.196049339509E-05
   119.380520836      0.928194990329E-06
   125.663706144      0.923995040123E-06
   131.946891451      0.478581715126E-06
   138.230076758      0.429514783600E-06
   144.513262065      0.239434243132E-06
   150.796447372      0.209331792379E-06
   157.079632679      0.125219702888E-06
   163.362817987      0.981540267832E-07
   169.646003294      0.574348139155E-07
   175.929188601      0.446387353331E-07
   182.212373908      0.278149302365E-07
   188.495559215      0.189039948892E-07
   194.778744523      0.112536008925E-07
   201.061929830      0.832390533401E-08
   207.345115137      0.486863042680E-08
   213.628300444      0.320889506268E-08
   219.911485751      0.205301221218E-08
   226.194671058      0.121608785217E-08
   232.477856366      0.802671884670E-09
   238.761041673      0.478455909015E-09
   245.044226980      0.309225495631E-09
   251.327412287      0.187165271265E-09
   257.610597594      0.116819888734E-09
   263.893782902      0.733873451135E-10
   270.176968209      0.430079537765E-10
   276.460153516      0.278056110126E-10
   282.743338823      0.171405237714E-10
   289.026524130      0.101227725319E-10
   295.309709437      0.668240886594E-11
   301.592894745      0.410682877318E-11
   307.876080052      0.245246436260E-11
   314.159265359      0.156539357321E-11
   320.442450666      0.950127584853E-12
   326.725635973      0.594796690571E-12
   333.008821281      0.348840686909E-12
   339.292006588      0.219741825826E-12
   345.575191895      0.135131952935E-12
   351.858377202      0.843320140558E-13
   358.141562509      0.492343505586E-13
   364.424747816      0.325218703823E-13
   370.707933124      0.192819860759E-13
   376.991118431      0.117060480056E-13
   383.274303738      0.739068252351E-14
   389.557489045      0.434615496270E-14
   395.840674352      0.270483053915E-14
   402.123859659      0.162417061500E-14
   408.407044967      0.103072450627E-14
   414.690230274      0.626040068557E-15
   420.973415581      0.379447704240E-15
   427.256600888      0.244963106424E-15
   433.539786195      0.140054993560E-15
   439.822971503      0.886825044957E-16
   446.106156810      0.525507640553E-16
   452.389342117      0.320425045481E-16
   458.672527424      0.203441715114E-16
   464.955712731      0.122647789368E-16
   471.238898038      0.782701359539E-17
   477.522083346      0.443376181847E-17
   483.805268653      0.287628545680E-17
   490.088453960      0.176749920911E-17
   496.371639267      0.103848778745E-17
   502.654824574      0.667111476906E-18
   508.938009882      0.402046907642E-18
   515.221195189      0.251899737247E-18
   521.504380496      0.150544659427E-18
   527.787565803      0.930998272566E-19
   534.070751110      0.575699603083E-19
   540.353936417      0.351949588111E-19
   546.637121725      0.194853032217E-19
   552.920307032      0.101476661458E-19
   559.203492339      0.581821003996E-20
   565.486677646      0.323858443272E-20
   571.769862953      0.153252555846E-20
   578.053048261      0.716486808403E-21
   584.336233568      0.342611681526E-21
   590.619418875      0.157856460517E-21
   596.902604182      0.772515650534E-22
   603.185789489      0.382350004503E-22
   609.468974796      0.151171545551E-22
   615.752160104      0.621725143674E-23
   622.035345411      0.276522168037E-23
   628.318530718      0.122842828671E-23
   634.601716025      0.503149974838E-24
   640.884901332      0.208477208560E-24
   647.168086639      0.807377371371E-25
   653.451271947      0.329761475774E-25
   659.734457254      0.122906230286E-25
   666.017642561      0.494912529233E-26
   672.300827868      0.177807775718E-26
   678.584013175      0.686589007912E-27
   684.867198483      0.302025589893E-27
   691.150383790      0.118720407012E-27
   697.433569097      0.456123746239E-28
   703.716754404      0.237699620754E-28
   709.999939711      0.134828936744E-28
   716.283125018      0.310391580476E-29
   722.566310326      0.522996044118E-30
   728.849495633      0.474186549580E-31
   735.132680940      0.323788545187E-32
   741.415866247      0.109559712920E-34
   747.699051554      0.964223497607E-35
   753.982236862      0.893499597619E-35
   760.265422169      0.764179282084E-35
   766.548607476      0.733904824867E-35
   772.831792783      0.671923031240E-35
   779.114978090      0.700259602474E-35
   785.398163397      0.613814973828E-35
   791.681348705      0.676562885747E-35
   797.964534012      0.760782304671E-35
   804.247719319      0.111255093692E-34
   810.530904626      0.468100797953E-35
   816.814089933      0.416811319862E-35
   823.097275241      0.384867130137E-35
   829.380460548      0.358160569235E-35
   835.663645855      0.341093043062E-35
   841.946831162      0.306029284007E-35
   848.230016469      0.272291851127E-35
   854.513201776      0.270512274149E-35
   860.796387084      0.233375381228E-35
   867.079572391      0.222934775996E-35
   873.362757698      0.219015436387E-35
   879.645943005      0.203645459288E-35
   885.929128312      0.204537775770E-35
   892.212313620      0.175980474093E-35
   898.495498927      0.181558380507E-35
   904.778684234      0.169220668867E-35
   911.061869541      0.158824456599E-35
   917.345054848      0.158284597216E-35
   923.628240155      0.141391016159E-35
   929.911425463      0.142655552837E-35
   936.194610770      0.136481558778E-35
   942.477796077      0.139098533905E-35
   948.760981384      0.132284395835E-35
   955.044166691      0.129590298248E-35
   961.327351998      0.126474965275E-35
   967.610537306      0.121522048870E-35
   973.893722613      0.116759981252E-35
   980.176907920      0.117331438736E-35
   986.460093227      0.112599191765E-35
   992.743278534      0.112765688398E-35
   999.026463842      0.108838397058E-35
   1005.30964915      0.108834030060E-35
   1011.59283446      0.968207016189E-36
   1017.87601976      0.104277119242E-35
   1024.15920507      0.943365504668E-36
   1030.44239038      0.878085876986E-36
   1036.72557568      0.923345296702E-36
   1043.00876099      0.839198973082E-36
   1049.29194630      0.849043417123E-36
   1055.57513161      0.813866175802E-36
   1061.85831691      0.789371676191E-36
   1068.14150222      0.818001296617E-36
   1074.42468753      0.710093676164E-36
   1080.70787283      0.757092070963E-36
   1086.99105814      0.712963371874E-36
   1093.27424345      0.628474773788E-36
   1099.55742876      0.669297306251E-36
   1105.84061406      0.619978661139E-36
   1112.12379937      0.625795957416E-36
   1118.40698468      0.497468450106E-36
   1124.69016999      0.505015089783E-36
   1130.97335529      0.444060024263E-36
   1137.25654060      0.375087293982E-36
   1143.53972591      0.341460586716E-36
   1149.82291121      0.298386020253E-36
   1156.10609652      0.287696749505E-36
   1162.38928183      0.262007641685E-36
   1168.67246714      0.251937678021E-36
   1174.95565244      0.223956672080E-36
   1181.23883775      0.215675419007E-36
   1187.52202306      0.195894823612E-36
   1193.80520836      0.187040248230E-36
   1200.08839367      0.170463267319E-36
   1206.37157898      0.165569811881E-36
   1212.65476429      0.149044534495E-36
   1218.93794959      0.140321440488E-36
   1225.22113490      0.131689782906E-36
   1231.50432021      0.123160017974E-36
   1237.78750551      0.108620821201E-36
   1244.07069082      0.104718913002E-36
   1250.35387613      0.974526654319E-37
   1256.63706144      0.908591025058E-37
   1262.92024674      0.807441531037E-37
   1269.20343205      0.791311111822E-37
   1275.48661736      0.661160785876E-37
   1281.76980266      0.633070261312E-37
   1288.05298797      0.544017266496E-37
   1294.33617328      0.533728549999E-37
   1300.61935859      0.448958481838E-37
   1306.90254389      0.394471513168E-37
   1313.18572920      0.350147337474E-37
   1319.46891451      0.346586524392E-37
   1325.75209981      0.283878538246E-37
   1332.03528512      0.236377894350E-37
   1338.31847043      0.192140596937E-37
   1344.60165574      0.204461755735E-37
   1350.88484104      0.175953304955E-37
   1357.16802635      0.117049326112E-37
   1363.45121166      0.670428624593E-38
   1369.73439697      0.747495214608E-38
   1376.01758227      0.468040338373E-38
   1382.30076758      0.226217272946E-38
   1388.58395289      0.399938071237E-39
   1394.86713819      0.904199407418E-40
   6.28318530718      0.807716781480E-41
   12.5663706144      0.565079759452E-03
   18.8495559215      0.246186603179E-03
   25.1327412287      0.301097047012E-03
   31.4159265359      0.278358803939E-03
   37.6991118431      0.331464326427E-03
   43.9822971503      0.123761790804E-03
   50.2654824574      0.928664065491E-04
   56.5486677646      0.443499614073E-04
   62.8318530718      0.348711167200E-04
   69.1150383790      0.193382933111E-04
   75.3982236862      0.165490151187E-04
   81.6814089933      0.100454695956E-04
   87.9645943005      0.795576226400E-05
   94.2477796077      0.496272563760E-05
   100.530964915      0.401482870418E-05
   106.814150222      0.203466953540E-05
   113.097335529      0.227293740418E-05
   119.380520836      0.108989884270E-05
   125.663706144      0.109715618849E-05
   131.946891451      0.564256979675E-06
   138.230076758      0.524531789445E-06
   144.513262065      0.284573340486E-06
   150.796447372      0.256881800660E-06
   157.079632679      0.152554708222E-06
   163.362817987      0.122877738447E-06
   169.646003294      0.705043983806E-07
   175.929188601      0.575942917247E-07
   182.212373908      0.356936540675E-07
   188.495559215      0.247603597181E-07
   194.778744523      0.148006130250E-07
   201.061929830      0.114067672302E-07
   207.345115137      0.669651402219E-08
   213.628300444      0.451208170851E-08
   219.911485751      0.296491121133E-08
   226.194671058      0.176854449112E-08
   232.477856366      0.119654374517E-08
   238.761041673      0.721672848436E-09
   245.044226980      0.482773621904E-09
   251.327412287      0.294226780871E-09
   257.610597594      0.190336559568E-09
   263.893782902      0.121373254626E-09
   270.176968209      0.727291032607E-10
   276.460153516      0.476232121316E-10
   282.743338823      0.304736451522E-10
   289.026524130      0.181316061444E-10
   295.309709437      0.124012741986E-10
   301.592894745      0.775666544717E-11
   307.876080052      0.475627931549E-11
   314.159265359      0.309865045854E-11
   320.442450666      0.190931559653E-11
   326.725635973      0.123894717007E-11
   333.008821281      0.737080757544E-12
   339.292006588      0.476729344130E-12
   345.575191895      0.301619145064E-12
   351.858377202      0.192806650444E-12
   358.141562509      0.114549312720E-12
   364.424747816      0.775704827785E-13
   370.707933124      0.470285594477E-13
   376.991118431      0.292715563019E-13
   383.274303738      0.189928733600E-13
   389.557489045      0.113922734743E-13
   395.840674352      0.727471217268E-14
   402.123859659      0.446716618987E-14
   408.407044967      0.291990310502E-14
   414.690230274      0.179964652542E-14
   420.973415581      0.112574580083E-14
   427.256600888      0.743311525172E-15
   433.539786195      0.434179805662E-15
   439.822971503      0.279975487298E-15
   446.106156810      0.171603613187E-15
   452.389342117      0.105700257567E-15
   458.672527424      0.692676258807E-16
   464.955712731      0.429130475494E-16
   471.238898038      0.278885898630E-16
   477.522083346      0.161338476963E-16
   483.805268653      0.107507569977E-16
   490.088453960      0.674218713017E-17
   496.371639267      0.405304786705E-17
   502.654824574      0.265822445447E-17
   508.938009882      0.164022591464E-17
   515.221195189      0.105477871063E-17
   521.504380496      0.643228068245E-18
   527.787565803      0.404389602098E-18
   534.070751110      0.257693700901E-18
   540.353936417      0.159626345826E-18
   546.637121725      0.979293780580E-19
   552.920307032      0.534092153461E-19
   559.203492339      0.314426847841E-19
   565.486677646      0.183780990284E-19
   571.769862953      0.930196566565E-20
   578.053048261      0.465554348366E-20
   584.336233568      0.235625312108E-20
   590.619418875      0.115449457841E-20
   596.902604182      0.595130414924E-21
   603.185789489      0.314635120235E-21
   609.468974796      0.136714665119E-21
   615.752160104      0.599453845428E-22
   622.035345411      0.279850303978E-22
   628.318530718      0.132161058254E-22
   634.601716025      0.587556100782E-23
   640.884901332      0.262501805206E-23
   647.168086639      0.110782584208E-23
   653.451271947      0.481307222603E-24
   659.734457254      0.191907981449E-24
   666.017642561      0.829945693646E-25
   672.300827868      0.323856965906E-25
   678.584013175      0.134145686292E-25
   684.867198483      0.583359752699E-26
   691.150383790      0.231996851779E-26
   697.433569097      0.798222360245E-27
   703.716754404      0.304857706720E-27
   709.999939711      0.169182823932E-27
   716.283125018      0.645915647858E-28
   722.566310326      0.295709510340E-28
   728.849495633      0.138709429004E-28
   735.132680940      0.628676964900E-29
   741.415866247      0.118102805871E-29
   747.699051554      0.147023528887E-30
   753.982236862      0.118768708597E-31
   760.265422169      0.789213889320E-33
   766.548607476      0.734612877990E-35
   772.831792783      0.672338183996E-35
   779.114978090      0.721680796287E-35
   785.398163397      0.644724877388E-35
   791.681348705      0.735848831138E-35
   797.964534012      0.645648776112E-35
   804.247719319      0.114613718638E-34
   810.530904626      0.472524103474E-35
   816.814089933      0.424932213846E-35
   823.097275241      0.385828006563E-35
   829.380460548      0.357714957186E-35
   835.663645855      0.345902110710E-35
   841.946831162      0.311933267644E-35
   848.230016469      0.280619869824E-35
   854.513201776      0.275456006283E-35
   860.796387084      0.244581113697E-35
   867.079572391      0.221844932344E-35
   873.362757698      0.212284138479E-35
   879.645943005      0.203245210338E-35
   885.929128312      0.202659456728E-35
   892.212313620      0.181097068499E-35
   898.495498927      0.181936002734E-35
   904.778684234      0.166265114716E-35
   911.061869541      0.157285704386E-35
   917.345054848      0.157390904979E-35
   923.628240155      0.143648652118E-35
   929.911425463      0.143721124020E-35
   936.194610770      0.140705654652E-35
   942.477796077      0.137343792627E-35
   948.760981384      0.131922632291E-35
   955.044166691      0.131970742891E-35
   961.327351998      0.128960291147E-35
   967.610537306      0.124636022011E-35
   973.893722613      0.119524877400E-35
   980.176907920      0.119583547133E-35
   986.460093227      0.112173803198E-35
   992.743278534      0.115969269102E-35
   999.026463842      0.104227803521E-35
   1005.30964915      0.109592532917E-35
   1011.59283446      0.963060039703E-36
   1017.87601976      0.977217417895E-36
   1024.15920507      0.959769033520E-36
   1030.44239038      0.894772031733E-36
   1036.72557568      0.946239839936E-36
   1043.00876099      0.845997276602E-36
   1049.29194630      0.908768346448E-36
   1055.57513161      0.820821824124E-36
   1061.85831691      0.746262930372E-36
   1068.14150222      0.802896339928E-36
   1074.42468753      0.689304159550E-36
   1080.70787283      0.717500450170E-36
   1086.99105814      0.660041141700E-36
   1093.27424345      0.620485424506E-36
   1099.55742876      0.639855760841E-36
   1105.84061406      0.564070882558E-36
   1112.12379937      0.615605826036E-36
   1118.40698468      0.519203047451E-36
   1124.69016999      0.545094794400E-36
   1130.97335529      0.449851496761E-36
   1137.25654060      0.384478342160E-36
   1143.53972591      0.341316405423E-36
   1149.82291121      0.301946049237E-36
   1156.10609652      0.289987305292E-36
   1162.38928183      0.263515737727E-36
   1168.67246714      0.256516475646E-36
   1174.95565244      0.228183885939E-36
   1181.23883775      0.218194187436E-36
   1187.52202306      0.198328651325E-36
   1193.80520836      0.186899233744E-36
   1200.08839367      0.170126317718E-36
   1206.37157898      0.164105341910E-36
   1212.65476429      0.146867838848E-36
   1218.93794959      0.136913474395E-36
   1225.22113490      0.133529740750E-36
   1231.50432021      0.122450105620E-36
   1237.78750551      0.110477826846E-36
   1244.07069082      0.103666182574E-36
   1250.35387613      0.972700764734E-37
   1256.63706144      0.892206642708E-37
   1262.92024674      0.819933429285E-37
   1269.20343205      0.785038093895E-37
   1275.48661736      0.657412586775E-37
   1281.76980266      0.628663142455E-37
   1288.05298797      0.557022431304E-37
   1294.33617328      0.539952568817E-37
   1300.61935859      0.460447276181E-37
   1306.90254389      0.403075542356E-37
   1313.18572920      0.353032084412E-37
   1319.46891451      0.365560670344E-37
   1325.75209981      0.289263608386E-37
   1332.03528512      0.238568949403E-37
   1338.31847043      0.190573891999E-37
   1344.60165574      0.206392387191E-37
   1350.88484104      0.170136721353E-37
   1357.16802635      0.122265716255E-37
   1363.45121166      0.687605222585E-38
   1369.73439697      0.814461614256E-38
   1376.01758227      0.503079147060E-38
   1382.30076758      0.264714788658E-38
   1388.58395289      0.303363983549E-39
   1394.86713819      0.915228735891E-40
   6.28318530718      0.273809782679E-40
   12.5663706144      0.539753774452E-03
   18.8495559215      0.231258554652E-03
   25.1327412287      0.288733095603E-03
   31.4159265359      0.268786239859E-03
   37.6991118431      0.346655434630E-03
   43.9822971503      0.135655861442E-03
   50.2654824574      0.934481342327E-04
   56.5486677646      0.488408134604E-04
   62.8318530718      0.370663677960E-04
   69.1150383790      0.201033480546E-04
   75.3982236862      0.174421411313E-04
   81.6814089933      0.111945721662E-04
   87.9645943005      0.857116491835E-05
   94.2477796077      0.564194151603E-05
   100.530964915      0.454679056987E-05
   106.814150222      0.229854801100E-05
   113.097335529      0.262156042717E-05
   119.380520836      0.126055097586E-05
   125.663706144      0.128958555496E-05
   131.946891451      0.661424410505E-06
   138.230076758      0.634254069018E-06
   144.513262065      0.336646794961E-06
   150.796447372      0.313006030679E-06
   157.079632679      0.185298325127E-06
   163.362817987      0.153162070045E-06
   169.646003294      0.858791226502E-07
   175.929188601      0.738746434370E-07
   182.212373908      0.454475490020E-07
   188.495559215      0.321709053028E-07
   194.778744523      0.192668666843E-07
   201.061929830      0.154475249118E-07
   207.345115137      0.910870570230E-08
   213.628300444      0.629210594344E-08
   219.911485751      0.423329035103E-08
   226.194671058      0.255919622599E-08
   232.477856366      0.176044779591E-08
   238.761041673      0.107771509299E-08
   245.044226980      0.744361817473E-09
   251.327412287      0.458037795747E-09
   257.610597594      0.305965304973E-09
   263.893782902      0.198386284196E-09
   270.176968209      0.121883855703E-09
   276.460153516      0.800623472536E-10
   282.743338823      0.532616543535E-10
   289.026524130      0.320847038990E-10
   295.309709437      0.224677239462E-10
   301.592894745      0.143295733471E-10
   307.876080052      0.905860307161E-11
   314.159265359      0.597596869153E-11
   320.442450666      0.373576213031E-11
   326.725635973      0.250542125150E-11
   333.008821281      0.151465567936E-11
   339.292006588      0.100189858974E-11
   345.575191895      0.651420494201E-12
   351.858377202      0.424886447094E-12
   358.141562509      0.257580227282E-12
   364.424747816      0.176909455789E-12
   370.707933124      0.110202120702E-12
   376.991118431      0.699605416382E-13
   383.274303738      0.464813962975E-13
   389.557489045      0.284464061147E-13
   395.840674352      0.186084243969E-13
   402.123859659      0.116715053254E-13
   408.407044967      0.778738594576E-14
   414.690230274      0.486536230047E-14
   420.973415581      0.313331821321E-14
   427.256600888      0.210126702692E-14
   433.539786195      0.125805368282E-14
   439.822971503      0.821420646360E-15
   446.106156810      0.519744633657E-15
   452.389342117      0.323568883779E-15
   458.672527424      0.217004570670E-15
   464.955712731      0.137849100482E-15
   471.238898038      0.906923682730E-16
   477.522083346      0.537876363795E-16
   483.805268653      0.364647332175E-16
   490.088453960      0.232819068978E-16
   496.371639267      0.143007374057E-16
   502.654824574      0.952086542191E-17
   508.938009882      0.599678722543E-17
   515.221195189      0.394354663350E-17
   521.504380496      0.244941693967E-17
   527.787565803      0.156121286671E-17
   534.070751110      0.102175019996E-17
   540.353936417      0.642151761200E-18
   546.637121725      0.413318952050E-18
   552.920307032      0.234707306705E-18
   559.203492339      0.141257998475E-18
   565.486677646      0.860911461276E-19
   571.769862953      0.461199451712E-19
   578.053048261      0.244510480141E-19
   584.336233568      0.130335636151E-19
   590.619418875      0.674199529913E-20
   596.902604182      0.363573606679E-20
   603.185789489      0.202791046732E-20
   609.468974796      0.959619580260E-21
   615.752160104      0.447945959206E-21
   622.035345411      0.218681018885E-21
   628.318530718      0.108699768842E-21
   634.601716025      0.519689877873E-22
   640.884901332      0.248058598392E-22
   647.168086639      0.113608255542E-22
   653.451271947      0.520378644732E-23
   659.734457254      0.221283199962E-23
   666.017642561      0.101968351084E-23
   672.300827868      0.427913589761E-24
   678.584013175      0.192833679888E-24
   684.867198483      0.881578034742E-25
   691.150383790      0.380402646303E-25
   697.433569097      0.141171094364E-25
   703.716754404      0.558878218473E-26
   709.999939711      0.293376992301E-26
   716.283125018      0.118198498035E-26
   722.566310326      0.404661255033E-27
   728.849495633      0.145837386791E-27
   735.132680940      0.894204301138E-28
   741.415866247      0.352428740133E-28
   747.699051554      0.176204015787E-28
   753.982236862      0.840318470915E-29
   760.265422169      0.204466421262E-29
   766.548607476      0.435150808482E-30
   772.831792783      0.267153393842E-31
   779.114978090      0.718306049382E-35
   785.398163397      0.634231972518E-35
   791.681348705      0.789905381992E-35
   797.964534012      0.753888849541E-35
   804.247719319      0.122809998195E-34
   810.530904626      0.478363378877E-35
   816.814089933      0.419211141119E-35
   823.097275241      0.384843922068E-35
   829.380460548      0.358349890181E-35
   835.663645855      0.344097554119E-35
   841.946831162      0.314123625802E-35
   848.230016469      0.281292340612E-35
   854.513201776      0.272881959050E-35
   860.796387084      0.240426655038E-35
   867.079572391      0.223527486444E-35
   873.362757698      0.214699100607E-35
   879.645943005      0.203379808742E-35
   885.929128312      0.202100980508E-35
   892.212313620      0.172577258519E-35
   898.495498927      0.178099190087E-35
   904.778684234      0.165940527013E-35
   911.061869541      0.151974844568E-35
   917.345054848      0.153611921441E-35
   923.628240155      0.140483573759E-35
   929.911425463      0.141491171907E-35
   936.194610770      0.136105841189E-35
   942.477796077      0.135885283747E-35
   948.760981384      0.134296756378E-35
   955.044166691      0.129229111817E-35
   961.327351998      0.127500886317E-35
   967.610537306      0.124946807696E-35
   973.893722613      0.119377698837E-35
   980.176907920      0.118558898110E-35
   986.460093227      0.112123130840E-35
   992.743278534      0.115269322647E-35
   999.026463842      0.109929771669E-35
   1005.30964915      0.111869088612E-35
   1011.59283446      0.959209364674E-36
   1017.87601976      0.981034554859E-36
   1024.15920507      0.954775816470E-36
   1030.44239038      0.871587004436E-36
   1036.72557568      0.949055443294E-36
   1043.00876099      0.827008167701E-36
   1049.29194630      0.848899788835E-36
   1055.57513161      0.804687929475E-36
   1061.85831691      0.750348731853E-36
   1068.14150222      0.841743254278E-36
   1074.42468753      0.683757551989E-36
   1080.70787283      0.704663572534E-36
   1086.99105814      0.660899860777E-36
   1093.27424345      0.627183655277E-36
   1099.55742876      0.627712396818E-36
   1105.84061406      0.545156512630E-36
   1112.12379937      0.580474715494E-36
   1118.40698468      0.490989413484E-36
   1124.69016999      0.498018179092E-36
   1130.97335529      0.413650202122E-36
   1137.25654060      0.376951466935E-36
   1143.53972591      0.332864929205E-36
   1149.82291121      0.295756511802E-36
   1156.10609652      0.282760456073E-36
   1162.38928183      0.257222836781E-36
   1168.67246714      0.248609019462E-36
   1174.95565244      0.224119711767E-36
   1181.23883775      0.216139527998E-36
   1187.52202306      0.196949705801E-36
   1193.80520836      0.185825055977E-36
   1200.08839367      0.168779125388E-36
   1206.37157898      0.165664464106E-36
   1212.65476429      0.148553364449E-36
   1218.93794959      0.139083865429E-36
   1225.22113490      0.132806661729E-36
   1231.50432021      0.121277097834E-36
   1237.78750551      0.107806415683E-36
   1244.07069082      0.104274742718E-36
   1250.35387613      0.962119766231E-37
   1256.63706144      0.895784838921E-37
   1262.92024674      0.805199955791E-37
   1269.20343205      0.775245070189E-37
   1275.48661736      0.663514895216E-37
   1281.76980266      0.651707630754E-37
   1288.05298797      0.559366212474E-37
   1294.33617328      0.527803320123E-37
   1300.61935859      0.453663487707E-37
   1306.90254389      0.386814121139E-37
   1313.18572920      0.349330167250E-37
   1319.46891451      0.343839285672E-37
   1325.75209981      0.289745544849E-37
   1332.03528512      0.239387232245E-37
   1338.31847043      0.192705238640E-37
   1344.60165574      0.210461578855E-37
   1350.88484104      0.159767360969E-37
   1357.16802635      0.116266698276E-37
   1363.45121166      0.570460932025E-38
   1369.73439697      0.782599779646E-38
   1376.01758227      0.541624811047E-38
   1382.30076758      0.233292167860E-38
   1388.58395289      0.380547468286E-39
   1394.86713819      0.602669623349E-40
   6.28318530718      0.537539124239E-41
   12.5663706144      0.516364018166E-03
   18.8495559215      0.217273859447E-03
   25.1327412287      0.275745991161E-03
   31.4159265359      0.257907334819E-03
   37.6991118431      0.359706961757E-03
   43.9822971503      0.146184096677E-03
   50.2654824574      0.951418625716E-04
   56.5486677646      0.532166842870E-04
   62.8318530718      0.399736567058E-04
   69.1150383790      0.212314093306E-04
   75.3982236862      0.182697575492E-04
   81.6814089933      0.122510308021E-04
   87.9645943005      0.929091029308E-05
   94.2477796077      0.620619870841E-05
   100.530964915      0.510576285397E-05
   106.814150222      0.256797147408E-05
   113.097335529      0.300449528840E-05
   119.380520836      0.143673309041E-05
   125.663706144      0.149943382916E-05
   131.946891451      0.771077327748E-06
   138.230076758      0.756158848342E-06
   144.513262065      0.395283430827E-06
   150.796447372      0.377917543196E-06
   157.079632679      0.223861250949E-06
   163.362817987      0.189468024069E-06
   169.646003294      0.103722330143E-06
   175.929188601      0.938818859340E-07
   182.212373908      0.573438334608E-07
   188.495559215      0.414034874235E-07
   194.778744523      0.247529082791E-07
   201.061929830      0.205929935348E-07
   207.345115137      0.121972200000E-07
   213.628300444      0.865461967462E-08
   219.911485751      0.593989151114E-08
   226.194671058      0.366079890654E-08
   232.477856366      0.254062704262E-08
   238.761041673      0.158323661868E-08
   245.044226980      0.112347667600E-08
   251.327412287      0.700880755023E-09
   257.610597594      0.479322960706E-09
   263.893782902      0.317461411973E-09
   270.176968209      0.199558644217E-09
   276.460153516      0.130754568345E-09
   282.743338823      0.901928488858E-10
   289.026524130      0.552858292919E-10
   295.309709437      0.391467448499E-10
   301.592894745      0.255010826599E-10
   307.876080052      0.166339407004E-10
   314.159265359      0.110475371950E-10
   320.442450666      0.699485077366E-11
   326.725635973      0.482942239062E-11
   333.008821281      0.296493258734E-11
   339.292006588      0.199833324796E-11
   345.575191895      0.133015524220E-11
   351.858377202      0.883542089673E-12
   358.141562509      0.546200388440E-12
   364.424747816      0.377707621578E-12
   370.707933124      0.242481809405E-12
   376.991118431      0.156087073114E-12
   383.274303738      0.105692412028E-12
   389.557489045      0.659812561917E-13
   395.840674352      0.441647238893E-13
   402.123859659      0.282174870468E-13
   408.407044967      0.190800571958E-13
   414.690230274      0.120951795489E-13
   420.973415581      0.797752815651E-14
   427.256600888      0.541165698270E-14
   433.539786195      0.332498224126E-14
   439.822971503      0.219056332227E-14
   446.106156810      0.142516581210E-14
   452.389342117      0.898462655545E-15
   458.672527424      0.612725694922E-15
   464.955712731      0.397404161529E-15
   471.238898038      0.264013959610E-15
   477.522083346      0.160762818074E-15
   483.805268653      0.110234690746E-15
   490.088453960      0.715207154424E-16
   496.371639267      0.448012482425E-16
   502.654824574      0.301905637350E-16
   508.938009882      0.193518351148E-16
   515.221195189      0.129722544106E-16
   521.504380496      0.819623549948E-17
   527.787565803      0.528780645406E-17
   534.070751110      0.354236893407E-17
   540.353936417      0.225663483221E-17
   546.637121725      0.149268719638E-17
   552.920307032      0.877803501785E-18
   559.203492339      0.538263179881E-18
   565.486677646      0.340259096504E-18
   571.769862953      0.191109075591E-18
   578.053048261      0.106260123477E-18
   584.336233568      0.593648571122E-19
   590.619418875      0.322074737382E-19
   596.902604182      0.180626349510E-19
   603.185789489      0.105135384824E-19
   609.468974796      0.536261800448E-20
   615.752160104      0.265559157838E-20
   622.035345411      0.135429825689E-20
   628.318530718      0.703051944863E-21
   634.601716025      0.357809728106E-21
   640.884901332      0.180934475775E-21
   647.168086639      0.893525961149E-22
   653.451271947      0.429935351013E-22
   659.734457254      0.193955229033E-22
   666.017642561      0.945546709596E-23
   672.300827868      0.423069004481E-23
   678.584013175      0.205736481186E-23
   684.867198483      0.988530528622E-24
   691.150383790      0.456200178796E-24
   697.433569097      0.181784588627E-24
   703.716754404      0.766736639029E-25
   709.999939711      0.411999170109E-25
   716.283125018      0.186643887928E-25
   722.566310326      0.676362097326E-26
   728.849495633      0.241625166972E-26
   735.132680940      0.155614378065E-26
   741.415866247      0.570283563337E-27
   747.699051554      0.211971031394E-27
   753.982236862      0.875274234203E-28
   760.265422169      0.398220268191E-28
   766.548607476      0.192984982702E-28
   772.831792783      0.100399478830E-28
   779.114978090      0.419551143808E-29
   785.398163397      0.504811991273E-30
   791.681348705      0.943578933174E-31
   797.964534012      0.112510804124E-32
   804.247719319      0.109946786613E-34
   810.530904626      0.471413538867E-35
   816.814089933      0.426356147033E-35
   823.097275241      0.385323207652E-35
   829.380460548      0.360367914557E-35
   835.663645855      0.342242350403E-35
   841.946831162      0.314148183170E-35
   848.230016469      0.276408335668E-35
   854.513201776      0.271184101965E-35
   860.796387084      0.239993261778E-35
   867.079572391      0.224004901432E-35
   873.362757698      0.212203141437E-35
   879.645943005      0.203269203184E-35
   885.929128312      0.206276317921E-35
   892.212313620      0.174690607792E-35
   898.495498927      0.178575645274E-35
   904.778684234      0.173078177005E-35
   911.061869541      0.155001228354E-35
   917.345054848      0.154372293972E-35
   923.628240155      0.143467253950E-35
   929.911425463      0.142212778219E-35
   936.194610770      0.135615550739E-35
   942.477796077      0.133783059716E-35
   948.760981384      0.132321501705E-35
   955.044166691      0.125065636000E-35
   961.327351998      0.124816700849E-35
   967.610537306      0.122377404330E-35
   973.893722613      0.117426436262E-35
   980.176907920      0.115336795525E-35
   986.460093227      0.111445001730E-35
   992.743278534      0.114148515456E-35
   999.026463842      0.107677535295E-35
   1005.30964915      0.108790054114E-35
   1011.59283446      0.951548047434E-36
   1017.87601976      0.977054134754E-36
   1024.15920507      0.929981746024E-36
   1030.44239038      0.853467696039E-36
   1036.72557568      0.941405598276E-36
   1043.00876099      0.831634832868E-36
   1049.29194630      0.812984544531E-36
   1055.57513161      0.804896011764E-36
   1061.85831691      0.771469701443E-36
   1068.14150222      0.807723719962E-36
   1074.42468753      0.681269895042E-36
   1080.70787283      0.728258588638E-36
   1086.99105814      0.657574669497E-36
   1093.27424345      0.621554175202E-36
   1099.55742876      0.628974125511E-36
   1105.84061406      0.533700872176E-36
   1112.12379937      0.583410426006E-36
   1118.40698468      0.486487224372E-36
   1124.69016999      0.504950525843E-36
   1130.97335529      0.432856888833E-36
   1137.25654060      0.373339299589E-36
   1143.53972591      0.337075164782E-36
   1149.82291121      0.296666502644E-36
   1156.10609652      0.280498690483E-36
   1162.38928183      0.260228277806E-36
   1168.67246714      0.245436288383E-36
   1174.95565244      0.222156200266E-36
   1181.23883775      0.213889349214E-36
   1187.52202306      0.193510315927E-36
   1193.80520836      0.182395073747E-36
   1200.08839367      0.168035898198E-36
   1206.37157898      0.161487603877E-36
   1212.65476429      0.147075838013E-36
   1218.93794959      0.139309879978E-36
   1225.22113490      0.130290370932E-36
   1231.50432021      0.122147369068E-36
   1237.78750551      0.108694268008E-36
   1244.07069082      0.104833699986E-36
   1250.35387613      0.973052941344E-37
   1256.63706144      0.884307116620E-37
   1262.92024674      0.792813052797E-37
   1269.20343205      0.768391588307E-37
   1275.48661736      0.653910300033E-37
   1281.76980266      0.616218638962E-37
   1288.05298797      0.545449229314E-37
   1294.33617328      0.547039518222E-37
   1300.61935859      0.476978075607E-37
   1306.90254389      0.398312176865E-37
   1313.18572920      0.356136274152E-37
   1319.46891451      0.365958298960E-37
   1325.75209981      0.302809805937E-37
   1332.03528512      0.245487657793E-37
   1338.31847043      0.192230105154E-37
   1344.60165574      0.206209945932E-37
   1350.88484104      0.172575894647E-37
   1357.16802635      0.121717838352E-37
   1363.45121166      0.566075558704E-38
   1369.73439697      0.749120683365E-38
   1376.01758227      0.446699206190E-38
   1382.30076758      0.229899609047E-38
   1388.58395289      0.496311609585E-39
   1394.86713819      0.854837723736E-40
   6.28318530718      0.563693953796E-40
   12.5663706144      0.494808758313E-03
   18.8495559215      0.204364506462E-03
   25.1327412287      0.262432693599E-03
   31.4159265359      0.246106538290E-03
   37.6991118431      0.370205797657E-03
   43.9822971503      0.154829700606E-03
   50.2654824574      0.983002213147E-04
   56.5486677646      0.570898303260E-04
   62.8318530718      0.437215952539E-04
   69.1150383790      0.229467127239E-04
   75.3982236862      0.190294356849E-04
   81.6814089933      0.132143132659E-04
   87.9645943005      0.101645479033E-04
   94.2477796077      0.662310726267E-05
   100.530964915      0.564658459223E-05
   106.814150222      0.284930510970E-05
   113.097335529      0.341001705836E-05
   119.380520836      0.161478926930E-05
   125.663706144      0.172454464464E-05
   131.946891451      0.892147794481E-06
   138.230076758      0.888081849255E-06
   144.513262065      0.460283405213E-06
   150.796447372      0.451678373021E-06
   157.079632679      0.268442793761E-06
   163.362817987      0.231866560558E-06
   169.646003294      0.124121636392E-06
   175.929188601      0.117856872109E-06
   182.212373908      0.715375344633E-07
   188.495559215      0.527415818322E-07
   194.778744523      0.313218227829E-07
   201.061929830      0.269917289847E-07
   207.345115137      0.160305676909E-07
   213.628300444      0.116968016765E-07
   219.911485751      0.815965181597E-08
   226.194671058      0.514710349842E-08
   232.477856366      0.358183452886E-08
   238.761041673      0.227922247847E-08
   245.044226980      0.165117173871E-08
   251.327412287      0.104884583920E-08
   257.610597594      0.726656145420E-09
   263.893782902      0.494383495863E-09
   270.176968209      0.316357220416E-09
   276.460153516      0.206535421032E-09
   282.743338823      0.146941809301E-09
   289.026524130      0.919973293626E-10
   295.309709437      0.652271785419E-10
   301.592894745      0.434215182289E-10
   307.876080052      0.291849406921E-10
   314.159265359      0.194544138956E-10
   320.442450666      0.124546167616E-10
   326.725635973      0.881774965481E-11
   333.008821281      0.549083534177E-11
   339.292006588      0.375696930492E-11
   345.575191895      0.254773875021E-11
   351.858377202      0.172356624942E-11
   358.141562509      0.108384639595E-11
   364.424747816      0.751398521718E-12
   370.707933124      0.497914414220E-12
   376.991118431      0.323443283885E-12
   383.274303738      0.222031286908E-12
   389.557489045      0.141375057644E-12
   395.840674352      0.967315873778E-13
   402.123859659      0.627701656616E-13
   408.407044967      0.427947137402E-13
   414.690230274      0.275915551920E-13
   420.973415581      0.185135396895E-13
   427.256600888      0.126755653099E-13
   433.539786195      0.799468364446E-14
   439.822971503      0.530366503843E-14
   446.106156810      0.353168518355E-14
   452.389342117      0.225957481343E-14
   458.672527424      0.156030829929E-14
   464.955712731      0.102819793070E-14
   471.238898038      0.688811260112E-15
   477.522083346      0.430993009109E-15
   483.805268653      0.297815271057E-15
   490.088453960      0.196008104049E-15
   496.371639267      0.124986744281E-15
   502.654824574      0.851399417470E-16
   508.938009882      0.553829338787E-16
   515.221195189      0.377172698220E-16
   521.504380496      0.242370285932E-16
   527.787565803      0.158040471864E-16
   534.070751110      0.108036825698E-16
   540.353936417      0.696838346831E-17
   546.637121725      0.469340122310E-17
   552.920307032      0.284416512320E-17
   559.203492339      0.177230009585E-17
   565.486677646      0.115718491396E-17
   571.769862953      0.675788111610E-18
   578.053048261      0.390594814944E-18
   584.336233568      0.227665330527E-18
   590.619418875      0.128771678479E-18
   596.902604182      0.747125730539E-19
   603.185789489      0.449852805174E-19
   609.468974796      0.244646972050E-19
   615.752160104      0.127804898960E-19
   622.035345411      0.680667382132E-20
   628.318530718      0.367100083825E-20
   634.601716025      0.196896939569E-20
   640.884901332      0.104609674519E-20
   647.168086639      0.552427282188E-21
   653.451271947      0.278628862452E-21
   659.734457254      0.132684699110E-21
   666.017642561      0.680245578590E-22
   672.300827868      0.322734332014E-22
   678.584013175      0.167602427304E-22
   684.867198483      0.843913432500E-23
   691.150383790      0.413186109948E-23
   697.433569097      0.175382068324E-23
   703.716754404      0.782480551630E-24
   709.999939711      0.434217348171E-24
   716.283125018      0.215018065358E-24
   722.566310326      0.840741844286E-25
   728.849495633      0.318891572374E-25
   735.132680940      0.211281519687E-25
   741.415866247      0.834884400104E-26
   747.699051554      0.315085975294E-26
   753.982236862      0.125176199623E-26
   760.265422169      0.458436015929E-27
   766.548607476      0.160545522005E-27
   772.831792783      0.694184716541E-28
   779.114978090      0.356107899258E-28
   785.398163397      0.172316085762E-28
   791.681348705      0.113964162810E-28
   797.964534012      0.380335934835E-29
   804.247719319      0.925636404172E-30
   810.530904626      0.141377337725E-30
   816.814089933      0.332437652054E-32
   823.097275241      0.394048237115E-35
   829.380460548      0.364010854258E-35
   835.663645855      0.349252733089E-35
   841.946831162      0.310498085160E-35
   848.230016469      0.273741853108E-35
   854.513201776      0.274829036632E-35
   860.796387084      0.239848673895E-35
   867.079572391      0.218492300836E-35
   873.362757698      0.213294859465E-35
   879.645943005      0.204977792078E-35
   885.929128312      0.206330232025E-35
   892.212313620      0.175283920122E-35
   898.495498927      0.177683420297E-35
   904.778684234      0.165309237506E-35
   911.061869541      0.149956436521E-35
   917.345054848      0.153673520840E-35
   923.628240155      0.142166946411E-35
   929.911425463      0.139943141145E-35
   936.194610770      0.136454489346E-35
   942.477796077      0.131996991356E-35
   948.760981384      0.129457267962E-35
   955.044166691      0.124260056770E-35
   961.327351998      0.124769235615E-35
   967.610537306      0.116733516404E-35
   973.893722613      0.117313909461E-35
   980.176907920      0.116528727452E-35
   986.460093227      0.113798793507E-35
   992.743278534      0.112574938290E-35
   999.026463842      0.108555530031E-35
   1005.30964915      0.108042891535E-35
   1011.59283446      0.967412105737E-36
   1017.87601976      0.103464479975E-35
   1024.15920507      0.940960939817E-36
   1030.44239038      0.861290013702E-36
   1036.72557568      0.927792330386E-36
   1043.00876099      0.818985037777E-36
   1049.29194630      0.828713612331E-36
   1055.57513161      0.808177758383E-36
   1061.85831691      0.744663664149E-36
   1068.14150222      0.785759525155E-36
   1074.42468753      0.668570383775E-36
   1080.70787283      0.700101771392E-36
   1086.99105814      0.649127628173E-36
   1093.27424345      0.631263784670E-36
   1099.55742876      0.654884606926E-36
   1105.84061406      0.553974181507E-36
   1112.12379937      0.582701490352E-36
   1118.40698468      0.495050522383E-36
   1124.69016999      0.517436722451E-36
   1130.97335529      0.431683114753E-36
   1137.25654060      0.364097176449E-36
   1143.53972591      0.332369663323E-36
   1149.82291121      0.296074425328E-36
   1156.10609652      0.283147175580E-36
   1162.38928183      0.256960413347E-36
   1168.67246714      0.247841330535E-36
   1174.95565244      0.218790390269E-36
   1181.23883775      0.216300505967E-36
   1187.52202306      0.191928191323E-36
   1193.80520836      0.182762138421E-36
   1200.08839367      0.168422575433E-36
   1206.37157898      0.159524289117E-36
   1212.65476429      0.144705551781E-36
   1218.93794959      0.132967041057E-36
   1225.22113490      0.128673874278E-36
   1231.50432021      0.117522031720E-36
   1237.78750551      0.107441609584E-36
   1244.07069082      0.102137934648E-36
   1250.35387613      0.967441361678E-37
   1256.63706144      0.894569896608E-37
   1262.92024674      0.796279619459E-37
   1269.20343205      0.781813232265E-37
   1275.48661736      0.653206515059E-37
   1281.76980266      0.626408241803E-37
   1288.05298797      0.548880613493E-37
   1294.33617328      0.542627684007E-37
   1300.61935859      0.468230741692E-37
   1306.90254389      0.398961987864E-37
   1313.18572920      0.356787627997E-37
   1319.46891451      0.341609335050E-37
   1325.75209981      0.292202338210E-37
   1332.03528512      0.244213544124E-37
   1338.31847043      0.182243307001E-37
   1344.60165574      0.201534595624E-37
   1350.88484104      0.162401474653E-37
   1357.16802635      0.107843011697E-37
   1363.45121166      0.645282246203E-38
   1369.73439697      0.806849847188E-38
   1376.01758227      0.442075526094E-38
   1382.30076758      0.196786360922E-38
   1388.58395289      0.463769766673E-39
   1394.86713819      0.790993463063E-40
   6.28318530718      0.180139293561E-39
   12.5663706144      0.474966869249E-03
   18.8495559215      0.192635000289E-03
   25.1327412287      0.249106252764E-03
   31.4159265359      0.233717586969E-03
   37.6991118431      0.377802323572E-03
   43.9822971503      0.161325840919E-03
   50.2654824574      0.103102414961E-03
   56.5486677646      0.601090536008E-04
   62.8318530718      0.483227971224E-04
   69.1150383790      0.254691353807E-04
   75.3982236862      0.196995743697E-04
   81.6814089933      0.141189295471E-04
   87.9645943005      0.112169585107E-04
   94.2477796077      0.690129223840E-05
   100.530964915      0.612685915655E-05
   106.814150222      0.315656372817E-05
   113.097335529      0.382275443694E-05
   119.380520836      0.178851879733E-05
   125.663706144      0.196272978703E-05
   131.946891451      0.101930417830E-05
   138.230076758      0.102805268764E-05
   144.513262065      0.532110714818E-06
   150.796447372      0.533880746315E-06
   157.079632679      0.319094123405E-06
   163.362817987      0.280228069382E-06
   169.646003294      0.147195985812E-06
   175.929188601      0.145884598755E-06
   182.212373908      0.880605042411E-07
   188.495559215      0.664169196328E-07
   194.778744523      0.390047040509E-07
   201.061929830      0.347825663763E-07
   207.345115137      0.206555170372E-07
   213.628300444      0.155010379859E-07
   219.911485751      0.109586686030E-07
   226.194671058      0.708454581529E-08
   232.477856366      0.492524740138E-08
   238.761041673      0.320868046353E-08
   245.044226980      0.235815190837E-08
   251.327412287      0.153031675563E-08
   257.610597594      0.106339498338E-08
   263.893782902      0.746611228690E-09
   270.176968209      0.483560399830E-09
   276.460153516      0.315266603218E-09
   282.743338823      0.229883011362E-09
   289.026524130      0.147295095983E-09
   295.309709437      0.103925750453E-09
   301.592894745      0.706441593521E-10
   307.876080052      0.487920912910E-10
   314.159265359      0.326083460067E-10
   320.442450666      0.210883003748E-10
   326.725635973      0.152471848840E-10
   333.008821281      0.962624695489E-11
   339.292006588      0.666007236393E-11
   345.575191895      0.458020900568E-11
   351.858377202      0.315832194988E-11
   358.141562509      0.201443838726E-11
   364.424747816      0.139695357536E-11
   370.707933124      0.955680343906E-12
   376.991118431      0.624523590596E-12
   383.274303738      0.432367538216E-12
   389.557489045      0.280729992466E-12
   395.840674352      0.196111172454E-12
   402.123859659      0.128908280544E-12
   408.407044967      0.883161185535E-13
   414.690230274      0.580784235366E-13
   420.973415581      0.393754138256E-13
   427.256600888      0.271725153865E-13
   433.539786195      0.175890206275E-13
   439.822971503      0.117363607938E-13
   446.106156810      0.796072775269E-14
   452.389342117      0.517862372625E-14
   458.672527424      0.361199861067E-14
   464.955712731      0.240736901941E-14
   471.238898038      0.162409981364E-14
   477.522083346      0.104466455902E-14
   483.805268653      0.725726175888E-15
   490.088453960      0.483644189364E-15
   496.371639267      0.313448645916E-15
   502.654824574      0.215734605698E-15
   508.938009882      0.142065478733E-15
   515.221195189      0.979435552853E-16
   521.504380496      0.640538560886E-16
   527.787565803      0.421434255416E-16
   534.070751110      0.293098277419E-16
   540.353936417      0.191287344700E-16
   546.637121725      0.130560158986E-16
   552.920307032      0.811550124207E-17
   559.203492339      0.512900395020E-17
   565.486677646      0.344681375042E-17
   571.769862953      0.207806604724E-17
   578.053048261      0.123907816050E-17
   584.336233568      0.750485466359E-18
   590.619418875      0.440154968079E-18
   596.902604182      0.262959868006E-18
   603.185789489      0.162714898434E-18
   609.468974796      0.933565307223E-19
   615.752160104      0.510986795732E-19
   622.035345411      0.283873328931E-19
   628.318530718      0.158583627931E-19
   634.601716025      0.888226537672E-20
   640.884901332      0.492078152861E-20
   647.168086639      0.275226253288E-20
   653.451271947      0.145203395235E-20
   659.734457254      0.726275038290E-21
   666.017642561      0.389297519208E-21
   672.300827868      0.195139877634E-21
   678.584013175      0.106947433920E-21
   684.867198483      0.562463888691E-22
   691.150383790      0.290858393648E-22
   697.433569097      0.130823561751E-22
   703.716754404      0.613535565506E-23
   709.999939711      0.350247185440E-23
   716.283125018      0.187023312316E-23
   722.566310326      0.782572599067E-24
   728.849495633      0.313920962894E-24
   735.132680940      0.210226867314E-24
   741.415866247      0.889941629305E-25
   747.699051554      0.359724065758E-25
   753.982236862      0.150428117083E-25
   760.265422169      0.563285906539E-26
   766.548607476      0.197728991841E-26
   772.831792783      0.749859731824E-27
   779.114978090      0.296566091516E-27
   785.398163397      0.972327571693E-28
   791.681348705      0.526734797084E-28
   797.964534012      0.241799547951E-28
   804.247719319      0.178633147350E-28
   810.530904626      0.955403198577E-29
   816.814089933      0.393341966357E-29
   823.097275241      0.867165983473E-30
   829.380460548      0.999511124872E-31
   835.663645855      0.352075624935E-32
   841.946831162      0.314529492640E-35
   848.230016469      0.283660399178E-35
   854.513201776      0.272978975670E-35
   860.796387084      0.239314353203E-35
   867.079572391      0.219220598721E-35
   873.362757698      0.215237557689E-35
   879.645943005      0.203307248927E-35
   885.929128312      0.202936814711E-35
   892.212313620      0.174668891549E-35
   898.495498927      0.178370870613E-35
   904.778684234      0.164921625793E-35
   911.061869541      0.153456946177E-35
   917.345054848      0.149624490210E-35
   923.628240155      0.138856226320E-35
   929.911425463      0.139407723429E-35
   936.194610770      0.131804044989E-35
   942.477796077      0.131660873007E-35
   948.760981384      0.129468061518E-35
   955.044166691      0.123363193873E-35
   961.327351998      0.122936781278E-35
   967.610537306      0.120590210059E-35
   973.893722613      0.115144581959E-35
   980.176907920      0.115637892674E-35
   986.460093227      0.109905567213E-35
   992.743278534      0.109558546561E-35
   999.026463842      0.106971806602E-35
   1005.30964915      0.106901412895E-35
   1011.59283446      0.960111928256E-36
   1017.87601976      0.979051006369E-36
   1024.15920507      0.960307471453E-36
   1030.44239038      0.862283785890E-36
   1036.72557568      0.920521979633E-36
   1043.00876099      0.818901940913E-36
   1049.29194630      0.820625046634E-36
   1055.57513161      0.810370792387E-36
   1061.85831691      0.733144861542E-36
   1068.14150222      0.798302906487E-36
   1074.42468753      0.662238342443E-36
   1080.70787283      0.690834537552E-36
   1086.99105814      0.633044104109E-36
   1093.27424345      0.602191466513E-36
   1099.55742876      0.613520712257E-36
   1105.84061406      0.535948743421E-36
   1112.12379937      0.573856066196E-36
   1118.40698468      0.484224942122E-36
   1124.69016999      0.497836875490E-36
   1130.97335529      0.432161476250E-36
   1137.25654060      0.380804423295E-36
   1143.53972591      0.330922235366E-36
   1149.82291121      0.292105596331E-36
   1156.10609652      0.279983051670E-36
   1162.38928183      0.254026964462E-36
   1168.67246714      0.242036248103E-36
   1174.95565244      0.217945657727E-36
   1181.23883775      0.211705105299E-36
   1187.52202306      0.193701749709E-36
   1193.80520836      0.182223884194E-36
   1200.08839367      0.167916689188E-36
   1206.37157898      0.158180881197E-36
   1212.65476429      0.140933221541E-36
   1218.93794959      0.133063379607E-36
   1225.22113490      0.125758522330E-36
   1231.50432021      0.117646167891E-36
   1237.78750551      0.102943203784E-36
   1244.07069082      0.101827003412E-36
   1250.35387613      0.936502019926E-37
   1256.63706144      0.855166316371E-37
   1262.92024674      0.777419439773E-37
   1269.20343205      0.758437038837E-37
   1275.48661736      0.644890432327E-37
   1281.76980266      0.600958711978E-37
   1288.05298797      0.545533264363E-37
   1294.33617328      0.526463878686E-37
   1300.61935859      0.453845483995E-37
   1306.90254389      0.388929706980E-37
   1313.18572920      0.367688302072E-37
   1319.46891451      0.330308870125E-37
   1325.75209981      0.283336983142E-37
   1332.03528512      0.234825440697E-37
   1338.31847043      0.179534334472E-37
   1344.60165574      0.194995483100E-37
   1350.88484104      0.162700327829E-37
   1357.16802635      0.110167784737E-37
   1363.45121166      0.597641667103E-38
   1369.73439697      0.775866615890E-38
   1376.01758227      0.418278051865E-38
   1382.30076758      0.204286629589E-38
   1388.58395289      0.253683069072E-39
   1394.86713819      0.168014546108E-39
   6.28318530718      0.186267741142E-39
   12.5663706144      0.456702290358E-03
   18.8495559215      0.182159775803E-03
   25.1327412287      0.236089038435E-03
   31.4159265359      0.221011764985E-03
   37.6991118431      0.382225041686E-03
   43.9822971503      0.165704480264E-03
   50.2654824574      0.109496399016E-03
   56.5486677646      0.620358584319E-04
   62.8318530718      0.536619319914E-04
   69.1150383790      0.289717432163E-04
   75.3982236862      0.202447192821E-04
   81.6814089933      0.150225261213E-04
   87.9645943005      0.124400034126E-04
   94.2477796077      0.707744625046E-05
   100.530964915      0.652775656995E-05
   106.814150222      0.350425510983E-05
   113.097335529      0.423262998960E-05
   119.380520836      0.194996915613E-05
   125.663706144      0.221210700472E-05
   131.946891451      0.114383881650E-05
   138.230076758      0.117332576872E-05
   144.513262065      0.611843092060E-06
   150.796447372      0.623183017527E-06
   157.079632679      0.375293571062E-06
   163.362817987      0.334427599493E-06
   169.646003294      0.173176559993E-06
   175.929188601      0.177951071964E-06
   182.212373908      0.106954873171E-06
   188.495559215      0.825482425895E-07
   194.778744523      0.478333899153E-07
   201.061929830      0.440549694296E-07
   207.345115137      0.261053524630E-07
   213.628300444      0.201315555560E-07
   219.911485751      0.143917771560E-07
   226.194671058      0.952512749712E-08
   232.477856366      0.661110348377E-08
   238.761041673      0.441304987113E-08
   245.044226980      0.327376253926E-08
   251.327412287      0.217376875079E-08
   257.610597594      0.150350968850E-08
   263.893782902      0.109144425982E-08
   270.176968209      0.712208940259E-09
   276.460153516      0.465432038801E-09
   282.743338823      0.345634110680E-09
   289.026524130      0.226770948575E-09
   295.309709437      0.158730498939E-09
   301.592894745      0.110012181189E-09
   307.876080052      0.777867070333E-10
   314.159265359      0.521262343711E-10
   320.442450666      0.340568405819E-10
   326.725635973      0.250296108016E-10
   333.008821281      0.160329815354E-10
   339.292006588      0.111728309540E-10
   345.575191895      0.776546043962E-11
   351.858377202      0.545847969337E-11
   358.141562509      0.352295369614E-11
   364.424747816      0.244159080602E-11
   370.707933124      0.172221018454E-11
   376.991118431      0.113040726071E-11
   383.274303738      0.785979275166E-12
   389.557489045      0.520073781745E-12
   395.840674352      0.370286565453E-12
   402.123859659      0.246047868036E-12
   408.407044967      0.169054337248E-12
   414.690230274      0.113644696410E-12
   420.973415581      0.774076046956E-13
   427.256600888      0.537945372281E-13
   433.539786195      0.357074937894E-13
   439.822971503      0.239532712186E-13
   446.106156810      0.164712337733E-13
   452.389342117      0.109075665886E-13
   458.672527424      0.767468214992E-14
   464.955712731      0.515600175553E-14
   471.238898038      0.349745795895E-14
   477.522083346      0.231204553160E-14
   483.805268653      0.161239272421E-14
   490.088453960      0.108599738752E-14
   496.371639267      0.714408712580E-15
   502.654824574      0.496765829197E-15
   508.938009882      0.330506315792E-15
   515.221195189      0.229868573186E-15
   521.504380496      0.153140740763E-15
   527.787565803      0.101482371964E-15
   534.070751110      0.715959566454E-16
   540.353936417      0.472650954706E-16
   546.637121725      0.326090113683E-16
   552.920307032      0.207004114684E-16
   559.203492339      0.132493413842E-16
   565.486677646      0.913586061240E-17
   571.769862953      0.565188442794E-17
   578.053048261      0.345448477166E-17
   584.336233568      0.216673309941E-17
   590.619418875      0.131132211509E-17
   596.902604182      0.803344799090E-18
   603.185789489      0.508407554401E-18
   609.468974796      0.304852212386E-18
   615.752160104      0.173619252672E-18
   622.035345411      0.100340262930E-18
   628.318530718      0.579670991045E-19
   634.601716025      0.336381433253E-19
   640.884901332      0.193083209946E-19
   647.168086639      0.113272148215E-19
   653.451271947      0.623482206117E-20
   659.734457254      0.325897804126E-20
   666.017642561      0.181592888980E-20
   672.300827868      0.958950115813E-21
   678.584013175      0.548095062024E-21
   684.867198483      0.299883079307E-21
   691.150383790      0.163139532824E-21
   697.433569097      0.774153782652E-22
   703.716754404      0.379936522101E-22
   709.999939711      0.221826208245E-22
   716.283125018      0.126505731825E-22
   722.566310326      0.562966843437E-23
   728.849495633      0.237565039227E-23
   735.132680940      0.159955434540E-23
   741.415866247      0.716127694367E-24
   747.699051554      0.308494889222E-24
   753.982236862      0.136109929137E-24
   760.265422169      0.537986418035E-25
   766.548607476      0.204981687250E-25
   772.831792783      0.811630122185E-26
   779.114978090      0.321721777057E-26
   785.398163397      0.964997872180E-27
   791.681348705      0.456983071711E-27
   797.964534012      0.154364455260E-27
   804.247719319      0.887579142093E-28
   810.530904626      0.318978551489E-28
   816.814089933      0.191975934519E-28
   823.097275241      0.137409659662E-28
   829.380460548      0.771084522131E-29
   835.663645855      0.440756055671E-29
   841.946831162      0.883536856644E-30
   848.230016469      0.713210104307E-31
   854.513201776      0.552164312428E-32
   860.796387084      0.238243593267E-35
   867.079572391      0.223333213917E-35
   873.362757698      0.210309737501E-35
   879.645943005      0.201824911215E-35
   885.929128312      0.202895604561E-35
   892.212313620      0.174515432860E-35
   898.495498927      0.172421600943E-35
   904.778684234      0.160340628434E-35
   911.061869541      0.146890626048E-35
   917.345054848      0.148495513361E-35
   923.628240155      0.137331139761E-35
   929.911425463      0.134755424393E-35
   936.194610770      0.133561129675E-35
   942.477796077      0.130692569610E-35
   948.760981384      0.128609816752E-35
   955.044166691      0.122071833267E-35
   961.327351998      0.125318114004E-35
   967.610537306      0.117534239431E-35
   973.893722613      0.116485722466E-35
   980.176907920      0.116279386946E-35
   986.460093227      0.108509628898E-35
   992.743278534      0.110716236288E-35
   999.026463842      0.104856909120E-35
   1005.30964915      0.104099267973E-35
   1011.59283446      0.977293312754E-36
   1017.87601976      0.956925562126E-36
   1024.15920507      0.927493631670E-36
   1030.44239038      0.869425923639E-36
   1036.72557568      0.911084587603E-36
   1043.00876099      0.820627222655E-36
   1049.29194630      0.791616820243E-36
   1055.57513161      0.785088117107E-36
   1061.85831691      0.737950326282E-36
   1068.14150222      0.780365184396E-36
   1074.42468753      0.653008503043E-36
   1080.70787283      0.698430811815E-36
   1086.99105814      0.646096213223E-36
   1093.27424345      0.612363577959E-36
   1099.55742876      0.621902002664E-36
   1105.84061406      0.527498630756E-36
   1112.12379937      0.580763618400E-36
   1118.40698468      0.484431057926E-36
   1124.69016999      0.504906720632E-36
   1130.97335529      0.449754006213E-36
   1137.25654060      0.367605249501E-36
   1143.53972591      0.322948870819E-36
   1149.82291121      0.288838555585E-36
   1156.10609652      0.273844212671E-36
   1162.38928183      0.249837860413E-36
   1168.67246714      0.239614670838E-36
   1174.95565244      0.217869116084E-36
   1181.23883775      0.209886090891E-36
   1187.52202306      0.188928740692E-36
   1193.80520836      0.179046938761E-36
   1200.08839367      0.165780269176E-36
   1206.37157898      0.159213307611E-36
   1212.65476429      0.143631973192E-36
   1218.93794959      0.135333646397E-36
   1225.22113490      0.126321674495E-36
   1231.50432021      0.117550299569E-36
   1237.78750551      0.106216788352E-36
   1244.07069082      0.102264623562E-36
   1250.35387613      0.928961495466E-37
   1256.63706144      0.868711451425E-37
   1262.92024674      0.762823478273E-37
   1269.20343205      0.759479112371E-37
   1275.48661736      0.649279725587E-37
   1281.76980266      0.610793725064E-37
   1288.05298797      0.536344691247E-37
   1294.33617328      0.532672755932E-37
   1300.61935859      0.457321121451E-37
   1306.90254389      0.389454616103E-37
   1313.18572920      0.335978545184E-37
   1319.46891451      0.338507387850E-37
   1325.75209981      0.285126306917E-37
   1332.03528512      0.226860294655E-37
   1338.31847043      0.178945243805E-37
   1344.60165574      0.208380467223E-37
   1350.88484104      0.167315715592E-37
   1357.16802635      0.119919284720E-37
   1363.45121166      0.613934012250E-38
   1369.73439697      0.744252768350E-38
   1376.01758227      0.462870671896E-38
   1382.30076758      0.202860037391E-38
   1388.58395289      0.546005239637E-39
   1394.86713819      0.635183410323E-40
