   6.28318530718       0.00000000000    
   12.5663706144      0.110909822424E-02
   18.8495559215      0.309311686911E-03
   25.1327412287      0.229986699363E-03
   31.4159265359      0.619343832001E-04
   37.6991118431      0.116822753117E-04
   43.9822971503      0.499380547792E-05
   50.2654824574      0.129840720218E-05
   56.5486677646      0.257929097995E-06
   62.8318530718      0.195829321746E-06
   69.1150383790      0.358944996260E-07
   75.3982236862      0.177208346904E-07
   81.6814089933      0.504721981535E-08
   87.9645943005      0.298204611952E-08
   94.2477796077      0.152313624830E-08
   100.530964915      0.835250764947E-09
   106.814150222      0.490909739076E-09
   113.097335529      0.441647348638E-09
   119.380520836      0.248561156058E-09
   125.663706144      0.138968143993E-09
   131.946891451      0.826102256725E-10
   138.230076758      0.561006279140E-10
   144.513262065      0.313384073176E-10
   150.796447372      0.213861988368E-10
   157.079632679      0.185010511935E-10
   163.362817987      0.121401711077E-10
   169.646003294      0.729707021595E-11
   175.929188601      0.779540452484E-11
   182.212373908      0.575685932011E-11
   188.495559215      0.729296390350E-11
   194.778744523      0.415798020440E-11
   201.061929830      0.467265011098E-11
   207.345115137      0.239072702497E-11
   213.628300444      0.167516396878E-11
   219.911485751      0.950823162433E-12
   226.194671058      0.541189055810E-12
   232.477856366      0.331327281229E-12
   238.761041673      0.242073344192E-12
   245.044226980      0.155006522351E-12
   251.327412287      0.132772598537E-12
   257.610597594      0.913870696349E-13
   263.893782902      0.795953620658E-13
   270.176968209      0.466801252081E-13
   276.460153516      0.401597598867E-13
   282.743338823      0.294401250885E-13
   289.026524130      0.224659827527E-13
   295.309709437      0.145357715538E-13
   301.592894745      0.133163042450E-13
   307.876080052      0.893964053189E-14
   314.159265359      0.675531163221E-14
   320.442450666      0.400641195717E-14
   326.725635973      0.393902268286E-14
   333.008821281      0.204170633270E-14
   339.292006588      0.194334550843E-14
   345.575191895      0.991698957230E-15
   351.858377202      0.956719895645E-15
   358.141562509      0.460847296655E-15
   364.424747816      0.440665498695E-15
   370.707933124      0.240253669125E-15
   376.991118431      0.172036758034E-15
   383.274303738      0.115451144546E-15
   389.557489045      0.795562185770E-16
   395.840674352      0.494186811275E-16
   402.123859659      0.378017978373E-16
   408.407044967      0.232861701197E-16
   414.690230274      0.184626814157E-16
   420.973415581      0.107287948843E-16
   427.256600888      0.908984326803E-17
   433.539786195      0.528270947425E-17
   439.822971503      0.447140650959E-17
   446.106156810      0.254698674313E-17
   452.389342117      0.224682341489E-17
   458.672527424      0.127638215104E-17
   464.955712731      0.116673917838E-17
   471.238898038      0.649829997418E-18
   477.522083346      0.569984729549E-18
   483.805268653      0.326915721580E-18
   490.088453960      0.283091633916E-18
   496.371639267      0.164350857964E-18
   502.654824574      0.142604274571E-18
   508.938009882      0.850790928539E-19
   515.221195189      0.694357725815E-19
   521.504380496      0.412891370151E-19
   527.787565803      0.294515930506E-19
   534.070751110      0.311260757366E-19
   540.353936417      0.503632012557E-19
   546.637121725      0.955684141057E-20
   552.920307032      0.271671012979E-20
   559.203492339      0.931453355434E-21
   565.486677646      0.325692674006E-21
   571.769862953      0.157279895792E-21
   578.053048261      0.734833244008E-22
   584.336233568      0.443817187045E-22
   590.619418875      0.266042959849E-22
   596.902604182      0.167239421291E-22
   603.185789489      0.111576762500E-22
   609.468974796      0.667854474509E-23
   615.752160104      0.434539280321E-23
   622.035345411      0.286525605944E-23
   628.318530718      0.210572070771E-23
   634.601716025      0.139782847786E-23
   640.884901332      0.990571739892E-24
   647.168086639      0.720508044277E-24
   653.451271947      0.516826875158E-24
   659.734457254      0.375199096934E-24
   666.017642561      0.263159058821E-24
   672.300827868      0.182437621451E-24
   678.584013175      0.127898741207E-24
   684.867198483      0.913470309105E-25
   691.150383790      0.661238447380E-25
   697.433569097      0.458365836335E-25
   703.716754404      0.317410228018E-25
   709.999939711      0.230596794526E-25
   716.283125018      0.163885455279E-25
   722.566310326      0.112543201931E-25
   728.849495633      0.760530347132E-26
   735.132680940      0.587704051356E-26
   741.415866247      0.389455293656E-26
   747.699051554      0.280294800732E-26
   753.982236862      0.195976547504E-26
   760.265422169      0.129277085539E-26
   766.548607476      0.853566838870E-27
   772.831792783      0.551804528853E-27
   779.114978090      0.401428139522E-27
   785.398163397      0.277375997808E-27
   791.681348705      0.179257937125E-27
   797.964534012      0.111885083952E-27
   804.247719319      0.938956810377E-28
   810.530904626      0.554103107788E-28
   816.814089933      0.410426459673E-28
   823.097275241      0.274351863193E-28
   829.380460548      0.202416154563E-28
   835.663645855      0.134280417873E-28
   841.946831162      0.760212666434E-29
   848.230016469      0.567020433773E-29
   854.513201776      0.431802176090E-29
   860.796387084      0.257888172592E-29
   867.079572391      0.155679862544E-29
   873.362757698      0.110734563726E-29
   879.645943005      0.807042976873E-30
   885.929128312      0.486579351233E-30
   892.212313620      0.273889333345E-30
   898.495498927      0.188431956021E-30
   904.778684234      0.859872323330E-31
   911.061869541      0.346967228676E-31
   917.345054848      0.183325577525E-32
   923.628240155      0.769335110062E-32
   929.911425463      0.482836052918E-32
   936.194610770       0.00000000000    
   942.477796077       0.00000000000    
   948.760981384       0.00000000000    
   955.044166691       0.00000000000    
   961.327351998       0.00000000000    
   967.610537306       0.00000000000    
   973.893722613       0.00000000000    
   980.176907920       0.00000000000    
   986.460093227       0.00000000000    
   992.743278534       0.00000000000    
   999.026463842       0.00000000000    
   1005.30964915       0.00000000000    
   1011.59283446       0.00000000000    
   1017.87601976       0.00000000000    
   1024.15920507       0.00000000000    
   1030.44239038       0.00000000000    
   1036.72557568       0.00000000000    
   1043.00876099       0.00000000000    
   1049.29194630       0.00000000000    
   1055.57513161       0.00000000000    
   1061.85831691       0.00000000000    
   1068.14150222       0.00000000000    
   1074.42468753       0.00000000000    
   1080.70787283       0.00000000000    
   1086.99105814       0.00000000000    
   1093.27424345       0.00000000000    
   1099.55742876       0.00000000000    
   1105.84061406       0.00000000000    
   1112.12379937       0.00000000000    
   1118.40698468       0.00000000000    
   1124.69016999       0.00000000000    
   1130.97335529       0.00000000000    
   1137.25654060       0.00000000000    
   1143.53972591       0.00000000000    
   1149.82291121       0.00000000000    
   1156.10609652       0.00000000000    
   1162.38928183       0.00000000000    
   1168.67246714       0.00000000000    
   1174.95565244       0.00000000000    
   1181.23883775       0.00000000000    
   1187.52202306       0.00000000000    
   1193.80520836       0.00000000000    
   1200.08839367       0.00000000000    
   1206.37157898       0.00000000000    
   1212.65476429       0.00000000000    
   1218.93794959       0.00000000000    
   1225.22113490       0.00000000000    
   1231.50432021       0.00000000000    
   1237.78750551       0.00000000000    
   1244.07069082       0.00000000000    
   1250.35387613       0.00000000000    
   1256.63706144       0.00000000000    
   1262.92024674       0.00000000000    
   1269.20343205       0.00000000000    
   1275.48661736       0.00000000000    
   1281.76980266       0.00000000000    
   1288.05298797       0.00000000000    
   1294.33617328       0.00000000000    
   1300.61935859       0.00000000000    
   1306.90254389       0.00000000000    
   1313.18572920       0.00000000000    
   1319.46891451       0.00000000000    
   1325.75209981       0.00000000000    
   1332.03528512       0.00000000000    
   1338.31847043       0.00000000000    
   1344.60165574       0.00000000000    
   1350.88484104       0.00000000000    
   1357.16802635       0.00000000000    
   1363.45121166       0.00000000000    
   1369.73439697       0.00000000000    
   1376.01758227       0.00000000000    
   1382.30076758       0.00000000000    
   1388.58395289       0.00000000000    
   1394.86713819       0.00000000000    
   6.28318530718      0.822393365357E-41
   12.5663706144      0.109433965929E-02
   18.8495559215      0.317088975873E-03
   25.1327412287      0.236665706377E-03
   31.4159265359      0.620052896686E-04
   37.6991118431      0.114463743669E-04
   43.9822971503      0.496462044221E-05
   50.2654824574      0.148644576854E-05
   56.5486677646      0.282008639768E-06
   62.8318530718      0.209287737733E-06
   69.1150383790      0.374042225067E-07
   75.3982236862      0.175685871466E-07
   81.6814089933      0.508302791785E-08
   87.9645943005      0.293049301147E-08
   94.2477796077      0.155651723660E-08
   100.530964915      0.816995211095E-09
   106.814150222      0.512779434599E-09
   113.097335529      0.433984583492E-09
   119.380520836      0.239208600425E-09
   125.663706144      0.132122229633E-09
   131.946891451      0.803475537512E-10
   138.230076758      0.541113335701E-10
   144.513262065      0.316188611818E-10
   150.796447372      0.219283775623E-10
   157.079632679      0.182874839960E-10
   163.362817987      0.121545870744E-10
   169.646003294      0.724949887904E-11
   175.929188601      0.805869372580E-11
   182.212373908      0.587855789628E-11
   188.495559215      0.736506623004E-11
   194.778744523      0.403286885168E-11
   201.061929830      0.446895155606E-11
   207.345115137      0.218760367494E-11
   213.628300444      0.151744012615E-11
   219.911485751      0.852851428523E-12
   226.194671058      0.497401018935E-12
   232.477856366      0.307419803472E-12
   238.761041673      0.232127937330E-12
   245.044226980      0.151239480954E-12
   251.327412287      0.129442521526E-12
   257.610597594      0.884907747833E-13
   263.893782902      0.790764604478E-13
   270.176968209      0.453819704714E-13
   276.460153516      0.391872245535E-13
   282.743338823      0.287064245189E-13
   289.026524130      0.219899197997E-13
   295.309709437      0.140944163903E-13
   301.592894745      0.129158811436E-13
   307.876080052      0.864962587013E-14
   314.159265359      0.654299713454E-14
   320.442450666      0.388326701308E-14
   326.725635973      0.377861468114E-14
   333.008821281      0.195923160119E-14
   339.292006588      0.185377874226E-14
   345.575191895      0.943648200051E-15
   351.858377202      0.905407840171E-15
   358.141562509      0.437207666368E-15
   364.424747816      0.416345421974E-15
   370.707933124      0.227583077682E-15
   376.991118431      0.162885394700E-15
   383.274303738      0.109349794674E-15
   389.557489045      0.755244602381E-16
   395.840674352      0.469829166000E-16
   402.123859659      0.359900819391E-16
   408.407044967      0.222188128604E-16
   414.690230274      0.176474409144E-16
   420.973415581      0.102623654723E-16
   427.256600888      0.872674787107E-17
   433.539786195      0.505757694613E-17
   439.822971503      0.430736501290E-17
   446.106156810      0.244557895198E-17
   452.389342117      0.216953090080E-17
   458.672527424      0.122867539651E-17
   464.955712731      0.112811299944E-17
   471.238898038      0.627052441502E-18
   477.522083346      0.551816836274E-18
   483.805268653      0.316001860173E-18
   490.088453960      0.274241260939E-18
   496.371639267      0.159089022904E-18
   502.654824574      0.138169424254E-18
   508.938009882      0.823554978791E-19
   515.221195189      0.671317573731E-19
   521.504380496      0.400474846487E-19
   527.787565803      0.287822771518E-19
   534.070751110      0.307958086709E-19
   540.353936417      0.486217892028E-19
   546.637121725      0.911140178913E-20
   552.920307032      0.259145227240E-20
   559.203492339      0.886876233246E-21
   565.486677646      0.310852884524E-21
   571.769862953      0.151139340457E-21
   578.053048261      0.712386700136E-22
   584.336233568      0.433516501314E-22
   590.619418875      0.261733383810E-22
   596.902604182      0.165316478332E-22
   603.185789489      0.110496540256E-22
   609.468974796      0.664417342751E-23
   615.752160104      0.433287882887E-23
   622.035345411      0.286420300426E-23
   628.318530718      0.210418868225E-23
   634.601716025      0.139690757065E-23
   640.884901332      0.990246538178E-24
   647.168086639      0.720053812246E-24
   653.451271947      0.516478046215E-24
   659.734457254      0.374949309324E-24
   666.017642561      0.263051238847E-24
   672.300827868      0.182411441486E-24
   678.584013175      0.127894146634E-24
   684.867198483      0.913470308475E-25
   691.150383790      0.661238434853E-25
   697.433569097      0.458365836425E-25
   703.716754404      0.317410225440E-25
   709.999939711      0.230596785140E-25
   716.283125018      0.163885453995E-25
   722.566310326      0.112543203898E-25
   728.849495633      0.760530309118E-26
   735.132680940      0.587704086146E-26
   741.415866247      0.389455296465E-26
   747.699051554      0.280294819457E-26
   753.982236862      0.195976540913E-26
   760.265422169      0.129277116179E-26
   766.548607476      0.853566927683E-27
   772.831792783      0.551804580018E-27
   779.114978090      0.401428123320E-27
   785.398163397      0.277376020174E-27
   791.681348705      0.179257910129E-27
   797.964534012      0.111885044187E-27
   804.247719319      0.938956826852E-28
   810.530904626      0.554103099408E-28
   816.814089933      0.410426534911E-28
   823.097275241      0.274351929497E-28
   829.380460548      0.202416360389E-28
   835.663645855      0.134280294871E-28
   841.946831162      0.760215486297E-29
   848.230016469      0.567020646610E-29
   854.513201776      0.431802068535E-29
   860.796387084      0.257887731480E-29
   867.079572391      0.155680500558E-29
   873.362757698      0.110734902942E-29
   879.645943005      0.807043396719E-30
   885.929128312      0.486582337361E-30
   892.212313620      0.273890249890E-30
   898.495498927      0.188433324302E-30
   904.778684234      0.859882783442E-31
   911.061869541      0.346984614911E-31
   917.345054848      0.183466750856E-32
   923.628240155      0.769471989642E-32
   929.911425463      0.482959784977E-32
   936.194610770      0.122371599736E-35
   942.477796077      0.120591526790E-35
   948.760981384      0.122174800711E-35
   955.044166691      0.123103396607E-35
   961.327351998      0.124293353959E-35
   967.610537306      0.119716033338E-35
   973.893722613      0.110438654340E-35
   980.176907920      0.113994868723E-35
   986.460093227      0.110133595360E-35
   992.743278534      0.103336253253E-35
   999.026463842      0.104892445530E-35
   1005.30964915      0.102483656938E-35
   1011.59283446      0.909384137160E-36
   1017.87601976      0.938703438074E-36
   1024.15920507      0.889292508393E-36
   1030.44239038      0.817759996226E-36
   1036.72557568      0.913573001017E-36
   1043.00876099      0.765051743141E-36
   1049.29194630      0.837605354949E-36
   1055.57513161      0.761579690843E-36
   1061.85831691      0.704973828761E-36
   1068.14150222      0.760931229237E-36
   1074.42468753      0.624973918820E-36
   1080.70787283      0.627054841467E-36
   1086.99105814      0.607934708161E-36
   1093.27424345      0.574183382823E-36
   1099.55742876      0.579576502460E-36
   1105.84061406      0.541197651806E-36
   1112.12379937      0.551392961271E-36
   1118.40698468      0.481015030818E-36
   1124.69016999      0.518423402981E-36
   1130.97335529      0.454810385272E-36
   1137.25654060      0.388857504356E-36
   1143.53972591      0.343303142465E-36
   1149.82291121      0.307921875889E-36
   1156.10609652      0.287468446301E-36
   1162.38928183      0.264227072620E-36
   1168.67246714      0.247848996084E-36
   1174.95565244      0.226562328516E-36
   1181.23883775      0.213944294785E-36
   1187.52202306      0.196632769499E-36
   1193.80520836      0.183022007899E-36
   1200.08839367      0.171256088910E-36
   1206.37157898      0.164040726011E-36
   1212.65476429      0.147879850272E-36
   1218.93794959      0.144057541692E-36
   1225.22113490      0.136148394843E-36
   1231.50432021      0.128052179266E-36
   1237.78750551      0.109899088925E-36
   1244.07069082      0.106934978203E-36
   1250.35387613      0.100749364907E-36
   1256.63706144      0.911743756595E-37
   1262.92024674      0.780052633457E-37
   1269.20343205      0.764690116627E-37
   1275.48661736      0.659110785990E-37
   1281.76980266      0.653269438775E-37
   1288.05298797      0.610101430795E-37
   1294.33617328      0.573356095463E-37
   1300.61935859      0.456088405727E-37
   1306.90254389      0.398993763897E-37
   1313.18572920      0.410270742178E-37
   1319.46891451      0.354906215316E-37
   1325.75209981      0.301491180058E-37
   1332.03528512      0.237307739112E-37
   1338.31847043      0.188332726534E-37
   1344.60165574      0.208844679830E-37
   1350.88484104      0.168451303463E-37
   1357.16802635      0.125218582521E-37
   1363.45121166      0.892427036570E-38
   1369.73439697      0.100602646492E-37
   1376.01758227      0.689596219288E-38
   1382.30076758      0.315941852304E-38
   1388.58395289      0.515841808421E-39
   1394.86713819      0.100432972007E-39
   6.28318530718      0.357585307571E-41
   12.5663706144      0.107848221043E-02
   18.8495559215      0.324691963994E-03
   25.1327412287      0.243830312422E-03
   31.4159265359      0.623979573062E-04
   37.6991118431      0.115914701617E-04
   43.9822971503      0.489415910536E-05
   50.2654824574      0.173339676407E-05
   56.5486677646      0.320693302258E-06
   62.8318530718      0.226906175002E-06
   69.1150383790      0.400664768905E-07
   75.3982236862      0.177244217883E-07
   81.6814089933      0.520199648933E-08
   87.9645943005      0.293693658266E-08
   94.2477796077      0.160373141328E-08
   100.530964915      0.811252910207E-09
   106.814150222      0.538722560206E-09
   113.097335529      0.424577331142E-09
   119.380520836      0.229773487222E-09
   125.663706144      0.127219025050E-09
   131.946891451      0.787251427364E-10
   138.230076758      0.525793591633E-10
   144.513262065      0.323645522443E-10
   150.796447372      0.224386936339E-10
   157.079632679      0.180230814721E-10
   163.362817987      0.122252511701E-10
   169.646003294      0.725838245503E-11
   175.929188601      0.836839105530E-11
   182.212373908      0.598179147662E-11
   188.495559215      0.739373297641E-11
   194.778744523      0.388529911936E-11
   201.061929830      0.424237122648E-11
   207.345115137      0.198865756037E-11
   213.628300444      0.137205968436E-11
   219.911485751      0.767431452210E-12
   226.194671058      0.460800918601E-12
   232.477856366      0.287996359266E-12
   238.761041673      0.223519957902E-12
   245.044226980      0.148382531719E-12
   251.327412287      0.126537603904E-12
   257.610597594      0.857557523418E-13
   263.893782902      0.785231409824E-13
   270.176968209      0.441746207071E-13
   276.460153516      0.382363425195E-13
   282.743338823      0.279760031616E-13
   289.026524130      0.215140660657E-13
   295.309709437      0.136642333763E-13
   301.592894745      0.125112680628E-13
   307.876080052      0.836475712679E-14
   314.159265359      0.632794749531E-14
   320.442450666      0.375935688927E-14
   326.725635973      0.361773311702E-14
   333.008821281      0.187711156458E-14
   339.292006588      0.176539064523E-14
   345.575191895      0.896710195714E-15
   351.858377202      0.855997300600E-15
   358.141562509      0.414424000871E-15
   364.424747816      0.393107011260E-15
   370.707933124      0.215438998142E-15
   376.991118431      0.154241748562E-15
   383.274303738      0.103537959311E-15
   389.557489045      0.717217769610E-16
   395.840674352      0.446651889075E-16
   402.123859659      0.342781014900E-16
   408.407044967      0.212029612472E-16
   414.690230274      0.168722355462E-16
   420.973415581      0.981735495812E-17
   427.256600888      0.837933722804E-17
   433.539786195      0.484317377842E-17
   439.822971503      0.414951736489E-17
   446.106156810      0.234873770939E-17
   452.389342117      0.209478011170E-17
   458.672527424      0.118296113375E-17
   464.955712731      0.109062273097E-17
   471.238898038      0.605125855619E-18
   477.522083346      0.534139411051E-18
   483.805268653      0.305456110420E-18
   490.088453960      0.265613706979E-18
   496.371639267      0.153981152846E-18
   502.654824574      0.133828713197E-18
   508.938009882      0.797039528722E-19
   515.221195189      0.648900277561E-19
   521.504380496      0.388525597406E-19
   527.787565803      0.281394421915E-19
   534.070751110      0.304470318320E-19
   540.353936417      0.469064528299E-19
   546.637121725      0.867885492439E-20
   552.920307032      0.247041348979E-20
   559.203492339      0.843794904361E-21
   565.486677646      0.296659676073E-21
   571.769862953      0.145233204109E-21
   578.053048261      0.691005553912E-22
   584.336233568      0.423724950103E-22
   590.619418875      0.257630522839E-22
   596.902604182      0.163509964447E-22
   603.185789489      0.109497673817E-22
   609.468974796      0.661456370063E-23
   615.752160104      0.432466125046E-23
   622.035345411      0.286592436471E-23
   628.318530718      0.210382458153E-23
   634.601716025      0.139655487610E-23
   640.884901332      0.990187632338E-24
   647.168086639      0.719772447169E-24
   653.451271947      0.516171939269E-24
   659.734457254      0.374730068873E-24
   666.017642561      0.262981706657E-24
   672.300827868      0.182393523778E-24
   678.584013175      0.127891352996E-24
   684.867198483      0.913470308849E-25
   691.150383790      0.661238437951E-25
   697.433569097      0.458365839080E-25
   703.716754404      0.317410221764E-25
   709.999939711      0.230596787810E-25
   716.283125018      0.163885460668E-25
   722.566310326      0.112543201972E-25
   728.849495633      0.760530332718E-26
   735.132680940      0.587704042193E-26
   741.415866247      0.389455284596E-26
   747.699051554      0.280294808016E-26
   753.982236862      0.195976567480E-26
   760.265422169      0.129277101328E-26
   766.548607476      0.853566916344E-27
   772.831792783      0.551804589810E-27
   779.114978090      0.401428000824E-27
   785.398163397      0.277376062941E-27
   791.681348705      0.179257946726E-27
   797.964534012      0.111885048342E-27
   804.247719319      0.938957051204E-28
   810.530904626      0.554103209330E-28
   816.814089933      0.410426625011E-28
   823.097275241      0.274352100660E-28
   829.380460548      0.202416521266E-28
   835.663645855      0.134280120789E-28
   841.946831162      0.760215965523E-29
   848.230016469      0.567020713316E-29
   854.513201776      0.431802714979E-29
   860.796387084      0.257887911423E-29
   867.079572391      0.155679688229E-29
   873.362757698      0.110735083527E-29
   879.645943005      0.807046265242E-30
   885.929128312      0.486580005064E-30
   892.212313620      0.273892602560E-30
   898.495498927      0.188430388454E-30
   904.778684234      0.859876825114E-31
   911.061869541      0.346995651354E-31
   917.345054848      0.183464100218E-32
   923.628240155      0.769446188660E-32
   929.911425463      0.482989405441E-32
   936.194610770      0.125324766875E-35
   942.477796077      0.125570031256E-35
   948.760981384      0.122036691088E-35
   955.044166691      0.116481778720E-35
   961.327351998      0.113478328409E-35
   967.610537306      0.112211974893E-35
   973.893722613      0.109801966677E-35
   980.176907920      0.108807240964E-35
   986.460093227      0.105371109339E-35
   992.743278534      0.102210702928E-35
   999.026463842      0.994585291239E-36
   1005.30964915      0.104419311456E-35
   1011.59283446      0.909590463754E-36
   1017.87601976      0.957384887652E-36
   1024.15920507      0.918748749515E-36
   1030.44239038      0.803296237110E-36
   1036.72557568      0.873505195743E-36
   1043.00876099      0.764196280068E-36
   1049.29194630      0.788461045421E-36
   1055.57513161      0.733444943838E-36
   1061.85831691      0.740154906129E-36
   1068.14150222      0.767639079898E-36
   1074.42468753      0.639710672189E-36
   1080.70787283      0.636583226746E-36
   1086.99105814      0.633592268970E-36
   1093.27424345      0.571722348750E-36
   1099.55742876      0.629079339408E-36
   1105.84061406      0.524827076718E-36
   1112.12379937      0.563292489594E-36
   1118.40698468      0.489666529837E-36
   1124.69016999      0.493266110806E-36
   1130.97335529      0.413664763405E-36
   1137.25654060      0.366117924967E-36
   1143.53972591      0.325946174288E-36
   1149.82291121      0.295938673131E-36
   1156.10609652      0.282691781720E-36
   1162.38928183      0.261559550696E-36
   1168.67246714      0.247020595340E-36
   1174.95565244      0.231908523239E-36
   1181.23883775      0.218585768823E-36
   1187.52202306      0.204560534099E-36
   1193.80520836      0.185253559934E-36
   1200.08839367      0.171853331510E-36
   1206.37157898      0.161529209106E-36
   1212.65476429      0.144296523034E-36
   1218.93794959      0.141036360586E-36
   1225.22113490      0.133312114165E-36
   1231.50432021      0.123211791349E-36
   1237.78750551      0.108121650522E-36
   1244.07069082      0.107175521407E-36
   1250.35387613      0.100177868141E-36
   1256.63706144      0.918076298453E-37
   1262.92024674      0.824632521514E-37
   1269.20343205      0.808743982937E-37
   1275.48661736      0.690796474180E-37
   1281.76980266      0.670043175886E-37
   1288.05298797      0.566926283383E-37
   1294.33617328      0.574428458973E-37
   1300.61935859      0.500583727305E-37
   1306.90254389      0.438842068153E-37
   1313.18572920      0.412197598550E-37
   1319.46891451      0.354817695651E-37
   1325.75209981      0.299273528262E-37
   1332.03528512      0.243463171422E-37
   1338.31847043      0.196642204588E-37
   1344.60165574      0.191864716661E-37
   1350.88484104      0.168727927096E-37
   1357.16802635      0.122253392402E-37
   1363.45121166      0.705631390965E-38
   1369.73439697      0.761009013374E-38
   1376.01758227      0.439508455867E-38
   1382.30076758      0.260080354974E-38
   1388.58395289      0.626715333740E-39
   1394.86713819      0.241063056489E-39
   6.28318530718      0.597146230635E-41
   12.5663706144      0.106163183241E-02
   18.8495559215      0.331979732000E-03
   25.1327412287      0.251333142723E-03
   31.4159265359      0.632404286781E-04
   37.6991118431      0.121604140437E-04
   43.9822971503      0.479099500688E-05
   50.2654824574      0.203379794040E-05
   56.5486677646      0.376844246781E-06
   62.8318530718      0.249434694753E-06
   69.1150383790      0.442769216381E-07
   75.3982236862      0.184503642435E-07
   81.6814089933      0.546215306235E-08
   87.9645943005      0.302993619226E-08
   94.2477796077      0.166586388383E-08
   100.530964915      0.818722216416E-09
   106.814150222      0.565920782262E-09
   113.097335529      0.413290071154E-09
   119.380520836      0.221823948807E-09
   125.663706144      0.124302916537E-09
   131.946891451      0.774345494577E-10
   138.230076758      0.518248742184E-10
   144.513262065      0.333206527724E-10
   150.796447372      0.228603730820E-10
   157.079632679      0.177611322183E-10
   163.362817987      0.123781896776E-10
   169.646003294      0.731739639412E-11
   175.929188601      0.871060782939E-11
   182.212373908      0.605963655703E-11
   188.495559215      0.737268645512E-11
   194.778744523      0.371636313086E-11
   201.061929830      0.399635015763E-11
   207.345115137      0.179849086650E-11
   213.628300444      0.124057952763E-11
   219.911485751      0.694145270251E-12
   226.194671058      0.430644535107E-12
   232.477856366      0.272261825093E-12
   238.761041673      0.215974956648E-12
   245.044226980      0.146232478163E-12
   251.327412287      0.124022102555E-12
   257.610597594      0.831816350897E-13
   263.893782902      0.779065104877E-13
   270.176968209      0.430631469389E-13
   276.460153516      0.372982172764E-13
   282.743338823      0.272431474432E-13
   289.026524130      0.210351524278E-13
   295.309709437      0.132443251205E-13
   301.592894745      0.121019494303E-13
   307.876080052      0.808424692428E-14
   314.159265359      0.610965266821E-14
   320.442450666      0.363399853865E-14
   326.725635973      0.345679783793E-14
   333.008821281      0.179549123690E-14
   339.292006588      0.167848592534E-14
   345.575191895      0.851049357546E-15
   351.858377202      0.808609162439E-15
   358.141562509      0.392572958214E-15
   364.424747816      0.370987798370E-15
   370.707933124      0.203848655746E-15
   376.991118431      0.146102097369E-15
   383.274303738      0.980213221196E-16
   389.557489045      0.681434308989E-16
   395.840674352      0.424665318814E-16
   402.123859659      0.326631690773E-16
   408.407044967      0.202382459446E-16
   414.690230274      0.161362357138E-16
   420.973415581      0.939378914709E-17
   427.256600888      0.804744895758E-17
   433.539786195      0.463947004885E-17
   439.822971503      0.399785760572E-17
   446.106156810      0.225648302998E-17
   452.389342117      0.202260350332E-17
   458.672527424      0.113925285932E-17
   464.955712731      0.105429600419E-17
   471.238898038      0.584061082136E-18
   477.522083346      0.516965917729E-18
   483.805268653      0.295283765215E-18
   490.088453960      0.257216558473E-18
   496.371639267      0.149030571971E-18
   502.654824574      0.129587465930E-18
   508.938009882      0.771277057853E-19
   515.221195189      0.627143589031E-19
   521.504380496      0.377045340452E-19
   527.787565803      0.275217045093E-19
   534.070751110      0.300794971260E-19
   540.353936417      0.452207094307E-19
   546.637121725      0.825999597440E-20
   552.920307032      0.235382987563E-20
   559.203492339      0.802324329633E-21
   565.486677646      0.283145259488E-21
   571.769862953      0.139573200462E-21
   578.053048261      0.670712473756E-22
   584.336233568      0.414458414288E-22
   590.619418875      0.253700160565E-22
   596.902604182      0.161828120787E-22
   603.185789489      0.108570959064E-22
   609.468974796      0.658973109820E-23
   615.752160104      0.432056547587E-23
   622.035345411      0.287045743328E-23
   628.318530718      0.210524967899E-23
   634.601716025      0.139688031262E-23
   640.884901332      0.990368740550E-24
   647.168086639      0.719653822884E-24
   653.451271947      0.515932142286E-24
   659.734457254      0.374555301550E-24
   666.017642561      0.262941486290E-24
   672.300827868      0.182384796296E-24
   678.584013175      0.127891242667E-24
   684.867198483      0.913470303616E-25
   691.150383790      0.661238425756E-25
   697.433569097      0.458365868151E-25
   703.716754404      0.317410211816E-25
   709.999939711      0.230596785442E-25
   716.283125018      0.163885455917E-25
   722.566310326      0.112543206909E-25
   728.849495633      0.760530335991E-26
   735.132680940      0.587703979318E-26
   741.415866247      0.389455304928E-26
   747.699051554      0.280294843342E-26
   753.982236862      0.195976573964E-26
   760.265422169      0.129277084667E-26
   766.548607476      0.853566743950E-27
   772.831792783      0.551804663586E-27
   779.114978090      0.401428064103E-27
   785.398163397      0.277376079064E-27
   791.681348705      0.179257922588E-27
   797.964534012      0.111885069517E-27
   804.247719319      0.938957053466E-28
   810.530904626      0.554103097894E-28
   816.814089933      0.410426256906E-28
   823.097275241      0.274352265240E-28
   829.380460548      0.202416518608E-28
   835.663645855      0.134280264755E-28
   841.946831162      0.760215306624E-29
   848.230016469      0.567020679128E-29
   854.513201776      0.431802103011E-29
   860.796387084      0.257887515455E-29
   867.079572391      0.155679570559E-29
   873.362757698      0.110735771847E-29
   879.645943005      0.807042308465E-30
   885.929128312      0.486585176125E-30
   892.212313620      0.273889339160E-30
   898.495498927      0.188435618112E-30
   904.778684234      0.859879560579E-31
   911.061869541      0.346988224191E-31
   917.345054848      0.183464394083E-32
   923.628240155      0.769441239325E-32
   929.911425463      0.483023844496E-32
   936.194610770      0.128318735714E-35
   942.477796077      0.120995081330E-35
   948.760981384      0.127392970116E-35
   955.044166691      0.119370519539E-35
   961.327351998      0.119196401817E-35
   967.610537306      0.118758568575E-35
   973.893722613      0.110606974237E-35
   980.176907920      0.112029954093E-35
   986.460093227      0.104775940924E-35
   992.743278534      0.104275701202E-35
   999.026463842      0.101013337631E-35
   1005.30964915      0.103587584410E-35
   1011.59283446      0.903869639813E-36
   1017.87601976      0.906572836357E-36
   1024.15920507      0.883020490427E-36
   1030.44239038      0.788814706506E-36
   1036.72557568      0.907694002326E-36
   1043.00876099      0.797423945899E-36
   1049.29194630      0.785763184529E-36
   1055.57513161      0.764052210765E-36
   1061.85831691      0.723530033850E-36
   1068.14150222      0.776258966382E-36
   1074.42468753      0.648743500708E-36
   1080.70787283      0.645547141313E-36
   1086.99105814      0.602908025708E-36
   1093.27424345      0.566453287263E-36
   1099.55742876      0.590170508023E-36
   1105.84061406      0.538544969748E-36
   1112.12379937      0.537308936341E-36
   1118.40698468      0.491487033173E-36
   1124.69016999      0.478508434452E-36
   1130.97335529      0.426067568302E-36
   1137.25654060      0.363033125130E-36
   1143.53972591      0.333862589826E-36
   1149.82291121      0.305511576723E-36
   1156.10609652      0.285599031232E-36
   1162.38928183      0.262714705223E-36
   1168.67246714      0.248624829435E-36
   1174.95565244      0.230385997177E-36
   1181.23883775      0.216517078181E-36
   1187.52202306      0.201867615129E-36
   1193.80520836      0.189492027197E-36
   1200.08839367      0.177263538732E-36
   1206.37157898      0.163679703389E-36
   1212.65476429      0.145154433361E-36
   1218.93794959      0.139250683759E-36
   1225.22113490      0.130111915182E-36
   1231.50432021      0.122080886297E-36
   1237.78750551      0.109580132236E-36
   1244.07069082      0.108073055006E-36
   1250.35387613      0.984354155637E-37
   1256.63706144      0.894004803444E-37
   1262.92024674      0.819774195227E-37
   1269.20343205      0.807956774418E-37
   1275.48661736      0.653335617697E-37
   1281.76980266      0.663763897502E-37
   1288.05298797      0.606050614301E-37
   1294.33617328      0.559353521364E-37
   1300.61935859      0.459705657868E-37
   1306.90254389      0.371808813981E-37
   1313.18572920      0.375629776739E-37
   1319.46891451      0.351574547292E-37
   1325.75209981      0.330514781663E-37
   1332.03528512      0.269698454374E-37
   1338.31847043      0.224131079277E-37
   1344.60165574      0.226559266793E-37
   1350.88484104      0.172541894512E-37
   1357.16802635      0.120845224644E-37
   1363.45121166      0.783890119729E-38
   1369.73439697      0.107486244635E-37
   1376.01758227      0.663890073460E-38
   1382.30076758      0.280921610046E-38
   1388.58395289      0.868856232606E-39
   1394.86713819      0.157921164783E-39
   6.28318530718      0.138764664730E-40
   12.5663706144      0.104390472046E-02
   18.8495559215      0.338830767195E-03
   25.1327412287      0.259007269874E-03
   31.4159265359      0.646352269155E-04
   37.6991118431      0.131977943605E-04
   43.9822971503      0.467679663873E-05
   50.2654824574      0.238162981821E-05
   56.5486677646      0.453075242151E-06
   62.8318530718      0.277601597329E-06
   69.1150383790      0.507375855432E-07
   75.3982236862      0.201232891376E-07
   81.6814089933      0.600714063660E-08
   87.9645943005      0.327404459148E-08
   94.2477796077      0.175367791555E-08
   100.530964915      0.844524184067E-09
   106.814150222      0.590942637199E-09
   113.097335529      0.401399092793E-09
   119.380520836      0.216701119842E-09
   125.663706144      0.122893789254E-09
   131.946891451      0.766163853478E-10
   138.230076758      0.519410576766E-10
   144.513262065      0.342609501927E-10
   150.796447372      0.231891463640E-10
   157.079632679      0.175428502712E-10
   163.362817987      0.126334310920E-10
   169.646003294      0.742298774894E-11
   175.929188601      0.906744030930E-11
   182.212373908      0.610671784036E-11
   188.495559215      0.729618336498E-11
   194.778744523      0.352836184003E-11
   201.061929830      0.373629269236E-11
   207.345115137      0.162106462542E-11
   213.628300444      0.112387647370E-11
   219.911485751      0.632415705117E-12
   226.194671058      0.406139899316E-12
   232.477856366      0.259510768674E-12
   238.761041673      0.209340415339E-12
   245.044226980      0.144626330397E-12
   251.327412287      0.121859588414E-12
   257.610597594      0.807700563826E-13
   263.893782902      0.771952912704E-13
   270.176968209      0.420442958991E-13
   276.460153516      0.363602231767E-13
   282.743338823      0.265005844765E-13
   289.026524130      0.205508603447E-13
   295.309709437      0.128336354248E-13
   301.592894745      0.116877853861E-13
   307.876080052      0.780738277406E-14
   314.159265359      0.588785936958E-14
   320.442450666      0.350676575122E-14
   326.725635973      0.329639373979E-14
   333.008821281      0.171465394565E-14
   339.292006588      0.159342021485E-14
   345.575191895      0.806875544157E-15
   351.858377202      0.763369300755E-15
   358.141562509      0.371737285031E-15
   364.424747816      0.350028701175E-15
   370.707933124      0.192840599237E-15
   376.991118431      0.138464171659E-15
   383.274303738      0.928061249075E-16
   389.557489045      0.647859541686E-16
   395.840674352      0.403882976173E-16
   402.123859659      0.311433627573E-16
   408.407044967      0.193246068173E-16
   414.690230274      0.154390338359E-16
   420.973415581      0.899187356932E-17
   427.256600888      0.773110629851E-17
   433.539786195      0.444651538662E-17
   439.822971503      0.385246542192E-17
   446.106156810      0.216886415892E-17
   452.389342117      0.195306975905E-17
   458.672527424      0.109757850859E-17
   464.955712731      0.101917604132E-17
   471.238898038      0.563874360828E-18
   477.522083346      0.500316448101E-18
   483.805268653      0.285492692218E-18
   490.088453960      0.249060319415E-18
   496.371639267      0.144242019936E-18
   502.654824574      0.125452775485E-18
   508.938009882      0.746305388052E-19
   515.221195189      0.606087396757E-19
   521.504380496      0.366037088777E-19
   527.787565803      0.269282100039E-19
   534.070751110      0.296933974620E-19
   540.353936417      0.435682854529E-19
   546.637121725      0.785567352625E-20
   552.920307032      0.224194541051E-20
   559.203492339      0.762556746389E-21
   565.486677646      0.270338649853E-21
   571.769862953      0.134181064297E-21
   578.053048261      0.651534063724E-22
   584.336233568      0.405728264072E-22
   590.619418875      0.250005605445E-22
   596.902604182      0.160247787566E-22
   603.185789489      0.107715982867E-22
   609.468974796      0.656885264805E-23
   615.752160104      0.432025037722E-23
   622.035345411      0.287811308418E-23
   628.318530718      0.210859697383E-23
   634.601716025      0.139804151896E-23
   640.884901332      0.990907832670E-24
   647.168086639      0.719726483860E-24
   653.451271947      0.515752356009E-24
   659.734457254      0.374436425981E-24
   666.017642561      0.262937929633E-24
   672.300827868      0.182384612592E-24
   678.584013175      0.127891242859E-24
   684.867198483      0.913470288746E-25
   691.150383790      0.661238421902E-25
   697.433569097      0.458365859956E-25
   703.716754404      0.317410218353E-25
   709.999939711      0.230596780555E-25
   716.283125018      0.163885455749E-25
   722.566310326      0.112543204733E-25
   728.849495633      0.760530325912E-26
   735.132680940      0.587703963129E-26
   741.415866247      0.389455293552E-26
   747.699051554      0.280294841729E-26
   753.982236862      0.195976578386E-26
   760.265422169      0.129277086559E-26
   766.548607476      0.853566785066E-27
   772.831792783      0.551804534100E-27
   779.114978090      0.401428100838E-27
   785.398163397      0.277376074060E-27
   791.681348705      0.179257927692E-27
   797.964534012      0.111885036042E-27
   804.247719319      0.938957250272E-28
   810.530904626      0.554103140643E-28
   816.814089933      0.410426304876E-28
   823.097275241      0.274352174584E-28
   829.380460548      0.202416227550E-28
   835.663645855      0.134280324490E-28
   841.946831162      0.760214388830E-29
   848.230016469      0.567020627972E-29
   854.513201776      0.431802953503E-29
   860.796387084      0.257887946974E-29
   867.079572391      0.155679702572E-29
   873.362757698      0.110735120722E-29
   879.645943005      0.807050160106E-30
   885.929128312      0.486581973152E-30
   892.212313620      0.273891186403E-30
   898.495498927      0.188434168832E-30
   904.778684234      0.859899847015E-31
   911.061869541      0.346986219886E-31
   917.345054848      0.183466347403E-32
   923.628240155      0.769459368770E-32
   929.911425463      0.483009545484E-32
   936.194610770      0.124087551252E-35
   942.477796077      0.127786732516E-35
   948.760981384      0.119859347054E-35
   955.044166691      0.119048574673E-35
   961.327351998      0.119998671141E-35
   967.610537306      0.116982302394E-35
   973.893722613      0.112254826573E-35
   980.176907920      0.116018238220E-35
   986.460093227      0.107830668802E-35
   992.743278534      0.107580943169E-35
   999.026463842      0.102164109474E-35
   1005.30964915      0.102668673315E-35
   1011.59283446      0.915255536063E-36
   1017.87601976      0.959561949144E-36
   1024.15920507      0.918501765638E-36
   1030.44239038      0.836494520233E-36
   1036.72557568      0.940573079154E-36
   1043.00876099      0.785293271384E-36
   1049.29194630      0.815424640240E-36
   1055.57513161      0.766612318822E-36
   1061.85831691      0.715236521643E-36
   1068.14150222      0.773469332355E-36
   1074.42468753      0.650904826470E-36
   1080.70787283      0.671423197563E-36
   1086.99105814      0.669232831312E-36
   1093.27424345      0.602929502806E-36
   1099.55742876      0.638708923341E-36
   1105.84061406      0.565587666818E-36
   1112.12379937      0.565026826608E-36
   1118.40698468      0.477082120995E-36
   1124.69016999      0.502269533092E-36
   1130.97335529      0.440408525748E-36
   1137.25654060      0.389140040868E-36
   1143.53972591      0.336496310816E-36
   1149.82291121      0.306404146742E-36
   1156.10609652      0.285259074549E-36
   1162.38928183      0.261285231786E-36
   1168.67246714      0.248114178993E-36
   1174.95565244      0.227090552233E-36
   1181.23883775      0.217915855296E-36
   1187.52202306      0.200959695426E-36
   1193.80520836      0.190387989148E-36
   1200.08839367      0.177180410894E-36
   1206.37157898      0.163658320827E-36
   1212.65476429      0.146063813275E-36
   1218.93794959      0.144583519176E-36
   1225.22113490      0.135465243829E-36
   1231.50432021      0.128236911521E-36
   1237.78750551      0.109189211129E-36
   1244.07069082      0.107665794184E-36
   1250.35387613      0.997993931237E-37
   1256.63706144      0.949699204705E-37
   1262.92024674      0.833260377847E-37
   1269.20343205      0.839279901838E-37
   1275.48661736      0.709250812265E-37
   1281.76980266      0.698145448283E-37
   1288.05298797      0.593515692706E-37
   1294.33617328      0.566370474926E-37
   1300.61935859      0.491740433954E-37
   1306.90254389      0.404689519140E-37
   1313.18572920      0.403324124788E-37
   1319.46891451      0.363528540146E-37
   1325.75209981      0.305434326695E-37
   1332.03528512      0.250237695862E-37
   1338.31847043      0.206917526756E-37
   1344.60165574      0.234561901306E-37
   1350.88484104      0.182812736320E-37
   1357.16802635      0.107460527722E-37
   1363.45121166      0.764422802735E-38
   1369.73439697      0.970510767876E-38
   1376.01758227      0.820122468062E-38
   1382.30076758      0.414050577929E-38
   1388.58395289      0.505594916767E-39
   1394.86713819      0.244173475025E-39
   6.28318530718      0.338711849466E-40
   12.5663706144      0.102542572565E-02
   18.8495559215      0.345146660853E-03
   25.1327412287      0.266678085533E-03
   31.4159265359      0.666448086472E-04
   37.6991118431      0.147403953302E-04
   43.9822971503      0.459027200632E-05
   50.2654824574      0.277425297084E-05
   56.5486677646      0.553516499879E-06
   62.8318530718      0.312442692342E-06
   69.1150383790      0.604509606359E-07
   75.3982236862      0.231509587485E-07
   81.6814089933      0.709783949025E-08
   87.9645943005      0.377785008303E-08
   94.2477796077      0.190608817656E-08
   100.530964915      0.904841459985E-09
   106.814150222      0.612927162443E-09
   113.097335529      0.392434690087E-09
   119.380520836      0.215409439907E-09
   125.663706144      0.122326334993E-09
   131.946891451      0.767809064638E-10
   138.230076758      0.527525631705E-10
   144.513262065      0.350604150469E-10
   150.796447372      0.234623868856E-10
   157.079632679      0.173945790696E-10
   163.362817987      0.129986011717E-10
   169.646003294      0.757089341769E-11
   175.929188601      0.941671889389E-11
   182.212373908      0.611675767482E-11
   188.495559215      0.716088465565E-11
   194.778744523      0.332508892886E-11
   201.061929830      0.346870998486E-11
   207.345115137      0.145951490752E-11
   213.628300444      0.102230343376E-11
   219.911485751      0.581482343076E-12
   226.194671058      0.386519248757E-12
   232.477856366      0.249163344860E-12
   238.761041673      0.203556649500E-12
   245.044226980      0.143427842921E-12
   251.327412287      0.120000068846E-12
   257.610597594      0.785163743021E-13
   263.893782902      0.763555601992E-13
   270.176968209      0.411059182041E-13
   276.460153516      0.354071107082E-13
   282.743338823      0.257405643591E-13
   289.026524130      0.200604562078E-13
   295.309709437      0.124314507388E-13
   301.592894745      0.112691248810E-13
   307.876080052      0.753363331312E-14
   314.159265359      0.566263690946E-14
   320.442450666      0.337753701243E-14
   326.725635973      0.313727919161E-14
   333.008821281      0.163501026497E-14
   339.292006588      0.151060036764E-14
   345.575191895      0.764430938526E-15
   351.858377202      0.720404346905E-15
   358.141562509      0.351999655105E-15
   364.424747816      0.330270713743E-15
   370.707933124      0.182442194675E-15
   376.991118431      0.131325962679E-15
   383.274303738      0.878982352162E-16
   389.557489045      0.616464915016E-16
   395.840674352      0.384318593630E-16
   402.123859659      0.297172381660E-16
   408.407044967      0.184621839022E-16
   414.690230274      0.147805045723E-16
   420.973415581      0.861192932577E-17
   427.256600888      0.743045441510E-17
   433.539786195      0.426440619200E-17
   439.822971503      0.371347569652E-17
   446.106156810      0.208594473941E-17
   452.389342117      0.188626955013E-17
   458.672527424      0.105797275608E-17
   464.955712731      0.985315254123E-18
   471.238898038      0.544584763915E-18
   477.522083346      0.484215299718E-18
   483.805268653      0.276092141681E-18
   490.088453960      0.241157521151E-18
   496.371639267      0.139621325968E-18
   502.654824574      0.121432877130E-18
   508.938009882      0.722168107761E-19
   515.221195189      0.585774992308E-19
   521.504380496      0.355504478752E-19
   527.787565803      0.263584870147E-19
   534.070751110      0.292894345967E-19
   540.353936417      0.419530895970E-19
   546.637121725      0.746681915800E-20
   552.920307032      0.213500392380E-20
   559.203492339      0.724584408276E-21
   565.486677646      0.258264353004E-21
   571.769862953      0.129069893079E-21
   578.053048261      0.633473472399E-22
   584.336233568      0.397532721457E-22
   590.619418875      0.246516800077E-22
   596.902604182      0.158783846899E-22
   603.185789489      0.106901135619E-22
   609.468974796      0.655208025077E-23
   615.752160104      0.432418679633E-23
   622.035345411      0.288866366385E-23
   628.318530718      0.211362319366E-23
   634.601716025      0.140061822819E-23
   640.884901332      0.991973880639E-24
   647.168086639      0.720058414330E-24
   653.451271947      0.515657252802E-24
   659.734457254      0.374361403897E-24
   666.017642561      0.262942425209E-24
   672.300827868      0.182383789566E-24
   678.584013175      0.127891243274E-24
   684.867198483      0.913470279924E-25
   691.150383790      0.661238415332E-25
   697.433569097      0.458365855600E-25
   703.716754404      0.317410217829E-25
   709.999939711      0.230596780690E-25
   716.283125018      0.163885458651E-25
   722.566310326      0.112543204941E-25
   728.849495633      0.760530297211E-26
   735.132680940      0.587703997552E-26
   741.415866247      0.389455284380E-26
   747.699051554      0.280294831668E-26
   753.982236862      0.195976589354E-26
   760.265422169      0.129277087730E-26
   766.548607476      0.853566706836E-27
   772.831792783      0.551804610477E-27
   779.114978090      0.401428018709E-27
   785.398163397      0.277376053845E-27
   791.681348705      0.179257881553E-27
   797.964534012      0.111885053264E-27
   804.247719319      0.938957597637E-28
   810.530904626      0.554103013375E-28
   816.814089933      0.410426164230E-28
   823.097275241      0.274352101227E-28
   829.380460548      0.202416336203E-28
   835.663645855      0.134280182712E-28
   841.946831162      0.760215091757E-29
   848.230016469      0.567020882495E-29
   854.513201776      0.431803075509E-29
   860.796387084      0.257887671872E-29
   867.079572391      0.155680001360E-29
   873.362757698      0.110734978824E-29
   879.645943005      0.807045742887E-30
   885.929128312      0.486584009641E-30
   892.212313620      0.273895090079E-30
   898.495498927      0.188433566833E-30
   904.778684234      0.859906069855E-31
   911.061869541      0.346979718561E-31
   917.345054848      0.183471557997E-32
   923.628240155      0.769486378267E-32
   929.911425463      0.482998697875E-32
   936.194610770      0.126335765956E-35
   942.477796077      0.126964150711E-35
   948.760981384      0.120048692617E-35
   955.044166691      0.120423847772E-35
   961.327351998      0.120535967252E-35
   967.610537306      0.114513687009E-35
   973.893722613      0.109731314033E-35
   980.176907920      0.107943928843E-35
   986.460093227      0.106752908235E-35
   992.743278534      0.107478137355E-35
   999.026463842      0.105594713731E-35
   1005.30964915      0.103991259224E-35
   1011.59283446      0.934534525373E-36
   1017.87601976      0.906246993727E-36
   1024.15920507      0.898266088436E-36
   1030.44239038      0.805049708295E-36
   1036.72557568      0.891252744594E-36
   1043.00876099      0.767199350623E-36
   1049.29194630      0.820432551017E-36
   1055.57513161      0.772638078050E-36
   1061.85831691      0.755034303353E-36
   1068.14150222      0.797073305175E-36
   1074.42468753      0.711157822121E-36
   1080.70787283      0.645124209015E-36
   1086.99105814      0.641410411883E-36
   1093.27424345      0.571796931242E-36
   1099.55742876      0.600679684236E-36
   1105.84061406      0.533148279324E-36
   1112.12379937      0.575881619846E-36
   1118.40698468      0.477069933698E-36
   1124.69016999      0.523487202077E-36
   1130.97335529      0.460857001485E-36
   1137.25654060      0.377677657957E-36
   1143.53972591      0.341172828985E-36
   1149.82291121      0.306960258741E-36
   1156.10609652      0.286103894956E-36
   1162.38928183      0.264695942937E-36
   1168.67246714      0.250586027742E-36
   1174.95565244      0.225363392507E-36
   1181.23883775      0.221879975045E-36
   1187.52202306      0.202342320166E-36
   1193.80520836      0.188524477551E-36
   1200.08839367      0.176474540883E-36
   1206.37157898      0.169810133072E-36
   1212.65476429      0.150924807435E-36
   1218.93794959      0.145858839622E-36
   1225.22113490      0.133304921970E-36
   1231.50432021      0.123174201167E-36
   1237.78750551      0.108277162821E-36
   1244.07069082      0.108824912562E-36
   1250.35387613      0.101649877749E-36
   1256.63706144      0.948215371524E-37
   1262.92024674      0.846515401903E-37
   1269.20343205      0.810419970481E-37
   1275.48661736      0.660747712919E-37
   1281.76980266      0.636693647242E-37
   1288.05298797      0.586487691673E-37
   1294.33617328      0.556241921821E-37
   1300.61935859      0.490813591677E-37
   1306.90254389      0.398392644884E-37
   1313.18572920      0.405183741725E-37
   1319.46891451      0.380271687923E-37
   1325.75209981      0.301122511029E-37
   1332.03528512      0.248497489364E-37
   1338.31847043      0.185735623975E-37
   1344.60165574      0.201459172611E-37
   1350.88484104      0.148069037561E-37
   1357.16802635      0.116977236959E-37
   1363.45121166      0.717736521214E-38
   1369.73439697      0.111427648782E-37
   1376.01758227      0.781864956767E-38
   1382.30076758      0.362004432422E-38
   1388.58395289      0.584282896137E-39
   1394.86713819      0.125853138230E-39
   6.28318530718      0.481924258476E-40
   12.5663706144      0.100632628949E-02
   18.8495559215      0.350854403713E-03
   25.1327412287      0.274175803792E-03
   31.4159265359      0.692839478366E-04
   37.6991118431      0.168047026619E-04
   43.9822971503      0.458628986155E-05
   50.2654824574      0.321541665040E-05
   56.5486677646      0.687391964464E-06
   62.8318530718      0.356481600259E-06
   69.1150383790      0.751326341505E-07
   75.3982236862      0.279025440230E-07
   81.6814089933      0.910816715295E-08
   87.9645943005      0.466575400123E-08
   94.2477796077      0.221038717380E-08
   100.530964915      0.103398673018E-08
   106.814150222      0.641229262766E-09
   113.097335529      0.394658776130E-09
   119.380520836      0.219329208859E-09
   125.663706144      0.122539477363E-09
   131.946891451      0.787045604632E-10
   138.230076758      0.538097812314E-10
   144.513262065      0.357814024024E-10
   150.796447372      0.237031818993E-10
   157.079632679      0.173527652029E-10
   163.362817987      0.134710347681E-10
   169.646003294      0.775532970549E-11
   175.929188601      0.973427705259E-11
   182.212373908      0.608291321461E-11
   188.495559215      0.696690226089E-11
   194.778744523      0.311163845439E-11
   201.061929830      0.320045711996E-11
   207.345115137      0.131629709695E-11
   213.628300444      0.935773257644E-12
   219.911485751      0.540443276031E-12
   226.194671058      0.371089649390E-12
   232.477856366      0.240771784650E-12
   238.761041673      0.198615859756E-12
   245.044226980      0.142513577193E-12
   251.327412287      0.118371192859E-12
   257.610597594      0.764033756071E-13
   263.893782902      0.753524106258E-13
   270.176968209      0.402279230768E-13
   276.460153516      0.344227401404E-13
   282.743338823      0.249562839689E-13
   289.026524130      0.195652634060E-13
   295.309709437      0.120378458770E-13
   301.592894745      0.108468541722E-13
   307.876080052      0.726270687440E-14
   314.159265359      0.543443419887E-14
   320.442450666      0.324652196366E-14
   326.725635973      0.298038121253E-14
   333.008821281      0.155707788476E-14
   339.292006588      0.143047749876E-14
   345.575191895      0.723973003245E-15
   351.858377202      0.679834853070E-15
   358.141562509      0.333435845541E-15
   364.424747816      0.311750506025E-15
   370.707933124      0.172677031410E-15
   376.991118431      0.124684289123E-15
   383.274303738      0.833021453778E-16
   389.557489045      0.587220785399E-16
   395.840674352      0.365982709850E-16
   402.123859659      0.283835080265E-16
   408.407044967      0.176511817505E-16
   414.690230274      0.141606448138E-16
   420.973415581      0.825431361104E-17
   427.256600888      0.714568489925E-17
   433.539786195      0.409324571276E-17
   439.822971503      0.358104290946E-17
   446.106156810      0.200778553087E-17
   452.389342117      0.182229906226E-17
   458.672527424      0.102046955071E-17
   464.955712731      0.952767454667E-18
   471.238898038      0.526210708237E-18
   477.522083346      0.468688009500E-18
   483.805268653      0.267091457124E-18
   490.088453960      0.233521418258E-18
   496.371639267      0.135174476802E-18
   502.654824574      0.117536819546E-18
   508.938009882      0.698910014266E-19
   515.221195189      0.566249528114E-19
   521.504380496      0.345451977290E-19
   527.787565803      0.258122348787E-19
   534.070751110      0.288687730935E-19
   540.353936417      0.403789742263E-19
   546.637121725      0.709437490320E-20
   552.920307032      0.203314619114E-20
   559.203492339      0.688501607023E-21
   565.486677646      0.246958445962E-21
   571.769862953      0.124246710772E-21
   578.053048261      0.616572208420E-22
   584.336233568      0.389844368737E-22
   590.619418875      0.243219801024E-22
   596.902604182      0.157431355877E-22
   603.185789489      0.106124562800E-22
   609.468974796      0.653959186555E-23
   615.752160104      0.433178773639E-23
   622.035345411      0.290276504586E-23
   628.318530718      0.212057438986E-23
   634.601716025      0.140479316232E-23
   640.884901332      0.993759112019E-24
   647.168086639      0.720751009008E-24
   653.451271947      0.515650826975E-24
   659.734457254      0.374311492754E-24
   666.017642561      0.262950384843E-24
   672.300827868      0.182381955616E-24
   678.584013175      0.127891244868E-24
   684.867198483      0.913470257398E-25
   691.150383790      0.661238429856E-25
   697.433569097      0.458365837233E-25
   703.716754404      0.317410237532E-25
   709.999939711      0.230596778392E-25
   716.283125018      0.163885460779E-25
   722.566310326      0.112543198812E-25
   728.849495633      0.760530315412E-26
   735.132680940      0.587703993322E-26
   741.415866247      0.389455291179E-26
   747.699051554      0.280294845084E-26
   753.982236862      0.195976587797E-26
   760.265422169      0.129277082795E-26
   766.548607476      0.853566778298E-27
   772.831792783      0.551804572908E-27
   779.114978090      0.401427959449E-27
   785.398163397      0.277376043036E-27
   791.681348705      0.179257877145E-27
   797.964534012      0.111885049163E-27
   804.247719319      0.938957258421E-28
   810.530904626      0.554102929254E-28
   816.814089933      0.410426329959E-28
   823.097275241      0.274352101658E-28
   829.380460548      0.202416175546E-28
   835.663645855      0.134280279037E-28
   841.946831162      0.760215241580E-29
   848.230016469      0.567020379713E-29
   854.513201776      0.431803093264E-29
   860.796387084      0.257887672172E-29
   867.079572391      0.155679763591E-29
   873.362757698      0.110735246315E-29
   879.645943005      0.807041540413E-30
   885.929128312      0.486582161083E-30
   892.212313620      0.273895381514E-30
   898.495498927      0.188434515523E-30
   904.778684234      0.859887635200E-31
   911.061869541      0.346979614516E-31
   917.345054848      0.183468434287E-32
   923.628240155      0.769490205064E-32
   929.911425463      0.482996903672E-32
   936.194610770      0.125509609424E-35
   942.477796077      0.126443614357E-35
   948.760981384      0.120339694586E-35
   955.044166691      0.119156639128E-35
   961.327351998      0.115214978543E-35
   967.610537306      0.112823386797E-35
   973.893722613      0.110173465184E-35
   980.176907920      0.111862871243E-35
   986.460093227      0.107015212356E-35
   992.743278534      0.102911489780E-35
   999.026463842      0.972621577131E-36
   1005.30964915      0.103147217337E-35
   1011.59283446      0.935318906324E-36
   1017.87601976      0.101905537873E-35
   1024.15920507      0.929876186856E-36
   1030.44239038      0.790327081229E-36
   1036.72557568      0.883355041280E-36
   1043.00876099      0.767907438658E-36
   1049.29194630      0.797273821290E-36
   1055.57513161      0.765272129236E-36
   1061.85831691      0.700910219202E-36
   1068.14150222      0.743766338866E-36
   1074.42468753      0.646398146505E-36
   1080.70787283      0.644007343364E-36
   1086.99105814      0.632859810319E-36
   1093.27424345      0.587725911064E-36
   1099.55742876      0.587499307004E-36
   1105.84061406      0.526158429142E-36
   1112.12379937      0.573097364582E-36
   1118.40698468      0.492517091066E-36
   1124.69016999      0.544883062921E-36
   1130.97335529      0.462168545799E-36
   1137.25654060      0.387233779220E-36
   1143.53972591      0.347557324061E-36
   1149.82291121      0.307971971736E-36
   1156.10609652      0.292448981273E-36
   1162.38928183      0.266225555841E-36
   1168.67246714      0.253456661003E-36
   1174.95565244      0.227660304442E-36
   1181.23883775      0.217702682230E-36
   1187.52202306      0.202700402124E-36
   1193.80520836      0.190555512205E-36
   1200.08839367      0.174376042779E-36
   1206.37157898      0.165884439965E-36
   1212.65476429      0.151654481293E-36
   1218.93794959      0.141725370770E-36
   1225.22113490      0.131755476433E-36
   1231.50432021      0.126031296220E-36
   1237.78750551      0.115593467377E-36
   1244.07069082      0.112803167420E-36
   1250.35387613      0.103778664014E-36
   1256.63706144      0.969194802362E-37
   1262.92024674      0.821008634105E-37
   1269.20343205      0.803272529138E-37
   1275.48661736      0.667600963455E-37
   1281.76980266      0.654028782116E-37
   1288.05298797      0.591025069643E-37
   1294.33617328      0.575365952994E-37
   1300.61935859      0.490284473040E-37
   1306.90254389      0.396808783508E-37
   1313.18572920      0.381920790470E-37
   1319.46891451      0.348658819595E-37
   1325.75209981      0.290453883232E-37
   1332.03528512      0.252383754107E-37
   1338.31847043      0.208501270035E-37
   1344.60165574      0.232954183171E-37
   1350.88484104      0.191259929118E-37
   1357.16802635      0.118789364039E-37
   1363.45121166      0.653519673965E-38
   1369.73439697      0.100405205528E-37
   1376.01758227      0.792141871840E-38
   1382.30076758      0.343787292766E-38
   1388.58395289      0.345226888557E-39
   1394.86713819      0.419913519332E-40
   6.28318530718      0.361490234145E-40
   12.5663706144      0.986741868883E-03
   18.8495559215      0.355907110730E-03
   25.1327412287      0.281347004472E-03
   31.4159265359      0.725198878040E-04
   37.6991118431      0.193762546800E-04
   43.9822971503      0.472968248292E-05
   50.2654824574      0.371543815757E-05
   56.5486677646      0.872300829637E-06
   62.8318530718      0.415645955073E-06
   69.1150383790      0.984190924143E-07
   75.3982236862      0.349566103041E-07
   81.6814089933      0.125872534347E-07
   87.9645943005      0.606182458212E-08
   94.2477796077      0.280996582589E-08
   100.530964915      0.128518088511E-08
   106.814150222      0.702297084945E-09
   113.097335529      0.424650908800E-09
   119.380520836      0.232038757971E-09
   125.663706144      0.125554840768E-09
   131.946891451      0.836543284625E-10
   138.230076758      0.547467384874E-10
   144.513262065      0.367443090554E-10
   150.796447372      0.238884170093E-10
   157.079632679      0.175041370292E-10
   163.362817987      0.140366424671E-10
   169.646003294      0.797374748270E-11
   175.929188601      0.999454369097E-11
   182.212373908      0.599994219158E-11
   188.495559215      0.671812096318E-11
   194.778744523      0.289412893311E-11
   201.061929830      0.293838891527E-11
   207.345115137      0.119334464421E-11
   213.628300444      0.863825310013E-12
   219.911485751      0.508354054818E-12
   226.194671058      0.359242240982E-12
   232.477856366      0.234004616952E-12
   238.761041673      0.194518377634E-12
   245.044226980      0.141760217049E-12
   251.327412287      0.116875411008E-12
   257.610597594      0.743985537896E-13
   263.893782902      0.741528362798E-13
   270.176968209      0.393847046830E-13
   276.460153516      0.333922766008E-13
   282.743338823      0.241434706691E-13
   289.026524130      0.190688584146E-13
   295.309709437      0.116539839412E-13
   301.592894745      0.104223932757E-13
   307.876080052      0.699456565844E-14
   314.159265359      0.520412273789E-14
   320.442450666      0.311426468245E-14
   326.725635973      0.282677544278E-14
   333.008821281      0.148145317130E-14
   339.292006588      0.135353103028E-14
   345.575191895      0.685754575062E-15
   351.858377202      0.641766060831E-15
   358.141562509      0.316107607782E-15
   364.424747816      0.294495372121E-15
   370.707933124      0.163562315516E-15
   376.991118431      0.118533284756E-15
   383.274303738      0.790199528972E-16
   389.557489045      0.560089158166E-16
   395.840674352      0.348878982194E-16
   402.123859659      0.271407075388E-16
   408.407044967      0.168917109160E-16
   414.690230274      0.135794000993E-16
   420.973415581      0.791932774445E-17
   427.256600888      0.687695209510E-17
   433.539786195      0.393309934191E-17
   439.822971503      0.345530095612E-17
   446.106156810      0.193442566831E-17
   452.389342117      0.176124163341E-17
   458.672527424      0.985093477642E-18
   464.955712731      0.921579647377E-18
   471.238898038      0.508766460562E-18
   477.522083346      0.453758154468E-18
   483.805268653      0.258498357456E-18
   490.088453960      0.226164593257E-18
   496.371639267      0.130907199275E-18
   502.654824574      0.113773518225E-18
   508.938009882      0.676573730833E-19
   515.221195189      0.547550378330E-19
   521.504380496      0.335881287819E-19
   527.787565803      0.252894564120E-19
   534.070751110      0.284327717319E-19
   540.353936417      0.388497267630E-19
   546.637121725      0.673928862063E-20
   552.920307032      0.193656043800E-20
   559.203492339      0.654379388572E-21
   565.486677646      0.236419335058E-21
   571.769862953      0.119721495252E-21
   578.053048261      0.600843176867E-22
   584.336233568      0.382624843426E-22
   590.619418875      0.240064939376E-22
   596.902604182      0.156180552219E-22
   603.185789489      0.105385106361E-22
   609.468974796      0.653253399460E-23
   615.752160104      0.434351196978E-23
   622.035345411      0.291952628187E-23
   628.318530718      0.212951198253E-23
   634.601716025      0.141042444652E-23
   640.884901332      0.996227423608E-24
   647.168086639      0.721775862369E-24
   653.451271947      0.515774271545E-24
   659.734457254      0.374262040052E-24
   666.017642561      0.262961883760E-24
   672.300827868      0.182380117021E-24
   678.584013175      0.127891245481E-24
   684.867198483      0.913470250387E-25
   691.150383790      0.661238438246E-25
   697.433569097      0.458365843089E-25
   703.716754404      0.317410226888E-25
   709.999939711      0.230596782115E-25
   716.283125018      0.163885465845E-25
   722.566310326      0.112543196922E-25
   728.849495633      0.760530309955E-26
   735.132680940      0.587703950681E-26
   741.415866247      0.389455314164E-26
   747.699051554      0.280294807325E-26
   753.982236862      0.195976600227E-26
   760.265422169      0.129277084198E-26
   766.548607476      0.853566815028E-27
   772.831792783      0.551804620847E-27
   779.114978090      0.401428002976E-27
   785.398163397      0.277376045699E-27
   791.681348705      0.179257900645E-27
   797.964534012      0.111885040838E-27
   804.247719319      0.938957279218E-28
   810.530904626      0.554102857312E-28
   816.814089933      0.410426210693E-28
   823.097275241      0.274352018147E-28
   829.380460548      0.202416204362E-28
   835.663645855      0.134280243338E-28
   841.946831162      0.760216246369E-29
   848.230016469      0.567020416603E-29
   854.513201776      0.431802550811E-29
   860.796387084      0.257887360115E-29
   867.079572391      0.155679521200E-29
   873.362757698      0.110735542666E-29
   879.645943005      0.807036778253E-30
   885.929128312      0.486585275762E-30
   892.212313620      0.273892548143E-30
   898.495498927      0.188436339318E-30
   904.778684234      0.859889246107E-31
   911.061869541      0.346975240311E-31
   917.345054848      0.183481663711E-32
   923.628240155      0.769541145851E-32
   929.911425463      0.482995756707E-32
   936.194610770      0.128135160523E-35
   942.477796077      0.127991858466E-35
   948.760981384      0.123321776522E-35
   955.044166691      0.114982567803E-35
   961.327351998      0.114519789548E-35
   967.610537306      0.114454791564E-35
   973.893722613      0.105673671441E-35
   980.176907920      0.107010388683E-35
   986.460093227      0.108962642065E-35
   992.743278534      0.105648937485E-35
   999.026463842      0.104648274204E-35
   1005.30964915      0.105915819514E-35
   1011.59283446      0.924425624518E-36
   1017.87601976      0.937784963949E-36
   1024.15920507      0.910627808363E-36
   1030.44239038      0.796255186084E-36
   1036.72557568      0.932488130778E-36
   1043.00876099      0.792376127433E-36
   1049.29194630      0.794340138013E-36
   1055.57513161      0.724596182760E-36
   1061.85831691      0.720011444938E-36
   1068.14150222      0.763652676421E-36
   1074.42468753      0.626268005703E-36
   1080.70787283      0.628016327874E-36
   1086.99105814      0.597988433087E-36
   1093.27424345      0.569874359888E-36
   1099.55742876      0.582157546128E-36
   1105.84061406      0.512836464650E-36
   1112.12379937      0.546862886791E-36
   1118.40698468      0.481353665043E-36
   1124.69016999      0.510357407806E-36
   1130.97335529      0.434625807831E-36
   1137.25654060      0.383444869695E-36
   1143.53972591      0.345372470376E-36
   1149.82291121      0.309823248926E-36
   1156.10609652      0.291197435458E-36
   1162.38928183      0.270474153690E-36
   1168.67246714      0.253657587673E-36
   1174.95565244      0.227374795674E-36
   1181.23883775      0.218210410771E-36
   1187.52202306      0.202862168540E-36
   1193.80520836      0.188657552429E-36
   1200.08839367      0.172590430245E-36
   1206.37157898      0.166018696922E-36
   1212.65476429      0.148700212601E-36
   1218.93794959      0.144283119009E-36
   1225.22113490      0.135099109621E-36
   1231.50432021      0.128209778999E-36
   1237.78750551      0.110450740634E-36
   1244.07069082      0.104760594115E-36
   1250.35387613      0.976254693334E-37
   1256.63706144      0.926045085692E-37
   1262.92024674      0.807663617645E-37
   1269.20343205      0.770708677120E-37
   1275.48661736      0.671984053193E-37
   1281.76980266      0.680268104730E-37
   1288.05298797      0.604832445096E-37
   1294.33617328      0.542097377523E-37
   1300.61935859      0.465580136667E-37
   1306.90254389      0.407585268903E-37
   1313.18572920      0.419893372435E-37
   1319.46891451      0.375378823088E-37
   1325.75209981      0.312547699477E-37
   1332.03528512      0.268427172218E-37
   1338.31847043      0.217311035320E-37
   1344.60165574      0.203126830693E-37
   1350.88484104      0.172154919273E-37
   1357.16802635      0.131692284213E-37
   1363.45121166      0.839969575732E-38
   1369.73439697      0.106191300111E-37
   1376.01758227      0.611149433770E-38
   1382.30076758      0.254547526431E-38
   1388.58395289      0.373679773000E-39
   1394.86713819      0.140186121628E-39
   6.28318530718      0.506898413128E-40
   12.5663706144      0.966808858602E-03
   18.8495559215      0.360283091588E-03
   25.1327412287      0.288063773167E-03
   31.4159265359      0.762793394794E-04
   37.6991118431      0.224049299814E-04
   43.9822971503      0.508577389741E-05
   50.2654824574      0.428834682012E-05
   56.5486677646      0.113446474028E-05
   62.8318530718      0.500823459656E-06
   69.1150383790      0.137456331416E-06
   75.3982236862      0.459456150416E-07
   81.6814089933      0.186522494844E-07
   87.9645943005      0.829230218365E-08
   94.2477796077      0.394773554323E-08
   100.530964915      0.174530041483E-08
   106.814150222      0.840448590928E-09
   113.097335529      0.508862468552E-09
   119.380520836      0.260709118698E-09
   125.663706144      0.137132084899E-09
   131.946891451      0.936535897521E-10
   138.230076758      0.564497024924E-10
   144.513262065      0.385993210344E-10
   150.796447372      0.241411227208E-10
   157.079632679      0.180275005858E-10
   163.362817987      0.146950638356E-10
   169.646003294      0.823907815725E-11
   175.929188601      0.101754553049E-10
   182.212373908      0.586678295526E-11
   188.495559215      0.642188470508E-11
   194.778744523      0.267957312892E-11
   201.061929830      0.268959526355E-11
   207.345115137      0.109201609276E-11
   213.628300444      0.805847104378E-12
   219.911485751      0.484270471103E-12
   226.194671058      0.350449277243E-12
   232.477856366      0.228614761852E-12
   238.761041673      0.191234833365E-12
   245.044226980      0.141034641157E-12
   251.327412287      0.115394298841E-12
   257.610597594      0.724551824554E-13
   263.893782902      0.727294874699E-13
   270.176968209      0.385488055337E-13
   276.460153516      0.323046419930E-13
   282.743338823      0.233018855111E-13
   289.026524130      0.185769085885E-13
   295.309709437      0.112821933707E-13
   301.592894745      0.999766322491E-14
   307.876080052      0.672940427590E-14
   314.159265359      0.497301448310E-14
   320.442450666      0.298162278004E-14
   326.725635973      0.267764931860E-14
   333.008821281      0.140877498900E-14
   339.292006588      0.128024344314E-14
   345.575191895      0.650002345168E-15
   351.858377202      0.606276991797E-15
   358.141562509      0.300055800484E-15
   364.424747816      0.278518115570E-15
   370.707933124      0.155106407868E-15
   376.991118431      0.112862987768E-15
   383.274303738      0.750504027017E-16
   389.557489045      0.535017013936E-16
   395.840674352      0.333000492067E-16
   402.123859659      0.259868693418E-16
   408.407044967      0.161836138848E-16
   414.690230274      0.130364853932E-16
   420.973415581      0.760711877395E-17
   427.256600888      0.662428604896E-17
   433.539786195      0.378394787018E-17
   439.822971503      0.333632139269E-17
   446.106156810      0.186586278621E-17
   452.389342117      0.170314897025E-17
   458.672527424      0.951850752932E-18
   464.955712731      0.891783573088E-18
   471.238898038      0.492258124659E-18
   477.522083346      0.439443946972E-18
   483.805268653      0.250317510956E-18
   490.088453960      0.219097391404E-18
   496.371639267      0.126824322746E-18
   502.654824574      0.110151095332E-18
   508.938009882      0.655197387608E-19
   515.221195189      0.529710232826E-19
   521.504380496      0.326792553961E-19
   527.787565803      0.247901533623E-19
   534.070751110      0.279831161702E-19
   540.353936417      0.373688319155E-19
   546.637121725      0.640234190726E-20
   552.920307032      0.184539494612E-20
   559.203492339      0.622257623595E-21
   565.486677646      0.226641413465E-21
   571.769862953      0.115486649287E-21
   578.053048261      0.586239156287E-22
   584.336233568      0.375859133803E-22
   590.619418875      0.237090815990E-22
   596.902604182      0.155011130543E-22
   603.185789489      0.104690056936E-22
   609.468974796      0.653028034937E-23
   615.752160104      0.435833634354E-23
   622.035345411      0.293857616608E-23
   628.318530718      0.214008525536E-23
   634.601716025      0.141774620035E-23
   640.884901332      0.999526366754E-24
   647.168086639      0.723128074504E-24
   653.451271947      0.516090095051E-24
   659.734457254      0.374220418420E-24
   666.017642561      0.262964913560E-24
   672.300827868      0.182378908820E-24
   678.584013175      0.127891246186E-24
   684.867198483      0.913470227930E-25
   691.150383790      0.661238435103E-25
   697.433569097      0.458365842122E-25
   703.716754404      0.317410229261E-25
   709.999939711      0.230596778264E-25
   716.283125018      0.163885465841E-25
   722.566310326      0.112543193901E-25
   728.849495633      0.760530324718E-26
   735.132680940      0.587703920768E-26
   741.415866247      0.389455309392E-26
   747.699051554      0.280294810055E-26
   753.982236862      0.195976599426E-26
   760.265422169      0.129277083204E-26
   766.548607476      0.853566794378E-27
   772.831792783      0.551804582728E-27
   779.114978090      0.401428075456E-27
   785.398163397      0.277376119980E-27
   791.681348705      0.179257857422E-27
   797.964534012      0.111884998020E-27
   804.247719319      0.938957336719E-28
   810.530904626      0.554102684938E-28
   816.814089933      0.410426191233E-28
   823.097275241      0.274351862195E-28
   829.380460548      0.202416328314E-28
   835.663645855      0.134280440620E-28
   841.946831162      0.760216735867E-29
   848.230016469      0.567021387781E-29
   854.513201776      0.431802409357E-29
   860.796387084      0.257887690925E-29
   867.079572391      0.155679405689E-29
   873.362757698      0.110735867844E-29
   879.645943005      0.807032798494E-30
   885.929128312      0.486586768932E-30
   892.212313620      0.273889969886E-30
   898.495498927      0.188436566091E-30
   904.778684234      0.859885886978E-31
   911.061869541      0.346973559136E-31
   917.345054848      0.183487505624E-32
   923.628240155      0.769562169764E-32
   929.911425463      0.482964380674E-32
   936.194610770      0.131376876062E-35
   942.477796077      0.129392575388E-35
   948.760981384      0.124647964103E-35
   955.044166691      0.117215204709E-35
   961.327351998      0.116622102949E-35
   967.610537306      0.113686359023E-35
   973.893722613      0.111305639924E-35
   980.176907920      0.113569360028E-35
   986.460093227      0.111328055009E-35
   992.743278534      0.104341180124E-35
   999.026463842      0.999047798359E-36
   1005.30964915      0.102949927821E-35
   1011.59283446      0.918916467981E-36
   1017.87601976      0.994814350083E-36
   1024.15920507      0.940166267197E-36
   1030.44239038      0.784059163384E-36
   1036.72557568      0.937058653438E-36
   1043.00876099      0.832578110815E-36
   1049.29194630      0.817657384103E-36
   1055.57513161      0.751717017104E-36
   1061.85831691      0.752427641709E-36
   1068.14150222      0.800898006380E-36
   1074.42468753      0.677353004457E-36
   1080.70787283      0.660969835108E-36
   1086.99105814      0.665416793441E-36
   1093.27424345      0.613752540095E-36
   1099.55742876      0.612054163029E-36
   1105.84061406      0.529108140661E-36
   1112.12379937      0.580920823112E-36
   1118.40698468      0.500532777107E-36
   1124.69016999      0.496496939633E-36
   1130.97335529      0.430390744781E-36
   1137.25654060      0.376896632195E-36
   1143.53972591      0.345909008527E-36
   1149.82291121      0.307859950239E-36
   1156.10609652      0.287593974376E-36
   1162.38928183      0.259454076393E-36
   1168.67246714      0.246351831882E-36
   1174.95565244      0.227043102277E-36
   1181.23883775      0.219261923932E-36
   1187.52202306      0.204778953681E-36
   1193.80520836      0.191639754759E-36
   1200.08839367      0.174485450146E-36
   1206.37157898      0.167261605865E-36
   1212.65476429      0.151692962089E-36
   1218.93794959      0.145853899246E-36
   1225.22113490      0.135296202867E-36
   1231.50432021      0.130152992843E-36
   1237.78750551      0.116587615405E-36
   1244.07069082      0.110240737563E-36
   1250.35387613      0.101287157581E-36
   1256.63706144      0.957511554321E-37
   1262.92024674      0.836594146327E-37
   1269.20343205      0.808097859913E-37
   1275.48661736      0.692147677045E-37
   1281.76980266      0.674888153163E-37
   1288.05298797      0.568202402959E-37
   1294.33617328      0.554137172661E-37
   1300.61935859      0.486271136631E-37
   1306.90254389      0.425553525561E-37
   1313.18572920      0.432272394548E-37
   1319.46891451      0.378498640528E-37
   1325.75209981      0.324794465467E-37
   1332.03528512      0.275798243013E-37
   1338.31847043      0.196401287953E-37
   1344.60165574      0.205123648926E-37
   1350.88484104      0.171255663083E-37
   1357.16802635      0.131348853113E-37
   1363.45121166      0.732471568330E-38
   1369.73439697      0.894623119786E-38
   1376.01758227      0.569659839597E-38
   1382.30076758      0.331322829660E-38
   1388.58395289      0.623345476552E-39
   1394.86713819      0.198689993094E-39
   6.28318530718      0.111591158587E-41
   12.5663706144      0.946661081433E-03
   18.8495559215      0.363983302046E-03
   25.1327412287      0.294229374184E-03
   31.4159265359      0.804600697715E-04
   37.6991118431      0.258080428363E-04
   43.9822971503      0.571100315320E-05
   50.2654824574      0.494768325990E-05
   56.5486677646      0.150459455992E-05
   62.8318530718      0.627718239107E-06
   69.1150383790      0.203524159780E-06
   75.3982236862      0.647709372584E-07
   81.6814089933      0.298177877309E-07
   87.9645943005      0.124956175669E-07
   94.2477796077      0.618993065413E-08
   100.530964915      0.265729754877E-08
   106.814150222      0.115722360928E-08
   113.097335529      0.699576151744E-09
   119.380520836      0.320764420413E-09
   125.663706144      0.169724986616E-09
   131.946891451      0.110609849873E-09
   138.230076758      0.623462956627E-10
   144.513262065      0.423147982001E-10
   150.796447372      0.252377824044E-10
   157.079632679      0.192397731875E-10
   163.362817987      0.155749027997E-10
   169.646003294      0.861462444175E-11
   175.929188601      0.102925106126E-10
   182.212373908      0.569583443549E-11
   188.495559215      0.609367632228E-11
   194.778744523      0.247753026110E-11
   201.061929830      0.246234596891E-11
   207.345115137      0.101305635372E-11
   213.628300444      0.761576594912E-12
   219.911485751      0.467234685006E-12
   226.194671058      0.344274241048E-12
   232.477856366      0.224410202521E-12
   238.761041673      0.188679186364E-12
   245.044226980      0.140188556652E-12
   251.327412287      0.113799051764E-12
   257.610597594      0.705163027008E-13
   263.893782902      0.710654380848E-13
   270.176968209      0.376954598838E-13
   276.460153516      0.311550523081E-13
   282.743338823      0.224364869149E-13
   289.026524130      0.180966633601E-13
   295.309709437      0.109257799188E-13
   301.592894745      0.957504891427E-14
   307.876080052      0.646760879415E-14
   314.159265359      0.474283896185E-14
   320.442450666      0.284972203873E-14
   326.725635973      0.253424876856E-14
   333.008821281      0.133968146984E-14
   339.292006588      0.121106761478E-14
   345.575191895      0.616895148583E-15
   351.858377202      0.573409125023E-15
   358.141562509      0.285294516393E-15
   364.424747816      0.263812560782E-15
   370.707933124      0.147306757456E-15
   376.991118431      0.107658207267E-15
   383.274303738      0.713880953753E-16
   389.557489045      0.511930943744E-16
   395.840674352      0.318326421717E-16
   402.123859659      0.249192368279E-16
   408.407044967      0.155262895248E-16
   414.690230274      0.125312179528E-16
   420.973415581      0.731758375724E-17
   427.256600888      0.638750880013E-17
   433.539786195      0.364564440611E-17
   439.822971503      0.322407502497E-17
   446.106156810      0.180203608265E-17
   452.389342117      0.164802428531E-17
   458.672527424      0.920721569729E-18
   464.955712731      0.863388753578E-18
   471.238898038      0.476680869044E-18
   477.522083346      0.425755234333E-18
   483.805268653      0.242549180578E-18
   490.088453960      0.212327055458E-18
   496.371639267      0.122928834668E-18
   502.654824574      0.106676245785E-18
   508.938009882      0.634808415504E-19
   515.221195189      0.512753379626E-19
   521.504380496      0.318182830445E-19
   527.787565803      0.243141833877E-19
   534.070751110      0.275213843663E-19
   540.353936417      0.359392706654E-19
   546.637121725      0.608415581703E-20
   552.920307032      0.175968984411E-20
   559.203492339      0.592160842195E-21
   565.486677646      0.217617747700E-21
   571.769862953      0.111552339443E-21
   578.053048261      0.572661532550E-22
   584.336233568      0.369536276514E-22
   590.619418875      0.234275238035E-22
   596.902604182      0.153905957775E-22
   603.185789489      0.104063325865E-22
   609.468974796      0.653287411469E-23
   615.752160104      0.437549291328E-23
   622.035345411      0.296014350802E-23
   628.318530718      0.215226593368E-23
   634.601716025      0.142664956777E-23
   640.884901332      0.100378632472E-23
   647.168086639      0.724786241579E-24
   653.451271947      0.516648286555E-24
   659.734457254      0.374210840407E-24
   666.017642561      0.262965370033E-24
   672.300827868      0.182378439773E-24
   678.584013175      0.127891243960E-24
   684.867198483      0.913470237780E-25
   691.150383790      0.661238422263E-25
   697.433569097      0.458365839767E-25
   703.716754404      0.317410232641E-25
   709.999939711      0.230596784157E-25
   716.283125018      0.163885458779E-25
   722.566310326      0.112543199714E-25
   728.849495633      0.760530307727E-26
   735.132680940      0.587703903952E-26
   741.415866247      0.389455344841E-26
   747.699051554      0.280294768831E-26
   753.982236862      0.195976609222E-26
   760.265422169      0.129277071147E-26
   766.548607476      0.853566741627E-27
   772.831792783      0.551804617532E-27
   779.114978090      0.401427953521E-27
   785.398163397      0.277376156505E-27
   791.681348705      0.179257842900E-27
   797.964534012      0.111884948499E-27
   804.247719319      0.938957477178E-28
   810.530904626      0.554102928971E-28
   816.814089933      0.410426081653E-28
   823.097275241      0.274351765085E-28
   829.380460548      0.202416285343E-28
   835.663645855      0.134280302838E-28
   841.946831162      0.760214825669E-29
   848.230016469      0.567021040380E-29
   854.513201776      0.431801282671E-29
   860.796387084      0.257887132188E-29
   867.079572391      0.155679620783E-29
   873.362757698      0.110736148632E-29
   879.645943005      0.807033840935E-30
   885.929128312      0.486580830507E-30
   892.212313620      0.273891448960E-30
   898.495498927      0.188439076244E-30
   904.778684234      0.859870299266E-31
   911.061869541      0.346973826881E-31
   917.345054848      0.183489204074E-32
   923.628240155      0.769579159165E-32
   929.911425463      0.482945121666E-32
   936.194610770      0.133517245271E-35
   942.477796077      0.129027748112E-35
   948.760981384      0.124063301213E-35
   955.044166691      0.121447746159E-35
   961.327351998      0.119245667765E-35
   967.610537306      0.114791145611E-35
   973.893722613      0.110127690079E-35
   980.176907920      0.112355159076E-35
   986.460093227      0.107618742539E-35
   992.743278534      0.105131355914E-35
   999.026463842      0.105290933810E-35
   1005.30964915      0.104115568927E-35
   1011.59283446      0.897305244602E-36
   1017.87601976      0.916744270925E-36
   1024.15920507      0.892563963879E-36
   1030.44239038      0.814013558986E-36
   1036.72557568      0.873063911767E-36
   1043.00876099      0.776341284395E-36
   1049.29194630      0.776036390466E-36
   1055.57513161      0.727606184351E-36
   1061.85831691      0.724830289883E-36
   1068.14150222      0.749503204433E-36
   1074.42468753      0.646748706990E-36
   1080.70787283      0.645717055056E-36
   1086.99105814      0.619207586778E-36
   1093.27424345      0.591812395714E-36
   1099.55742876      0.607708395224E-36
   1105.84061406      0.534068038260E-36
   1112.12379937      0.557073024724E-36
   1118.40698468      0.495850936893E-36
   1124.69016999      0.503555817732E-36
   1130.97335529      0.437184753867E-36
   1137.25654060      0.378817956775E-36
   1143.53972591      0.338642669850E-36
   1149.82291121      0.302446386847E-36
   1156.10609652      0.285065927707E-36
   1162.38928183      0.265740521571E-36
   1168.67246714      0.251651558434E-36
   1174.95565244      0.226923973029E-36
   1181.23883775      0.218967678513E-36
   1187.52202306      0.199251939175E-36
   1193.80520836      0.187920481538E-36
   1200.08839367      0.177786480938E-36
   1206.37157898      0.173407517227E-36
   1212.65476429      0.152528637777E-36
   1218.93794959      0.150497571271E-36
   1225.22113490      0.139723953450E-36
   1231.50432021      0.129627780984E-36
   1237.78750551      0.107434297570E-36
   1244.07069082      0.105204360040E-36
   1250.35387613      0.985637614157E-37
   1256.63706144      0.921378916772E-37
   1262.92024674      0.807459046538E-37
   1269.20343205      0.792350799099E-37
   1275.48661736      0.676073856728E-37
   1281.76980266      0.654572357939E-37
   1288.05298797      0.608976742289E-37
   1294.33617328      0.592936890193E-37
   1300.61935859      0.492755961544E-37
   1306.90254389      0.411900679001E-37
   1313.18572920      0.444877720866E-37
   1319.46891451      0.409332224979E-37
   1325.75209981      0.331211668070E-37
   1332.03528512      0.251899147812E-37
   1338.31847043      0.216643676945E-37
   1344.60165574      0.224376681434E-37
   1350.88484104      0.198038555533E-37
   1357.16802635      0.127895168107E-37
   1363.45121166      0.767107919983E-38
   1369.73439697      0.858244356776E-38
   1376.01758227      0.556703201584E-38
   1382.30076758      0.385889150226E-38
   1388.58395289      0.873645580307E-39
   1394.86713819      0.241625583872E-39
   6.28318530718      0.236247836144E-40
   12.5663706144      0.926426008835E-03
   18.8495559215      0.367027366776E-03
   25.1327412287      0.299779965108E-03
   31.4159265359      0.849442203364E-04
   37.6991118431      0.294804604460E-04
   43.9822971503      0.664657043396E-05
   50.2654824574      0.570337689619E-05
   56.5486677646      0.201046740479E-05
   62.8318530718      0.814627481931E-06
   69.1150383790      0.310505151681E-06
   75.3982236862      0.984129573029E-07
   81.6814089933      0.508285228733E-07
   87.9645943005      0.214104859098E-07
   94.2477796077      0.108993017446E-07
   100.530964915      0.474201596573E-08
   106.814150222      0.200312982328E-08
   113.097335529      0.117637608863E-08
   119.380520836      0.477684172411E-09
   125.663706144      0.264054014457E-09
   131.946891451      0.141973226769E-09
   138.230076758      0.807562223173E-10
   144.513262065      0.495524664910E-10
   150.796447372      0.292054801565E-10
   157.079632679      0.216440279202E-10
   163.362817987      0.170650809163E-10
   169.646003294      0.926306759671E-11
   175.929188601      0.104665246107E-10
   182.212373908      0.554563005361E-11
   188.495559215      0.577985670423E-11
   194.778744523      0.230965057527E-11
   201.061929830      0.227009845837E-11
   207.345115137      0.958809441553E-12
   213.628300444      0.732256251175E-12
   219.911485751      0.456799651851E-12
   226.194671058      0.340501256662E-12
   232.477856366      0.221348688050E-12
   238.761041673      0.186712190234E-12
   245.044226980      0.139082971848E-12
   251.327412287      0.111966630322E-12
   257.610597594      0.685273836026E-13
   263.893782902      0.691596152712E-13
   270.176968209      0.368075019822E-13
   276.460153516      0.299475963141E-13
   282.743338823      0.215580640512E-13
   289.026524130      0.176361746447E-13
   295.309709437      0.105885927132E-13
   301.592894745      0.915737573601E-14
   307.876080052      0.620973725404E-14
   314.159265359      0.451566652981E-14
   320.442450666      0.271988678680E-14
   326.725635973      0.239781037722E-14
   333.008821281      0.127476214234E-14
   339.292006588      0.114639090223E-14
   345.575191895      0.586544462213E-15
   351.858377202      0.543156422461E-15
   358.141562509      0.271806929901E-15
   364.424747816      0.250350465513E-15
   370.707933124      0.140148497743E-15
   376.991118431      0.102897814905E-15
   383.274303738      0.680229779762E-16
   389.557489045      0.490733625738E-16
   395.840674352      0.304819510056E-16
   402.123859659      0.239340430149E-16
   408.407044967      0.149185303387E-16
   414.690230274      0.120623760226E-16
   420.973415581      0.705028725292E-17
   427.256600888      0.616616448450E-17
   433.539786195      0.351787986144E-17
   439.822971503      0.311840036374E-17
   446.106156810      0.174281342879E-17
   452.389342117      0.159580920109E-17
   458.672527424      0.891654637700E-18
   464.955712731      0.836376492019E-18
   471.238898038      0.462016387934E-18
   477.522083346      0.412690857166E-18
   483.805268653      0.235188160063E-18
   490.088453960      0.205855945540E-18
   496.371639267      0.119221362712E-18
   502.654824574      0.103353351478E-18
   508.938009882      0.615422162399E-19
   515.221195189      0.496691364601E-19
   521.504380496      0.310043828454E-19
   527.787565803      0.238610603186E-19
   534.070751110      0.270492020475E-19
   540.353936417      0.345634463424E-19
   546.637121725      0.578526873350E-20
   552.920307032      0.167939350728E-20
   559.203492339      0.564086299686E-21
   565.486677646      0.209338024652E-21
   571.769862953      0.107902708212E-21
   578.053048261      0.560094716450E-22
   584.336233568      0.363704209378E-22
   590.619418875      0.231658141514E-22
   596.902604182      0.152888324401E-22
   603.185789489      0.103511934917E-22
   609.468974796      0.653881376382E-23
   615.752160104      0.439378856383E-23
   622.035345411      0.298345401376E-23
   628.318530718      0.216719887667E-23
   634.601716025      0.143697266647E-23
   640.884901332      0.100913527865E-23
   647.168086639      0.726969153892E-24
   653.451271947      0.517458306658E-24
   659.734457254      0.374280010752E-24
   666.017642561      0.262982193161E-24
   672.300827868      0.182385336109E-24
   678.584013175      0.127891245254E-24
   684.867198483      0.913470235789E-25
   691.150383790      0.661238417885E-25
   697.433569097      0.458365833514E-25
   703.716754404      0.317410225628E-25
   709.999939711      0.230596787328E-25
   716.283125018      0.163885454869E-25
   722.566310326      0.112543199616E-25
   728.849495633      0.760530306529E-26
   735.132680940      0.587703875011E-26
   741.415866247      0.389455311484E-26
   747.699051554      0.280294774743E-26
   753.982236862      0.195976588939E-26
   760.265422169      0.129277082410E-26
   766.548607476      0.853566745353E-27
   772.831792783      0.551804467684E-27
   779.114978090      0.401428084319E-27
   785.398163397      0.277376094139E-27
   791.681348705      0.179257852822E-27
   797.964534012      0.111885000034E-27
   804.247719319      0.938957282898E-28
   810.530904626      0.554103175798E-28
   816.814089933      0.410426149721E-28
   823.097275241      0.274351917731E-28
   829.380460548      0.202416261282E-28
   835.663645855      0.134280367797E-28
   841.946831162      0.760216818548E-29
   848.230016469      0.567021481073E-29
   854.513201776      0.431800808788E-29
   860.796387084      0.257887304135E-29
   867.079572391      0.155679425668E-29
   873.362757698      0.110735786162E-29
   879.645943005      0.807035517016E-30
   885.929128312      0.486583941642E-30
   892.212313620      0.273889337949E-30
   898.495498927      0.188438148523E-30
   904.778684234      0.859894757171E-31
   911.061869541      0.346972042292E-31
   917.345054848      0.183481991931E-32
   923.628240155      0.769583610892E-32
   929.911425463      0.482945826316E-32
   936.194610770      0.129016146956E-35
   942.477796077      0.126283431415E-35
   948.760981384      0.120977881143E-35
   955.044166691      0.117175840169E-35
   961.327351998      0.114212921606E-35
   967.610537306      0.112994282053E-35
   973.893722613      0.110023690634E-35
   980.176907920      0.111923679095E-35
   986.460093227      0.109119526724E-35
   992.743278534      0.103432565591E-35
   999.026463842      0.103946356267E-35
   1005.30964915      0.104803655467E-35
   1011.59283446      0.939863550292E-36
   1017.87601976      0.913434267792E-36
   1024.15920507      0.905597864661E-36
   1030.44239038      0.817042315069E-36
   1036.72557568      0.918577651482E-36
   1043.00876099      0.813256491799E-36
   1049.29194630      0.822618445719E-36
   1055.57513161      0.774873156538E-36
   1061.85831691      0.737767225880E-36
   1068.14150222      0.762071049214E-36
   1074.42468753      0.642291319360E-36
   1080.70787283      0.635636306362E-36
   1086.99105814      0.611317032797E-36
   1093.27424345      0.585065701039E-36
   1099.55742876      0.602991830914E-36
   1105.84061406      0.514375033766E-36
   1112.12379937      0.544046268600E-36
   1118.40698468      0.476236399159E-36
   1124.69016999      0.504530813974E-36
   1130.97335529      0.422481153130E-36
   1137.25654060      0.378561774027E-36
   1143.53972591      0.340926204129E-36
   1149.82291121      0.299665265267E-36
   1156.10609652      0.284469033814E-36
   1162.38928183      0.260428842027E-36
   1168.67246714      0.247666742756E-36
   1174.95565244      0.226711704762E-36
   1181.23883775      0.213610044347E-36
   1187.52202306      0.192847879817E-36
   1193.80520836      0.183757792047E-36
   1200.08839367      0.173911443680E-36
   1206.37157898      0.166388032915E-36
   1212.65476429      0.150127186342E-36
   1218.93794959      0.144983028747E-36
   1225.22113490      0.137087026385E-36
   1231.50432021      0.125895616335E-36
   1237.78750551      0.111837428516E-36
   1244.07069082      0.111702532873E-36
   1250.35387613      0.104709242296E-36
   1256.63706144      0.952408012074E-37
   1262.92024674      0.862586148955E-37
   1269.20343205      0.802576609163E-37
   1275.48661736      0.668705916728E-37
   1281.76980266      0.642403863034E-37
   1288.05298797      0.579943883215E-37
   1294.33617328      0.547259848597E-37
   1300.61935859      0.489642794316E-37
   1306.90254389      0.422698229421E-37
   1313.18572920      0.442170413602E-37
   1319.46891451      0.383855228248E-37
   1325.75209981      0.307827969409E-37
   1332.03528512      0.234245342469E-37
   1338.31847043      0.178928429798E-37
   1344.60165574      0.219976897054E-37
   1350.88484104      0.212008992129E-37
   1357.16802635      0.145796621659E-37
   1363.45121166      0.790234214677E-38
   1369.73439697      0.995300458722E-38
   1376.01758227      0.634738944890E-38
   1382.30076758      0.381399295582E-38
   1388.58395289      0.116280920381E-38
   1394.86713819      0.232044327622E-39
   6.28318530718      0.293994423760E-40
   12.5663706144      0.906220983017E-03
   18.8495559215      0.369448545000E-03
   25.1327412287      0.304682547267E-03
   31.4159265359      0.896107003341E-04
   37.6991118431      0.333089611933E-04
   43.9822971503      0.791631646578E-05
   50.2654824574      0.656124852947E-05
   56.5486677646      0.266902256224E-05
   62.8318530718      0.107911552054E-05
   69.1150383790      0.471511943701E-06
   75.3982236862      0.156662185885E-06
   81.6814089933      0.887125823221E-07
   87.9645943005      0.396541658318E-07
   94.2477796077      0.207155730773E-07
   100.530964915      0.960555005130E-08
   106.814150222      0.435293497760E-08
   113.097335529      0.250069227284E-08
   119.380520836      0.988721877646E-09
   125.663706144      0.571262582297E-09
   131.946891451      0.247005078091E-09
   138.230076758      0.143962072726E-09
   144.513262065      0.720151118016E-10
   150.796447372      0.432134130089E-10
   157.079632679      0.276535451238E-10
   163.362817987      0.204933071110E-10
   169.646003294      0.106883794353E-10
   175.929188601      0.110405926883E-10
   182.212373908      0.558854462336E-11
   188.495559215      0.559557383914E-11
   194.778744523      0.222997476226E-11
   201.061929830      0.214325679493E-11
   207.345115137      0.941723411234E-12
   213.628300444      0.723967882360E-12
   219.911485751      0.455763694208E-12
   226.194671058      0.340229097905E-12
   232.477856366      0.220212680953E-12
   238.761041673      0.185463029963E-12
   245.044226980      0.137790229274E-12
   251.327412287      0.109867873906E-12
   257.610597594      0.665007818110E-13
   263.893782902      0.670441867154E-13
   270.176968209      0.358849271256E-13
   276.460153516      0.287002138324E-13
   282.743338823      0.206845140883E-13
   289.026524130      0.172035126082E-13
   295.309709437      0.102745300724E-13
   301.592894745      0.874803310757E-14
   307.876080052      0.595656183485E-14
   314.159265359      0.429382232759E-14
   320.442450666      0.259356193721E-14
   326.725635973      0.226948385284E-14
   333.008821281      0.121451020857E-14
   339.292006588      0.108649776795E-14
   345.575191895      0.558982423052E-15
   351.858377202      0.515457531354E-15
   358.141562509      0.259544604465E-15
   364.424747816      0.238080229692E-15
   370.707933124      0.133604103511E-15
   376.991118431      0.985545570200E-16
   383.274303738      0.649402727516E-16
   389.557489045      0.471302271247E-16
   395.840674352      0.292424899181E-16
   402.123859659      0.230263733102E-16
   408.407044967      0.143584004899E-16
   414.690230274      0.116281035128E-16
   420.973415581      0.680440270873E-17
   427.256600888      0.595947176925E-17
   433.539786195      0.340016267733E-17
   439.822971503      0.301898414088E-17
   446.106156810      0.168798427604E-17
   452.389342117      0.154637603110E-17
   458.672527424      0.864563629571E-18
   464.955712731      0.810697769954E-18
   471.238898038      0.448231344175E-18
   477.522083346      0.400237663283E-18
   483.805268653      0.228223224055E-18
   490.088453960      0.199681106873E-18
   496.371639267      0.115699913551E-18
   502.654824574      0.100183894617E-18
   508.938009882      0.597036829769E-19
   515.221195189      0.481519832269E-19
   521.504380496      0.302361187642E-19
   527.787565803      0.234298691590E-19
   534.070751110      0.265678751671E-19
   540.353936417      0.332430905869E-19
   546.637121725      0.550599755992E-20
   552.920307032      0.160444824804E-20
   559.203492339      0.538008678967E-21
   565.486677646      0.201784642643E-21
   571.769862953      0.104537689125E-21
   578.053048261      0.548541096397E-22
   584.336233568      0.358401235243E-22
   590.619418875      0.229246586647E-22
   596.902604182      0.151979608723E-22
   603.185789489      0.103028476069E-22
   609.468974796      0.654884318095E-23
   615.752160104      0.441349514901E-23
   622.035345411      0.300860452237E-23
   628.318530718      0.218472874152E-23
   634.601716025      0.144855893490E-23
   640.884901332      0.101554938782E-23
   647.168086639      0.730094261094E-24
   653.451271947      0.518544553113E-24
   659.734457254      0.374439741377E-24
   666.017642561      0.263029847150E-24
   672.300827868      0.182395324231E-24
   678.584013175      0.127891244150E-24
   684.867198483      0.913470226002E-25
   691.150383790      0.661238407517E-25
   697.433569097      0.458365833194E-25
   703.716754404      0.317410229143E-25
   709.999939711      0.230596784337E-25
   716.283125018      0.163885463250E-25
   722.566310326      0.112543195595E-25
   728.849495633      0.760530329195E-26
   735.132680940      0.587703881768E-26
   741.415866247      0.389455349508E-26
   747.699051554      0.280294783357E-26
   753.982236862      0.195976592816E-26
   760.265422169      0.129277093076E-26
   766.548607476      0.853566820995E-27
   772.831792783      0.551804335403E-27
   779.114978090      0.401428003379E-27
   785.398163397      0.277376047342E-27
   791.681348705      0.179257851649E-27
   797.964534012      0.111885003754E-27
   804.247719319      0.938958187991E-28
   810.530904626      0.554102851906E-28
   816.814089933      0.410426257097E-28
   823.097275241      0.274351707930E-28
   829.380460548      0.202416380934E-28
   835.663645855      0.134280248314E-28
   841.946831162      0.760216549360E-29
   848.230016469      0.567021526812E-29
   854.513201776      0.431800558808E-29
   860.796387084      0.257887207586E-29
   867.079572391      0.155679071943E-29
   873.362757698      0.110735628047E-29
   879.645943005      0.807036032524E-30
   885.929128312      0.486586362251E-30
   892.212313620      0.273886152619E-30
   898.495498927      0.188437071281E-30
   904.778684234      0.859885722061E-31
   911.061869541      0.346975585036E-31
   917.345054848      0.183494568242E-32
   923.628240155      0.769582342390E-32
   929.911425463      0.482928525730E-32
   936.194610770      0.126207742694E-35
   942.477796077      0.127101929046E-35
   948.760981384      0.122289773518E-35
   955.044166691      0.119783293441E-35
   961.327351998      0.121839116608E-35
   967.610537306      0.118391205442E-35
   973.893722613      0.110682878514E-35
   980.176907920      0.112583048603E-35
   986.460093227      0.105153841878E-35
   992.743278534      0.106597542246E-35
   999.026463842      0.978758461651E-36
   1005.30964915      0.103459237881E-35
   1011.59283446      0.901758588589E-36
   1017.87601976      0.889367196742E-36
   1024.15920507      0.877478360372E-36
   1030.44239038      0.797459407027E-36
   1036.72557568      0.910673270345E-36
   1043.00876099      0.787279092797E-36
   1049.29194630      0.806257784372E-36
   1055.57513161      0.746002459873E-36
   1061.85831691      0.712730506775E-36
   1068.14150222      0.744766846530E-36
   1074.42468753      0.618159336144E-36
   1080.70787283      0.654600507100E-36
   1086.99105814      0.618118644648E-36
   1093.27424345      0.579174785916E-36
   1099.55742876      0.605067937362E-36
   1105.84061406      0.519873375140E-36
   1112.12379937      0.554498605309E-36
   1118.40698468      0.486618187668E-36
   1124.69016999      0.491051705454E-36
   1130.97335529      0.422141790128E-36
   1137.25654060      0.376035912526E-36
   1143.53972591      0.342999955841E-36
   1149.82291121      0.304797953390E-36
   1156.10609652      0.281925720102E-36
   1162.38928183      0.262851558899E-36
   1168.67246714      0.250482171183E-36
   1174.95565244      0.227926067732E-36
   1181.23883775      0.219873258629E-36
   1187.52202306      0.201365677095E-36
   1193.80520836      0.191568652767E-36
   1200.08839367      0.180388885699E-36
   1206.37157898      0.169945873093E-36
   1212.65476429      0.151047813784E-36
   1218.93794959      0.140897090379E-36
   1225.22113490      0.134846330163E-36
   1231.50432021      0.126893946073E-36
   1237.78750551      0.109507984521E-36
   1244.07069082      0.107325399725E-36
   1250.35387613      0.980549925860E-37
   1256.63706144      0.918215595770E-37
   1262.92024674      0.803605777470E-37
   1269.20343205      0.775802711169E-37
   1275.48661736      0.683884428562E-37
   1281.76980266      0.668286254667E-37
   1288.05298797      0.582474913131E-37
   1294.33617328      0.560154145885E-37
   1300.61935859      0.505891116275E-37
   1306.90254389      0.426469286119E-37
   1313.18572920      0.421224550613E-37
   1319.46891451      0.370667409919E-37
   1325.75209981      0.308208668599E-37
   1332.03528512      0.247367023460E-37
   1338.31847043      0.205133409488E-37
   1344.60165574      0.197585930133E-37
   1350.88484104      0.162971006364E-37
   1357.16802635      0.114848063116E-37
   1363.45121166      0.761353433750E-38
   1369.73439697      0.964790817993E-38
   1376.01758227      0.622172723915E-38
   1382.30076758      0.334760718167E-38
   1388.58395289      0.556093614284E-39
   1394.86713819      0.906515290111E-40
   6.28318530718      0.174353162429E-40
   12.5663706144      0.886149803344E-03
   18.8495559215      0.371288180057E-03
   25.1327412287      0.308930014438E-03
   31.4159265359      0.943448370376E-04
   37.6991118431      0.371873479397E-04
   43.9822971503      0.952812338835E-05
   50.2654824574      0.752492058927E-05
   56.5486677646      0.348078844999E-05
   62.8318530718      0.143512107348E-05
   69.1150383790      0.695568808978E-06
   75.3982236862      0.250835728426E-06
   81.6814089933      0.151659575377E-06
   87.9645943005      0.729776263885E-07
   94.2477796077      0.395956731875E-07
   100.530964915      0.198997306076E-07
   106.814150222      0.101229665541E-07
   113.097335529      0.592172418435E-08
   119.380520836      0.254531794203E-08
   125.663706144      0.151755767849E-08
   131.946891451      0.661520812419E-09
   138.230076758      0.377025512712E-09
   144.513262065      0.174261765903E-09
   150.796447372      0.101683873568E-09
   157.079632679      0.540798388362E-10
   163.362817987      0.346661486513E-10
   169.646003294      0.166931204227E-10
   175.929188601      0.138898927435E-10
   182.212373908      0.672320165617E-11
   188.495559215      0.599241696876E-11
   194.778744523      0.244376588736E-11
   201.061929830      0.219410384812E-11
   207.345115137      0.101589703596E-11
   213.628300444      0.763014001335E-12
   219.911485751      0.478664330300E-12
   226.194671058      0.350487332573E-12
   232.477856366      0.225087348021E-12
   238.761041673      0.186944164513E-12
   245.044226980      0.137418123903E-12
   251.327412287      0.108067342466E-12
   257.610597594      0.647853919458E-13
   263.893782902      0.649122684730E-13
   270.176968209      0.350069714211E-13
   276.460153516      0.274781092489E-13
   282.743338823      0.198569313076E-13
   289.026524130      0.168128765541E-13
   295.309709437      0.999046501261E-14
   301.592894745      0.835318120987E-14
   307.876080052      0.570983898791E-14
   314.159265359      0.408031880766E-14
   320.442450666      0.247249675263E-14
   326.725635973      0.215036836153E-14
   333.008821281      0.115932692187E-14
   339.292006588      0.103155142446E-14
   345.575191895      0.534168175865E-15
   351.858377202      0.490192419495E-15
   358.141562509      0.248436730850E-15
   364.424747816      0.226926725670E-15
   370.707933124      0.127635910926E-15
   376.991118431      0.945957856382E-16
   383.274303738      0.621210605785E-16
   389.557489045      0.453490196734E-16
   395.840674352      0.281071012169E-16
   402.123859659      0.221901643464E-16
   408.407044967      0.138431763659E-16
   414.690230274      0.112258639357E-16
   420.973415581      0.657868901385E-17
   427.256600888      0.576630650359E-17
   433.539786195      0.329181640276E-17
   439.822971503      0.292535853781E-17
   446.106156810      0.163726191961E-17
   452.389342117      0.149952815421E-17
   458.672527424      0.839328751445E-18
   464.955712731      0.786272916644E-18
   471.238898038      0.435277775094E-18
   477.522083346      0.388369535414E-18
   483.805268653      0.221636906375E-18
   490.088453960      0.193793886364E-18
   496.371639267      0.112359453654E-18
   502.654824574      0.971661872422E-19
   508.938009882      0.579633398455E-19
   515.221195189      0.467218296646E-19
   521.504380496      0.295111938473E-19
   527.787565803      0.230191819875E-19
   534.070751110      0.260784154645E-19
   540.353936417      0.319791379160E-19
   546.637121725      0.524640979831E-20
   552.920307032      0.153473719794E-20
   559.203492339      0.513870225830E-21
   565.486677646      0.194923486171E-21
   571.769862953      0.101451379662E-21
   578.053048261      0.538016548852E-22
   584.336233568      0.353592421421E-22
   590.619418875      0.227021272940E-22
   596.902604182      0.151161892601E-22
   603.185789489      0.102594469442E-22
   609.468974796      0.656292755544E-23
   615.752160104      0.443526686809E-23
   622.035345411      0.303444914635E-23
   628.318530718      0.220464819716E-23
   634.601716025      0.146157067697E-23
   640.884901332      0.102288992054E-23
   647.168086639      0.734233565486E-24
   653.451271947      0.520001872666E-24
   659.734457254      0.374759513424E-24
   666.017642561      0.263113919925E-24
   672.300827868      0.182415059505E-24
   678.584013175      0.127891241472E-24
   684.867198483      0.913470205265E-25
   691.150383790      0.661238427107E-25
   697.433569097      0.458365847846E-25
   703.716754404      0.317410230599E-25
   709.999939711      0.230596786550E-25
   716.283125018      0.163885464140E-25
   722.566310326      0.112543192585E-25
   728.849495633      0.760530326205E-26
   735.132680940      0.587703861696E-26
   741.415866247      0.389455309402E-26
   747.699051554      0.280294777927E-26
   753.982236862      0.195976600580E-26
   760.265422169      0.129277089384E-26
   766.548607476      0.853566861584E-27
   772.831792783      0.551804381421E-27
   779.114978090      0.401428045592E-27
   785.398163397      0.277376048594E-27
   791.681348705      0.179257834370E-27
   797.964534012      0.111885028550E-27
   804.247719319      0.938958012543E-28
   810.530904626      0.554102982011E-28
   816.814089933      0.410426209098E-28
   823.097275241      0.274351906202E-28
   829.380460548      0.202416238676E-28
   835.663645855      0.134280311831E-28
   841.946831162      0.760216283223E-29
   848.230016469      0.567021633888E-29
   854.513201776      0.431801321516E-29
   860.796387084      0.257887102338E-29
   867.079572391      0.155679985213E-29
   873.362757698      0.110735616069E-29
   879.645943005      0.807034918607E-30
   885.929128312      0.486583664366E-30
   892.212313620      0.273886063197E-30
   898.495498927      0.188439847381E-30
   904.778684234      0.859888150364E-31
   911.061869541      0.346976766470E-31
   917.345054848      0.183502502460E-32
   923.628240155      0.769578759622E-32
   929.911425463      0.482907951289E-32
   936.194610770      0.127705744856E-35
   942.477796077      0.125922502133E-35
   948.760981384      0.124624742804E-35
   955.044166691      0.118735839067E-35
   961.327351998      0.119558447984E-35
   967.610537306      0.115711412553E-35
   973.893722613      0.108896207779E-35
   980.176907920      0.109729503410E-35
   986.460093227      0.107609741702E-35
   992.743278534      0.106032505068E-35
   999.026463842      0.101602725136E-35
   1005.30964915      0.105491571237E-35
   1011.59283446      0.916578900502E-36
   1017.87601976      0.957667304974E-36
   1024.15920507      0.921183960150E-36
   1030.44239038      0.795607559617E-36
   1036.72557568      0.905403122592E-36
   1043.00876099      0.797008255922E-36
   1049.29194630      0.819030881016E-36
   1055.57513161      0.756820500539E-36
   1061.85831691      0.717062353152E-36
   1068.14150222      0.766714218481E-36
   1074.42468753      0.688912234084E-36
   1080.70787283      0.669309711534E-36
   1086.99105814      0.657378805213E-36
   1093.27424345      0.596245279787E-36
   1099.55742876      0.610525393160E-36
   1105.84061406      0.539334384617E-36
   1112.12379937      0.560700413321E-36
   1118.40698468      0.479565893815E-36
   1124.69016999      0.492982145639E-36
   1130.97335529      0.464225539115E-36
   1137.25654060      0.384436334570E-36
   1143.53972591      0.342397731022E-36
   1149.82291121      0.304306802683E-36
   1156.10609652      0.285843339031E-36
   1162.38928183      0.260199804369E-36
   1168.67246714      0.245355396998E-36
   1174.95565244      0.225175624397E-36
   1181.23883775      0.217341090680E-36
   1187.52202306      0.199225889970E-36
   1193.80520836      0.183722011839E-36
   1200.08839367      0.170401911905E-36
   1206.37157898      0.165255838230E-36
   1212.65476429      0.152035993582E-36
   1218.93794959      0.146135804018E-36
   1225.22113490      0.135964257908E-36
   1231.50432021      0.126950770567E-36
   1237.78750551      0.110665014773E-36
   1244.07069082      0.105166002244E-36
   1250.35387613      0.995356914543E-37
   1256.63706144      0.933271369311E-37
   1262.92024674      0.817644390528E-37
   1269.20343205      0.804331286554E-37
   1275.48661736      0.705647099963E-37
   1281.76980266      0.683598954439E-37
   1288.05298797      0.649349807888E-37
   1294.33617328      0.634407295876E-37
   1300.61935859      0.533264274787E-37
   1306.90254389      0.459216952372E-37
   1313.18572920      0.437455375060E-37
   1319.46891451      0.361680081385E-37
   1325.75209981      0.295640472857E-37
   1332.03528512      0.257093448574E-37
   1338.31847043      0.192956045237E-37
   1344.60165574      0.202379374540E-37
   1350.88484104      0.178148149588E-37
   1357.16802635      0.141234733942E-37
   1363.45121166      0.924055689532E-38
   1369.73439697      0.115796409005E-37
   1376.01758227      0.790126647372E-38
   1382.30076758      0.345532524880E-38
   1388.58395289      0.102517224052E-38
   1394.86713819      0.483398845141E-40
   6.28318530718      0.306378356276E-40
   12.5663706144      0.866300069902E-03
   18.8495559215      0.372590275410E-03
   25.1327412287      0.312534646792E-03
   31.4159265359      0.990445875626E-04
   37.6991118431      0.410293595670E-04
   43.9822971503      0.114769383977E-04
   50.2654824574      0.859848115188E-05
   56.5486677646      0.442816933837E-05
   62.8318530718      0.189146489356E-05
   69.1150383790      0.986410746911E-06
   75.3982236862      0.392143167090E-06
   81.6814089933      0.247177108807E-06
   87.9645943005      0.126804722896E-06
   94.2477796077      0.721979946335E-07
   100.530964915      0.390178131655E-07
   106.814150222      0.220488127766E-07
   113.097335529      0.134447585837E-07
   119.380520836      0.646271800088E-08
   125.663706144      0.398056972196E-08
   131.946891451      0.196319226878E-08
   138.230076758      0.112421299050E-08
   144.513262065      0.566940529912E-09
   150.796447372      0.326713380296E-09
   157.079632679      0.171648583398E-09
   163.362817987      0.101043151169E-09
   169.646003294      0.483265278673E-10
   175.929188601      0.299330513506E-10
   182.212373908      0.147245492735E-10
   188.495559215      0.996587138550E-11
   194.778744523      0.440925706956E-11
   201.061929830      0.320890562102E-11
   207.345115137      0.157093595601E-11
   213.628300444      0.105088576903E-11
   219.911485751      0.625698560422E-12
   226.194671058      0.421642036260E-12
   232.477856366      0.262697634401E-12
   238.761041673      0.205550392141E-12
   245.044226980      0.145141056530E-12
   251.327412287      0.110704336497E-12
   257.610597594      0.655256649091E-13
   263.893782902      0.639467712756E-13
   270.176968209      0.347600543442E-13
   276.460153516      0.266317066333E-13
   282.743338823      0.192647178386E-13
   289.026524130      0.165495691184E-13
   295.309709437      0.978079478513E-14
   301.592894745      0.800135942180E-14
   307.876080052      0.548192791297E-14
   314.159265359      0.388432162564E-14
   320.442450666      0.236172086983E-14
   326.725635973      0.204298260734E-14
   333.008821281      0.111033087739E-14
   339.292006588      0.981992301909E-15
   345.575191895      0.512181156204E-15
   351.858377202      0.467291846723E-15
   358.141562509      0.238455742831E-15
   364.424747816      0.216819864592E-15
   370.707933124      0.122214792065E-15
   376.991118431      0.909931106190E-16
   383.274303738      0.595466582776E-16
   389.557489045      0.437158310886E-16
   395.840674352      0.270676173728E-16
   402.123859659      0.214192395255E-16
   408.407044967      0.133693346597E-16
   414.690230274      0.108526879545E-16
   420.973415581      0.637155639783E-17
   427.256600888      0.558529186177E-17
   433.539786195      0.319200498187E-17
   439.822971503      0.283691217994E-17
   446.106156810      0.159030579579E-17
   452.389342117      0.145500534088E-17
   458.672527424      0.815805530996E-18
   464.955712731      0.762994597751E-18
   471.238898038      0.423095623118E-18
   477.522083346      0.377048383740E-18
   483.805268653      0.215406059740E-18
   490.088453960      0.188179372264E-18
   496.371639267      0.109191906967E-18
   502.654824574      0.942952076498E-19
   508.938009882      0.563176024173E-19
   515.221195189      0.453748082232E-19
   521.504380496      0.288267260256E-19
   527.787565803      0.226269028062E-19
   534.070751110      0.255814981793E-19
   540.353936417      0.307716465129E-19
   546.637121725      0.500633660689E-20
   552.920307032      0.147003143638E-20
   559.203492339      0.491612114791E-21
   565.486677646      0.188734309032E-21
   571.769862953      0.986352580982E-22
   578.053048261      0.528472945989E-22
   584.336233568      0.349161109980E-22
   590.619418875      0.225012659613E-22
   596.902604182      0.150466101188E-22
   603.185789489      0.102236365542E-22
   609.468974796      0.658006883678E-23
   615.752160104      0.445866701620E-23
   622.035345411      0.306228820786E-23
   628.318530718      0.222631901227E-23
   634.601716025      0.147564978975E-23
   640.884901332      0.103130532723E-23
   647.168086639      0.739208384800E-24
   653.451271947      0.521990428313E-24
   659.734457254      0.375384801812E-24
   666.017642561      0.263255110541E-24
   672.300827868      0.182440895030E-24
   678.584013175      0.127891244571E-24
   684.867198483      0.913470221833E-25
   691.150383790      0.661238425959E-25
   697.433569097      0.458365827552E-25
   703.716754404      0.317410241918E-25
   709.999939711      0.230596784550E-25
   716.283125018      0.163885459877E-25
   722.566310326      0.112543195693E-25
   728.849495633      0.760530317658E-26
   735.132680940      0.587703874895E-26
   741.415866247      0.389455291325E-26
   747.699051554      0.280294782949E-26
   753.982236862      0.195976618426E-26
   760.265422169      0.129277092566E-26
   766.548607476      0.853566998525E-27
   772.831792783      0.551804443518E-27
   779.114978090      0.401428038429E-27
   785.398163397      0.277376098397E-27
   791.681348705      0.179257854694E-27
   797.964534012      0.111885001732E-27
   804.247719319      0.938957904266E-28
   810.530904626      0.554102784970E-28
   816.814089933      0.410426277713E-28
   823.097275241      0.274351848671E-28
   829.380460548      0.202416390821E-28
   835.663645855      0.134280504123E-28
   841.946831162      0.760215530589E-29
   848.230016469      0.567022139796E-29
   854.513201776      0.431802772775E-29
   860.796387084      0.257886800753E-29
   867.079572391      0.155679977297E-29
   873.362757698      0.110735907265E-29
   879.645943005      0.807029962354E-30
   885.929128312      0.486585646254E-30
   892.212313620      0.273887387921E-30
   898.495498927      0.188439013625E-30
   904.778684234      0.859881134246E-31
   911.061869541      0.346975424887E-31
   917.345054848      0.183503106991E-32
   923.628240155      0.769616390732E-32
   929.911425463      0.482908689953E-32
   936.194610770      0.128709531150E-35
   942.477796077      0.126136222469E-35
   948.760981384      0.124344587585E-35
   955.044166691      0.120392952079E-35
   961.327351998      0.117769563599E-35
   967.610537306      0.114368969999E-35
   973.893722613      0.110646994045E-35
   980.176907920      0.109487793659E-35
   986.460093227      0.106182300575E-35
   992.743278534      0.107443781171E-35
   999.026463842      0.103329581984E-35
   1005.30964915      0.103783629233E-35
   1011.59283446      0.909579516331E-36
   1017.87601976      0.901058703327E-36
   1024.15920507      0.887201487517E-36
   1030.44239038      0.794132761681E-36
   1036.72557568      0.858446885256E-36
   1043.00876099      0.762376166310E-36
   1049.29194630      0.790096646721E-36
   1055.57513161      0.758966921836E-36
   1061.85831691      0.737230898299E-36
   1068.14150222      0.772427532329E-36
   1074.42468753      0.644897218768E-36
   1080.70787283      0.654075159393E-36
   1086.99105814      0.635311649314E-36
   1093.27424345      0.595582864969E-36
   1099.55742876      0.575923831168E-36
   1105.84061406      0.512791603868E-36
   1112.12379937      0.576392769247E-36
   1118.40698468      0.503668968506E-36
   1124.69016999      0.514926665681E-36
   1130.97335529      0.439906449602E-36
   1137.25654060      0.382334217442E-36
   1143.53972591      0.343653178484E-36
   1149.82291121      0.310017882276E-36
   1156.10609652      0.291750207336E-36
   1162.38928183      0.262625030102E-36
   1168.67246714      0.251801713686E-36
   1174.95565244      0.229176257475E-36
   1181.23883775      0.218096279976E-36
   1187.52202306      0.201749566698E-36
   1193.80520836      0.188489819018E-36
   1200.08839367      0.175437766921E-36
   1206.37157898      0.164512142711E-36
   1212.65476429      0.148346757898E-36
   1218.93794959      0.142133273655E-36
   1225.22113490      0.134321483096E-36
   1231.50432021      0.126832871330E-36
   1237.78750551      0.111879322338E-36
   1244.07069082      0.105842518479E-36
   1250.35387613      0.994022621936E-37
   1256.63706144      0.925770318326E-37
   1262.92024674      0.825226653791E-37
   1269.20343205      0.783979311582E-37
   1275.48661736      0.679126232068E-37
   1281.76980266      0.697570495438E-37
   1288.05298797      0.586232195908E-37
   1294.33617328      0.526692960230E-37
   1300.61935859      0.448840180266E-37
   1306.90254389      0.390310488418E-37
   1313.18572920      0.403291853655E-37
   1319.46891451      0.377975910970E-37
   1325.75209981      0.323176154676E-37
   1332.03528512      0.275460202410E-37
   1338.31847043      0.230487179995E-37
   1344.60165574      0.224315597142E-37
   1350.88484104      0.179836873229E-37
   1357.16802635      0.126038746064E-37
   1363.45121166      0.701898092150E-38
   1369.73439697      0.812692430792E-38
   1376.01758227      0.577714056492E-38
   1382.30076758      0.276053166186E-38
   1388.58395289      0.499644621634E-39
   1394.86713819      0.127518329599E-39
   6.28318530718      0.118886226929E-40
   12.5663706144      0.846741608402E-03
   18.8495559215      0.373396816344E-03
   25.1327412287      0.315521548215E-03
   31.4159265359      0.103623600781E-03
   37.6991118431      0.447776059110E-04
   43.9822971503      0.137474187309E-04
   50.2654824574      0.978794622113E-05
   56.5486677646      0.547772659499E-05
   62.8318530718      0.245173539248E-05
   69.1150383790      0.134406009905E-05
   75.3982236862      0.590266244775E-06
   81.6814089933      0.380510900007E-06
   87.9645943005      0.205025259484E-06
   94.2477796077      0.122872236301E-06
   100.530964915      0.704827388890E-07
   106.814150222      0.430229160166E-07
   113.097335529      0.274644031624E-07
   119.380520836      0.145994886091E-07
   125.663706144      0.932713557096E-08
   131.946891451      0.514319720471E-08
   138.230076758      0.306414951424E-08
   144.513262065      0.171184055255E-08
   150.796447372      0.101758269404E-08
   157.079632679      0.573096480983E-09
   163.362817987      0.344362078738E-09
   169.646003294      0.178267677482E-09
   175.929188601      0.101212588809E-09
   182.212373908      0.543468030121E-10
   188.495559215      0.317076451204E-10
   194.778744523      0.158556338937E-10
   201.061929830      0.958805974961E-11
   207.345115137      0.500510580644E-11
   213.628300444      0.291472030192E-11
   219.911485751      0.160652108723E-11
   226.194671058      0.928601269218E-12
   232.477856366      0.539481080116E-12
   238.761041673      0.353307066277E-12
   245.044226980      0.218663654834E-12
   251.327412287      0.150406601193E-12
   257.610597594      0.859560043155E-13
   263.893782902      0.736118005948E-13
   270.176968209      0.401187139168E-13
   276.460153516      0.289436040707E-13
   282.743338823      0.204026585999E-13
   289.026524130      0.171956873371E-13
   295.309709437      0.100633064107E-13
   301.592894745      0.792904597160E-14
   307.876080052      0.539576861639E-14
   314.159265359      0.377688862909E-14
   320.442450666      0.229982112746E-14
   326.725635973      0.196744014371E-14
   333.008821281      0.107860240263E-14
   339.292006588      0.943455980849E-15
   345.575191895      0.495843058938E-15
   351.858377202      0.448240916079E-15
   358.141562509      0.230382467532E-15
   364.424747816      0.208145454167E-15
   370.707933124      0.117547256094E-15
   376.991118431      0.878544528199E-16
   383.274303738      0.572678212517E-16
   389.557489045      0.422585981800E-16
   395.840674352      0.261330615711E-16
   402.123859659      0.207203327971E-16
   408.407044967      0.129372311022E-16
   414.690230274      0.105093249326E-16
   420.973415581      0.618251376037E-17
   427.256600888      0.541608488695E-17
   433.539786195      0.310024501084E-17
   439.822971503      0.275315379261E-17
   446.106156810      0.154688621711E-17
   452.389342117      0.141255541932E-17
   458.672527424      0.793876765065E-18
   464.955712731      0.740748696878E-18
   471.238898038      0.411624886599E-18
   477.522083346      0.366232466664E-18
   483.805268653      0.209505157074E-18
   490.088453960      0.182819343700E-18
   496.371639267      0.106187237878E-18
   502.654824574      0.915632190841E-19
   508.938009882      0.547609924393E-19
   515.221195189      0.441057878785E-19
   521.504380496      0.281791003201E-19
   527.787565803      0.222506289708E-19
   534.070751110      0.250775559331E-19
   540.353936417      0.296198173796E-19
   546.637121725      0.478531397513E-20
   552.920307032      0.141013028000E-20
   559.203492339      0.471122913710E-21
   565.486677646      0.183159664380E-21
   571.769862953      0.960825052845E-22
   578.053048261      0.519895580715E-22
   584.336233568      0.345132244680E-22
   590.619418875      0.223243593538E-22
   596.902604182      0.149880791367E-22
   603.185789489      0.101959468565E-22
   609.468974796      0.660144990425E-23
   615.752160104      0.448444270979E-23
   622.035345411      0.309249130066E-23
   628.318530718      0.224969748627E-23
   634.601716025      0.149118367895E-23
   640.884901332      0.104100295969E-23
   647.168086639      0.744754886680E-24
   653.451271947      0.524585448063E-24
   659.734457254      0.376346254719E-24
   666.017642561      0.263436843075E-24
   672.300827868      0.182472979442E-24
   678.584013175      0.127892340445E-24
   684.867198483      0.913470210897E-25
   691.150383790      0.661238418124E-25
   697.433569097      0.458365837879E-25
   703.716754404      0.317410241109E-25
   709.999939711      0.230596784322E-25
   716.283125018      0.163885453330E-25
   722.566310326      0.112543180951E-25
   728.849495633      0.760530336359E-26
   735.132680940      0.587703814188E-26
   741.415866247      0.389455275348E-26
   747.699051554      0.280294766316E-26
   753.982236862      0.195976613955E-26
   760.265422169      0.129277108613E-26
   766.548607476      0.853567043333E-27
   772.831792783      0.551804308921E-27
   779.114978090      0.401428109820E-27
   785.398163397      0.277376084207E-27
   791.681348705      0.179257877605E-27
   797.964534012      0.111884999205E-27
   804.247719319      0.938957928230E-28
   810.530904626      0.554102793169E-28
   816.814089933      0.410426654163E-28
   823.097275241      0.274351818232E-28
   829.380460548      0.202416332721E-28
   835.663645855      0.134280516603E-28
   841.946831162      0.760215739191E-29
   848.230016469      0.567022190511E-29
   854.513201776      0.431802405151E-29
   860.796387084      0.257886452980E-29
   867.079572391      0.155679715364E-29
   873.362757698      0.110736091656E-29
   879.645943005      0.807029528066E-30
   885.929128312      0.486584466979E-30
   892.212313620      0.273890607301E-30
   898.495498927      0.188436095491E-30
   904.778684234      0.859888781225E-31
   911.061869541      0.346969673119E-31
   917.345054848      0.183487636688E-32
   923.628240155      0.769608546767E-32
   929.911425463      0.482923254819E-32
   936.194610770      0.138021570291E-35
   942.477796077      0.133003006790E-35
   948.760981384      0.124164289778E-35
   955.044166691      0.117874946019E-35
   961.327351998      0.120205806871E-35
   967.610537306      0.118939908059E-35
   973.893722613      0.118196346678E-35
   980.176907920      0.117955328886E-35
   986.460093227      0.110276735814E-35
   992.743278534      0.108565171826E-35
   999.026463842      0.102325334258E-35
   1005.30964915      0.102826365188E-35
   1011.59283446      0.918618515191E-36
   1017.87601976      0.929884647795E-36
   1024.15920507      0.894310661248E-36
   1030.44239038      0.815788278121E-36
   1036.72557568      0.897812485252E-36
   1043.00876099      0.773341671342E-36
   1049.29194630      0.793905420893E-36
   1055.57513161      0.758887884847E-36
   1061.85831691      0.729430462209E-36
   1068.14150222      0.773594207264E-36
   1074.42468753      0.674379932845E-36
   1080.70787283      0.682595164805E-36
   1086.99105814      0.639910466271E-36
   1093.27424345      0.590837019624E-36
   1099.55742876      0.576787971284E-36
   1105.84061406      0.519356325112E-36
   1112.12379937      0.566492784722E-36
   1118.40698468      0.466167058910E-36
   1124.69016999      0.499679498952E-36
   1130.97335529      0.432823493604E-36
   1137.25654060      0.379243180522E-36
   1143.53972591      0.337184778116E-36
   1149.82291121      0.299134699978E-36
   1156.10609652      0.284888610076E-36
   1162.38928183      0.266918589440E-36
   1168.67246714      0.247088424068E-36
   1174.95565244      0.225963913074E-36
   1181.23883775      0.215326727744E-36
   1187.52202306      0.199127796441E-36
   1193.80520836      0.191743502564E-36
   1200.08839367      0.176416042897E-36
   1206.37157898      0.165061426810E-36
   1212.65476429      0.149446046859E-36
   1218.93794959      0.144046097902E-36
   1225.22113490      0.135798450885E-36
   1231.50432021      0.127658681920E-36
   1237.78750551      0.110740437284E-36
   1244.07069082      0.108118143561E-36
   1250.35387613      0.101470100760E-36
   1256.63706144      0.978940130890E-37
   1262.92024674      0.828475426827E-37
   1269.20343205      0.783370754273E-37
   1275.48661736      0.665521437328E-37
   1281.76980266      0.629010948578E-37
   1288.05298797      0.574675445669E-37
   1294.33617328      0.544445640639E-37
   1300.61935859      0.445687173764E-37
   1306.90254389      0.370648211774E-37
   1313.18572920      0.373067670842E-37
   1319.46891451      0.352439152289E-37
   1325.75209981      0.295342162051E-37
   1332.03528512      0.234054744687E-37
   1338.31847043      0.183871891315E-37
   1344.60165574      0.218753211208E-37
   1350.88484104      0.180848167324E-37
   1357.16802635      0.123625926193E-37
   1363.45121166      0.721360616962E-38
   1369.73439697      0.819439399780E-38
   1376.01758227      0.521751717645E-38
   1382.30076758      0.236398387915E-38
   1388.58395289      0.721624900759E-39
   1394.86713819      0.829038437700E-40
   6.28318530718      0.293119359343E-40
   12.5663706144      0.827526133412E-03
   18.8495559215      0.373744290151E-03
   25.1327412287      0.317923286165E-03
   31.4159265359      0.108011972453E-03
   37.6991118431      0.484078934378E-04
   43.9822971503      0.163149424500E-04
   50.2654824574      0.111003822770E-04
   56.5486677646      0.658588057394E-05
   62.8318530718      0.311495205921E-05
   69.1150383790      0.176804219428E-05
   75.3982236862      0.852190279446E-06
   81.6814089933      0.554137872684E-06
   87.9645943005      0.309873356846E-06
   94.2477796077      0.194774739005E-06
   100.530964915      0.117357109368E-06
   106.814150222      0.752629811355E-07
   113.097335529      0.501156539565E-07
   119.380520836      0.289511255099E-07
   125.663706144      0.192030622488E-07
   131.946891451      0.114761830057E-07
   138.230076758      0.719782465888E-08
   144.513262065      0.434863201589E-08
   150.796447372      0.270984359278E-08
   157.079632679      0.163343916294E-08
   163.362817987      0.102702045282E-08
   169.646003294      0.579604775763E-09
   175.929188601      0.339318142362E-09
   182.212373908      0.197071755065E-09
   188.495559215      0.115952755638E-09
   194.778744523      0.637999146941E-10
   201.061929830      0.377729389366E-10
   207.345115137      0.210934972110E-10
   213.628300444      0.121450603207E-10
   219.911485751      0.678929240727E-11
   226.194671058      0.379108001103E-11
   232.477856366      0.217422199122E-11
   238.761041673      0.127069321518E-11
   245.044226980      0.714290728031E-12
   251.327412287      0.433496767774E-12
   257.610597594      0.242453320880E-12
   263.893782902      0.160006056806E-12
   270.176968209      0.878330940848E-13
   276.460153516      0.554110785954E-13
   282.743338823      0.350661716492E-13
   289.026524130      0.253495374789E-13
   295.309709437      0.145080905863E-13
   301.592894745      0.102226973563E-13
   307.876080052      0.661234587450E-14
   314.159265359      0.442163998643E-14
   320.442450666      0.265764207612E-14
   326.725635973      0.212788581790E-14
   333.008821281      0.118050521434E-14
   339.292006588      0.979805600458E-15
   345.575191895      0.520676145548E-15
   351.858377202      0.453052900971E-15
   358.141562509      0.235196205673E-15
   364.424747816      0.207157139306E-15
   370.707933124      0.117054532138E-15
   376.991118431      0.871147910406E-16
   383.274303738      0.563596813078E-16
   389.557489045      0.415815568913E-16
   395.840674352      0.256293412088E-16
   402.123859659      0.202825900213E-16
   408.407044967      0.126443020005E-16
   414.690230274      0.102554478087E-16
   420.973415581      0.604053045976E-17
   427.256600888      0.527689877382E-17
   433.539786195      0.302574459739E-17
   439.822971503      0.267908688464E-17
   446.106156810      0.150972071560E-17
   452.389342117      0.137361136773E-17
   458.672527424      0.774339072757E-18
   464.955712731      0.719936407943E-18
   471.238898038      0.401070848285E-18
   477.522083346      0.356041979879E-18
   483.805268653      0.203993750938E-18
   490.088453960      0.177744027203E-18
   496.371639267      0.103360383637E-18
   502.654824574      0.889763291199E-19
   508.938009882      0.532944436918E-19
   515.221195189      0.429139289801E-19
   521.504380496      0.275662269154E-19
   527.787565803      0.218888791443E-19
   534.070751110      0.245672132543E-19
   540.353936417      0.285228024948E-19
   546.637121725      0.458295188979E-20
   552.920307032      0.135469669810E-20
   559.203492339      0.452317327174E-21
   565.486677646      0.178159332846E-21
   571.769862953      0.937847135949E-22
   578.053048261      0.512316893582E-22
   584.336233568      0.341545196885E-22
   590.619418875      0.221708712481E-22
   596.902604182      0.149421115373E-22
   603.185789489      0.101769704849E-22
   609.468974796      0.662469095539E-23
   615.752160104      0.451378627613E-23
   622.035345411      0.312454234455E-23
   628.318530718      0.227483288614E-23
   634.601716025      0.150945199074E-23
   640.884901332      0.105171610962E-23
   647.168086639      0.751051241668E-24
   653.451271947      0.527778504309E-24
   659.734457254      0.377735967890E-24
   666.017642561      0.263730118075E-24
   672.300827868      0.182524222525E-24
   678.584013175      0.127903469415E-24
   684.867198483      0.913470203764E-25
   691.150383790      0.661238416371E-25
   697.433569097      0.458365850190E-25
   703.716754404      0.317410235617E-25
   709.999939711      0.230596782949E-25
   716.283125018      0.163885466741E-25
   722.566310326      0.112543188089E-25
   728.849495633      0.760530368777E-26
   735.132680940      0.587703828293E-26
   741.415866247      0.389455290022E-26
   747.699051554      0.280294763329E-26
   753.982236862      0.195976596113E-26
   760.265422169      0.129277111998E-26
   766.548607476      0.853567027869E-27
   772.831792783      0.551804237383E-27
   779.114978090      0.401428153430E-27
   785.398163397      0.277376079145E-27
   791.681348705      0.179257853446E-27
   797.964534012      0.111885027742E-27
   804.247719319      0.938957378389E-28
   810.530904626      0.554102634866E-28
   816.814089933      0.410426509568E-28
   823.097275241      0.274351849425E-28
   829.380460548      0.202416554663E-28
   835.663645855      0.134280386158E-28
   841.946831162      0.760213419011E-29
   848.230016469      0.567021688518E-29
   854.513201776      0.431803025386E-29
   860.796387084      0.257885831835E-29
   867.079572391      0.155679781902E-29
   873.362757698      0.110735805053E-29
   879.645943005      0.807033415427E-30
   885.929128312      0.486584112991E-30
   892.212313620      0.273888611166E-30
   898.495498927      0.188436673821E-30
   904.778684234      0.859894093157E-31
   911.061869541      0.346967150708E-31
   917.345054848      0.183502410124E-32
   923.628240155      0.769609544487E-32
   929.911425463      0.482930312045E-32
   936.194610770      0.127228593552E-35
   942.477796077      0.127632404002E-35
   948.760981384      0.122849764139E-35
   955.044166691      0.121967060141E-35
   961.327351998      0.122686462764E-35
   967.610537306      0.121326701176E-35
   973.893722613      0.111375725390E-35
   980.176907920      0.117388013623E-35
   986.460093227      0.103525976756E-35
   992.743278534      0.103986357160E-35
   999.026463842      0.101044351948E-35
   1005.30964915      0.100256809805E-35
   1011.59283446      0.919950905958E-36
   1017.87601976      0.950596227556E-36
   1024.15920507      0.906904099157E-36
   1030.44239038      0.828017129658E-36
   1036.72557568      0.897870831616E-36
   1043.00876099      0.770184163360E-36
   1049.29194630      0.806545910168E-36
   1055.57513161      0.752338229170E-36
   1061.85831691      0.734846716692E-36
   1068.14150222      0.796516402670E-36
   1074.42468753      0.652402858101E-36
   1080.70787283      0.665032888437E-36
   1086.99105814      0.620232777534E-36
   1093.27424345      0.586267630196E-36
   1099.55742876      0.621028292770E-36
   1105.84061406      0.531361015161E-36
   1112.12379937      0.573889406929E-36
   1118.40698468      0.490800649858E-36
   1124.69016999      0.520764721018E-36
   1130.97335529      0.448864340343E-36
   1137.25654060      0.372559294044E-36
   1143.53972591      0.331117944964E-36
   1149.82291121      0.304187884795E-36
   1156.10609652      0.290794897148E-36
   1162.38928183      0.268345215816E-36
   1168.67246714      0.247257570147E-36
   1174.95565244      0.227387265350E-36
   1181.23883775      0.217755639759E-36
   1187.52202306      0.194576622903E-36
   1193.80520836      0.183727134665E-36
   1200.08839367      0.173687669004E-36
   1206.37157898      0.163174917000E-36
   1212.65476429      0.148972051503E-36
   1218.93794959      0.143257918124E-36
   1225.22113490      0.136683644358E-36
   1231.50432021      0.128838894445E-36
   1237.78750551      0.113018130593E-36
   1244.07069082      0.111149208710E-36
   1250.35387613      0.106919951153E-36
   1256.63706144      0.995228531031E-37
   1262.92024674      0.849106308657E-37
   1269.20343205      0.797375330870E-37
   1275.48661736      0.689422372326E-37
   1281.76980266      0.682319587415E-37
   1288.05298797      0.583084931113E-37
   1294.33617328      0.558388055671E-37
   1300.61935859      0.462824455911E-37
   1306.90254389      0.393086761883E-37
   1313.18572920      0.357032006484E-37
   1319.46891451      0.347842682366E-37
   1325.75209981      0.302264179168E-37
   1332.03528512      0.238319737073E-37
   1338.31847043      0.196286684544E-37
   1344.60165574      0.228733092998E-37
   1350.88484104      0.188626508857E-37
   1357.16802635      0.122933590544E-37
   1363.45121166      0.715442643153E-38
   1369.73439697      0.908879768334E-38
   1376.01758227      0.610260160153E-38
   1382.30076758      0.363939039613E-38
   1388.58395289      0.601676917290E-39
   1394.86713819      0.168753320711E-39
   6.28318530718      0.352078514561E-41
   12.5663706144      0.808688090107E-03
   18.8495559215      0.373661592362E-03
   25.1327412287      0.319776452802E-03
   31.4159265359      0.112155597001E-03
   37.6991118431      0.519290130661E-04
   43.9822971503      0.191448296798E-04
   50.2654824574      0.125408822206E-04
   56.5486677646      0.770733029665E-05
   62.8318530718      0.387642068436E-05
   69.1150383790      0.226017580709E-05
   75.3982236862      0.118104700578E-05
   81.6814089933      0.768531703546E-06
   87.9645943005      0.442969180495E-06
   94.2477796077      0.289501983465E-06
   100.530964915      0.181799537276E-06
   106.814150222      0.119845383935E-06
   113.097335529      0.827370545846E-07
   119.380520836      0.511070037426E-07
   125.663706144      0.351126727434E-07
   131.946891451      0.222270481737E-07
   138.230076758      0.146530799883E-07
   144.513262065      0.938152362693E-08
   150.796447372      0.613402752410E-08
   157.079632679      0.390629712335E-08
   163.362817987      0.256258425382E-08
   169.646003294      0.155837619434E-08
   175.929188601      0.963081202361E-09
   182.212373908      0.593304631473E-09
   188.495559215      0.364423850219E-09
   194.778744523      0.215576885866E-09
   201.061929830      0.131558498332E-09
   207.345115137      0.778503844483E-10
   213.628300444      0.464729717548E-10
   219.911485751      0.272011555794E-10
   226.194671058      0.157809965669E-10
   232.477856366      0.931951773430E-11
   238.761041673      0.548017747679E-11
   245.044226980      0.313898799595E-11
   251.327412287      0.186874178059E-11
   257.610597594      0.107664394517E-11
   263.893782902      0.646423738713E-12
   270.176968209      0.367994911227E-12
   276.460153516      0.219196863378E-12
   282.743338823      0.129934182118E-12
   289.026524130      0.802628565519E-13
   295.309709437      0.461089187032E-13
   301.592894745      0.284228049035E-13
   307.876080052      0.170558547204E-13
   314.159265359      0.104865009140E-13
   320.442450666      0.616540612232E-14
   326.725635973      0.410728982427E-14
   333.008821281      0.234519017566E-14
   339.292006588      0.162917982194E-14
   345.575191895      0.900116401884E-15
   351.858377202      0.664307954513E-15
   358.141562509      0.358431546271E-15
   364.424747816      0.275556706665E-15
   370.707933124      0.156345819779E-15
   376.991118431      0.109443646595E-15
   383.274303738      0.688131017648E-16
   389.557489045      0.486075792851E-16
   395.840674352      0.295690125838E-16
   402.123859659      0.224180466400E-16
   408.407044967      0.138263791884E-16
   414.690230274      0.108692534232E-16
   420.973415581      0.638532346333E-17
   427.256600888      0.542692434563E-17
   433.539786195      0.311628674338E-17
   439.822971503      0.270046202564E-17
   446.106156810      0.152755000553E-17
   452.389342117      0.136656692571E-17
   458.672527424      0.773341805320E-18
   464.955712731      0.709978046596E-18
   471.238898038      0.396723130989E-18
   477.522083346      0.349580697052E-18
   483.805268653      0.200639612481E-18
   490.088453960      0.173974584773E-18
   496.371639267      0.101293792095E-18
   502.654824574      0.868694621596E-19
   508.938009882      0.521063996257E-19
   515.221195189      0.419081701481E-19
   521.504380496      0.270476411655E-19
   527.787565803      0.215775568885E-19
   534.070751110      0.240714896860E-19
   540.353936417      0.274922137048E-19
   546.637121725      0.439914519000E-20
   552.920307032      0.130337419282E-20
   559.203492339      0.435106298597E-21
   565.486677646      0.173697297397E-21
   571.769862953      0.917336065160E-22
   578.053048261      0.505761498417E-22
   584.336233568      0.338406267717E-22
   590.619418875      0.220425354131E-22
   596.902604182      0.149121216651E-22
   603.185789489      0.101701170065E-22
   609.468974796      0.665161470129E-23
   615.752160104      0.454699621498E-23
   622.035345411      0.315903303802E-23
   628.318530718      0.230170382643E-23
   634.601716025      0.153051489558E-23
   640.884901332      0.106374170643E-23
   647.168086639      0.758133698401E-24
   653.451271947      0.531694211488E-24
   659.734457254      0.379524476056E-24
   666.017642561      0.264232013154E-24
   672.300827868      0.182649921739E-24
   678.584013175      0.127920235543E-24
   684.867198483      0.913470204805E-25
   691.150383790      0.661238417606E-25
   697.433569097      0.458365840575E-25
   703.716754404      0.317410244452E-25
   709.999939711      0.230596781511E-25
   716.283125018      0.163885475277E-25
   722.566310326      0.112543185454E-25
   728.849495633      0.760530413424E-26
   735.132680940      0.587703835794E-26
   741.415866247      0.389455261620E-26
   747.699051554      0.280294767936E-26
   753.982236862      0.195976569090E-26
   760.265422169      0.129277109523E-26
   766.548607476      0.853567203140E-27
   772.831792783      0.551804233398E-27
   779.114978090      0.401428121844E-27
   785.398163397      0.277376115815E-27
   791.681348705      0.179257919568E-27
   797.964534012      0.111885030107E-27
   804.247719319      0.938957552265E-28
   810.530904626      0.554102371804E-28
   816.814089933      0.410426637598E-28
   823.097275241      0.274352106795E-28
   829.380460548      0.202416655276E-28
   835.663645855      0.134280265781E-28
   841.946831162      0.760214442142E-29
   848.230016469      0.567021879568E-29
   854.513201776      0.431802858413E-29
   860.796387084      0.257886535436E-29
   867.079572391      0.155679629678E-29
   873.362757698      0.110736289253E-29
   879.645943005      0.807033460150E-30
   885.929128312      0.486585271717E-30
   892.212313620      0.273886374797E-30
   898.495498927      0.188437047656E-30
   904.778684234      0.859889289683E-31
   911.061869541      0.346959595776E-31
   917.345054848      0.183490467011E-32
   923.628240155      0.769587275076E-32
   929.911425463      0.482961338115E-32
   936.194610770      0.129322164545E-35
   942.477796077      0.124871833611E-35
   948.760981384      0.122927553875E-35
   955.044166691      0.123992704490E-35
   961.327351998      0.121957538503E-35
   967.610537306      0.114933830295E-35
   973.893722613      0.110077966962E-35
   980.176907920      0.108031930444E-35
   986.460093227      0.104159135018E-35
   992.743278534      0.105590044203E-35
   999.026463842      0.103265819411E-35
   1005.30964915      0.104122482694E-35
   1011.59283446      0.924767604119E-36
   1017.87601976      0.939305971140E-36
   1024.15920507      0.925850358993E-36
   1030.44239038      0.809311645261E-36
   1036.72557568      0.900717338504E-36
   1043.00876099      0.806993885087E-36
   1049.29194630      0.782663037459E-36
   1055.57513161      0.754839348917E-36
   1061.85831691      0.743034099909E-36
   1068.14150222      0.777863089959E-36
   1074.42468753      0.670372014498E-36
   1080.70787283      0.660423944194E-36
   1086.99105814      0.652856875351E-36
   1093.27424345      0.586075667697E-36
   1099.55742876      0.611244805045E-36
   1105.84061406      0.541284470619E-36
   1112.12379937      0.583624980078E-36
   1118.40698468      0.477484798924E-36
   1124.69016999      0.484226190539E-36
   1130.97335529      0.446583613831E-36
   1137.25654060      0.374963454481E-36
   1143.53972591      0.336258946538E-36
   1149.82291121      0.308486008146E-36
   1156.10609652      0.292522847861E-36
   1162.38928183      0.266791948555E-36
   1168.67246714      0.248503717609E-36
   1174.95565244      0.223566077465E-36
   1181.23883775      0.215364905918E-36
   1187.52202306      0.197687622646E-36
   1193.80520836      0.186438701841E-36
   1200.08839367      0.175502039646E-36
   1206.37157898      0.168675075750E-36
   1212.65476429      0.150603784125E-36
   1218.93794959      0.143426650030E-36
   1225.22113490      0.135462653923E-36
   1231.50432021      0.126022041635E-36
   1237.78750551      0.109452656068E-36
   1244.07069082      0.103633433371E-36
   1250.35387613      0.971171310478E-37
   1256.63706144      0.902393811758E-37
   1262.92024674      0.802619502392E-37
   1269.20343205      0.773131993240E-37
   1275.48661736      0.666586459821E-37
   1281.76980266      0.658174896823E-37
   1288.05298797      0.572525068984E-37
   1294.33617328      0.556726158249E-37
   1300.61935859      0.486411583549E-37
   1306.90254389      0.407441959716E-37
   1313.18572920      0.395182833220E-37
   1319.46891451      0.356306191626E-37
   1325.75209981      0.296631653453E-37
   1332.03528512      0.260351822645E-37
   1338.31847043      0.201276740107E-37
   1344.60165574      0.203646312563E-37
   1350.88484104      0.157017574154E-37
   1357.16802635      0.115859114360E-37
   1363.45121166      0.758869386985E-38
   1369.73439697      0.956139868752E-38
   1376.01758227      0.607592773367E-38
   1382.30076758      0.350234423981E-38
   1388.58395289      0.606031728473E-39
   1394.86713819      0.138984334724E-39
   6.28318530718      0.331426301326E-40
   12.5663706144      0.790246424879E-03
   18.8495559215      0.373169234701E-03
   25.1327412287      0.321120230580E-03
   31.4159265359      0.116014754378E-03
   37.6991118431      0.553783631219E-04
   43.9822971503      0.221906349634E-04
   50.2654824574      0.141087285181E-04
   56.5486677646      0.880528179054E-05
   62.8318530718      0.472843845655E-05
   69.1150383790      0.282524949427E-05
   75.3982236862      0.157503741836E-05
   81.6814089933      0.102379289753E-05
   87.9645943005      0.606849581266E-06
   94.2477796077      0.407297434112E-06
   100.530964915      0.264680625465E-06
   106.814150222      0.176838672510E-06
   113.097335529      0.125740622939E-06
   119.380520836      0.818425795377E-07
   125.663706144      0.579725231068E-07
   131.946891451      0.383339386659E-07
   138.230076758      0.263756846556E-07
   144.513262065      0.176560128309E-07
   150.796447372      0.120595385917E-07
   157.079632679      0.802996596454E-08
   163.362817987      0.546202472269E-08
   169.646003294      0.353334374855E-08
   175.929188601      0.230294207885E-08
   182.212373908      0.148694841526E-08
   188.495559215      0.954988917612E-09
   194.778744523      0.598771554015E-09
   201.061929830      0.379729458072E-09
   207.345115137      0.235877430444E-09
   213.628300444      0.146758803528E-09
   219.911485751      0.897892124569E-10
   226.194671058      0.545713163282E-10
   232.477856366      0.333478856306E-10
   238.761041673      0.202703774740E-10
   245.044226980      0.121160371602E-10
   251.327412287      0.736596172398E-11
   257.610597594      0.440539966704E-11
   263.893782902      0.266818054254E-11
   270.176968209      0.158229553570E-11
   276.460153516      0.955182030305E-12
   282.743338823      0.572329694488E-12
   289.026524130      0.346195166343E-12
   295.309709437      0.205608460827E-12
   301.592894745      0.124155448431E-12
   307.876080052      0.743543072724E-13
   314.159265359      0.449279886002E-13
   320.442450666      0.268107357635E-13
   326.725635973      0.164033383318E-13
   333.008821281      0.973318125609E-14
   339.292006588      0.601799252694E-14
   345.575191895      0.352919514145E-14
   351.858377202      0.222771231333E-14
   358.141562509      0.129156990880E-14
   364.424747816      0.830789339727E-15
   370.707933124      0.486769850013E-15
   376.991118431      0.306137100607E-15
   383.274303738      0.185559985754E-15
   389.557489045      0.117887196594E-15
   395.840674352      0.707377801507E-16
   402.123859659      0.467156098033E-16
   408.407044967      0.282487232423E-16
   414.690230274      0.193738548172E-16
   420.973415581      0.114145068551E-16
   427.256600888      0.837358928444E-17
   433.539786195      0.486881072062E-17
   439.822971503      0.371114438417E-17
   446.106156810      0.213232365528E-17
   452.389342117      0.170879967611E-17
   458.672527424      0.979607013385E-18
   464.955712731      0.823504610100E-18
   471.238898038      0.465363657818E-18
   477.522083346      0.386628374109E-18
   483.805268653      0.223052739433E-18
   490.088453960      0.185558139593E-18
   496.371639267      0.108318930734E-18
   502.654824574      0.901962309099E-19
   508.938009882      0.541353701269E-19
   515.221195189      0.428326781395E-19
   521.504380496      0.276572777481E-19
   527.787565803      0.219381387673E-19
   534.070751110      0.239610783676E-19
   540.353936417      0.267608893211E-19
   546.637121725      0.423343340525E-20
   552.920307032      0.125574990695E-20
   559.203492339      0.419364746022E-21
   565.486677646      0.169729681411E-21
   571.769862953      0.899163638868E-22
   578.053048261      0.500231058337E-22
   584.336233568      0.335723706221E-22
   590.619418875      0.219469464451E-22
   596.902604182      0.148985388792E-22
   603.185789489      0.101761518508E-22
   609.468974796      0.668463722851E-23
   615.752160104      0.458296326779E-23
   622.035345411      0.319692652421E-23
   628.318530718      0.233075857094E-23
   634.601716025      0.155426527901E-23
   640.884901332      0.107701565710E-23
   647.168086639      0.766340384744E-24
   653.451271947      0.536219914925E-24
   659.734457254      0.381606278019E-24
   666.017642561      0.265038131480E-24
   672.300827868      0.182886040561E-24
   678.584013175      0.127937086582E-24
   684.867198483      0.913470189347E-25
   691.150383790      0.661238393687E-25
   697.433569097      0.458365849874E-25
   703.716754404      0.317410243690E-25
   709.999939711      0.230596771989E-25
   716.283125018      0.163885464301E-25
   722.566310326      0.112543179218E-25
   728.849495633      0.760530374717E-26
   735.132680940      0.587703803463E-26
   741.415866247      0.389455246299E-26
   747.699051554      0.280294761749E-26
   753.982236862      0.195976576824E-26
   760.265422169      0.129277104233E-26
   766.548607476      0.853567217988E-27
   772.831792783      0.551804166917E-27
   779.114978090      0.401428117760E-27
   785.398163397      0.277376112613E-27
   791.681348705      0.179257926174E-27
   797.964534012      0.111885070673E-27
   804.247719319      0.938958009091E-28
   810.530904626      0.554102775136E-28
   816.814089933      0.410426864741E-28
   823.097275241      0.274352064957E-28
   829.380460548      0.202416622998E-28
   835.663645855      0.134280522667E-28
   841.946831162      0.760213372009E-29
   848.230016469      0.567022560706E-29
   854.513201776      0.431802667038E-29
   860.796387084      0.257886918456E-29
   867.079572391      0.155679775414E-29
   873.362757698      0.110736333904E-29
   879.645943005      0.807035134405E-30
   885.929128312      0.486586270259E-30
   892.212313620      0.273887891017E-30
   898.495498927      0.188435222778E-30
   904.778684234      0.859906366468E-31
   911.061869541      0.346953727496E-31
   917.345054848      0.183479076126E-32
   923.628240155      0.769597105405E-32
   929.911425463      0.482951490262E-32
   936.194610770      0.134966947990E-35
   942.477796077      0.127721263377E-35
   948.760981384      0.121257143113E-35
   955.044166691      0.116403651754E-35
   961.327351998      0.118738233594E-35
   967.610537306      0.113192077017E-35
   973.893722613      0.112451901860E-35
   980.176907920      0.113353076295E-35
   986.460093227      0.109837895955E-35
   992.743278534      0.108661559142E-35
   999.026463842      0.102438465941E-35
   1005.30964915      0.108118500938E-35
   1011.59283446      0.910654926271E-36
   1017.87601976      0.929458848266E-36
   1024.15920507      0.908257106742E-36
   1030.44239038      0.804581272188E-36
   1036.72557568      0.897963910868E-36
   1043.00876099      0.776441350790E-36
   1049.29194630      0.811927128117E-36
   1055.57513161      0.732664698777E-36
   1061.85831691      0.702973836568E-36
   1068.14150222      0.739440504929E-36
   1074.42468753      0.652734118337E-36
   1080.70787283      0.670920759473E-36
   1086.99105814      0.658330986863E-36
   1093.27424345      0.583952407585E-36
   1099.55742876      0.616292214471E-36
   1105.84061406      0.556334860813E-36
   1112.12379937      0.560548632837E-36
   1118.40698468      0.485211042482E-36
   1124.69016999      0.526129260590E-36
   1130.97335529      0.440225824657E-36
   1137.25654060      0.373517769175E-36
   1143.53972591      0.331551627571E-36
   1149.82291121      0.298574960402E-36
   1156.10609652      0.277407770659E-36
   1162.38928183      0.258118702847E-36
   1168.67246714      0.245885108781E-36
   1174.95565244      0.225276157698E-36
   1181.23883775      0.215071095637E-36
   1187.52202306      0.202702014220E-36
   1193.80520836      0.188887174264E-36
   1200.08839367      0.174396486562E-36
   1206.37157898      0.165233077483E-36
   1212.65476429      0.149751969116E-36
   1218.93794959      0.139903787202E-36
   1225.22113490      0.126858981626E-36
   1231.50432021      0.124900311305E-36
   1237.78750551      0.110852760895E-36
   1244.07069082      0.105637941018E-36
   1250.35387613      0.994026145184E-37
   1256.63706144      0.912209078666E-37
   1262.92024674      0.813460282976E-37
   1269.20343205      0.796481214982E-37
   1275.48661736      0.660406048790E-37
   1281.76980266      0.636447272936E-37
   1288.05298797      0.579971571987E-37
   1294.33617328      0.556593902969E-37
   1300.61935859      0.502103077449E-37
   1306.90254389      0.420609802011E-37
   1313.18572920      0.370748725377E-37
   1319.46891451      0.341438377858E-37
   1325.75209981      0.297382078583E-37
   1332.03528512      0.255668682365E-37
   1338.31847043      0.217517133145E-37
   1344.60165574      0.233235164153E-37
   1350.88484104      0.192966712397E-37
   1357.16802635      0.128664569244E-37
   1363.45121166      0.830324636671E-38
   1369.73439697      0.766669818759E-38
   1376.01758227      0.466782148661E-38
   1382.30076758      0.315448815532E-38
   1388.58395289      0.460387107667E-39
   1394.86713819      0.147360219907E-39
   6.28318530718      0.519754124492E-41
   12.5663706144      0.772206933908E-03
   18.8495559215      0.372279581953E-03
   25.1327412287      0.321996533769E-03
   31.4159265359      0.119562244286E-03
   37.6991118431      0.588139720213E-04
   43.9822971503      0.253930239957E-04
   50.2654824574      0.157945564724E-04
   56.5486677646      0.986181303859E-05
   62.8318530718      0.566070138990E-05
   69.1150383790      0.346918641387E-05
   75.3982236862      0.202714982475E-05
   81.6814089933      0.132130736164E-05
   87.9645943005      0.805960252382E-06
   94.2477796077      0.547559651009E-06
   100.530964915      0.365320743305E-06
   106.814150222      0.245825421649E-06
   113.097335529      0.178873440211E-06
   119.380520836      0.120995629072E-06
   125.663706144      0.878684784948E-07
   131.946891451      0.601834176158E-07
   138.230076758      0.428570365554E-07
   144.513262065      0.297244975427E-07
   150.796447372      0.210821197768E-07
   157.079632679      0.145704055367E-07
   163.362817987      0.102314994438E-07
   169.646003294      0.695370544027E-08
   175.929188601      0.474851535533E-08
   182.212373908      0.319181987316E-08
   188.495559215      0.213638420064E-08
   194.778744523      0.140452787520E-08
   201.061929830      0.925491812506E-09
   207.345115137      0.599107017768E-09
   213.628300444      0.387537076246E-09
   219.911485751      0.246647634279E-09
   226.194671058      0.156315851706E-09
   232.477856366      0.987159608389E-10
   238.761041673      0.620892659085E-10
   245.044226980      0.386046570322E-10
   251.327412287      0.241257331945E-10
   257.610597594      0.149216205242E-10
   263.893782902      0.927340834930E-11
   270.176968209      0.569671791163E-11
   276.460153516      0.352670973665E-11
   282.743338823      0.216847866990E-11
   289.026524130      0.133731075483E-11
   295.309709437      0.819911730231E-12
   301.592894745      0.504673352600E-12
   307.876080052      0.309565008201E-12
   314.159265359      0.190481717173E-12
   320.442450666      0.116734596402E-12
   326.725635973      0.718878576629E-13
   333.008821281      0.439861395014E-13
   339.292006588      0.271127617613E-13
   345.575191895      0.165424479163E-13
   351.858377202      0.102336107287E-13
   358.141562509      0.622019639526E-14
   364.424747816      0.386021040862E-14
   370.707933124      0.234851311427E-14
   376.991118431      0.144947792233E-14
   383.274303738      0.886906025187E-15
   389.557489045      0.547786027742E-15
   395.840674352      0.334345652331E-15
   402.123859659      0.207901996541E-15
   408.407044967      0.126979493965E-15
   414.690230274      0.796534065791E-16
   420.973415581      0.482840779976E-16
   427.256600888      0.308449766722E-16
   433.539786195      0.186044915114E-16
   439.822971503      0.120667314885E-16
   446.106156810      0.723670084728E-17
   452.389342117      0.480502229897E-17
   458.672527424      0.287114447499E-17
   464.955712731      0.196761717967E-17
   471.238898038      0.116405566706E-17
   477.522083346      0.808488609427E-18
   483.805268653      0.480419491605E-18
   490.088453960      0.340615350558E-18
   496.371639267      0.202884039789E-18
   502.654824574      0.146958858822E-18
   508.938009882      0.887745074616E-19
   515.221195189      0.636641812622E-19
   521.504380496      0.404031758384E-19
   527.787565803      0.297951809643E-19
   534.070751110      0.284363559528E-19
   540.353936417      0.291029945708E-19
   546.637121725      0.408243155776E-20
   552.920307032      0.121182352741E-20
   559.203492339      0.404980259978E-21
   565.486677646      0.166241979709E-21
   571.769862953      0.883409679454E-22
   578.053048261      0.495823733852E-22
   584.336233568      0.333534701667E-22
   590.619418875      0.218872016490E-22
   596.902604182      0.149013907171E-22
   603.185789489      0.101970880669E-22
   609.468974796      0.672540190268E-23
   615.752160104      0.462469812485E-23
   622.035345411      0.323882824946E-23
   628.318530718      0.236224616601E-23
   634.601716025      0.158076139443E-23
   640.884901332      0.109186315595E-23
   647.168086639      0.775552580255E-24
   653.451271947      0.541397385677E-24
   659.734457254      0.384027166365E-24
   666.017642561      0.266047078405E-24
   672.300827868      0.183233230138E-24
   678.584013175      0.127958565450E-24
   684.867198483      0.913470180814E-25
   691.150383790      0.661238404901E-25
   697.433569097      0.458365862411E-25
   703.716754404      0.317410248616E-25
   709.999939711      0.230596773593E-25
   716.283125018      0.163885464569E-25
   722.566310326      0.112543178976E-25
   728.849495633      0.760530386964E-26
   735.132680940      0.587703797868E-26
   741.415866247      0.389455295023E-26
   747.699051554      0.280294747009E-26
   753.982236862      0.195976553934E-26
   760.265422169      0.129277085491E-26
   766.548607476      0.853567130381E-27
   772.831792783      0.551804022834E-27
   779.114978090      0.401428112266E-27
   785.398163397      0.277376000380E-27
   791.681348705      0.179257940457E-27
   797.964534012      0.111885125489E-27
   804.247719319      0.938957723736E-28
   810.530904626      0.554102912444E-28
   816.814089933      0.410426535956E-28
   823.097275241      0.274351983198E-28
   829.380460548      0.202416638337E-28
   835.663645855      0.134280510672E-28
   841.946831162      0.760214247529E-29
   848.230016469      0.567023048012E-29
   854.513201776      0.431802336406E-29
   860.796387084      0.257887128741E-29
   867.079572391      0.155679577521E-29
   873.362757698      0.110736445754E-29
   879.645943005      0.807031374178E-30
   885.929128312      0.486586804278E-30
   892.212313620      0.273884638998E-30
   898.495498927      0.188438932284E-30
   904.778684234      0.859906862667E-31
   911.061869541      0.346956578830E-31
   917.345054848      0.183491745770E-32
   923.628240155      0.769627982963E-32
   929.911425463      0.482933553775E-32
   936.194610770      0.125470481021E-35
   942.477796077      0.126443771492E-35
   948.760981384      0.122985477998E-35
   955.044166691      0.124093846779E-35
   961.327351998      0.120094651651E-35
   967.610537306      0.113791694530E-35
   973.893722613      0.110178961248E-35
   980.176907920      0.110742953073E-35
   986.460093227      0.109363190055E-35
   992.743278534      0.108796691994E-35
   999.026463842      0.100296676897E-35
   1005.30964915      0.101801421996E-35
   1011.59283446      0.915292446650E-36
   1017.87601976      0.933666847779E-36
   1024.15920507      0.904130487971E-36
   1030.44239038      0.803272905645E-36
   1036.72557568      0.911105044460E-36
   1043.00876099      0.776540691139E-36
   1049.29194630      0.796526098820E-36
   1055.57513161      0.745241063180E-36
   1061.85831691      0.754896316801E-36
   1068.14150222      0.774300493906E-36
   1074.42468753      0.667321723779E-36
   1080.70787283      0.674350177452E-36
   1086.99105814      0.644698121352E-36
   1093.27424345      0.587558817061E-36
   1099.55742876      0.594663722121E-36
   1105.84061406      0.541021886921E-36
   1112.12379937      0.583506432238E-36
   1118.40698468      0.482680127317E-36
   1124.69016999      0.485142659695E-36
   1130.97335529      0.414130007437E-36
   1137.25654060      0.374515063724E-36
   1143.53972591      0.337369572703E-36
   1149.82291121      0.299351829391E-36
   1156.10609652      0.285614356036E-36
   1162.38928183      0.258499073719E-36
   1168.67246714      0.245272211686E-36
   1174.95565244      0.223394652614E-36
   1181.23883775      0.214816500640E-36
   1187.52202306      0.198520467111E-36
   1193.80520836      0.188209100097E-36
   1200.08839367      0.178421830589E-36
   1206.37157898      0.168383396446E-36
   1212.65476429      0.152347967245E-36
   1218.93794959      0.143871875636E-36
   1225.22113490      0.135553751559E-36
   1231.50432021      0.124855684878E-36
   1237.78750551      0.108903911748E-36
   1244.07069082      0.104594119611E-36
   1250.35387613      0.985604643086E-37
   1256.63706144      0.920932601586E-37
   1262.92024674      0.809955782923E-37
   1269.20343205      0.796610927964E-37
   1275.48661736      0.685020630694E-37
   1281.76980266      0.670378726288E-37
   1288.05298797      0.616141516102E-37
   1294.33617328      0.599500652383E-37
   1300.61935859      0.489868099323E-37
   1306.90254389      0.392167891345E-37
   1313.18572920      0.398711903600E-37
   1319.46891451      0.401555389898E-37
   1325.75209981      0.344547171163E-37
   1332.03528512      0.267518087585E-37
   1338.31847043      0.212205192773E-37
   1344.60165574      0.218874012026E-37
   1350.88484104      0.175203354772E-37
   1357.16802635      0.116611961678E-37
   1363.45121166      0.691232402909E-38
   1369.73439697      0.818714476036E-38
   1376.01758227      0.507967734818E-38
   1382.30076758      0.225154354329E-38
   1388.58395289      0.354597517804E-39
   1394.86713819      0.395434170714E-40
   6.28318530718      0.124825725282E-39
   12.5663706144      0.754564840698E-03
   18.8495559215      0.370997779041E-03
   25.1327412287      0.322451033044E-03
   31.4159265359      0.122781189627E-03
   37.6991118431      0.623038105246E-04
   43.9822971503      0.286808669980E-04
   50.2654824574      0.175800011082E-04
   56.5486677646      0.108855870408E-04
   62.8318530718      0.666053747455E-05
   69.1150383790      0.419575789215E-05
   75.3982236862      0.252673207434E-05
   81.6814089933      0.166436233626E-05
   87.9645943005      0.104622831722E-05
   94.2477796077      0.709261959090E-06
   100.530964915      0.481744167311E-06
   106.814150222      0.326397381138E-06
   113.097335529      0.241588373891E-06
   119.380520836      0.167608866397E-06
   125.663706144      0.124145054370E-06
   131.946891451      0.875318354043E-07
   138.230076758      0.640203318149E-07
   144.513262065      0.456960525491E-07
   150.796447372      0.334460811723E-07
   157.079632679      0.238604947663E-07
   163.362817987      0.172628002195E-07
   169.646003294      0.121856677734E-07
   175.929188601      0.865174712690E-08
   182.212373908      0.602709812742E-08
   188.495559215      0.419081586307E-08
   194.778744523      0.286313880180E-08
   201.061929830      0.195730221516E-08
   207.345115137      0.131306024466E-08
   213.628300444      0.880213639550E-09
   219.911485751      0.580411972074E-09
   226.194671058      0.381374333735E-09
   232.477856366      0.248496826053E-09
   238.761041673      0.161288792620E-09
   245.044226980      0.103679692730E-09
   251.327412287      0.666069631681E-10
   257.610597594      0.424449855389E-10
   263.893782902      0.270661765179E-10
   270.176968209      0.171255308813E-10
   276.460153516      0.108666399728E-10
   282.743338823      0.685321198902E-11
   289.026524130      0.432899067659E-11
   295.309709437      0.272311711205E-11
   301.592894745      0.171595019518E-11
   307.876080052      0.107809713558E-11
   314.159265359      0.678711009280E-12
   320.442450666      0.426050396050E-12
   326.725635973      0.267921386351E-12
   333.008821281      0.168104228966E-12
   339.292006588      0.105655042313E-12
   345.575191895      0.662295342863E-13
   351.858377202      0.416341263567E-13
   358.141562509      0.260741048161E-13
   364.424747816      0.163921241345E-13
   370.707933124      0.102634446163E-13
   376.991118431      0.643796291789E-14
   383.274303738      0.403220095610E-14
   389.557489045      0.252866392820E-14
   395.840674352      0.158140988176E-14
   402.123859659      0.991936175457E-15
   408.407044967      0.619999963172E-15
   414.690230274      0.389178582213E-15
   420.973415581      0.242587016971E-15
   427.256600888      0.152637849935E-15
   433.539786195      0.949844205125E-16
   439.822971503      0.598845058646E-16
   446.106156810      0.371826922837E-16
   452.389342117      0.235275035105E-16
   458.672527424      0.145854649502E-16
   464.955712731      0.928157359994E-17
   471.238898038      0.573689538936E-17
   477.522083346      0.365932682928E-17
   483.805268653      0.226122142965E-17
   490.088453960      0.145014602013E-17
   496.371639267      0.895670281795E-18
   502.654824574      0.578215610779E-18
   508.938009882      0.358166767170E-18
   515.221195189      0.231462983175E-18
   521.504380496      0.145279534174E-18
   527.787565803      0.962715668779E-19
   534.070751110      0.699342511480E-19
   540.353936417      0.570206710588E-19
   546.637121725      0.395841362135E-20
   552.920307032      0.117364364830E-20
   559.203492339      0.391879517912E-21
   565.486677646      0.163256559999E-21
   571.769862953      0.869943337713E-22
   578.053048261      0.492457620953E-22
   584.336233568      0.331868307748E-22
   590.619418875      0.218623210841E-22
   596.902604182      0.149234710021E-22
   603.185789489      0.102322596796E-22
   609.468974796      0.677603443103E-23
   615.752160104      0.467264628505E-23
   622.035345411      0.328650328216E-23
   628.318530718      0.239682479972E-23
   634.601716025      0.160911720739E-23
   640.884901332      0.110902546360E-23
   647.168086639      0.786036155157E-24
   653.451271947      0.547484639774E-24
   659.734457254      0.386925504374E-24
   666.017642561      0.267298037321E-24
   672.300827868      0.183731600476E-24
   678.584013175      0.127997513909E-24
   684.867198483      0.913505542474E-25
   691.150383790      0.661238420134E-25
   697.433569097      0.458365870317E-25
   703.716754404      0.317410241607E-25
   709.999939711      0.230596770343E-25
   716.283125018      0.163885465274E-25
   722.566310326      0.112543175482E-25
   728.849495633      0.760530302350E-26
   735.132680940      0.587703786837E-26
   741.415866247      0.389455263632E-26
   747.699051554      0.280294718874E-26
   753.982236862      0.195976579810E-26
   760.265422169      0.129277073648E-26
   766.548607476      0.853567114438E-27
   772.831792783      0.551804075415E-27
   779.114978090      0.401428008554E-27
   785.398163397      0.277376012533E-27
   791.681348705      0.179257923896E-27
   797.964534012      0.111885198675E-27
   804.247719319      0.938957473474E-28
   810.530904626      0.554102952632E-28
   816.814089933      0.410426820235E-28
   823.097275241      0.274352015399E-28
   829.380460548      0.202416667839E-28
   835.663645855      0.134280581361E-28
   841.946831162      0.760214420154E-29
   848.230016469      0.567022757934E-29
   854.513201776      0.431803418576E-29
   860.796387084      0.257887347137E-29
   867.079572391      0.155679554186E-29
   873.362757698      0.110736690710E-29
   879.645943005      0.807029315655E-30
   885.929128312      0.486590416285E-30
   892.212313620      0.273884859769E-30
   898.495498927      0.188437195925E-30
   904.778684234      0.859915034599E-31
   911.061869541      0.346955558177E-31
   917.345054848      0.183503236648E-32
   923.628240155      0.769634294583E-32
   929.911425463      0.482957933247E-32
   936.194610770      0.130444978884E-35
   942.477796077      0.124354678010E-35
   948.760981384      0.125079745197E-35
   955.044166691      0.122990008317E-35
   961.327351998      0.124540922704E-35
   967.610537306      0.116335764470E-35
   973.893722613      0.112615820590E-35
   980.176907920      0.116488859894E-35
   986.460093227      0.107002289067E-35
   992.743278534      0.108293591767E-35
   999.026463842      0.102020938946E-35
   1005.30964915      0.101647016528E-35
   1011.59283446      0.914933024408E-36
   1017.87601976      0.926788167916E-36
   1024.15920507      0.905479818538E-36
   1030.44239038      0.823953938939E-36
   1036.72557568      0.904101976314E-36
   1043.00876099      0.770631047065E-36
   1049.29194630      0.803679982087E-36
   1055.57513161      0.733183156229E-36
   1061.85831691      0.754496773526E-36
   1068.14150222      0.771596793552E-36
   1074.42468753      0.652406967099E-36
   1080.70787283      0.663738220898E-36
   1086.99105814      0.623843249816E-36
   1093.27424345      0.577648348502E-36
   1099.55742876      0.570425845105E-36
   1105.84061406      0.504763517672E-36
   1112.12379937      0.525774933042E-36
   1118.40698468      0.477211994042E-36
   1124.69016999      0.501483250842E-36
   1130.97335529      0.433158096100E-36
   1137.25654060      0.382340285473E-36
   1143.53972591      0.343518609838E-36
   1149.82291121      0.309344246528E-36
   1156.10609652      0.290540690054E-36
   1162.38928183      0.264380388148E-36
   1168.67246714      0.247959805191E-36
   1174.95565244      0.228603531917E-36
   1181.23883775      0.219651188202E-36
   1187.52202306      0.205408178112E-36
   1193.80520836      0.193173843095E-36
   1200.08839367      0.182053177468E-36
   1206.37157898      0.172011897651E-36
   1212.65476429      0.150487344315E-36
   1218.93794959      0.146647234019E-36
   1225.22113490      0.137921602029E-36
   1231.50432021      0.125957172083E-36
   1237.78750551      0.109862744711E-36
   1244.07069082      0.106353222862E-36
   1250.35387613      0.100489264225E-36
   1256.63706144      0.955418020652E-37
   1262.92024674      0.820648809881E-37
   1269.20343205      0.775084833471E-37
   1275.48661736      0.653171848788E-37
   1281.76980266      0.613541102079E-37
   1288.05298797      0.545851622626E-37
   1294.33617328      0.534331051713E-37
   1300.61935859      0.456742171183E-37
   1306.90254389      0.390678707870E-37
   1313.18572920      0.378402172879E-37
   1319.46891451      0.363363396256E-37
   1325.75209981      0.307104141366E-37
   1332.03528512      0.250234354029E-37
   1338.31847043      0.198236660302E-37
   1344.60165574      0.209658196727E-37
   1350.88484104      0.162675272523E-37
   1357.16802635      0.129582918778E-37
   1363.45121166      0.740737448395E-38
   1369.73439697      0.901192384834E-38
   1376.01758227      0.511484291725E-38
   1382.30076758      0.259760567086E-38
   1388.58395289      0.355356584680E-39
   1394.86713819      0.131554476276E-39
   6.28318530718      0.870041593187E-40
   12.5663706144      0.737307328826E-03
   18.8495559215      0.369323064975E-03
   25.1327412287      0.322534347673E-03
   31.4159265359      0.125662626294E-03
   37.6991118431      0.659137513439E-04
   43.9822971503      0.319756744860E-04
   50.2654824574      0.194403392750E-04
   56.5486677646      0.119135149863E-04
   62.8318530718      0.771365217850E-05
   69.1150383790      0.500373412196E-05
   75.3982236862      0.306337208177E-05
   81.6814089933      0.205679889473E-05
   87.9645943005      0.133301219327E-05
   94.2477796077      0.891169979552E-06
   100.530964915      0.611767444531E-06
   106.814150222      0.418343475204E-06
   113.097335529      0.313193760358E-06
   119.380520836      0.220243417203E-06
   125.663706144      0.165764627689E-06
   131.946891451      0.119583848594E-06
   138.230076758      0.892940182113E-07
   144.513262065      0.652104789180E-07
   150.796447372      0.489767771585E-07
   157.079632679      0.358937814528E-07
   163.362817987      0.267424741293E-07
   169.646003294      0.194161732502E-07
   175.929188601      0.142322273586E-07
   182.212373908      0.102333670989E-07
   188.495559215      0.737244008798E-08
   194.778744523      0.519558582572E-08
   201.061929830      0.367854032736E-08
   207.345115137      0.254597705414E-08
   213.628300444      0.176410047868E-08
   219.911485751      0.120082291258E-08
   226.194671058      0.814252940890E-09
   232.477856366      0.546490376917E-09
   238.761041673      0.365113437181E-09
   245.044226980      0.241422023081E-09
   251.327412287      0.159238338433E-09
   257.610597594      0.104237275351E-09
   263.893782902      0.680730719855E-10
   270.176968209      0.441586041004E-10
   276.460153516      0.286645675614E-10
   282.743338823      0.184922600923E-10
   289.026524130      0.119451393509E-10
   295.309709437      0.767437195995E-11
   301.592894745      0.494168325337E-11
   307.876080052      0.316958262454E-11
   314.159265359      0.203852341050E-11
   320.442450666      0.130599207101E-11
   326.725635973      0.837666567713E-12
   333.008821281      0.536791139873E-12
   339.292006588      0.344098855949E-12
   345.575191895      0.220271384976E-12
   351.858377202      0.141194065554E-12
   358.141562509      0.904136216710E-13
   364.424747816      0.579454130728E-13
   370.707933124      0.371083372655E-13
   376.991118431      0.237365305065E-13
   383.274303738      0.151957178600E-13
   389.557489045      0.972271463185E-14
   395.840674352      0.621495674011E-14
   402.123859659      0.397327150188E-14
   408.407044967      0.253860712878E-14
   414.690230274      0.162279478930E-14
   420.973415581      0.103420316505E-14
   427.256600888      0.660961318968E-15
   433.539786195      0.421039201681E-15
   439.822971503      0.268882059013E-15
   446.106156810      0.171032277930E-15
   452.389342117      0.109218776359E-15
   458.672527424      0.694132205670E-16
   464.955712731      0.443382812744E-16
   471.238898038      0.281355329750E-16
   477.522083346      0.179548021450E-16
   483.805268653      0.113897749695E-16
   490.088453960      0.727237494263E-17
   496.371639267      0.461127812753E-17
   502.654824574      0.294657676987E-17
   508.938009882      0.187040637620E-17
   515.221195189      0.119562445504E-17
   521.504380496      0.761428242151E-18
   527.787565803      0.496700953336E-18
   534.070751110      0.328291169652E-18
   540.353936417      0.241506725710E-18
   546.637121725      0.398707909423E-20
   552.920307032      0.114958380574E-20
   559.203492339      0.381423648527E-21
   565.486677646      0.160943988161E-21
   571.769862953      0.859487015920E-22
   578.053048261      0.490210148745E-22
   584.336233568      0.330785765211E-22
   590.619418875      0.218690909395E-22
   596.902604182      0.149711136650E-22
   603.185789489      0.102830749420E-22
   609.468974796      0.683729947021E-23
   615.752160104      0.472926573933E-23
   622.035345411      0.334087088420E-23
   628.318530718      0.243542628082E-23
   634.601716025      0.164048293904E-23
   640.884901332      0.112815319036E-23
   647.168086639      0.798367693099E-24
   653.451271947      0.554288583201E-24
   659.734457254      0.390248884540E-24
   666.017642561      0.268883303333E-24
   672.300827868      0.184417128019E-24
   678.584013175      0.128104981894E-24
   684.867198483      0.913603198675E-25
   691.150383790      0.661238401076E-25
   697.433569097      0.458365880933E-25
   703.716754404      0.317410253993E-25
   709.999939711      0.230596766496E-25
   716.283125018      0.163885469886E-25
   722.566310326      0.112543175736E-25
   728.849495633      0.760530293071E-26
   735.132680940      0.587703731148E-26
   741.415866247      0.389455282194E-26
   747.699051554      0.280294715027E-26
   753.982236862      0.195976569875E-26
   760.265422169      0.129277088093E-26
   766.548607476      0.853567084861E-27
   772.831792783      0.551804085489E-27
   779.114978090      0.401428041478E-27
   785.398163397      0.277375981150E-27
   791.681348705      0.179257888748E-27
   797.964534012      0.111885172058E-27
   804.247719319      0.938957383294E-28
   810.530904626      0.554103206794E-28
   816.814089933      0.410426791418E-28
   823.097275241      0.274351813539E-28
   829.380460548      0.202416809246E-28
   835.663645855      0.134280565324E-28
   841.946831162      0.760215285264E-29
   848.230016469      0.567023454728E-29
   854.513201776      0.431801584693E-29
   860.796387084      0.257887337055E-29
   867.079572391      0.155679390250E-29
   873.362757698      0.110736707840E-29
   879.645943005      0.807029706877E-30
   885.929128312      0.486590016839E-30
   892.212313620      0.273884232038E-30
   898.495498927      0.188437347887E-30
   904.778684234      0.859907518380E-31
   911.061869541      0.346956778307E-31
   917.345054848      0.183501264239E-32
   923.628240155      0.769641629798E-32
   929.911425463      0.482945670796E-32
   936.194610770      0.128117951782E-35
   942.477796077      0.124825035518E-35
   948.760981384      0.120852563907E-35
   955.044166691      0.115883004925E-35
   961.327351998      0.118568774913E-35
   967.610537306      0.111316585274E-35
   973.893722613      0.110082016120E-35
   980.176907920      0.109410568715E-35
   986.460093227      0.107309845203E-35
   992.743278534      0.108393977899E-35
   999.026463842      0.100816385876E-35
   1005.30964915      0.102511946520E-35
   1011.59283446      0.913606684796E-36
   1017.87601976      0.918196361016E-36
   1024.15920507      0.886897079979E-36
   1030.44239038      0.794162176159E-36
   1036.72557568      0.855910548717E-36
   1043.00876099      0.771936142478E-36
   1049.29194630      0.789978234776E-36
   1055.57513161      0.749188190186E-36
   1061.85831691      0.744292094258E-36
   1068.14150222      0.756618246731E-36
   1074.42468753      0.661144971182E-36
   1080.70787283      0.648929473604E-36
   1086.99105814      0.655619862780E-36
   1093.27424345      0.603502136062E-36
   1099.55742876      0.599280349755E-36
   1105.84061406      0.520570174896E-36
   1112.12379937      0.556424753696E-36
   1118.40698468      0.481605183969E-36
   1124.69016999      0.498228648195E-36
   1130.97335529      0.450842611345E-36
   1137.25654060      0.369813189170E-36
   1143.53972591      0.331550312315E-36
   1149.82291121      0.293664828345E-36
   1156.10609652      0.279206690532E-36
   1162.38928183      0.260053424241E-36
   1168.67246714      0.243283503484E-36
   1174.95565244      0.225433195094E-36
   1181.23883775      0.211994112003E-36
   1187.52202306      0.196357950740E-36
   1193.80520836      0.184587014650E-36
   1200.08839367      0.170658551099E-36
   1206.37157898      0.161735648720E-36
   1212.65476429      0.145629666352E-36
   1218.93794959      0.137443185248E-36
   1225.22113490      0.127193512759E-36
   1231.50432021      0.119490059418E-36
   1237.78750551      0.107551317677E-36
   1244.07069082      0.103242906833E-36
   1250.35387613      0.994592226605E-37
   1256.63706144      0.923482233904E-37
   1262.92024674      0.796962427728E-37
   1269.20343205      0.793340571832E-37
   1275.48661736      0.690831930096E-37
   1281.76980266      0.666716077852E-37
   1288.05298797      0.591861444174E-37
   1294.33617328      0.545734783101E-37
   1300.61935859      0.460437837716E-37
   1306.90254389      0.386507607570E-37
   1313.18572920      0.377721097999E-37
   1319.46891451      0.368909716441E-37
   1325.75209981      0.326798032871E-37
   1332.03528512      0.270140258555E-37
   1338.31847043      0.208172613113E-37
   1344.60165574      0.211020307739E-37
   1350.88484104      0.169252686725E-37
   1357.16802635      0.126800605333E-37
   1363.45121166      0.689784729839E-38
   1369.73439697      0.814893944693E-38
   1376.01758227      0.520033769604E-38
   1382.30076758      0.257733284191E-38
   1388.58395289      0.587356903979E-39
   1394.86713819      0.154825182397E-39
   6.28318530718      0.404192533092E-40
   12.5663706144      0.720415857779E-03
   18.8495559215      0.367250253878E-03
   25.1327412287      0.322302821546E-03
   31.4159265359      0.128203107382E-03
   37.6991118431      0.696959492712E-04
   43.9822971503      0.351994199088E-04
   50.2654824574      0.213494528151E-04
   56.5486677646      0.130038468857E-04
   62.8318530718      0.880665959285E-05
   69.1150383790      0.588600191299E-05
   75.3982236862      0.363191642128E-05
   81.6814089933      0.249972515119E-05
   87.9645943005      0.166831780411E-05
   94.2477796077      0.109225599973E-05
   100.530964915      0.754458173526E-06
   106.814150222      0.521518390034E-06
   113.097335529      0.392710347374E-06
   119.380520836      0.277352526682E-06
   125.663706144      0.211720453199E-06
   131.946891451      0.155187732982E-06
   138.230076758      0.117814724575E-06
   144.513262065      0.875256401982E-07
   150.796447372      0.671517404499E-07
   157.079632679      0.503121037670E-07
   163.362817987      0.385890601168E-07
   169.646003294      0.286044996582E-07
   175.929188601      0.215300893418E-07
   182.212373908      0.159074660405E-07
   188.495559215      0.118425574331E-07
   194.778744523      0.856043917118E-08
   201.061929830      0.626462472588E-08
   207.345115137      0.445676898241E-08
   213.628300444      0.318552911368E-08
   219.911485751      0.223077295272E-08
   226.194671058      0.155589734691E-08
   232.477856366      0.107351316099E-08
   238.761041673      0.736836383380E-09
   245.044226980      0.499410865663E-09
   251.327412287      0.337712295400E-09
   257.610597594      0.226492975143E-09
   263.893782902      0.151257278563E-09
   270.176968209      0.100262497701E-09
   276.460153516      0.664689049388E-10
   282.743338823      0.437526590962E-10
   289.026524130      0.288293936975E-10
   295.309709437      0.188658940799E-10
   301.592894745      0.123818708736E-10
   307.876080052      0.808349135293E-11
   314.159265359      0.529742746224E-11
   320.442450666      0.345328186228E-11
   326.725635973      0.225350865130E-11
   333.008821281      0.146986750676E-11
   339.292006588      0.958522689284E-12
   345.575191895      0.624391864504E-12
   351.858377202      0.407335969377E-12
   358.141562509      0.265499626734E-12
   364.424747816      0.173239555687E-12
   370.707933124      0.112975667536E-12
   376.991118431      0.735783728361E-13
   383.274303738      0.479861834129E-13
   389.557489045      0.312689818929E-13
   395.840674352      0.203669310475E-13
   402.123859659      0.132601481919E-13
   408.407044967      0.863541649661E-14
   414.690230274      0.562287209756E-14
   420.973415581      0.365238544470E-14
   427.256600888      0.237716514358E-14
   433.539786195      0.154379897997E-14
   439.822971503      0.100346540646E-14
   446.106156810      0.650924757948E-15
   452.389342117      0.422726665740E-15
   458.672527424      0.274041010234E-15
   464.955712731      0.177833096721E-15
   471.238898038      0.115113582518E-15
   477.522083346      0.745928039626E-16
   483.805268653      0.482688570400E-16
   490.088453960      0.312671781781E-16
   496.371639267      0.202209864399E-16
   502.654824574      0.130966452681E-16
   508.938009882      0.847695567798E-17
   515.221195189      0.549290259457E-17
   521.504380496      0.356216667981E-17
   527.787565803      0.235831276359E-17
   534.070751110      0.155969188293E-17
   540.353936417      0.116034851034E-17
   546.637121725      0.451012514328E-20
   552.920307032      0.117282395759E-20
   559.203492339      0.383757095902E-21
   565.486677646      0.161384957518E-21
   571.769862953      0.856760875882E-22
   578.053048261      0.490223820554E-22
   584.336233568      0.330532674226E-22
   590.619418875      0.219099155104E-22
   596.902604182      0.150458099418E-22
   603.185789489      0.103537251853E-22
   609.468974796      0.690895776363E-23
   615.752160104      0.479491463914E-23
   622.035345411      0.340261102289E-23
   628.318530718      0.247854931292E-23
   634.601716025      0.167549554586E-23
   640.884901332      0.115030169463E-23
   647.168086639      0.812493083488E-24
   653.451271947      0.562152147836E-24
   659.734457254      0.394256455999E-24
   666.017642561      0.270814925749E-24
   672.300827868      0.185272378526E-24
   678.584013175      0.128350446522E-24
   684.867198483      0.913797826384E-25
   691.150383790      0.661238384363E-25
   697.433569097      0.458365870597E-25
   703.716754404      0.317410244740E-25
   709.999939711      0.230596755307E-25
   716.283125018      0.163885473016E-25
   722.566310326      0.112543167987E-25
   728.849495633      0.760530313171E-26
   735.132680940      0.587703780872E-26
   741.415866247      0.389455258754E-26
   747.699051554      0.280294699283E-26
   753.982236862      0.195976589166E-26
   760.265422169      0.129277082055E-26
   766.548607476      0.853567068397E-27
   772.831792783      0.551804146319E-27
   779.114978090      0.401428004389E-27
   785.398163397      0.277376021902E-27
   791.681348705      0.179257861528E-27
   797.964534012      0.111885162488E-27
   804.247719319      0.938957557356E-28
   810.530904626      0.554103074527E-28
   816.814089933      0.410426765992E-28
   823.097275241      0.274352014089E-28
   829.380460548      0.202416927115E-28
   835.663645855      0.134280691719E-28
   841.946831162      0.760215072513E-29
   848.230016469      0.567024278285E-29
   854.513201776      0.431802311622E-29
   860.796387084      0.257887602071E-29
   867.079572391      0.155679379913E-29
   873.362757698      0.110736390944E-29
   879.645943005      0.807031371144E-30
   885.929128312      0.486589629173E-30
   892.212313620      0.273883569230E-30
   898.495498927      0.188435621965E-30
   904.778684234      0.859905650391E-31
   911.061869541      0.346946174565E-31
   917.345054848      0.183498835443E-32
   923.628240155      0.769627251245E-32
   929.911425463      0.482940304213E-32
   936.194610770      0.127951525784E-35
   942.477796077      0.125221288098E-35
   948.760981384      0.120331647556E-35
   955.044166691      0.119253601731E-35
   961.327351998      0.117263237054E-35
   967.610537306      0.114010268738E-35
   973.893722613      0.114113148293E-35
   980.176907920      0.109647855940E-35
   986.460093227      0.106929141601E-35
   992.743278534      0.104467115975E-35
   999.026463842      0.109318152098E-35
   1005.30964915      0.103743144061E-35
   1011.59283446      0.887802525119E-36
   1017.87601976      0.918561991254E-36
   1024.15920507      0.894101464092E-36
   1030.44239038      0.807542444294E-36
   1036.72557568      0.883256415036E-36
   1043.00876099      0.769988136574E-36
   1049.29194630      0.777724924678E-36
   1055.57513161      0.742552444871E-36
   1061.85831691      0.704079409880E-36
   1068.14150222      0.778972744642E-36
   1074.42468753      0.647867302974E-36
   1080.70787283      0.664570244649E-36
   1086.99105814      0.594939426131E-36
   1093.27424345      0.570926480128E-36
   1099.55742876      0.583273542538E-36
   1105.84061406      0.519791735407E-36
   1112.12379937      0.568529202740E-36
   1118.40698468      0.486041675456E-36
   1124.69016999      0.533466841309E-36
   1130.97335529      0.431668694268E-36
   1137.25654060      0.387258334568E-36
   1143.53972591      0.331326412111E-36
   1149.82291121      0.299079696171E-36
   1156.10609652      0.281420236068E-36
   1162.38928183      0.258158451719E-36
   1168.67246714      0.248361338987E-36
   1174.95565244      0.227146740770E-36
   1181.23883775      0.214734492041E-36
   1187.52202306      0.199997791745E-36
   1193.80520836      0.182058078671E-36
   1200.08839367      0.172637176705E-36
   1206.37157898      0.163117902853E-36
   1212.65476429      0.146958553875E-36
   1218.93794959      0.138212883687E-36
   1225.22113490      0.130335188841E-36
   1231.50432021      0.123747535355E-36
   1237.78750551      0.111995130303E-36
   1244.07069082      0.108171959439E-36
   1250.35387613      0.101764731134E-36
   1256.63706144      0.938443604097E-37
   1262.92024674      0.822916096297E-37
   1269.20343205      0.791610520747E-37
   1275.48661736      0.661344356755E-37
   1281.76980266      0.643434179332E-37
   1288.05298797      0.577609400399E-37
   1294.33617328      0.538450846860E-37
   1300.61935859      0.481222384000E-37
   1306.90254389      0.408681377773E-37
   1313.18572920      0.356567754273E-37
   1319.46891451      0.348040166492E-37
   1325.75209981      0.296659920403E-37
   1332.03528512      0.248093955941E-37
   1338.31847043      0.180109659697E-37
   1344.60165574      0.207533969994E-37
   1350.88484104      0.158275454506E-37
   1357.16802635      0.105305010424E-37
   1363.45121166      0.598597663754E-38
   1369.73439697      0.828896224869E-38
   1376.01758227      0.540958406305E-38
   1382.30076758      0.225160538093E-38
   1388.58395289      0.394044018538E-39
   1394.86713819      0.627236984325E-40
   6.28318530718      0.670251882886E-40
   12.5663706144      0.703868181239E-03
   18.8495559215      0.364771246921E-03
   25.1327412287      0.321818488668E-03
   31.4159265359      0.130402666832E-03
   37.6991118431      0.736795375983E-04
   43.9822971503      0.382844140300E-04
   50.2654824574      0.232855757973E-04
   56.5486677646      0.142208536144E-04
   62.8318530718      0.993241939161E-05
   69.1150383790      0.683076401638E-05
   75.3982236862      0.423584182681E-05
   81.6814089933      0.298805736702E-05
   87.9645943005      0.204904066166E-05
   94.2477796077      0.131275830320E-05
   100.530964915      0.910687595416E-06
   106.814150222      0.635561787943E-06
   113.097335529      0.478751643928E-06
   119.380520836      0.337601416114E-06
   125.663706144      0.261271902255E-06
   131.946891451      0.193077055608E-06
   138.230076758      0.148640730534E-06
   144.513262065      0.111704624083E-06
   150.796447372      0.872775429582E-07
   157.079632679      0.664964932811E-07
   163.362817987      0.524358876192E-07
   169.646003294      0.394870780316E-07
   175.929188601      0.304155548692E-07
   182.212373908      0.229877157197E-07
   188.495559215      0.176263925992E-07
   194.778744523      0.130205251832E-07
   201.061929830      0.982384585929E-08
   207.345115137      0.716173407677E-08
   213.628300444      0.527063786521E-08
   219.911485751      0.378552281380E-08
   226.194671058      0.270995485725E-08
   232.477856366      0.191800246962E-08
   238.761041673      0.135026761650E-08
   245.044226980      0.936098211623E-09
   251.327412287      0.648102199894E-09
   257.610597594      0.444282869150E-09
   263.893782902      0.303087378465E-09
   270.176968209      0.204862167595E-09
   276.460153516      0.138510686617E-09
   282.743338823      0.928458916567E-10
   289.026524130      0.622693015681E-10
   295.309709437      0.414396562952E-10
   301.592894745      0.276583394891E-10
   307.876080052      0.183392950466E-10
   314.159265359      0.122134437732E-10
   320.442450666      0.808237145986E-11
   326.725635973      0.535554439198E-11
   333.008821281      0.354548501752E-11
   339.292006588      0.234644987684E-11
   345.575191895      0.155159432141E-11
   351.858377202      0.102761525409E-11
   358.141562509      0.679667751203E-12
   364.424747816      0.450377405432E-12
   370.707933124      0.298097592569E-12
   376.991118431      0.197257039782E-12
   383.274303738      0.130644860736E-12
   389.557489045      0.864876183462E-13
   395.840674352      0.572404026751E-13
   402.123859659      0.378722916205E-13
   408.407044967      0.250668802757E-13
   414.690230274      0.165895983889E-13
   420.973415581      0.109593139392E-13
   427.256600888      0.725112108042E-14
   433.539786195      0.478810784612E-14
   439.822971503      0.316433323525E-14
   446.106156810      0.208759342542E-14
   452.389342117      0.137800698825E-14
   458.672527424      0.908565705666E-15
   464.955712731      0.599091943625E-15
   471.238898038      0.394447217413E-15
   477.522083346      0.259729640856E-15
   483.805268653      0.170919101081E-15
   490.088453960      0.112470521305E-15
   496.371639267      0.739576598792E-16
   502.654824574      0.486472044919E-16
   508.938009882      0.320110089641E-16
   515.221195189      0.210749356846E-16
   521.504380496      0.138936187423E-16
   527.787565803      0.936559625800E-17
   534.070751110      0.629758205878E-17
   540.353936417      0.484176850919E-17
   546.637121725      0.654212860459E-20
   552.920307032      0.143633057974E-20
   559.203492339      0.456470169744E-21
   565.486677646      0.178680872932E-21
   571.769862953      0.891375246721E-22
   578.053048261      0.500785033875E-22
   584.336233568      0.333116764576E-22
   590.619418875      0.220331930773E-22
   596.902604182      0.151480896008E-22
   603.185789489      0.104468617818E-22
   609.468974796      0.699412657239E-23
   615.752160104      0.487096073167E-23
   622.035345411      0.347161240186E-23
   628.318530718      0.252641025707E-23
   634.601716025      0.171520380591E-23
   640.884901332      0.117612208466E-23
   647.168086639      0.828162944573E-24
   653.451271947      0.571539591834E-24
   659.734457254      0.398995255585E-24
   666.017642561      0.273203711283E-24
   672.300827868      0.186273084295E-24
   678.584013175      0.128718731326E-24
   684.867198483      0.914150188783E-25
   691.150383790      0.661266349941E-25
   697.433569097      0.458365861499E-25
   703.716754404      0.317410259576E-25
   709.999939711      0.230596756093E-25
   716.283125018      0.163885470299E-25
   722.566310326      0.112543164436E-25
   728.849495633      0.760530299683E-26
   735.132680940      0.587703758538E-26
   741.415866247      0.389455294777E-26
   747.699051554      0.280294699337E-26
   753.982236862      0.195976583511E-26
   760.265422169      0.129277107026E-26
   766.548607476      0.853567017137E-27
   772.831792783      0.551803997697E-27
   779.114978090      0.401427990381E-27
   785.398163397      0.277376020896E-27
   791.681348705      0.179257878871E-27
   797.964534012      0.111885212754E-27
   804.247719319      0.938957360990E-28
   810.530904626      0.554103492032E-28
   816.814089933      0.410426631915E-28
   823.097275241      0.274351953317E-28
   829.380460548      0.202416953488E-28
   835.663645855      0.134280491219E-28
   841.946831162      0.760215031942E-29
   848.230016469      0.567023366767E-29
   854.513201776      0.431802011520E-29
   860.796387084      0.257887902949E-29
   867.079572391      0.155679024629E-29
   873.362757698      0.110736109076E-29
   879.645943005      0.807027747063E-30
   885.929128312      0.486588363455E-30
   892.212313620      0.273884941968E-30
   898.495498927      0.188435653759E-30
   904.778684234      0.859902456609E-31
   911.061869541      0.346944082106E-31
   917.345054848      0.183504103534E-32
   923.628240155      0.769629875364E-32
   929.911425463      0.482936051286E-32
   936.194610770      0.126938884805E-35
   942.477796077      0.124056781054E-35
   948.760981384      0.119284640760E-35
   955.044166691      0.117512020588E-35
   961.327351998      0.116795013866E-35
   967.610537306      0.116609456849E-35
   973.893722613      0.110144776484E-35
   980.176907920      0.110526870228E-35
   986.460093227      0.106506966593E-35
   992.743278534      0.107817312987E-35
   999.026463842      0.102728837963E-35
   1005.30964915      0.101256253590E-35
   1011.59283446      0.892670474393E-36
   1017.87601976      0.896553087844E-36
   1024.15920507      0.894289047016E-36
   1030.44239038      0.806344075362E-36
   1036.72557568      0.875871918611E-36
   1043.00876099      0.778374831327E-36
   1049.29194630      0.784714064037E-36
   1055.57513161      0.769817205792E-36
   1061.85831691      0.732567822859E-36
   1068.14150222      0.756557371566E-36
   1074.42468753      0.641180012329E-36
   1080.70787283      0.660964245414E-36
   1086.99105814      0.623314894341E-36
   1093.27424345      0.585562515062E-36
   1099.55742876      0.606775781156E-36
   1105.84061406      0.512357575978E-36
   1112.12379937      0.582065499674E-36
   1118.40698468      0.490086849502E-36
   1124.69016999      0.505602976402E-36
   1130.97335529      0.434199245210E-36
   1137.25654060      0.382146432675E-36
   1143.53972591      0.333759393029E-36
   1149.82291121      0.299819233474E-36
   1156.10609652      0.281791279200E-36
   1162.38928183      0.261318417209E-36
   1168.67246714      0.245127966024E-36
   1174.95565244      0.228363678578E-36
   1181.23883775      0.216731951581E-36
   1187.52202306      0.204096987082E-36
   1193.80520836      0.185463090442E-36
   1200.08839367      0.170509092285E-36
   1206.37157898      0.160160265497E-36
   1212.65476429      0.145855606384E-36
   1218.93794959      0.139014670855E-36
   1225.22113490      0.133579593547E-36
   1231.50432021      0.121972711102E-36
   1237.78750551      0.107952985097E-36
   1244.07069082      0.102404848360E-36
   1250.35387613      0.973340699327E-37
   1256.63706144      0.881765514694E-37
   1262.92024674      0.816546083429E-37
   1269.20343205      0.803887584214E-37
   1275.48661736      0.686282372150E-37
   1281.76980266      0.632064723068E-37
   1288.05298797      0.539562458952E-37
   1294.33617328      0.524919237901E-37
   1300.61935859      0.470545875733E-37
   1306.90254389      0.407727846707E-37
   1313.18572920      0.384323061577E-37
   1319.46891451      0.347345241762E-37
   1325.75209981      0.295396878368E-37
   1332.03528512      0.255439071903E-37
   1338.31847043      0.196659522318E-37
   1344.60165574      0.223702454371E-37
   1350.88484104      0.201887977372E-37
   1357.16802635      0.129969019202E-37
   1363.45121166      0.728685920632E-38
   1369.73439697      0.761641732475E-38
   1376.01758227      0.466702787363E-38
   1382.30076758      0.312555454785E-38
   1388.58395289      0.517591490935E-39
   1394.86713819      0.147111175604E-39
   6.28318530718      0.509384226740E-40
   12.5663706144      0.687640052108E-03
   18.8495559215      0.361876499211E-03
   25.1327412287      0.321148020320E-03
   31.4159265359      0.132263524499E-03
   37.6991118431      0.778652306115E-04
   43.9822971503      0.411827031303E-04
   50.2654824574      0.252361282451E-04
   56.5486677646      0.156149322579E-04
   62.8318530718      0.110973909756E-04
   69.1150383790      0.782352240392E-05
   75.3982236862      0.488635006784E-05
   81.6814089933      0.350997594537E-05
   87.9645943005      0.246765316514E-05
   94.2477796077      0.155544445963E-05
   100.530964915      0.108193170851E-05
   106.814150222      0.759666645726E-06
   113.097335529      0.569771546771E-06
   119.380520836      0.400119905217E-06
   125.663706144      0.313886287836E-06
   131.946891451      0.232104315553E-06
   138.230076758      0.180883236692E-06
   144.513262065      0.136889708076E-06
   150.796447372      0.108679777158E-06
   157.079632679      0.837362546582E-07
   163.362817987      0.676897081512E-07
   169.646003294      0.516316837311E-07
   175.929188601      0.406292974261E-07
   182.212373908      0.312912329545E-07
   188.495559215      0.246094270948E-07
   194.778744523      0.185407551310E-07
   201.061929830      0.143779777314E-07
   207.345115137      0.107136491516E-07
   213.628300444      0.810083118523E-08
   219.911485751      0.595267356094E-08
   226.194671058      0.436719463371E-08
   232.477856366      0.316364951588E-08
   238.761041673      0.228092985194E-08
   245.044226980      0.161548005238E-08
   251.327412287      0.114373433122E-08
   257.610597594      0.799777992748E-09
   263.893782902      0.556852404224E-09
   270.176968209      0.383307047656E-09
   276.460153516      0.263995108625E-09
   282.743338823      0.179945694220E-09
   289.026524130      0.122652302337E-09
   295.309709437      0.829144675477E-10
   301.592894745      0.561803241477E-10
   307.876080052      0.377793429362E-10
   314.159265359      0.255109332123E-10
   320.442450666      0.171081048530E-10
   326.725635973      0.114928198074E-10
   333.008821281      0.770485309599E-11
   339.292006588      0.516579299565E-11
   345.575191895      0.346010307535E-11
   351.858377202      0.232137551585E-11
   358.141562509      0.155450160767E-11
   364.424747816      0.104352733694E-11
   370.707933124      0.699302539962E-12
   376.991118431      0.469138050528E-12
   383.274303738      0.314704131106E-12
   389.557489045      0.211190918793E-12
   395.840674352      0.141667572377E-12
   402.123859659      0.950571349524E-13
   408.407044967      0.637834646277E-13
   414.690230274      0.428126234442E-13
   420.973415581      0.286991884232E-13
   427.256600888      0.192617503371E-13
   433.539786195      0.129055540248E-13
   439.822971503      0.865460347862E-14
   446.106156810      0.579448010137E-14
   452.389342117      0.388157432877E-14
   458.672527424      0.259721072204E-14
   464.955712731      0.173783864041E-14
   471.238898038      0.116135903803E-14
   477.522083346      0.776065439323E-15
   483.805268653      0.518262762427E-15
   490.088453960      0.346025411440E-15
   496.371639267      0.230905570897E-15
   502.654824574      0.154068301612E-15
   508.938009882      0.102868340044E-15
   515.221195189      0.687364739434E-16
   521.504380496      0.459787340726E-16
   527.787565803      0.315223303388E-16
   534.070751110      0.215827449181E-16
   540.353936417      0.171853299746E-16
   546.637121725      0.146295832628E-19
   552.920307032      0.289660113840E-20
   559.203492339      0.889085944520E-21
   565.486677646      0.283406991206E-21
   571.769862953      0.113218855049E-21
   578.053048261      0.574113934100E-22
   584.336233568      0.351524462944E-22
   590.619418875      0.225088976271E-22
   596.902604182      0.153576240407E-22
   603.185789489      0.105905306207E-22
   609.468974796      0.709991600829E-23
   615.752160104      0.495837261468E-23
   622.035345411      0.354620436464E-23
   628.318530718      0.257861842563E-23
   634.601716025      0.175783654301E-23
   640.884901332      0.120570462445E-23
   647.168086639      0.845867659307E-24
   653.451271947      0.582169052386E-24
   659.734457254      0.404347422865E-24
   666.017642561      0.276151499176E-24
   672.300827868      0.187488573845E-24
   678.584013175      0.129288317592E-24
   684.867198483      0.914837197320E-25
   691.150383790      0.661331327508E-25
   697.433569097      0.458365854966E-25
   703.716754404      0.317410244136E-25
   709.999939711      0.230596760088E-25
   716.283125018      0.163885463537E-25
   722.566310326      0.112543163024E-25
   728.849495633      0.760530309078E-26
   735.132680940      0.587703707087E-26
   741.415866247      0.389455290168E-26
   747.699051554      0.280294677059E-26
   753.982236862      0.195976570329E-26
   760.265422169      0.129277104633E-26
   766.548607476      0.853567151641E-27
   772.831792783      0.551804177002E-27
   779.114978090      0.401428081611E-27
   785.398163397      0.277375948569E-27
   791.681348705      0.179257888177E-27
   797.964534012      0.111885174603E-27
   804.247719319      0.938958323796E-28
   810.530904626      0.554103376359E-28
   816.814089933      0.410426912929E-28
   823.097275241      0.274351910579E-28
   829.380460548      0.202417222774E-28
   835.663645855      0.134280411484E-28
   841.946831162      0.760216002025E-29
   848.230016469      0.567023475248E-29
   854.513201776      0.431801025399E-29
   860.796387084      0.257887298734E-29
   867.079572391      0.155679302535E-29
   873.362757698      0.110735959065E-29
   879.645943005      0.807028105093E-30
   885.929128312      0.486590666736E-30
   892.212313620      0.273885680037E-30
   898.495498927      0.188433868019E-30
   904.778684234      0.859920334869E-31
   911.061869541      0.346953197291E-31
   917.345054848      0.183516555920E-32
   923.628240155      0.769636339755E-32
   929.911425463      0.482892377835E-32
   936.194610770      0.126876359867E-35
   942.477796077      0.125854619019E-35
   948.760981384      0.124883853953E-35
   955.044166691      0.118118423882E-35
   961.327351998      0.116809921434E-35
   967.610537306      0.114667765413E-35
   973.893722613      0.110098872188E-35
   980.176907920      0.109465450152E-35
   986.460093227      0.107272376227E-35
   992.743278534      0.107561081050E-35
   999.026463842      0.104547470477E-35
   1005.30964915      0.103066843062E-35
   1011.59283446      0.895872873112E-36
   1017.87601976      0.928882707145E-36
   1024.15920507      0.914252242860E-36
   1030.44239038      0.824967018874E-36
   1036.72557568      0.882377573022E-36
   1043.00876099      0.779139210896E-36
   1049.29194630      0.780109283315E-36
   1055.57513161      0.760586517747E-36
   1061.85831691      0.716679191288E-36
   1068.14150222      0.790018530566E-36
   1074.42468753      0.662078200691E-36
   1080.70787283      0.704304543762E-36
   1086.99105814      0.626727812207E-36
   1093.27424345      0.579924414375E-36
   1099.55742876      0.597549406797E-36
   1105.84061406      0.523659862182E-36
   1112.12379937      0.545629377397E-36
   1118.40698468      0.466493745817E-36
   1124.69016999      0.496960145334E-36
   1130.97335529      0.429863913658E-36
   1137.25654060      0.371356964513E-36
   1143.53972591      0.329489113216E-36
   1149.82291121      0.299822006532E-36
   1156.10609652      0.279310782850E-36
   1162.38928183      0.252865461492E-36
   1168.67246714      0.240537839864E-36
   1174.95565244      0.222571963296E-36
   1181.23883775      0.208480323324E-36
   1187.52202306      0.194076621646E-36
   1193.80520836      0.185454935721E-36
   1200.08839367      0.171762065587E-36
   1206.37157898      0.160869969806E-36
   1212.65476429      0.143609171963E-36
   1218.93794959      0.139991344014E-36
   1225.22113490      0.130591758581E-36
   1231.50432021      0.122691937281E-36
   1237.78750551      0.107430094949E-36
   1244.07069082      0.101842512409E-36
   1250.35387613      0.955071484474E-37
   1256.63706144      0.901981642472E-37
   1262.92024674      0.801870570230E-37
   1269.20343205      0.781716262105E-37
   1275.48661736      0.668862399791E-37
   1281.76980266      0.629474414502E-37
   1288.05298797      0.542779816858E-37
   1294.33617328      0.513847519037E-37
   1300.61935859      0.467050452734E-37
   1306.90254389      0.401248879132E-37
   1313.18572920      0.395860204338E-37
   1319.46891451      0.369071641777E-37
   1325.75209981      0.312855225040E-37
   1332.03528512      0.242992197135E-37
   1338.31847043      0.190776284680E-37
   1344.60165574      0.212445578829E-37
   1350.88484104      0.179874885439E-37
   1357.16802635      0.129707499500E-37
   1363.45121166      0.850860746086E-38
   1369.73439697      0.101383004492E-37
   1376.01758227      0.665585094700E-38
   1382.30076758      0.335855027711E-38
   1388.58395289      0.418951327116E-39
   1394.86713819      0.502285805840E-40
   6.28318530718      0.802013146500E-41
   12.5663706144      0.671706636038E-03
   18.8495559215      0.358556401145E-03
   25.1327412287      0.320360609216E-03
   31.4159265359      0.133789834071E-03
   37.6991118431      0.822247187952E-04
   43.9822971503      0.438719914979E-04
   50.2654824574      0.272004740119E-04
   56.5486677646      0.172048364766E-04
   62.8318530718      0.123273849457E-04
   69.1150383790      0.884851148358E-05
   75.3982236862      0.559730922534E-05
   81.6814089933      0.405126654513E-05
   87.9645943005      0.291501918604E-05
   94.2477796077      0.182565364041E-05
   100.530964915      0.126828816773E-05
   106.814150222      0.892504846359E-06
   113.097335529      0.664598547373E-06
   119.380520836      0.464856542311E-06
   125.663706144      0.368914728588E-06
   131.946891451      0.271419580135E-06
   138.230076758      0.213830219592E-06
   144.513262065      0.162543822527E-06
   150.796447372      0.130795307081E-06
   157.079632679      0.101441277581E-06
   163.362817987      0.836660680006E-07
   169.646003294      0.645317816149E-07
   175.929188601      0.518388843438E-07
   182.212373908      0.405672360718E-07
   188.495559215      0.325749805399E-07
   194.778744523      0.250087896567E-07
   201.061929830      0.198668882496E-07
   207.345115137      0.150992374139E-07
   213.628300444      0.116997811463E-07
   219.911485751      0.877959259529E-08
   226.194671058      0.659248557372E-08
   232.477856366      0.487769561633E-08
   238.761041673      0.359656457243E-08
   245.044226980      0.260014836170E-08
   251.327412287      0.188020424674E-08
   257.610597594      0.133907104411E-08
   263.893782902      0.950778585363E-09
   270.176968209      0.665851918138E-09
   276.460153516      0.466697897007E-09
   282.743338823      0.323103365219E-09
   289.026524130      0.223627438007E-09
   295.309709437      0.153408637787E-09
   301.592894745      0.105389613324E-09
   307.876080052      0.718027421775E-10
   314.159265359      0.490879465559E-10
   320.442450666      0.333159208865E-10
   326.725635973      0.226575576847E-10
   333.008821281      0.153559712715E-10
   339.292006588      0.104164048263E-10
   345.575191895      0.705275176059E-11
   351.858377202      0.478482642602E-11
   358.141562509      0.323836125252E-11
   364.424747816      0.219791438843E-11
   370.707933124      0.148855105313E-11
   376.991118431      0.101023346619E-11
   383.274303738      0.684920287020E-12
   389.557489045      0.465050237963E-12
   395.840674352      0.315508275974E-12
   402.123859659      0.214276480246E-12
   408.407044967      0.145459518359E-12
   414.690230274      0.988415248606E-13
   420.973415581      0.670727476450E-13
   427.256600888      0.455812364535E-13
   433.539786195      0.309301426469E-13
   439.822971503      0.210069275119E-13
   446.106156810      0.142469717281E-13
   452.389342117      0.966946130429E-14
   458.672527424      0.655421822916E-14
   464.955712731      0.444399443175E-14
   471.238898038      0.300892686121E-14
   477.522083346      0.203754349108E-14
   483.805268653      0.137847988319E-14
   490.088453960      0.932587559152E-15
   496.371639267      0.630536568719E-15
   502.654824574      0.426192421254E-15
   508.938009882      0.288319208851E-15
   515.221195189      0.195247922342E-15
   521.504380496      0.132315955428E-15
   527.787565803      0.921155781689E-16
   534.070751110      0.641747403345E-16
   540.353936417      0.528742518876E-16
   546.637121725      0.434749852763E-19
   552.920307032      0.946529974825E-20
   559.203492339      0.299233376770E-20
   565.486677646      0.796746935811E-21
   571.769862953      0.244237490766E-21
   578.053048261      0.992816568950E-22
   584.336233568      0.453181661634E-22
   590.619418875      0.249500987997E-22
   596.902604182      0.161878334942E-22
   603.185789489      0.109541858945E-22
   609.468974796      0.726584454573E-23
   615.752160104      0.506706074150E-23
   622.035345411      0.363018506413E-23
   628.318530718      0.263728460473E-23
   634.601716025      0.180528347022E-23
   640.884901332      0.123958883193E-23
   647.168086639      0.866146624065E-24
   653.451271947      0.594192941021E-24
   659.734457254      0.410285947918E-24
   666.017642561      0.279251573307E-24
   672.300827868      0.188812015579E-24
   678.584013175      0.130012076247E-24
   684.867198483      0.916023405326E-25
   691.150383790      0.661441811961E-25
   697.433569097      0.458365850659E-25
   703.716754404      0.317410254462E-25
   709.999939711      0.230596752010E-25
   716.283125018      0.163885463761E-25
   722.566310326      0.112543162710E-25
   728.849495633      0.760530283461E-26
   735.132680940      0.587703774774E-26
   741.415866247      0.389455283190E-26
   747.699051554      0.280294671028E-26
   753.982236862      0.195976585544E-26
   760.265422169      0.129277107179E-26
   766.548607476      0.853567146777E-27
   772.831792783      0.551804088565E-27
   779.114978090      0.401427927598E-27
   785.398163397      0.277375958045E-27
   791.681348705      0.179257953097E-27
   797.964534012      0.111885189680E-27
   804.247719319      0.938958092819E-28
   810.530904626      0.554103696976E-28
   816.814089933      0.410427149054E-28
   823.097275241      0.274351702488E-28
   829.380460548      0.202417217235E-28
   835.663645855      0.134280723745E-28
   841.946831162      0.760216518786E-29
   848.230016469      0.567022954668E-29
   854.513201776      0.431800171419E-29
   860.796387084      0.257887878936E-29
   867.079572391      0.155679220956E-29
   873.362757698      0.110736041877E-29
   879.645943005      0.807027817611E-30
   885.929128312      0.486593111921E-30
   892.212313620      0.273884923136E-30
   898.495498927      0.188435831715E-30
   904.778684234      0.859896057040E-31
   911.061869541      0.346945729653E-31
   917.345054848      0.183511476296E-32
   923.628240155      0.769618774725E-32
   929.911425463      0.482923001271E-32
   936.194610770      0.129963553661E-35
   942.477796077      0.129309614201E-35
   948.760981384      0.123256707498E-35
   955.044166691      0.118884228825E-35
   961.327351998      0.122986727041E-35
   967.610537306      0.116849773708E-35
   973.893722613      0.112239541232E-35
   980.176907920      0.115991518080E-35
   986.460093227      0.109710515816E-35
   992.743278534      0.106690091841E-35
   999.026463842      0.103549893939E-35
   1005.30964915      0.105882680776E-35
   1011.59283446      0.915350281912E-36
   1017.87601976      0.932128086080E-36
   1024.15920507      0.873994760518E-36
   1030.44239038      0.807315943259E-36
   1036.72557568      0.876890297116E-36
   1043.00876099      0.749532520054E-36
   1049.29194630      0.785038316981E-36
   1055.57513161      0.738774975066E-36
   1061.85831691      0.716181598460E-36
   1068.14150222      0.735245001207E-36
   1074.42468753      0.636259924744E-36
   1080.70787283      0.634872343972E-36
   1086.99105814      0.611323152453E-36
   1093.27424345      0.571598479896E-36
   1099.55742876      0.603881745047E-36
   1105.84061406      0.529419035405E-36
   1112.12379937      0.559072073224E-36
   1118.40698468      0.474269288853E-36
   1124.69016999      0.494707038167E-36
   1130.97335529      0.410209051968E-36
   1137.25654060      0.364416556688E-36
   1143.53972591      0.325797975847E-36
   1149.82291121      0.287811913736E-36
   1156.10609652      0.272364363476E-36
   1162.38928183      0.253948408161E-36
   1168.67246714      0.243301460049E-36
   1174.95565244      0.223951566446E-36
   1181.23883775      0.211337992265E-36
   1187.52202306      0.195911620158E-36
   1193.80520836      0.185881105444E-36
   1200.08839367      0.174726222083E-36
   1206.37157898      0.161865494231E-36
   1212.65476429      0.145696477474E-36
   1218.93794959      0.140307174324E-36
   1225.22113490      0.128631027624E-36
   1231.50432021      0.117484815437E-36
   1237.78750551      0.103311060196E-36
   1244.07069082      0.100502177339E-36
   1250.35387613      0.949200440511E-37
   1256.63706144      0.874115719163E-37
   1262.92024674      0.810413973160E-37
   1269.20343205      0.784804565102E-37
   1275.48661736      0.684761131474E-37
   1281.76980266      0.649430882483E-37
   1288.05298797      0.570015679687E-37
   1294.33617328      0.547777081668E-37
   1300.61935859      0.481332756364E-37
   1306.90254389      0.402084770174E-37
   1313.18572920      0.392681437526E-37
   1319.46891451      0.352903033362E-37
   1325.75209981      0.299416480184E-37
   1332.03528512      0.246898571767E-37
   1338.31847043      0.199427007212E-37
   1344.60165574      0.217557860113E-37
   1350.88484104      0.186519361054E-37
   1357.16802635      0.140741775243E-37
   1363.45121166      0.719586201109E-38
   1369.73439697      0.775228785135E-38
   1376.01758227      0.517643913866E-38
   1382.30076758      0.294722613860E-38
   1388.58395289      0.258078800127E-39
   1394.86713819      0.551491225482E-40
   6.28318530718      0.785706110118E-40
   12.5663706144      0.656043670348E-03
   18.8495559215      0.354802553771E-03
   25.1327412287      0.319524888070E-03
   31.4159265359      0.134988585818E-03
   37.6991118431      0.867048183766E-04
   43.9822971503      0.463556831495E-04
   50.2654824574      0.291902761509E-04
   56.5486677646      0.189690222032E-04
   62.8318530718      0.136663193394E-04
   69.1150383790      0.988989674651E-05
   75.3982236862      0.637978008459E-05
   81.6814089933      0.460254827209E-05
   87.9645943005      0.338337382376E-05
   94.2477796077      0.212915311090E-05
   100.530964915      0.146785281589E-05
   106.814150222      0.103242590221E-05
   113.097335529      0.763013669537E-06
   119.380520836      0.532953231540E-06
   125.663706144      0.425210774275E-06
   131.946891451      0.310633631047E-06
   138.230076758      0.247098799469E-06
   144.513262065      0.188459446495E-06
   150.796447372      0.153178877103E-06
   157.079632679      0.119296842557E-06
   163.362817987      0.997597864054E-07
   169.646003294      0.777306543458E-07
   175.929188601      0.637061427431E-07
   182.212373908      0.505227712091E-07
   188.495559215      0.412697009088E-07
   194.778744523      0.322602229201E-07
   201.061929830      0.261638496462E-07
   207.345115137      0.202499625366E-07
   213.628300444      0.160351822107E-07
   219.911485751      0.122690123097E-07
   226.194671058      0.941708661355E-08
   232.477856366      0.710270018824E-08
   238.761041673      0.534904663133E-08
   245.044226980      0.394389669573E-08
   251.327412287      0.290926003269E-08
   257.610597594      0.210802992583E-08
   263.893782902      0.152510444929E-08
   270.176968209      0.108566064104E-08
   276.460153516      0.773774878221E-09
   282.743338823      0.543568981682E-09
   289.026524130      0.381833708675E-09
   295.309709437      0.265544280926E-09
   301.592894745      0.184803412064E-09
   307.876080052      0.127453566826E-09
   314.159265359      0.881458560594E-10
   320.442450666      0.604829848883E-10
   326.725635973      0.415838293627E-10
   333.008821281      0.284597913497E-10
   339.292006588      0.195101556953E-10
   345.575191895      0.133292759755E-10
   351.858377202      0.913259761797E-11
   358.141562509      0.623769431967E-11
   364.424747816      0.427411696694E-11
   370.707933124      0.292114433292E-11
   376.991118431      0.200169945374E-11
   383.274303738      0.136935369039E-11
   389.557489045      0.939114558331E-12
   395.840674352      0.643265277119E-12
   402.123859659      0.441382491475E-12
   408.407044967      0.302622359968E-12
   414.690230274      0.207841158488E-12
   420.973415581      0.142464736238E-12
   427.256600888      0.978874759116E-13
   433.539786195      0.671512058488E-13
   439.822971503      0.461157443413E-13
   446.106156810      0.316283620961E-13
   452.389342117      0.217161607264E-13
   458.672527424      0.148891162833E-13
   464.955712731      0.102155427995E-13
   471.238898038      0.699734334478E-14
   477.522083346      0.479515974393E-14
   483.805268653      0.328187375169E-14
   490.088453960      0.224713851445E-14
   496.371639267      0.153718131075E-14
   502.654824574      0.105136499101E-14
   508.938009882      0.719747158367E-15
   515.221195189      0.493330325796E-15
   521.504380496      0.338269779818E-15
   527.787565803      0.238831690733E-15
   534.070751110      0.169132256939E-15
   540.353936417      0.143995319340E-15
   546.637121725      0.133455786062E-18
   552.920307032      0.355505179374E-19
   559.203492339      0.119409938801E-19
   565.486677646      0.306322699165E-20
   571.769862953      0.883302313361E-21
   578.053048261      0.310998096585E-21
   584.336233568      0.961119419068E-22
   590.619418875      0.380136039789E-22
   596.902604182      0.206056324844E-22
   603.185789489      0.124419920074E-22
   609.468974796      0.768603217210E-23
   615.752160104      0.525207865452E-23
   622.035345411      0.374325590776E-23
   628.318530718      0.271048375459E-23
   634.601716025      0.186090762492E-23
   640.884901332      0.127927018613E-23
   647.168086639      0.890351654374E-24
   653.451271947      0.608521016567E-24
   659.734457254      0.417290724197E-24
   666.017642561      0.282549957403E-24
   672.300827868      0.190239667700E-24
   678.584013175      0.130705980235E-24
   684.867198483      0.916490467196E-25
   691.150383790      0.661400585136E-25
   697.433569097      0.458252583016E-25
   703.716754404      0.317409981433E-25
   709.999939711      0.230596748882E-25
   716.283125018      0.163885471003E-25
   722.566310326      0.112543168723E-25
   728.849495633      0.760530281002E-26
   735.132680940      0.587703822554E-26
   741.415866247      0.389455301658E-26
   747.699051554      0.280294671624E-26
   753.982236862      0.195976580201E-26
   760.265422169      0.129277118925E-26
   766.548607476      0.853567194632E-27
   772.831792783      0.551804074196E-27
   779.114978090      0.401428016666E-27
   785.398163397      0.277375928961E-27
   791.681348705      0.179258003638E-27
   797.964534012      0.111885188582E-27
   804.247719319      0.938958061971E-28
   810.530904626      0.554103705139E-28
   816.814089933      0.410427123165E-28
   823.097275241      0.274352422294E-28
   829.380460548      0.202417229664E-28
   835.663645855      0.134280738334E-28
   841.946831162      0.760218169668E-29
   848.230016469      0.567022092346E-29
   854.513201776      0.431800818513E-29
   860.796387084      0.257887867588E-29
   867.079572391      0.155678746879E-29
   873.362757698      0.110736027932E-29
   879.645943005      0.807032415636E-30
   885.929128312      0.486589166527E-30
   892.212313620      0.273889514477E-30
   898.495498927      0.188436199610E-30
   904.778684234      0.859914675213E-31
   911.061869541      0.346952881068E-31
   917.345054848      0.183505633117E-32
   923.628240155      0.769580529470E-32
   929.911425463      0.482914714016E-32
   936.194610770      0.126777738293E-35
   942.477796077      0.123378038169E-35
   948.760981384      0.121254996948E-35
   955.044166691      0.120664443795E-35
   961.327351998      0.117887824466E-35
   967.610537306      0.114147420516E-35
   973.893722613      0.110490431493E-35
   980.176907920      0.110253006453E-35
   986.460093227      0.106272797023E-35
   992.743278534      0.106544735915E-35
   999.026463842      0.102192776216E-35
   1005.30964915      0.103380446193E-35
   1011.59283446      0.921241754868E-36
   1017.87601976      0.965345838935E-36
   1024.15920507      0.894085615656E-36
   1030.44239038      0.787523450468E-36
   1036.72557568      0.851622996109E-36
   1043.00876099      0.766786872778E-36
   1049.29194630      0.791127670936E-36
   1055.57513161      0.747111440203E-36
   1061.85831691      0.711797782795E-36
   1068.14150222      0.748047373993E-36
   1074.42468753      0.641162724616E-36
   1080.70787283      0.642378314539E-36
   1086.99105814      0.624277429924E-36
   1093.27424345      0.592520851633E-36
   1099.55742876      0.592838062121E-36
   1105.84061406      0.511277867768E-36
   1112.12379937      0.557789839183E-36
   1118.40698468      0.472768817539E-36
   1124.69016999      0.519248904829E-36
   1130.97335529      0.424150438173E-36
   1137.25654060      0.372309244347E-36
   1143.53972591      0.325859668339E-36
   1149.82291121      0.290541232850E-36
   1156.10609652      0.272782209153E-36
   1162.38928183      0.251481775376E-36
   1168.67246714      0.235737874539E-36
   1174.95565244      0.220737905005E-36
   1181.23883775      0.213154980770E-36
   1187.52202306      0.194910161877E-36
   1193.80520836      0.185078853090E-36
   1200.08839367      0.170942347140E-36
   1206.37157898      0.160889220652E-36
   1212.65476429      0.141861917631E-36
   1218.93794959      0.135284185386E-36
   1225.22113490      0.130184687374E-36
   1231.50432021      0.120996270817E-36
   1237.78750551      0.107938536284E-36
   1244.07069082      0.103469666949E-36
   1250.35387613      0.958632020288E-37
   1256.63706144      0.908027341109E-37
   1262.92024674      0.776085972133E-37
   1269.20343205      0.764562215216E-37
   1275.48661736      0.658811241757E-37
   1281.76980266      0.635092687923E-37
   1288.05298797      0.559641316897E-37
   1294.33617328      0.523438174718E-37
   1300.61935859      0.444301775394E-37
   1306.90254389      0.387997585699E-37
   1313.18572920      0.386771761281E-37
   1319.46891451      0.350329375266E-37
   1325.75209981      0.278096569958E-37
   1332.03528512      0.224782581797E-37
   1338.31847043      0.168680253382E-37
   1344.60165574      0.200248865212E-37
   1350.88484104      0.173237050236E-37
   1357.16802635      0.116092815801E-37
   1363.45121166      0.691129846626E-38
   1369.73439697      0.804173116274E-38
   1376.01758227      0.512321473254E-38
   1382.30076758      0.299080427738E-38
   1388.58395289      0.443554367251E-39
   1394.86713819      0.217235214108E-39
   6.28318530718      0.711778635534E-40
   12.5663706144      0.640628403731E-03
   18.8495559215      0.350608930793E-03
   25.1327412287      0.318705107917E-03
   31.4159265359      0.135871519617E-03
   37.6991118431      0.912354348685E-04
   43.9822971503      0.486562576960E-04
   50.2654824574      0.312277361536E-04
   56.5486677646      0.208501689183E-04
   62.8318530718      0.151642363060E-04
   69.1150383790      0.109348184383E-04
   75.3982236862      0.724079310348E-05
   81.6814089933      0.516377188631E-05
   87.9645943005      0.386781943278E-05
   94.2477796077      0.246872900582E-05
   100.530964915      0.167828126227E-05
   106.814150222      0.117835800704E-05
   113.097335529      0.866383588484E-06
   119.380520836      0.606312440166E-06
   125.663706144      0.481245505192E-06
   131.946891451      0.350099290723E-06
   138.230076758      0.280466586565E-06
   144.513262065      0.214593806808E-06
   150.796447372      0.175543681408E-06
   157.079632679      0.137162271076E-06
   163.362817987      0.115637299793E-06
   169.646003294      0.909357558788E-07
   175.929188601      0.758982176152E-07
   182.212373908      0.608522233715E-07
   188.495559215      0.504593033253E-07
   194.778744523      0.400888116390E-07
   201.061929830      0.330971276309E-07
   207.345115137      0.260529728530E-07
   213.628300444      0.210274474846E-07
   219.911485751      0.163816910139E-07
   226.194671058      0.128352112559E-07
   232.477856366      0.985214678907E-08
   238.761041673      0.756856408726E-08
   245.044226980      0.568483452211E-08
   251.327412287      0.427271908260E-08
   257.610597594      0.314772051896E-08
   263.893782902      0.231824537227E-08
   270.176968209      0.167610274710E-08
   276.460153516      0.121384405746E-08
   282.743338823      0.864595312003E-09
   289.026524130      0.616140360573E-09
   295.309709437      0.434002005208E-09
   301.592894745      0.305812792531E-09
   307.876080052      0.213324269732E-09
   314.159265359      0.149191054026E-09
   320.442450666      0.103411134832E-09
   326.725635973      0.717901991446E-10
   333.008821281      0.495842003757E-10
   339.292006588      0.343159172369E-10
   345.575191895      0.236272385907E-10
   351.858377202      0.163320508159E-10
   358.141562509      0.112431941820E-10
   364.424747816      0.776944471271E-11
   370.707933124      0.535139577484E-11
   376.991118431      0.369714540386E-11
   383.274303738      0.254875540561E-11
   389.557489045      0.176276677191E-11
   395.840674352      0.121739343787E-11
   402.123859659      0.842584537535E-12
   408.407044967      0.582616952759E-12
   414.690230274      0.403834654544E-12
   420.973415581      0.279159482114E-12
   427.256600888      0.193684955602E-12
   433.539786195      0.134090028025E-12
   439.822971503      0.929990836356E-13
   446.106156810      0.644038118283E-13
   452.389342117      0.446728152882E-13
   458.672527424      0.309396949921E-13
   464.955712731      0.214518473523E-13
   471.238898038      0.148466367017E-13
   477.522083346      0.102833021025E-13
   483.805268653      0.711156474538E-14
   490.088453960      0.492290758501E-14
   496.371639267      0.340285792713E-14
   502.654824574      0.235284680140E-14
   508.938009882      0.162817502490E-14
   515.221195189      0.112835669557E-14
   521.504380496      0.781946690364E-15
   527.787565803      0.559372071214E-15
   534.070751110      0.402245060010E-15
   540.353936417      0.353414728474E-15
   546.637121725      0.403231462906E-18
   552.920307032      0.126956422846E-18
   559.203492339      0.457150441789E-19
   565.486677646      0.121298096350E-19
   571.769862953      0.369259616394E-20
   578.053048261      0.127369113863E-20
   584.336233568      0.332896418787E-21
   590.619418875      0.105515467321E-21
   596.902604182      0.439809332445E-22
   603.185789489      0.194098161824E-22
   609.468974796      0.931986144319E-23
   615.752160104      0.585015538188E-23
   622.035345411      0.400663549709E-23
   628.318530718      0.283595319796E-23
   634.601716025      0.194048169309E-23
   640.884901332      0.133546209026E-23
   647.168086639      0.925248418189E-24
   653.451271947      0.628830617392E-24
   659.734457254      0.427843098797E-24
   666.017642561      0.287921334063E-24
   672.300827868      0.192442930750E-24
   678.584013175      0.131686354536E-24
   684.867198483      0.918830452123E-25
   691.150383790      0.660429605006E-25
   697.433569097      0.457268047674E-25
   703.716754404      0.317156347221E-25
   709.999939711      0.230393195548E-25
   716.283125018      0.163852832231E-25
   722.566310326      0.112525323968E-25
   728.849495633      0.760528903839E-26
   735.132680940      0.587703806364E-26
   741.415866247      0.389455307871E-26
   747.699051554      0.280294677375E-26
   753.982236862      0.195976595354E-26
   760.265422169      0.129277120933E-26
   766.548607476      0.853567117810E-27
   772.831792783      0.551803960281E-27
   779.114978090      0.401427964672E-27
   785.398163397      0.277375887268E-27
   791.681348705      0.179257973310E-27
   797.964534012      0.111885175741E-27
   804.247719319      0.938957704641E-28
   810.530904626      0.554103316667E-28
   816.814089933      0.410427191340E-28
   823.097275241      0.274352275202E-28
   829.380460548      0.202417315812E-28
   835.663645855      0.134280656135E-28
   841.946831162      0.760217912166E-29
   848.230016469      0.567021767547E-29
   854.513201776      0.431800738359E-29
   860.796387084      0.257888948288E-29
   867.079572391      0.155678827338E-29
   873.362757698      0.110735849844E-29
   879.645943005      0.807031490994E-30
   885.929128312      0.486588853329E-30
   892.212313620      0.273891120521E-30
   898.495498927      0.188434935694E-30
   904.778684234      0.859910615421E-31
   911.061869541      0.346948702028E-31
   917.345054848      0.183509699476E-32
   923.628240155      0.769603712311E-32
   929.911425463      0.482935430440E-32
   936.194610770      0.127271304837E-35
   942.477796077      0.125164905723E-35
   948.760981384      0.119737343297E-35
   955.044166691      0.113855401443E-35
   961.327351998      0.115785181767E-35
   967.610537306      0.112821204080E-35
   973.893722613      0.109904410609E-35
   980.176907920      0.108019435040E-35
   986.460093227      0.104064474710E-35
   992.743278534      0.103592782722E-35
   999.026463842      0.103309397263E-35
   1005.30964915      0.103740094758E-35
   1011.59283446      0.924768228134E-36
   1017.87601976      0.930128118348E-36
   1024.15920507      0.890013096864E-36
   1030.44239038      0.812843158780E-36
   1036.72557568      0.877443334640E-36
   1043.00876099      0.763363150371E-36
   1049.29194630      0.769494519356E-36
   1055.57513161      0.734187392761E-36
   1061.85831691      0.711143218647E-36
   1068.14150222      0.760060899613E-36
   1074.42468753      0.652384221880E-36
   1080.70787283      0.641499413862E-36
   1086.99105814      0.618262991958E-36
   1093.27424345      0.587240385011E-36
   1099.55742876      0.614254460803E-36
   1105.84061406      0.535206171400E-36
   1112.12379937      0.561722869857E-36
   1118.40698468      0.463804352245E-36
   1124.69016999      0.510002986372E-36
   1130.97335529      0.418250421794E-36
   1137.25654060      0.376497077666E-36
   1143.53972591      0.332611176825E-36
   1149.82291121      0.291658807407E-36
   1156.10609652      0.276196754121E-36
   1162.38928183      0.252081151605E-36
   1168.67246714      0.236711512028E-36
   1174.95565244      0.218733231964E-36
   1181.23883775      0.206225896461E-36
   1187.52202306      0.193252776176E-36
   1193.80520836      0.186454236288E-36
   1200.08839367      0.174215174456E-36
   1206.37157898      0.165335743011E-36
   1212.65476429      0.147835499816E-36
   1218.93794959      0.139287314107E-36
   1225.22113490      0.131502955237E-36
   1231.50432021      0.121464403546E-36
   1237.78750551      0.108519021535E-36
   1244.07069082      0.104614380687E-36
   1250.35387613      0.986535580619E-37
   1256.63706144      0.896707536490E-37
   1262.92024674      0.798407392851E-37
   1269.20343205      0.796500409661E-37
   1275.48661736      0.678955844591E-37
   1281.76980266      0.626721960347E-37
   1288.05298797      0.548117348520E-37
   1294.33617328      0.549646064057E-37
   1300.61935859      0.485513535588E-37
   1306.90254389      0.398637531091E-37
   1313.18572920      0.366567802398E-37
   1319.46891451      0.365461431337E-37
   1325.75209981      0.318142326725E-37
   1332.03528512      0.265655463597E-37
   1338.31847043      0.220439189100E-37
   1344.60165574      0.245168898337E-37
   1350.88484104      0.195061342057E-37
   1357.16802635      0.124280529232E-37
   1363.45121166      0.750702635887E-38
   1369.73439697      0.837906910506E-38
   1376.01758227      0.463857886515E-38
   1382.30076758      0.231116642684E-38
   1388.58395289      0.502272344863E-39
   1394.86713819      0.106529052862E-39
   6.28318530718      0.173436532747E-40
   12.5663706144      0.625440339115E-03
   18.8495559215      0.345972928108E-03
   25.1327412287      0.317956914736E-03
   31.4159265359      0.136457640191E-03
   37.6991118431      0.957397478698E-04
   43.9822971503      0.508033695634E-04
   50.2654824574      0.333421009311E-04
   56.5486677646      0.227718624980E-04
   62.8318530718      0.168563758605E-04
   69.1150383790      0.119798598920E-04
   75.3982236862      0.818735261581E-05
   81.6814089933      0.574177387561E-05
   87.9645943005      0.436659870274E-05
   94.2477796077      0.284171866239E-05
   100.530964915      0.189905117795E-05
   106.814150222      0.133171896815E-05
   113.097335529      0.978000328636E-06
   119.380520836      0.685865670262E-06
   125.663706144      0.536178973913E-06
   131.946891451      0.391078612838E-06
   138.230076758      0.313389637078E-06
   144.513262065      0.240985412385E-06
   150.796447372      0.197684935698E-06
   157.079632679      0.154884946265E-06
   163.362817987      0.131306346455E-06
   169.646003294      0.104014408428E-06
   175.929188601      0.880687525288E-07
   182.212373908      0.712908291586E-07
   188.495559215      0.599269299735E-07
   194.778744523      0.482652450934E-07
   201.061929830      0.404701792475E-07
   207.345115137      0.323576657795E-07
   213.628300444      0.265591473069E-07
   219.911485751      0.210422352863E-07
   226.194671058      0.168028131637E-07
   232.477856366      0.131088450363E-07
   238.761041673      0.102589413332E-07
   245.044226980      0.784048950041E-08
   251.327412287      0.599758560390E-08
   257.610597594      0.448993392738E-08
   263.893782902      0.336276041691E-08
   270.176968209      0.246781673627E-08
   276.460153516      0.181470907166E-08
   282.743338823      0.130998991015E-08
   289.026524130      0.946529946393E-09
   295.309709437      0.674839925249E-09
   301.592894745      0.481278643036E-09
   307.876080052      0.339320316288E-09
   314.159265359      0.239903728314E-09
   320.442450666      0.167867829948E-09
   326.725635973      0.117576785889E-09
   333.008821281      0.819207125501E-10
   339.292006588      0.571773882670E-10
   345.575191895      0.396523998318E-10
   351.858377202      0.276292745503E-10
   358.141562509      0.191506664804E-10
   364.424747816      0.133355800921E-10
   370.707933124      0.924546666260E-11
   376.991118431      0.643357123977E-11
   383.274303738      0.446494586275E-11
   389.557489045      0.310997909607E-11
   395.840674352      0.216311257309E-11
   402.123859659      0.150805944011E-11
   408.407044967      0.105023023603E-11
   414.690230274      0.733685651117E-12
   420.973415581      0.510932088115E-12
   427.256600888      0.357504544996E-12
   433.539786195      0.249399073056E-12
   439.822971503      0.174508745670E-12
   446.106156810      0.121859280938E-12
   452.389342117      0.852874957538E-13
   458.672527424      0.595938603253E-13
   464.955712731      0.417044099406E-13
   471.238898038      0.291310381131E-13
   477.522083346      0.203699850116E-13
   483.805268653      0.142201961245E-13
   490.088453960      0.994166815675E-14
   496.371639267      0.693677318816E-14
   502.654824574      0.484433830266E-14
   508.938009882      0.338552225632E-14
   515.221195189      0.237017760112E-14
   521.504380496      0.165834153899E-14
   527.787565803      0.120100019770E-14
   534.070751110      0.876103599801E-15
   540.353936417      0.793430667169E-15
   546.637121725      0.117687077958E-17
   552.920307032      0.414354740222E-18
   559.203492339      0.161314285525E-18
   565.486677646      0.452692002924E-19
   571.769862953      0.148225335545E-19
   578.053048261      0.525029975729E-20
   584.336233568      0.136334844798E-20
   590.619418875      0.429413646205E-21
   596.902604182      0.157754073916E-21
   603.185789489      0.516203522244E-22
   609.468974796      0.170811586384E-22
   615.752160104      0.871507355653E-23
   622.035345411      0.505332804189E-23
   628.318530718      0.318824379066E-23
   634.601716025      0.211859700966E-23
   640.884901332      0.144934809438E-23
   647.168086639      0.994058762277E-24
   653.451271947      0.670447637503E-24
   659.734457254      0.450540160999E-24
   666.017642561      0.301933155666E-24
   672.300827868      0.198686747253E-24
   678.584013175      0.135182076810E-24
   684.867198483      0.937999124763E-25
   691.150383790      0.664524529500E-25
   697.433569097      0.460131426587E-25
   703.716754404      0.318238840826E-25
   709.999939711      0.230987553229E-25
   716.283125018      0.163926794099E-25
   722.566310326      0.112441141434E-25
   728.849495633      0.760280741284E-26
   735.132680940      0.587392082996E-26
   741.415866247      0.389419353389E-26
   747.699051554      0.280294127859E-26
   753.982236862      0.195976603951E-26
   760.265422169      0.129277108300E-26
   766.548607476      0.853567189019E-27
   772.831792783      0.551804103365E-27
   779.114978090      0.401427945721E-27
   785.398163397      0.277375810317E-27
   791.681348705      0.179257905922E-27
   797.964534012      0.111885104272E-27
   804.247719319      0.938957557313E-28
   810.530904626      0.554103156398E-28
   816.814089933      0.410426954819E-28
   823.097275241      0.274352172756E-28
   829.380460548      0.202417123246E-28
   835.663645855      0.134280695778E-28
   841.946831162      0.760216762952E-29
   848.230016469      0.567022590250E-29
   854.513201776      0.431802077330E-29
   860.796387084      0.257889057320E-29
   867.079572391      0.155679438365E-29
   873.362757698      0.110735779579E-29
   879.645943005      0.807038329139E-30
   885.929128312      0.486588391354E-30
   892.212313620      0.273890244877E-30
   898.495498927      0.188432805956E-30
   904.778684234      0.859912564934E-31
   911.061869541      0.346943207082E-31
   917.345054848      0.183514729835E-32
   923.628240155      0.769592538495E-32
   929.911425463      0.482935968873E-32
   936.194610770      0.127461191698E-35
   942.477796077      0.125242217646E-35
   948.760981384      0.121759122201E-35
   955.044166691      0.117148239532E-35
   961.327351998      0.114636576249E-35
   967.610537306      0.110426521566E-35
   973.893722613      0.109991974079E-35
   980.176907920      0.110121537814E-35
   986.460093227      0.105905495447E-35
   992.743278534      0.105384028030E-35
   999.026463842      0.102003744899E-35
   1005.30964915      0.100891280477E-35
   1011.59283446      0.918695043899E-36
   1017.87601976      0.918370960779E-36
   1024.15920507      0.884649476692E-36
   1030.44239038      0.821159519292E-36
   1036.72557568      0.873334195006E-36
   1043.00876099      0.758137388172E-36
   1049.29194630      0.793717080414E-36
   1055.57513161      0.747832398407E-36
   1061.85831691      0.724632724389E-36
   1068.14150222      0.762737763937E-36
   1074.42468753      0.624224854259E-36
   1080.70787283      0.645793317071E-36
   1086.99105814      0.604432370495E-36
   1093.27424345      0.579916630066E-36
   1099.55742876      0.595500749301E-36
   1105.84061406      0.510296648600E-36
   1112.12379937      0.541845294391E-36
   1118.40698468      0.478136603524E-36
   1124.69016999      0.477633862366E-36
   1130.97335529      0.413304639456E-36
   1137.25654060      0.360657457221E-36
   1143.53972591      0.326676111799E-36
   1149.82291121      0.287984848679E-36
   1156.10609652      0.269211467192E-36
   1162.38928183      0.251401179757E-36
   1168.67246714      0.242165577135E-36
   1174.95565244      0.218952618505E-36
   1181.23883775      0.210881449721E-36
   1187.52202306      0.196174899869E-36
   1193.80520836      0.177847416306E-36
   1200.08839367      0.166338149453E-36
   1206.37157898      0.156152086726E-36
   1212.65476429      0.140744881994E-36
   1218.93794959      0.135793975530E-36
   1225.22113490      0.128892101125E-36
   1231.50432021      0.118924537023E-36
   1237.78750551      0.104792049138E-36
   1244.07069082      0.103131192238E-36
   1250.35387613      0.975541292317E-37
   1256.63706144      0.912320390850E-37
   1262.92024674      0.806001659966E-37
   1269.20343205      0.750982246978E-37
   1275.48661736      0.640856811185E-37
   1281.76980266      0.616680647355E-37
   1288.05298797      0.534417642239E-37
   1294.33617328      0.524334972913E-37
   1300.61935859      0.452095734965E-37
   1306.90254389      0.378697202646E-37
   1313.18572920      0.356363186230E-37
   1319.46891451      0.347485009935E-37
   1325.75209981      0.311851918090E-37
   1332.03528512      0.246888821801E-37
   1338.31847043      0.200516205381E-37
   1344.60165574      0.221040448597E-37
   1350.88484104      0.194654164308E-37
   1357.16802635      0.132046983016E-37
   1363.45121166      0.718635281489E-38
   1369.73439697      0.101250812634E-37
   1376.01758227      0.618399941500E-38
   1382.30076758      0.266327426992E-38
   1388.58395289      0.397767923386E-39
   1394.86713819      0.880589837701E-40
   6.28318530718      0.694594237797E-41
   12.5663706144      0.610461783538E-03
   18.8495559215      0.340896300515E-03
   25.1327412287      0.317323149666E-03
   31.4159265359      0.136775719161E-03
   37.6991118431      0.100144757795E-03
   43.9822971503      0.528200313243E-04
   50.2654824574      0.355645440716E-04
   56.5486677646      0.246615203359E-04
   62.8318530718      0.187418792156E-04
   69.1150383790      0.130390735015E-04
   75.3982236862      0.923094135169E-05
   81.6814089933      0.634344937921E-05
   87.9645943005      0.488128912034E-05
   94.2477796077      0.324009319965E-05
   100.530964915      0.213275133347E-05
   106.814150222      0.149790053052E-05
   113.097335529      0.110217227308E-05
   119.380520836      0.770229344939E-06
   125.663706144      0.590942853343E-06
   131.946891451      0.435284321116E-06
   138.230076758      0.345221877226E-06
   144.513262065      0.267581698234E-06
   150.796447372      0.219169397194E-06
   157.079632679      0.172485787051E-06
   163.362817987      0.146781858430E-06
   169.646003294      0.116892621011E-06
   175.929188601      0.999243647508E-07
   182.212373908      0.816071337734E-07
   188.495559215      0.694515887613E-07
   194.778744523      0.565786224665E-07
   201.061929830      0.480690772479E-07
   207.345115137      0.389940005769E-07
   213.628300444      0.324807163385E-07
   219.911485751      0.261471960486E-07
   226.194671058      0.212389774344E-07
   232.477856366      0.168251476633E-07
   238.761041673      0.133948423225E-07
   245.044226980      0.104056732830E-07
   251.327412287      0.809283269457E-08
   257.610597594      0.615344455019E-08
   263.893782902      0.468207285257E-08
   270.176968209      0.348602926082E-08
   276.460153516      0.260124965192E-08
   282.743338823      0.190263230493E-08
   289.026524130      0.139289889902E-08
   295.309709437      0.100476060315E-08
   301.592894745      0.725020267770E-09
   307.876080052      0.516382918503E-09
   314.159265359      0.368927991267E-09
   320.442450666      0.260479825731E-09
   326.725635973      0.184004023162E-09
   333.008821281      0.129271060628E-09
   339.292006588      0.909144778011E-10
   345.575191895      0.634973077623E-10
   351.858377202      0.445639191590E-10
   358.141562509      0.310770460578E-10
   364.424747816      0.217910639512E-10
   370.707933124      0.151925447529E-10
   376.991118431      0.106403360846E-10
   383.274303738      0.742782407248E-11
   389.557489045      0.520489628742E-11
   395.840674352      0.364256739846E-11
   402.123859659      0.255508130389E-11
   408.407044967      0.179007120978E-11
   414.690230274      0.125889433801E-11
   420.973415581      0.882400474263E-12
   427.256600888      0.621879392199E-12
   433.539786195      0.436655272444E-12
   439.822971503      0.307912612867E-12
   446.106156810      0.216551831876E-12
   452.389342117      0.152763696228E-12
   458.672527424      0.107565179696E-12
   464.955712731      0.758969887895E-13
   471.238898038      0.534517772420E-13
   477.522083346      0.376930811621E-13
   483.805268653      0.265382357211E-13
   490.088453960      0.187194832136E-13
   496.371639267      0.131734112722E-13
   502.654824574      0.928353802348E-14
   508.938009882      0.654731359079E-14
   515.221195189      0.462697908664E-14
   521.504380496      0.326558765621E-14
   527.787565803      0.239247467542E-14
   534.070751110      0.176883788798E-14
   540.353936417      0.164939271826E-14
   546.637121725      0.321541269461E-17
   552.920307032      0.124285385099E-17
   559.203492339      0.521945578655E-18
   565.486677646      0.155507148171E-18
   571.769862953      0.545058203508E-19
   578.053048261      0.202423208621E-19
   584.336233568      0.551104987486E-20
   590.619418875      0.184278309330E-20
   596.902604182      0.664309366201E-21
   603.185789489      0.194967502729E-21
   609.468974796      0.549728680128E-22
   615.752160104      0.230245888345E-22
   622.035345411      0.963236167663E-23
   628.318530718      0.448947563669E-23
   634.601716025      0.272943501941E-23
   640.884901332      0.179057951965E-23
   647.168086639      0.118630136018E-23
   653.451271947      0.783468737064E-24
   659.734457254      0.514089614701E-24
   666.017642561      0.346800681603E-24
   672.300827868      0.220643775728E-24
   678.584013175      0.149647090132E-24
   684.867198483      0.103649912629E-24
   691.150383790      0.705085000925E-25
   697.433569097      0.490713351769E-25
   703.716754404      0.333699483209E-25
   709.999939711      0.240144666249E-25
   716.283125018      0.168402558860E-25
   722.566310326      0.115410217462E-25
   728.849495633      0.769599100214E-26
   735.132680940      0.594542908294E-26
   741.415866247      0.390291772133E-26
   747.699051554      0.280952852945E-26
   753.982236862      0.195873541693E-26
   760.265422169      0.129172592522E-26
   766.548607476      0.853567140066E-27
   772.831792783      0.551803921069E-27
   779.114978090      0.401427852714E-27
   785.398163397      0.277375837424E-27
   791.681348705      0.179257860655E-27
   797.964534012      0.111885029250E-27
   804.247719319      0.938957151770E-28
   810.530904626      0.554103106681E-28
   816.814089933      0.410426922961E-28
   823.097275241      0.274352162067E-28
   829.380460548      0.202417042677E-28
   835.663645855      0.134280947067E-28
   841.946831162      0.760216316119E-29
   848.230016469      0.567021874814E-29
   854.513201776      0.431801913522E-29
   860.796387084      0.257888843048E-29
   867.079572391      0.155679341845E-29
   873.362757698      0.110735978929E-29
   879.645943005      0.807037586207E-30
   885.929128312      0.486588055249E-30
   892.212313620      0.273894038410E-30
   898.495498927      0.188433869793E-30
   904.778684234      0.859913485422E-31
   911.061869541      0.346940147475E-31
   917.345054848      0.183530050344E-32
   923.628240155      0.769590048545E-32
   929.911425463      0.482938041128E-32
   936.194610770      0.123377512618E-35
   942.477796077      0.122390344566E-35
   948.760981384      0.117290014186E-35
   955.044166691      0.114543566038E-35
   961.327351998      0.114958270466E-35
   967.610537306      0.111407801858E-35
   973.893722613      0.110338375587E-35
   980.176907920      0.107680673573E-35
   986.460093227      0.104964637420E-35
   992.743278534      0.105791728902E-35
   999.026463842      0.976402942681E-36
   1005.30964915      0.102661024725E-35
   1011.59283446      0.918573218613E-36
   1017.87601976      0.944923723506E-36
   1024.15920507      0.908943978014E-36
   1030.44239038      0.802949730274E-36
   1036.72557568      0.913020042863E-36
   1043.00876099      0.744633765317E-36
   1049.29194630      0.750876915937E-36
   1055.57513161      0.743166925570E-36
   1061.85831691      0.709636461669E-36
   1068.14150222      0.749004976016E-36
   1074.42468753      0.630950317878E-36
   1080.70787283      0.660938083972E-36
   1086.99105814      0.618262262670E-36
   1093.27424345      0.596297917090E-36
   1099.55742876      0.598103557294E-36
   1105.84061406      0.519029241597E-36
   1112.12379937      0.595368063807E-36
   1118.40698468      0.507905607297E-36
   1124.69016999      0.500178593066E-36
   1130.97335529      0.426299776691E-36
   1137.25654060      0.369459916113E-36
   1143.53972591      0.325091545525E-36
   1149.82291121      0.295333497787E-36
   1156.10609652      0.276676464380E-36
   1162.38928183      0.255072983416E-36
   1168.67246714      0.238716354823E-36
   1174.95565244      0.216419525946E-36
   1181.23883775      0.205887432859E-36
   1187.52202306      0.191826882957E-36
   1193.80520836      0.178020984665E-36
   1200.08839367      0.165972625611E-36
   1206.37157898      0.160627022732E-36
   1212.65476429      0.146235826050E-36
   1218.93794959      0.138975687918E-36
   1225.22113490      0.129482590597E-36
   1231.50432021      0.120314326866E-36
   1237.78750551      0.107684153875E-36
   1244.07069082      0.102835318788E-36
   1250.35387613      0.965880650515E-37
   1256.63706144      0.900398205047E-37
   1262.92024674      0.793325652448E-37
   1269.20343205      0.766950295926E-37
   1275.48661736      0.655115191691E-37
   1281.76980266      0.617218628932E-37
   1288.05298797      0.539201459160E-37
   1294.33617328      0.515942624357E-37
   1300.61935859      0.452674352599E-37
   1306.90254389      0.393879125611E-37
   1313.18572920      0.386154841326E-37
   1319.46891451      0.349746489945E-37
   1325.75209981      0.301182193216E-37
   1332.03528512      0.237663324526E-37
   1338.31847043      0.186855979358E-37
   1344.60165574      0.220742915282E-37
   1350.88484104      0.191590799820E-37
   1357.16802635      0.141247509099E-37
   1363.45121166      0.707433387844E-38
   1369.73439697      0.876360892234E-38
   1376.01758227      0.545951368388E-38
   1382.30076758      0.232735547204E-38
   1388.58395289      0.507992739922E-39
   1394.86713819      0.764901463393E-40
   6.28318530718      0.750898697873E-40
   12.5663706144      0.595678193236E-03
   18.8495559215      0.335385967884E-03
   25.1327412287      0.316830137075E-03
   31.4159265359      0.136866069698E-03
   37.6991118431      0.104390465499E-03
   43.9822971503      0.547112519088E-04
   50.2654824574      0.379213478889E-04
   56.5486677646      0.264711950628E-04
   62.8318530718      0.207740768294E-04
   69.1150383790      0.141478041024E-04
   75.3982236862      0.103857053530E-04
   81.6814089933      0.697267281425E-05
   87.9645943005      0.541670194012E-05
   94.2477796077      0.365335645791E-05
   100.530964915      0.238524003593E-05
   106.814150222      0.168417131919E-05
   113.097335529      0.124231985140E-05
   119.380520836      0.857231117275E-06
   125.663706144      0.647495462801E-06
   131.946891451      0.484100766082E-06
   138.230076758      0.376190741686E-06
   144.513262065      0.293891215992E-06
   150.796447372      0.239469896984E-06
   157.079632679      0.190169965776E-06
   163.362817987      0.161764718487E-06
   169.646003294      0.129525411070E-06
   175.929188601      0.111175872484E-06
   182.212373908      0.916372356032E-07
   188.495559215      0.788024127828E-07
   194.778744523      0.648323175475E-07
   201.061929830      0.557056417866E-07
   207.345115137      0.457901178490E-07
   213.628300444      0.386204698786E-07
   219.911485751      0.315811096246E-07
   226.194671058      0.260291165971E-07
   232.477856366      0.209297083184E-07
   238.761041673      0.169225063726E-07
   245.044226980      0.133528990088E-07
   251.327412287      0.105481289564E-07
   257.610597594      0.814115348477E-08
   263.893782902      0.628826221904E-08
   270.176968209      0.474829840371E-08
   276.460153516      0.359350715489E-08
   282.743338823      0.266287849698E-08
   289.026524130      0.197392703535E-08
   295.309709437      0.144036459766E-08
   301.592894745      0.105124948576E-08
   307.876080052      0.756204281741E-09
   314.159265359      0.545652673147E-09
   320.442450666      0.388635044355E-09
   326.725635973      0.276856550657E-09
   333.008821281      0.196026764406E-09
   339.292006588      0.138825642545E-09
   345.575191895      0.976466238163E-10
   351.858377202      0.689728908667E-10
   358.141562509      0.483734270296E-10
   364.424747816      0.341282678135E-10
   370.707933124      0.239155794430E-10
   376.991118431      0.168452445348E-10
   383.274303738      0.118206748565E-10
   389.557489045      0.832644769863E-11
   395.840674352      0.585804002952E-11
   402.123859659      0.413050765457E-11
   408.407044967      0.290882224594E-11
   414.690230274      0.205725224906E-11
   420.973415581      0.145008387357E-11
   427.256600888      0.102807883450E-11
   433.539786195      0.726022081158E-12
   439.822971503      0.515317775664E-12
   446.106156810      0.364645169031E-12
   452.389342117      0.259023936178E-12
   458.672527424      0.183602179472E-12
   464.955712731      0.130494514181E-12
   471.238898038      0.925699668615E-13
   477.522083346      0.657694483382E-13
   483.805268653      0.466610429926E-13
   490.088453960      0.331782772007E-13
   496.371639267      0.235300350795E-13
   502.654824574      0.167194849185E-13
   508.938009882      0.118914779421E-13
   515.221195189      0.847695454794E-14
   521.504380496      0.603018621114E-14
   527.787565803      0.446616861648E-14
   534.070751110      0.334406088521E-14
   540.353936417      0.320707649361E-14
   546.637121725      0.820728178447E-17
   552.920307032      0.344805403427E-17
   559.203492339      0.155440136102E-17
   565.486677646      0.491059983278E-18
   571.769862953      0.181866671344E-18
   578.053048261      0.717242871282E-19
   584.336233568      0.208141379020E-19
   590.619418875      0.740334536091E-20
   596.902604182      0.272860277472E-20
   603.185789489      0.800843218417E-21
   609.468974796      0.230291671417E-21
   615.752160104      0.897338402746E-22
   622.035345411      0.294708958252E-22
   628.318530718      0.994863690328E-23
   634.601716025      0.524501793636E-23
   640.884901332      0.302909684542E-23
   647.168086639      0.182003854244E-23
   653.451271947      0.113028651091E-23
   659.734457254      0.703705517089E-24
   666.017642561      0.489629095150E-24
   672.300827868      0.294269331656E-24
   678.584013175      0.201240412545E-24
   684.867198483      0.140295643612E-24
   691.150383790      0.884720197439E-25
   697.433569097      0.633119235464E-25
   703.716754404      0.419338761742E-25
   709.999939711      0.294180892928E-25
   716.283125018      0.200091432780E-25
   722.566310326      0.136653920390E-25
   728.849495633      0.850411229089E-26
   735.132680940      0.677578168660E-26
   741.415866247      0.410617533351E-26
   747.699051554      0.303090661887E-26
   753.982236862      0.198155718501E-26
   760.265422169      0.129257053335E-26
   766.548607476      0.853567263900E-27
   772.831792783      0.551804133367E-27
   779.114978090      0.401427953751E-27
   785.398163397      0.277375928391E-27
   791.681348705      0.179257919105E-27
   797.964534012      0.111885043714E-27
   804.247719319      0.938957195117E-28
   810.530904626      0.554102947359E-28
   816.814089933      0.410426959001E-28
   823.097275241      0.274351992902E-28
   829.380460548      0.202416980820E-28
   835.663645855      0.134280934093E-28
   841.946831162      0.760216218975E-29
   848.230016469      0.567022475799E-29
   854.513201776      0.431802486383E-29
   860.796387084      0.257888938467E-29
   867.079572391      0.155678934085E-29
   873.362757698      0.110735437821E-29
   879.645943005      0.807040115562E-30
   885.929128312      0.486583541660E-30
   892.212313620      0.273889908766E-30
   898.495498927      0.188433588877E-30
   904.778684234      0.859894995978E-31
   911.061869541      0.346954052238E-31
   917.345054848      0.183534801988E-32
   923.628240155      0.769592683433E-32
   929.911425463      0.482947741627E-32
   936.194610770      0.125600205802E-35
   942.477796077      0.122035482973E-35
   948.760981384      0.118955768881E-35
   955.044166691      0.114803502152E-35
   961.327351998      0.115447429355E-35
   967.610537306      0.109854426316E-35
   973.893722613      0.108793681728E-35
   980.176907920      0.107027962620E-35
   986.460093227      0.105391585698E-35
   992.743278534      0.102540441746E-35
   999.026463842      0.101043921365E-35
   1005.30964915      0.103653932397E-35
   1011.59283446      0.902714651215E-36
   1017.87601976      0.904876894547E-36
   1024.15920507      0.874435529120E-36
   1030.44239038      0.796103374686E-36
   1036.72557568      0.894200499843E-36
   1043.00876099      0.799810652896E-36
   1049.29194630      0.783464088925E-36
   1055.57513161      0.719611852794E-36
   1061.85831691      0.710063530352E-36
   1068.14150222      0.729373520808E-36
   1074.42468753      0.627471833476E-36
   1080.70787283      0.645176010880E-36
   1086.99105814      0.614479626491E-36
   1093.27424345      0.590757825922E-36
   1099.55742876      0.601009303876E-36
   1105.84061406      0.525511642969E-36
   1112.12379937      0.569352508472E-36
   1118.40698468      0.479872454960E-36
   1124.69016999      0.482754152036E-36
   1130.97335529      0.416579797268E-36
   1137.25654060      0.353010644590E-36
   1143.53972591      0.321707876318E-36
   1149.82291121      0.290254713842E-36
   1156.10609652      0.272486507466E-36
   1162.38928183      0.253389694757E-36
   1168.67246714      0.240459358709E-36
   1174.95565244      0.222827815841E-36
   1181.23883775      0.214597024207E-36
   1187.52202306      0.191877261321E-36
   1193.80520836      0.180242045170E-36
   1200.08839367      0.166515307448E-36
   1206.37157898      0.157557541538E-36
   1212.65476429      0.143767560379E-36
   1218.93794959      0.135426702058E-36
   1225.22113490      0.126901540246E-36
   1231.50432021      0.119926573235E-36
   1237.78750551      0.104644165521E-36
   1244.07069082      0.105084509675E-36
   1250.35387613      0.980125751490E-37
   1256.63706144      0.898708075663E-37
   1262.92024674      0.819444521841E-37
   1269.20343205      0.805770624713E-37
   1275.48661736      0.675668021136E-37
   1281.76980266      0.648049379379E-37
   1288.05298797      0.562587350116E-37
   1294.33617328      0.538469315755E-37
   1300.61935859      0.446716712931E-37
   1306.90254389      0.392061109464E-37
   1313.18572920      0.365328379411E-37
   1319.46891451      0.336997198857E-37
   1325.75209981      0.287887406076E-37
   1332.03528512      0.233055942947E-37
   1338.31847043      0.180872850058E-37
   1344.60165574      0.200698514286E-37
   1350.88484104      0.157416398398E-37
   1357.16802635      0.116878962088E-37
   1363.45121166      0.670599512485E-38
   1369.73439697      0.831417517705E-38
   1376.01758227      0.615113075447E-38
   1382.30076758      0.343161444603E-38
   1388.58395289      0.550331185004E-39
   1394.86713819      0.123664314354E-39
   6.28318530718      0.542218179125E-40
   12.5663706144      0.581078298414E-03
   18.8495559215      0.329454641284E-03
   25.1327412287      0.316484895569E-03
   31.4159265359      0.136780922745E-03
   37.6991118431      0.108436382041E-03
   43.9822971503      0.564590961684E-04
   50.2654824574      0.404256828294E-04
   56.5486677646      0.281889427449E-04
   62.8318530718      0.228708567757E-04
   69.1150383790      0.153562648762E-04
   75.3982236862      0.116582392034E-04
   81.6814089933      0.763591964741E-05
   87.9645943005      0.597914102246E-05
   94.2477796077      0.407370467567E-05
   100.530964915      0.266444700993E-05
   106.814150222      0.189355443381E-05
   113.097335529      0.140016643728E-05
   119.380520836      0.947537816307E-06
   125.663706144      0.706954579953E-06
   131.946891451      0.538105232757E-06
   138.230076758      0.407335052214E-06
   144.513262065      0.319305137623E-06
   150.796447372      0.258641935767E-06
   157.079632679      0.207690476898E-06
   163.362817987      0.175914880408E-06
   169.646003294      0.141852044189E-06
   175.929188601      0.121497421007E-06
   182.212373908      0.101324943108E-06
   188.495559215      0.877375709365E-07
   194.778744523      0.728789269409E-07
   201.061929830      0.632051064437E-07
   207.345115137      0.526016017439E-07
   213.628300444      0.448228517584E-07
   219.911485751      0.372118452227E-07
   226.194671058      0.310462043885E-07
   232.477856366      0.253400846683E-07
   238.761041673      0.207602702621E-07
   245.044226980      0.166382713561E-07
   251.327412287      0.133326896732E-07
   257.610597594      0.104395727028E-07
   263.893782902      0.818006278181E-08
   270.176968209      0.626266236756E-08
   276.460153516      0.480455313046E-08
   282.743338823      0.360638911374E-08
   289.026524130      0.270593970536E-08
   295.309709437      0.199710828716E-08
   301.592894745      0.147392036517E-08
   307.876080052      0.107082539026E-08
   314.159265359      0.780007549196E-09
   320.442450666      0.560399307829E-09
   326.725635973      0.402585038225E-09
   333.008821281      0.287167935383E-09
   339.292006588      0.204714167430E-09
   345.575191895      0.144984795044E-09
   351.858377202      0.103001769292E-09
   358.141562509      0.726437130791E-10
   364.424747816      0.515243850741E-10
   370.707933124      0.362850806619E-10
   376.991118431      0.256809801001E-10
   383.274303738      0.181057680823E-10
   389.557489045      0.128121978586E-10
   395.840674352      0.905480631733E-11
   402.123859659      0.641290000842E-11
   408.407044967      0.453716129429E-11
   414.690230274      0.322405441487E-11
   420.973415581      0.228328572573E-11
   427.256600888      0.162669621126E-11
   433.539786195      0.115470613191E-11
   439.822971503      0.823969007092E-12
   446.106156810      0.586154702165E-12
   452.389342117      0.418875514445E-12
   458.672527424      0.298633535506E-12
   464.955712731      0.213613779362E-12
   471.238898038      0.152494443670E-12
   477.522083346      0.109070225818E-12
   483.805268653      0.779084938935E-13
   490.088453960      0.557978602521E-13
   496.371639267      0.398477391616E-13
   502.654824574      0.285298815262E-13
   508.938009882      0.204493476986E-13
   515.221195189      0.146940150120E-13
   521.504380496      0.105283956582E-13
   527.787565803      0.787838427784E-14
   534.070751110      0.597038683801E-14
   540.353936417      0.588204564818E-14
   546.637121725      0.199285725414E-16
   552.920307032      0.893321221212E-17
   559.203492339      0.429924269589E-17
   565.486677646      0.143694762695E-17
   571.769862953      0.551274477973E-18
   578.053048261      0.232434216518E-18
   584.336233568      0.721794292975E-19
   590.619418875      0.269361307922E-19
   596.902604182      0.103869260230E-19
   603.185789489      0.319691647633E-20
   609.468974796      0.975712092865E-21
   615.752160104      0.376135093397E-21
   622.035345411      0.113887528217E-21
   628.318530718      0.338735588261E-22
   634.601716025      0.158903483979E-22
   640.884901332      0.775013994539E-23
   647.168086639      0.399494010044E-23
   653.451271947      0.221522113467E-23
   659.734457254      0.126200986527E-23
   666.017642561      0.912738268369E-24
   672.300827868      0.516069097809E-24
   678.584013175      0.362518351204E-24
   684.867198483      0.257475406009E-24
   691.150383790      0.150903057848E-24
   697.433569097      0.112858945177E-24
   703.716754404      0.743646078480E-25
   709.999939711      0.500338988792E-25
   716.283125018      0.335333466659E-25
   722.566310326      0.232666242350E-25
   728.849495633      0.127063650159E-25
   735.132680940      0.114048568937E-25
   741.415866247      0.530667068157E-26
   747.699051554      0.442518850262E-26
   753.982236862      0.222434914671E-26
   760.265422169      0.134277624290E-26
   766.548607476      0.853567469059E-27
   772.831792783      0.551804241244E-27
   779.114978090      0.401428040516E-27
   785.398163397      0.277376018912E-27
   791.681348705      0.179257884109E-27
   797.964534012      0.111885013004E-27
   804.247719319      0.938957241001E-28
   810.530904626      0.554103456312E-28
   816.814089933      0.410427233753E-28
   823.097275241      0.274352180154E-28
   829.380460548      0.202417027203E-28
   835.663645855      0.134281025556E-28
   841.946831162      0.760216126527E-29
   848.230016469      0.567022726806E-29
   854.513201776      0.431802181703E-29
   860.796387084      0.257889246288E-29
   867.079572391      0.155677763144E-29
   873.362757698      0.110736059905E-29
   879.645943005      0.807037383802E-30
   885.929128312      0.486586570420E-30
   892.212313620      0.273887648626E-30
   898.495498927      0.188436637606E-30
   904.778684234      0.859893992522E-31
   911.061869541      0.346946777584E-31
   917.345054848      0.183536721250E-32
   923.628240155      0.769576091612E-32
   929.911425463      0.482949507103E-32
   936.194610770      0.126046715677E-35
   942.477796077      0.123662306218E-35
   948.760981384      0.120869564080E-35
   955.044166691      0.115758966163E-35
   961.327351998      0.114128273087E-35
   967.610537306      0.112160343989E-35
   973.893722613      0.111228584215E-35
   980.176907920      0.109331356125E-35
   986.460093227      0.104466483233E-35
   992.743278534      0.102596876825E-35
   999.026463842      0.974877142863E-36
   1005.30964915      0.989644722777E-36
   1011.59283446      0.887064514807E-36
   1017.87601976      0.921173038010E-36
   1024.15920507      0.881042937559E-36
   1030.44239038      0.775502955651E-36
   1036.72557568      0.838386691803E-36
   1043.00876099      0.761165850197E-36
   1049.29194630      0.795125695453E-36
   1055.57513161      0.741105223585E-36
   1061.85831691      0.730139692571E-36
   1068.14150222      0.759653743912E-36
   1074.42468753      0.635247790016E-36
   1080.70787283      0.656575916356E-36
   1086.99105814      0.624835974137E-36
   1093.27424345      0.573984449131E-36
   1099.55742876      0.615896405329E-36
   1105.84061406      0.518086833154E-36
   1112.12379937      0.547170772225E-36
   1118.40698468      0.456046230846E-36
   1124.69016999      0.481371508154E-36
   1130.97335529      0.430836916512E-36
   1137.25654060      0.359902874372E-36
   1143.53972591      0.321728488376E-36
   1149.82291121      0.292879044645E-36
   1156.10609652      0.277831523548E-36
   1162.38928183      0.256540160113E-36
   1168.67246714      0.238192753501E-36
   1174.95565244      0.220442336493E-36
   1181.23883775      0.207645134812E-36
   1187.52202306      0.189892324428E-36
   1193.80520836      0.178005839387E-36
   1200.08839367      0.163997954918E-36
   1206.37157898      0.156055208121E-36
   1212.65476429      0.140805049209E-36
   1218.93794959      0.133257367855E-36
   1225.22113490      0.126637889353E-36
   1231.50432021      0.118709573482E-36
   1237.78750551      0.106891151796E-36
   1244.07069082      0.101238551466E-36
   1250.35387613      0.965837222405E-37
   1256.63706144      0.910584028570E-37
   1262.92024674      0.783917746525E-37
   1269.20343205      0.777450436595E-37
   1275.48661736      0.642867828934E-37
   1281.76980266      0.621989057097E-37
   1288.05298797      0.552530872290E-37
   1294.33617328      0.533137562682E-37
   1300.61935859      0.460278592523E-37
   1306.90254389      0.392550548839E-37
   1313.18572920      0.362452051806E-37
   1319.46891451      0.345128023731E-37
   1325.75209981      0.304583175933E-37
   1332.03528512      0.244784160931E-37
   1338.31847043      0.189572643382E-37
   1344.60165574      0.204440806636E-37
   1350.88484104      0.161378439350E-37
   1357.16802635      0.117962672191E-37
   1363.45121166      0.682419009467E-38
   1369.73439697      0.832535674676E-38
   1376.01758227      0.580287545708E-38
   1382.30076758      0.309985026759E-38
   1388.58395289      0.528210412586E-39
   1394.86713819      0.817173432641E-40
   6.28318530718      0.478769271168E-40
   12.5663706144      0.566654006537E-03
   18.8495559215      0.323121191241E-03
   25.1327412287      0.316273605264E-03
   31.4159265359      0.136582930681E-03
   37.6991118431      0.112264632694E-03
   43.9822971503      0.580263658048E-04
   50.2654824574      0.430692626319E-04
   56.5486677646      0.298373168556E-04
   62.8318530718      0.249439440815E-04
   69.1150383790      0.167119129197E-04
   75.3982236862      0.130353119287E-04
   81.6814089933      0.835071615766E-05
   87.9645943005      0.657341489385E-05
   94.2477796077      0.450198948235E-05
   100.530964915      0.297632752796E-05
   106.814150222      0.212069719433E-05
   113.097335529      0.157670306046E-05
   119.380520836      0.104635432631E-05
   125.663706144      0.770024839049E-06
   131.946891451      0.596446790693E-06
   138.230076758      0.439316804310E-06
   144.513262065      0.344210214334E-06
   150.796447372      0.277099241147E-06
   157.079632679      0.224508470135E-06
   163.362817987      0.189022138767E-06
   169.646003294      0.153722007052E-06
   175.929188601      0.130883207891E-06
   182.212373908      0.110565778585E-06
   188.495559215      0.960841363359E-07
   194.778744523      0.806510102474E-07
   201.061929830      0.703914651258E-07
   207.345115137      0.593381916122E-07
   213.628300444      0.509426744438E-07
   219.911485751      0.429237055115E-07
   226.194671058      0.361643131762E-07
   232.477856366      0.299700579278E-07
   238.761041673      0.248115843728E-07
   245.044226980      0.202053162984E-07
   251.327412287      0.163953756040E-07
   257.610597594      0.130221031854E-07
   263.893782902      0.103401625636E-07
   270.176968209      0.802660776329E-08
   276.460153516      0.623722485601E-08
   282.743338823      0.474218886342E-08
   289.026524130      0.360108865711E-08
   295.309709437      0.268782409895E-08
   301.592894745      0.200591702878E-08
   307.876080052      0.147186224330E-08
   314.159265359      0.108221172967E-08
   320.442450666      0.784320561892E-09
   326.725635973      0.568235906662E-09
   333.008821281      0.408243184126E-09
   339.292006588      0.292958194286E-09
   345.575191895      0.208824797588E-09
   351.858377202      0.149162871824E-09
   358.141562509      0.105780316573E-09
   364.424747816      0.753802329666E-10
   370.707933124      0.533445518362E-10
   376.991118431      0.379042216529E-10
   383.274303738      0.268381214323E-10
   389.557489045      0.190660549679E-10
   395.840674352      0.135275791649E-10
   402.123859659      0.961637575612E-11
   408.407044967      0.683206081858E-11
   414.690230274      0.487322423506E-11
   420.973415581      0.346526283278E-11
   427.256600888      0.247844920589E-11
   433.539786195      0.176733627700E-11
   439.822971503      0.126656685700E-11
   446.106156810      0.905212239352E-12
   452.389342117      0.650143811588E-12
   458.672527424      0.465891693658E-12
   464.955712731      0.335087339010E-12
   471.238898038      0.240545189045E-12
   477.522083346      0.173062669458E-12
   483.805268653      0.124363095611E-12
   490.088453960      0.896480999031E-13
   496.371639267      0.644174793773E-13
   502.654824574      0.464470615256E-13
   508.938009882      0.335284535020E-13
   515.221195189      0.242659003295E-13
   521.504380496      0.175027068922E-13
   527.787565803      0.132264667306E-13
   534.070751110      0.101386371528E-13
   540.353936417      0.102490919448E-13
   546.637121725      0.464625756544E-16
   552.920307032      0.218441136712E-16
   559.203492339      0.111337057408E-16
   565.486677646      0.393499193132E-17
   571.769862953      0.153059427208E-17
   578.053048261      0.689394343936E-18
   584.336233568      0.228749922680E-18
   590.619418875      0.876906878225E-19
   596.902604182      0.359652787732E-19
   603.185789489      0.118753913293E-19
   609.468974796      0.385072479948E-20
   615.752160104      0.151155124503E-20
   622.035345411      0.461533907926E-21
   628.318530718      0.135876406649E-21
   634.601716025      0.596850039176E-22
   640.884901332      0.257803704425E-22
   647.168086639      0.115494714107E-22
   653.451271947      0.561076925725E-23
   659.734457254      0.288678258258E-23
   666.017642561      0.208474047501E-23
   672.300827868      0.112306184851E-23
   678.584013175      0.818598863383E-24
   684.867198483      0.591674912101E-24
   691.150383790      0.339413138227E-24
   697.433569097      0.260551164222E-24
   703.716754404      0.177108253967E-24
   709.999939711      0.114982242240E-24
   716.283125018      0.794784140631E-25
   722.566310326      0.556297595475E-25
   728.849495633      0.280553392798E-25
   735.132680940      0.293519118411E-25
   741.415866247      0.103973009816E-25
   747.699051554      0.109698631944E-25
   753.982236862      0.356661294375E-26
   760.265422169      0.161069963142E-26
   766.548607476      0.853567470423E-27
   772.831792783      0.551804302826E-27
   779.114978090      0.401428020261E-27
   785.398163397      0.277376065465E-27
   791.681348705      0.179257881023E-27
   797.964534012      0.111885018183E-27
   804.247719319      0.938957186409E-28
   810.530904626      0.554103520982E-28
   816.814089933      0.410426999386E-28
   823.097275241      0.274352252579E-28
   829.380460548      0.202417167733E-28
   835.663645855      0.134281028243E-28
   841.946831162      0.760215324918E-29
   848.230016469      0.567022630224E-29
   854.513201776      0.431802327250E-29
   860.796387084      0.257888743926E-29
   867.079572391      0.155677283442E-29
   873.362757698      0.110736409829E-29
   879.645943005      0.807043624975E-30
   885.929128312      0.486583736312E-30
   892.212313620      0.273886944297E-30
   898.495498927      0.188435763904E-30
   904.778684234      0.859915526464E-31
   911.061869541      0.346949179890E-31
   917.345054848      0.183539209403E-32
   923.628240155      0.769561017548E-32
   929.911425463      0.482938902098E-32
   936.194610770      0.122872486189E-35
   942.477796077      0.122728546628E-35
   948.760981384      0.121768335571E-35
   955.044166691      0.115344767951E-35
   961.327351998      0.115475157878E-35
   967.610537306      0.113530481020E-35
   973.893722613      0.109788802834E-35
   980.176907920      0.110810241097E-35
   986.460093227      0.104986329028E-35
   992.743278534      0.102990645242E-35
   999.026463842      0.964747405774E-36
   1005.30964915      0.100615873644E-35
   1011.59283446      0.893727626549E-36
   1017.87601976      0.911769929890E-36
   1024.15920507      0.885594419725E-36
   1030.44239038      0.782791163985E-36
   1036.72557568      0.864902554848E-36
   1043.00876099      0.763339680072E-36
   1049.29194630      0.772600104371E-36
   1055.57513161      0.738470820263E-36
   1061.85831691      0.720808671861E-36
   1068.14150222      0.755219304231E-36
   1074.42468753      0.641192905793E-36
   1080.70787283      0.635402425943E-36
   1086.99105814      0.614592940561E-36
   1093.27424345      0.575446772769E-36
   1099.55742876      0.585134156764E-36
   1105.84061406      0.518400266691E-36
   1112.12379937      0.554743173314E-36
   1118.40698468      0.467395340207E-36
   1124.69016999      0.475041185559E-36
   1130.97335529      0.424283323205E-36
   1137.25654060      0.373123504569E-36
   1143.53972591      0.327576152397E-36
   1149.82291121      0.291638004856E-36
   1156.10609652      0.274686740680E-36
   1162.38928183      0.253828452541E-36
   1168.67246714      0.234164546283E-36
   1174.95565244      0.221373101631E-36
   1181.23883775      0.211341329097E-36
   1187.52202306      0.198082304339E-36
   1193.80520836      0.182193076502E-36
   1200.08839367      0.166753217762E-36
   1206.37157898      0.160119732153E-36
   1212.65476429      0.143512181250E-36
   1218.93794959      0.133252018419E-36
   1225.22113490      0.128349683834E-36
   1231.50432021      0.121257905798E-36
   1237.78750551      0.107402543828E-36
   1244.07069082      0.101279157200E-36
   1250.35387613      0.937355411156E-37
   1256.63706144      0.862029571970E-37
   1262.92024674      0.767370208929E-37
   1269.20343205      0.773302797208E-37
   1275.48661736      0.676992625705E-37
   1281.76980266      0.669207324139E-37
   1288.05298797      0.562163929135E-37
   1294.33617328      0.516205430285E-37
   1300.61935859      0.442514158883E-37
   1306.90254389      0.383603458901E-37
   1313.18572920      0.380018465465E-37
   1319.46891451      0.363035281442E-37
   1325.75209981      0.295985022189E-37
   1332.03528512      0.235548559565E-37
   1338.31847043      0.197384790299E-37
   1344.60165574      0.231988149066E-37
   1350.88484104      0.188123351891E-37
   1357.16802635      0.119621185753E-37
   1363.45121166      0.727329884506E-38
   1369.73439697      0.831790733528E-38
   1376.01758227      0.537203454930E-38
   1382.30076758      0.208414606043E-38
   1388.58395289      0.671962815053E-39
   1394.86713819      0.479014563481E-40
   6.28318530718      0.115454108222E-40
   12.5663706144      0.552400112174E-03
   18.8495559215      0.316410686999E-03
   25.1327412287      0.316161514820E-03
   31.4159265359      0.136341661772E-03
   37.6991118431      0.115879494165E-03
   43.9822971503      0.593685264913E-04
   50.2654824574      0.458162809559E-04
   56.5486677646      0.314604177026E-04
   62.8318530718      0.269350721821E-04
   69.1150383790      0.182372213659E-04
   75.3982236862      0.144805561250E-04
   81.6814089933      0.914361353369E-05
   87.9645943005      0.720157586652E-05
   94.2477796077      0.495168201866E-05
   100.530964915      0.331846393441E-05
   106.814150222      0.235673584738E-05
   113.097335529      0.177270980728E-05
   119.380520836      0.116097179605E-05
   125.663706144      0.839815226991E-06
   131.946891451      0.656584094846E-06
   138.230076758      0.472385092159E-06
   144.513262065      0.370333921992E-06
   150.796447372      0.294697905922E-06
   157.079632679      0.240814171351E-06
   163.362817987      0.200989329175E-06
   169.646003294      0.164987350350E-06
   175.929188601      0.139644553071E-06
   182.212373908      0.119333105511E-06
   188.495559215      0.103784843294E-06
   194.778744523      0.880419667841E-07
   201.061929830      0.772360862579E-07
   207.345115137      0.659141616695E-07
   213.628300444      0.568625703376E-07
   219.911485751      0.486349321855E-07
   226.194671058      0.412755411886E-07
   232.477856366      0.347371466932E-07
   238.761041673      0.289763090486E-07
   245.044226980      0.239926375664E-07
   251.327412287      0.196685135541E-07
   257.610597594      0.158524851278E-07
   263.893782902      0.127346386291E-07
   270.176968209      0.100270772454E-07
   276.460153516      0.788106398334E-08
   282.743338823      0.607205408326E-08
   289.026524130      0.466437105894E-08
   295.309709437      0.352151128571E-08
   301.592894745      0.265733593182E-08
   307.876080052      0.196947937984E-08
   314.159265359      0.146208028629E-08
   320.442450666      0.106887749495E-08
   326.725635973      0.781280791358E-09
   333.008821281      0.565186115939E-09
   339.292006588      0.408570442885E-09
   345.575191895      0.292909482999E-09
   351.858377202      0.210462863377E-09
   358.141562509      0.150007948500E-09
   364.424747816      0.107412160110E-09
   370.707933124      0.763557915744E-10
   376.991118431      0.544486523070E-10
   383.274303738      0.387002840753E-10
   389.557489045      0.275843291083E-10
   395.840674352      0.196397460450E-10
   402.123859659      0.140030512274E-10
   408.407044967      0.998436670038E-11
   414.690230274      0.714231442250E-11
   420.973415581      0.509671542335E-11
   427.256600888      0.365673113251E-11
   433.539786195      0.261734641102E-11
   439.822971503      0.188224654250E-11
   446.106156810      0.135068718977E-11
   452.389342117      0.974015667290E-12
   458.672527424      0.701166135767E-12
   464.955712731      0.506573387601E-12
   471.238898038      0.365448746982E-12
   477.522083346      0.264241637150E-12
   483.805268653      0.190907056081E-12
   490.088453960      0.138405816193E-12
   496.371639267      0.999983319321E-13
   502.654824574      0.725697230149E-13
   508.938009882      0.527273784845E-13
   515.221195189      0.384039817692E-13
   521.504380496      0.278731428449E-13
   527.787565803      0.212602994560E-13
   534.070751110      0.164745211337E-13
   540.353936417      0.170689816637E-13
   546.637121725      0.103298327932E-15
   552.920307032      0.505632422937E-16
   559.203492339      0.271600920740E-16
   565.486677646      0.102092253468E-16
   571.769862953      0.396240295693E-17
   578.053048261      0.188491023939E-17
   584.336233568      0.665533490917E-18
   590.619418875      0.254651775098E-18
   596.902604182      0.111747223263E-18
   603.185789489      0.400846184963E-19
   609.468974796      0.137800687315E-19
   615.752160104      0.561268547751E-20
   622.035345411      0.181203820195E-20
   628.318530718      0.547295913714E-21
   634.601716025      0.231432758910E-21
   640.884901332      0.934628292927E-22
   647.168086639      0.378683301698E-22
   653.451271947      0.164092204417E-22
   659.734457254      0.766229188821E-23
   666.017642561      0.521647505586E-23
   672.300827868      0.268996772681E-23
   678.584013175      0.202235421600E-23
   684.867198483      0.147090226906E-23
   691.150383790      0.855593023980E-24
   697.433569097      0.659096320169E-24
   703.716754404      0.463882032057E-24
   709.999939711      0.295671317808E-24
   716.283125018      0.213584730035E-24
   722.566310326      0.149184693136E-24
   728.849495633      0.753028195424E-25
   735.132680940      0.861451911470E-25
   741.415866247      0.268264323369E-25
   747.699051554      0.327464677032E-25
   753.982236862      0.848396677927E-26
   760.265422169      0.271405886906E-26
   766.548607476      0.854288153156E-27
   772.831792783      0.551902265284E-27
   779.114978090      0.401428048322E-27
   785.398163397      0.277376075055E-27
   791.681348705      0.179257892579E-27
   797.964534012      0.111885051556E-27
   804.247719319      0.938956839541E-28
   810.530904626      0.554103025252E-28
   816.814089933      0.410426442179E-28
   823.097275241      0.274352211140E-28
   829.380460548      0.202417253071E-28
   835.663645855      0.134280907870E-28
   841.946831162      0.760215138842E-29
   848.230016469      0.567022660081E-29
   854.513201776      0.431802363621E-29
   860.796387084      0.257888652157E-29
   867.079572391      0.155678222304E-29
   873.362757698      0.110735664730E-29
   879.645943005      0.807043361903E-30
   885.929128312      0.486584256419E-30
   892.212313620      0.273887205996E-30
   898.495498927      0.188436504204E-30
   904.778684234      0.859912030623E-31
   911.061869541      0.346939504313E-31
   917.345054848      0.183535639924E-32
   923.628240155      0.769544998972E-32
   929.911425463      0.482936450721E-32
   936.194610770      0.126135802650E-35
   942.477796077      0.124370800473E-35
   948.760981384      0.119921230377E-35
   955.044166691      0.119197487451E-35
   961.327351998      0.116594084785E-35
   967.610537306      0.111966039257E-35
   973.893722613      0.109530533881E-35
   980.176907920      0.107897642768E-35
   986.460093227      0.106089041119E-35
   992.743278534      0.101789351572E-35
   999.026463842      0.974233812519E-36
   1005.30964915      0.998863617827E-36
   1011.59283446      0.925228886016E-36
   1017.87601976      0.924240089934E-36
   1024.15920507      0.882574005776E-36
   1030.44239038      0.795448295802E-36
   1036.72557568      0.853124164199E-36
   1043.00876099      0.757160720604E-36
   1049.29194630      0.758246472716E-36
   1055.57513161      0.716248191922E-36
   1061.85831691      0.699039861696E-36
   1068.14150222      0.739421948848E-36
   1074.42468753      0.631794968330E-36
   1080.70787283      0.653320721025E-36
   1086.99105814      0.599364949058E-36
   1093.27424345      0.580115627252E-36
   1099.55742876      0.613620511695E-36
   1105.84061406      0.520141479776E-36
   1112.12379937      0.543225784827E-36
   1118.40698468      0.476723724217E-36
   1124.69016999      0.488539319065E-36
   1130.97335529      0.402367145365E-36
   1137.25654060      0.368915836935E-36
   1143.53972591      0.326920707561E-36
   1149.82291121      0.289144210052E-36
   1156.10609652      0.273533719585E-36
   1162.38928183      0.252355488679E-36
   1168.67246714      0.239450854011E-36
   1174.95565244      0.219237343291E-36
   1181.23883775      0.209625806665E-36
   1187.52202306      0.196400994779E-36
   1193.80520836      0.183390574914E-36
   1200.08839367      0.170232394684E-36
   1206.37157898      0.159061432365E-36
   1212.65476429      0.145257971000E-36
   1218.93794959      0.136476593351E-36
   1225.22113490      0.131825945889E-36
   1231.50432021      0.120948766275E-36
   1237.78750551      0.106555671074E-36
   1244.07069082      0.104405984256E-36
   1250.35387613      0.102169855182E-36
   1256.63706144      0.934970199850E-37
   1262.92024674      0.806168405910E-37
   1269.20343205      0.766089153847E-37
   1275.48661736      0.655080685861E-37
   1281.76980266      0.625932248453E-37
   1288.05298797      0.544413590680E-37
   1294.33617328      0.507001072789E-37
   1300.61935859      0.456069684905E-37
   1306.90254389      0.380018792113E-37
   1313.18572920      0.371512510503E-37
   1319.46891451      0.349049940134E-37
   1325.75209981      0.280661228671E-37
   1332.03528512      0.236454505075E-37
   1338.31847043      0.175119343763E-37
   1344.60165574      0.195651751050E-37
   1350.88484104      0.167443115215E-37
   1357.16802635      0.116894973657E-37
   1363.45121166      0.630571067237E-38
   1369.73439697      0.825889146695E-38
   1376.01758227      0.440816367689E-38
   1382.30076758      0.251238095836E-38
   1388.58395289      0.577552011228E-39
   1394.86713819      0.154236228104E-39
   6.28318530718      0.207441218166E-40
   12.5663706144      0.538313870375E-03
   18.8495559215      0.309354097721E-03
   25.1327412287      0.316094322607E-03
   31.4159265359      0.136128377025E-03
   37.6991118431      0.119303729425E-03
   43.9822971503      0.604509606418E-04
   50.2654824574      0.486025313714E-04
   56.5486677646      0.331048279851E-04
   62.8318530718      0.288415313061E-04
   69.1150383790      0.199137431788E-04
   75.3982236862      0.159469775006E-04
   81.6814089933      0.100306039221E-04
   87.9645943005      0.786521504077E-05
   94.2477796077      0.544783424153E-05
   100.530964915      0.367705800667E-05
   106.814150222      0.260054649420E-05
   113.097335529      0.198787948497E-05
   119.380520836      0.129646206589E-05
   125.663706144      0.922084208014E-06
   131.946891451      0.716584808454E-06
   138.230076758      0.507823561154E-06
   144.513262065      0.399743471881E-06
   150.796447372      0.311448623380E-06
   157.079632679      0.257383412707E-06
   163.362817987      0.212390229577E-06
   169.646003294      0.175581267663E-06
   175.929188601      0.148038846348E-06
   182.212373908      0.127792745765E-06
   188.495559215      0.110884645430E-06
   194.778744523      0.950278229890E-07
   201.061929830      0.837511703641E-07
   207.345115137      0.722389406142E-07
   213.628300444      0.626011274849E-07
   219.911485751      0.542397264162E-07
   226.194671058      0.463144305845E-07
   232.477856366      0.395547921662E-07
   238.761041673      0.331909653066E-07
   245.044226980      0.279227446784E-07
   251.327412287      0.230841446234E-07
   257.610597594      0.188881755753E-07
   263.893782902      0.153169122213E-07
   270.176968209      0.122416810031E-07
   276.460153516      0.971332917901E-08
   282.743338823      0.759107722313E-08
   289.026524130      0.589068704740E-08
   295.309709437      0.450292707928E-08
   301.592894745      0.343255854921E-08
   307.876080052      0.257163535435E-08
   314.159265359      0.192713348210E-08
   320.442450666      0.142173208837E-08
   326.725635973      0.104881935413E-08
   333.008821281      0.763904055599E-09
   339.292006588      0.556929984693E-09
   345.575191895      0.401293331837E-09
   351.858377202      0.290461873997E-09
   358.141562509      0.207881560404E-09
   364.424747816      0.149772027413E-09
   370.707933124      0.106843277946E-09
   376.991118431      0.765235139097E-10
   383.274303738      0.545578702458E-10
   389.557489045      0.390205526161E-10
   395.840674352      0.278631266126E-10
   402.123859659      0.199181396827E-10
   408.407044967      0.142409149501E-10
   414.690230274      0.102110932257E-10
   420.973415581      0.730698089221E-11
   427.256600888      0.525637719459E-11
   433.539786195      0.377228246210E-11
   439.822971503      0.272038659592E-11
   446.106156810      0.195839111996E-11
   452.389342117      0.141651431095E-11
   458.672527424      0.102374667392E-11
   464.955712731      0.742138362574E-12
   471.238898038      0.537691763641E-12
   477.522083346      0.390310578013E-12
   483.805268653      0.283349021884E-12
   490.088453960      0.206409158912E-12
   496.371639267      0.149862519723E-12
   502.654824574      0.109376222987E-12
   508.938009882      0.799500713673E-13
   515.221195189      0.585493131216E-13
   521.504380496      0.427452457203E-13
   527.787565803      0.328867705560E-13
   534.070751110      0.257467005213E-13
   540.353936417      0.273082515282E-13
   546.637121725      0.216165286722E-15
   552.920307032      0.110145153031E-15
   559.203492339      0.624774196262E-16
   565.486677646      0.252930404168E-16
   571.769862953      0.977650178360E-17
   578.053048261      0.481380265035E-17
   584.336233568      0.180564623220E-17
   590.619418875      0.666967974915E-18
   596.902604182      0.308827902003E-18
   603.185789489      0.120672282512E-18
   609.468974796      0.438020575365E-19
   615.752160104      0.187461489398E-19
   622.035345411      0.661860235528E-20
   628.318530718      0.210501155362E-20
   634.601716025      0.876422091967E-21
   640.884901332      0.343227292925E-21
   647.168086639      0.129492849303E-21
   653.451271947      0.511303548540E-22
   659.734457254      0.219624111630E-22
   666.017642561      0.136424449267E-22
   672.300827868      0.671244145240E-23
   678.584013175      0.512502705601E-23
   684.867198483      0.369366529988E-23
   691.150383790      0.218213131879E-23
   697.433569097      0.166054898758E-23
   703.716754404      0.119328468039E-23
   709.999939711      0.755158869783E-24
   716.283125018      0.565765953378E-24
   722.566310326      0.392751116663E-24
   728.849495633      0.204016790027E-24
   735.132680940      0.243051491336E-24
   741.415866247      0.737057568728E-25
   747.699051554      0.947350626770E-25
   753.982236862      0.234713691221E-25
   760.265422169      0.621578236257E-26
   766.548607476      0.906023837649E-27
   772.831792783      0.559000023419E-27
   779.114978090      0.401417049376E-27
   785.398163397      0.277376127800E-27
   791.681348705      0.179257937011E-27
   797.964534012      0.111885029324E-27
   804.247719319      0.938957327422E-28
   810.530904626      0.554103161621E-28
   816.814089933      0.410426530241E-28
   823.097275241      0.274352159959E-28
   829.380460548      0.202417279692E-28
   835.663645855      0.134280905611E-28
   841.946831162      0.760215140763E-29
   848.230016469      0.567021498908E-29
   854.513201776      0.431802306928E-29
   860.796387084      0.257888987567E-29
   867.079572391      0.155677668291E-29
   873.362757698      0.110735889840E-29
   879.645943005      0.807044289141E-30
   885.929128312      0.486583622898E-30
   892.212313620      0.273884400632E-30
   898.495498927      0.188434844643E-30
   904.778684234      0.859920159932E-31
   911.061869541      0.346951644519E-31
   917.345054848      0.183536599078E-32
   923.628240155      0.769544367530E-32
   929.911425463      0.482952145639E-32
   936.194610770      0.123409496272E-35
   942.477796077      0.121691247397E-35
   948.760981384      0.117377326900E-35
   955.044166691      0.112847523002E-35
   961.327351998      0.113359812722E-35
   967.610537306      0.110278288608E-35
   973.893722613      0.106030845845E-35
   980.176907920      0.106602557646E-35
   986.460093227      0.101369667530E-35
   992.743278534      0.103838526135E-35
   999.026463842      0.983407253538E-36
   1005.30964915      0.998106115841E-36
   1011.59283446      0.888533689337E-36
   1017.87601976      0.873719039643E-36
   1024.15920507      0.863545026452E-36
   1030.44239038      0.787903962400E-36
   1036.72557568      0.863558454724E-36
   1043.00876099      0.754431045742E-36
   1049.29194630      0.790853719979E-36
   1055.57513161      0.737639296503E-36
   1061.85831691      0.698994640126E-36
   1068.14150222      0.747693246937E-36
   1074.42468753      0.640176426476E-36
   1080.70787283      0.648359383831E-36
   1086.99105814      0.610774536160E-36
   1093.27424345      0.577699937974E-36
   1099.55742876      0.602662356225E-36
   1105.84061406      0.506642556869E-36
   1112.12379937      0.536687575818E-36
   1118.40698468      0.462539805886E-36
   1124.69016999      0.467037425979E-36
   1130.97335529      0.408557964819E-36
   1137.25654060      0.364888352737E-36
   1143.53972591      0.326281826054E-36
   1149.82291121      0.288693832437E-36
   1156.10609652      0.269045447620E-36
   1162.38928183      0.248577282048E-36
   1168.67246714      0.236743005825E-36
   1174.95565244      0.221135256668E-36
   1181.23883775      0.207242949479E-36
   1187.52202306      0.189359561656E-36
   1193.80520836      0.177221604368E-36
   1200.08839367      0.169373231778E-36
   1206.37157898      0.157384145539E-36
   1212.65476429      0.142220692799E-36
   1218.93794959      0.136826347512E-36
   1225.22113490      0.128469022395E-36
   1231.50432021      0.120378106700E-36
   1237.78750551      0.105784794683E-36
   1244.07069082      0.104747328434E-36
   1250.35387613      0.980477980728E-37
   1256.63706144      0.895545300037E-37
   1262.92024674      0.785698823065E-37
   1269.20343205      0.772775469183E-37
   1275.48661736      0.662398980938E-37
   1281.76980266      0.606215732783E-37
   1288.05298797      0.539444075783E-37
   1294.33617328      0.532316590612E-37
   1300.61935859      0.447192111220E-37
   1306.90254389      0.370648427088E-37
   1313.18572920      0.351636848668E-37
   1319.46891451      0.346975573564E-37
   1325.75209981      0.297163213618E-37
   1332.03528512      0.243218098806E-37
   1338.31847043      0.195145687569E-37
   1344.60165574      0.202042950826E-37
   1350.88484104      0.169804137766E-37
   1357.16802635      0.113560159360E-37
   1363.45121166      0.672622725789E-38
   1369.73439697      0.839866213059E-38
   1376.01758227      0.550553164656E-38
   1382.30076758      0.283649519912E-38
   1388.58395289      0.517815849782E-39
   1394.86713819      0.119682444156E-39
   6.28318530718      0.438493805817E-40
   12.5663706144      0.524394498868E-03
   18.8495559215      0.301987737481E-03
   25.1327412287      0.316000959113E-03
   31.4159265359      0.136009799587E-03
   37.6991118431      0.122572560754E-03
   43.9822971503      0.612668990354E-04
   50.2654824574      0.513418567071E-04
   56.5486677646      0.348014539989E-04
   62.8318530718      0.307172746960E-04
   69.1150383790      0.216808087546E-04
   75.3982236862      0.174010913924E-04
   81.6814089933      0.109901516169E-04
   87.9645943005      0.856838928094E-05
   94.2477796077      0.601992055807E-05
   100.530964915      0.403410332222E-05
   106.814150222      0.286427660274E-05
   113.097335529      0.222075051393E-05
   119.380520836      0.145359584017E-05
   125.663706144      0.102111794469E-05
   131.946891451      0.778629195246E-06
   138.230076758      0.549284805800E-06
   144.513262065      0.433705375438E-06
   150.796447372      0.329612568736E-06
   157.079632679      0.275067310963E-06
   163.362817987      0.224511184674E-06
   169.646003294      0.185654084158E-06
   175.929188601      0.156578025882E-06
   182.212373908      0.135938093638E-06
   188.495559215      0.117562315532E-06
   194.778744523      0.101748172116E-06
   201.061929830      0.899677892450E-07
   207.345115137      0.782222473014E-07
   213.628300444      0.682299125140E-07
   219.911485751      0.596814785397E-07
   226.194671058      0.512428544547E-07
   232.477856366      0.443329562233E-07
   238.761041673      0.374427696469E-07
   245.044226980      0.319075258362E-07
   251.327412287      0.265994827806E-07
   257.610597594      0.220704594366E-07
   263.893782902      0.180475870143E-07
   270.176968209      0.146364980908E-07
   276.460153516      0.117091914997E-07
   282.743338823      0.928552308288E-08
   289.026524130      0.726735848289E-08
   295.309709437      0.563183307612E-08
   301.592894745      0.432884406718E-08
   307.876080052      0.328376429930E-08
   314.159265359      0.248019630571E-08
   320.442450666      0.184938690861E-08
   326.725635973      0.137571905980E-08
   333.008821281      0.100994171743E-08
   339.292006588      0.742656094895E-09
   345.575191895      0.538189750378E-09
   351.858377202      0.392811764642E-09
   358.141562509      0.282206669115E-09
   364.424747816      0.204956015080E-09
   370.707933124      0.146588340616E-09
   376.991118431      0.105665423376E-09
   383.274303738      0.754924849337E-10
   389.557489045      0.542670447645E-10
   395.840674352      0.388224519070E-10
   402.123859659      0.278532341336E-10
   408.407044967      0.199413494450E-10
   414.690230274      0.143442397857E-10
   420.973415581      0.102776546117E-10
   427.256600888      0.741690082365E-11
   433.539786195      0.532736854657E-11
   439.822971503      0.385244467117E-11
   446.106156810      0.277797189725E-11
   452.389342117      0.201395589658E-11
   458.672527424      0.145982252967E-11
   464.955712731      0.106070548610E-11
   471.238898038      0.771072818677E-12
   477.522083346      0.561197959648E-12
   483.805268653      0.409071182732E-12
   490.088453960      0.299055015339E-12
   496.371639267      0.218053961177E-12
   502.654824574      0.159879559001E-12
   508.938009882      0.117499353074E-12
   515.221195189      0.864292060611E-13
   521.504380496      0.634457174369E-13
   527.787565803      0.491895000967E-13
   534.070751110      0.388849438076E-13
   540.353936417      0.421586810537E-13
   546.637121725      0.423835440718E-15
   552.920307032      0.223979124475E-15
   559.203492339      0.134726967184E-15
   565.486677646      0.595513836034E-16
   571.769862953      0.233035179002E-16
   578.053048261      0.116624956702E-16
   584.336233568      0.468207614394E-17
   590.619418875      0.163935506918E-17
   596.902604182      0.766192343280E-18
   603.185789489      0.321221349233E-18
   609.468974796      0.121376490662E-18
   615.752160104      0.546610840427E-19
   622.035345411      0.216671454592E-19
   628.318530718      0.753244818792E-20
   634.601716025      0.319776647518E-20
   640.884901332      0.125837423688E-20
   647.168086639      0.455629653339E-21
   653.451271947      0.165698623007E-21
   659.734457254      0.659536467158E-22
   666.017642561      0.374646877965E-22
   672.300827868      0.178029054055E-22
   678.584013175      0.133723823353E-22
   684.867198483      0.941461993126E-23
   691.150383790      0.553074975622E-23
   697.433569097      0.409137071890E-23
   703.716754404      0.294391796025E-23
   709.999939711      0.185162835298E-23
   716.283125018      0.141894443828E-23
   722.566310326      0.977552996554E-24
   728.849495633      0.525068292460E-24
   735.132680940      0.637770509623E-24
   741.415866247      0.197173306278E-24
   747.699051554      0.254140565331E-24
   753.982236862      0.650337993286E-25
   760.265422169      0.164723714779E-25
   766.548607476      0.129638425435E-26
   772.831792783      0.647122342867E-27
   779.114978090      0.403825509893E-27
   785.398163397      0.277397785128E-27
   791.681348705      0.179257911646E-27
   797.964534012      0.111884981812E-27
   804.247719319      0.938957413236E-28
   810.530904626      0.554103387645E-28
   816.814089933      0.410427269893E-28
   823.097275241      0.274352210309E-28
   829.380460548      0.202417246819E-28
   835.663645855      0.134280801065E-28
   841.946831162      0.760214875542E-29
   848.230016469      0.567021274211E-29
   854.513201776      0.431802016437E-29
   860.796387084      0.257888650664E-29
   867.079572391      0.155677915940E-29
   873.362757698      0.110736203515E-29
   879.645943005      0.807045635533E-30
   885.929128312      0.486582632178E-30
   892.212313620      0.273887587826E-30
   898.495498927      0.188434840122E-30
   904.778684234      0.859907507278E-31
   911.061869541      0.346940243465E-31
   917.345054848      0.183538217618E-32
   923.628240155      0.769529720442E-32
   929.911425463      0.482925742608E-32
   936.194610770      0.126587595551E-35
   942.477796077      0.125497349656E-35
   948.760981384      0.117912011389E-35
   955.044166691      0.114609642461E-35
   961.327351998      0.115458914847E-35
   967.610537306      0.109611397229E-35
   973.893722613      0.106666668226E-35
   980.176907920      0.105720701415E-35
   986.460093227      0.106737522127E-35
   992.743278534      0.103209582836E-35
   999.026463842      0.100489267013E-35
   1005.30964915      0.100152677076E-35
   1011.59283446      0.903157976524E-36
   1017.87601976      0.911740982094E-36
   1024.15920507      0.875422613124E-36
   1030.44239038      0.805832473495E-36
   1036.72557568      0.866946120140E-36
   1043.00876099      0.757983017037E-36
   1049.29194630      0.766240814662E-36
   1055.57513161      0.718646582190E-36
   1061.85831691      0.696433417881E-36
   1068.14150222      0.717364823598E-36
   1074.42468753      0.634561639473E-36
   1080.70787283      0.654537151887E-36
   1086.99105814      0.617606116305E-36
   1093.27424345      0.587095209697E-36
   1099.55742876      0.570923372012E-36
   1105.84061406      0.513856837380E-36
   1112.12379937      0.562572434953E-36
   1118.40698468      0.457136350271E-36
   1124.69016999      0.500085581772E-36
   1130.97335529      0.416672332202E-36
   1137.25654060      0.367028628784E-36
   1143.53972591      0.319675152943E-36
   1149.82291121      0.280802574624E-36
   1156.10609652      0.267840132231E-36
   1162.38928183      0.250271302614E-36
   1168.67246714      0.239011581903E-36
   1174.95565244      0.221975523813E-36
   1181.23883775      0.207213587652E-36
   1187.52202306      0.191054640661E-36
   1193.80520836      0.178977110339E-36
   1200.08839367      0.168405309422E-36
   1206.37157898      0.159704975376E-36
   1212.65476429      0.142824185909E-36
   1218.93794959      0.136419844850E-36
   1225.22113490      0.128970866930E-36
   1231.50432021      0.121083763994E-36
   1237.78750551      0.106256405615E-36
   1244.07069082      0.102502389208E-36
   1250.35387613      0.978798268632E-37
   1256.63706144      0.879789349656E-37
   1262.92024674      0.772212070037E-37
   1269.20343205      0.736112513671E-37
   1275.48661736      0.644035448786E-37
   1281.76980266      0.612366969219E-37
   1288.05298797      0.531122225830E-37
   1294.33617328      0.509861121292E-37
   1300.61935859      0.446835365427E-37
   1306.90254389      0.375753875753E-37
   1313.18572920      0.343433801933E-37
   1319.46891451      0.332396394334E-37
   1325.75209981      0.273733769836E-37
   1332.03528512      0.254877116348E-37
   1338.31847043      0.194590875375E-37
   1344.60165574      0.195373556992E-37
   1350.88484104      0.158532843592E-37
   1357.16802635      0.106069601570E-37
   1363.45121166      0.648740979843E-38
   1369.73439697      0.834238109931E-38
   1376.01758227      0.479976417096E-38
   1382.30076758      0.226527650778E-38
   1388.58395289      0.443880480426E-39
   1394.86713819      0.995880431801E-40
   6.28318530718      0.182885794623E-40
   12.5663706144      0.510642653501E-03
   18.8495559215      0.294352574827E-03
   25.1327412287      0.315797622900E-03
   31.4159265359      0.136041853580E-03
   37.6991118431      0.125726519933E-03
   43.9822971503      0.618509366168E-04
   50.2654824574      0.539400325846E-04
   56.5486677646      0.365545129229E-04
   62.8318530718      0.326471591971E-04
   69.1150383790      0.234495819362E-04
   75.3982236862      0.188442867075E-04
   81.6814089933      0.119521455749E-04
   87.9645943005      0.931599467400E-05
   94.2477796077      0.668995464387E-05
   100.530964915      0.438325098647E-05
   106.814150222      0.316552443079E-05
   113.097335529      0.247005936565E-05
   119.380520836      0.163095524549E-05
   125.663706144      0.113678933933E-05
   131.946891451      0.849066240198E-06
   138.230076758      0.602886266824E-06
   144.513262065      0.472632772849E-06
   150.796447372      0.354275066844E-06
   157.079632679      0.295259519927E-06
   163.362817987      0.238916477549E-06
   169.646003294      0.195906074748E-06
   175.929188601      0.166102176562E-06
   182.212373908      0.143930729918E-06
   188.495559215      0.124189557739E-06
   194.778744523      0.108172136011E-06
   201.061929830      0.961522841627E-07
   207.345115137      0.838779243150E-07
   213.628300444      0.737786840893E-07
   219.911485751      0.649168550616E-07
   226.194671058      0.560945445541E-07
   232.477856366      0.490095783654E-07
   238.761041673      0.417261070159E-07
   245.044226980      0.358731473304E-07
   251.327412287      0.301994266674E-07
   257.610597594      0.253354896045E-07
   263.893782902      0.209047358823E-07
   270.176968209      0.171643638051E-07
   276.460153516      0.138544438669E-07
   282.743338823      0.111306974702E-07
   289.026524130      0.878363924694E-08
   295.309709437      0.689972136153E-08
   301.592894745      0.534192145276E-08
   307.876080052      0.410683911375E-08
   314.159265359      0.312069927730E-08
   320.442450666      0.235641019861E-08
   326.725635973      0.176383293393E-08
   333.008821281      0.130817141412E-08
   339.292006588      0.968257016634E-09
   345.575191895      0.707859356138E-09
   351.858377202      0.520149009681E-09
   358.141562509      0.375974564935E-09
   364.424747816      0.275147355086E-09
   370.707933124      0.197605579613E-09
   376.991118431      0.143457919423E-09
   383.274303738      0.102785679723E-09
   389.557489045      0.743849580665E-10
   395.840674352      0.533097989836E-10
   402.123859659      0.384652130201E-10
   408.407044967      0.275462005571E-10
   414.690230274      0.199337564068E-10
   420.973415581      0.142690584781E-10
   427.256600888      0.103588673006E-10
   433.539786195      0.742607088765E-11
   439.822971503      0.539638663250E-11
   446.106156810      0.388680489272E-11
   452.389342117      0.282716406380E-11
   458.672527424      0.205105177231E-11
   464.955712731      0.149353250429E-11
   471.238898038      0.108752167548E-11
   477.522083346      0.792825437144E-12
   483.805268653      0.579402199160E-12
   490.088453960      0.424568986604E-12
   496.371639267      0.310511948770E-12
   502.654824574      0.228442102247E-12
   508.938009882      0.168596961895E-12
   515.221195189      0.124403812336E-12
   521.504380496      0.917506348532E-13
   527.787565803      0.715793940720E-13
   534.070751110      0.570867898115E-13
   540.353936417      0.631222537894E-13
   546.637121725      0.803258129702E-15
   552.920307032      0.429984771744E-15
   559.203492339      0.271771974223E-15
   565.486677646      0.131487929962E-15
   571.769862953      0.531297346380E-16
   578.053048261      0.268118320457E-16
   584.336233568      0.117326922656E-16
   590.619418875      0.402136097801E-17
   596.902604182      0.178826914348E-17
   603.185789489      0.773487897585E-18
   609.468974796      0.294254404476E-18
   615.752160104      0.135952561700E-18
   622.035345411      0.611713394503E-19
   628.318530718      0.241183363221E-19
   634.601716025      0.109096591316E-19
   640.884901332      0.452633697411E-20
   647.168086639      0.166837089392E-20
   653.451271947      0.577434194891E-21
   659.734457254      0.211415728719E-21
   666.017642561      0.111117456576E-21
   672.300827868      0.528192969146E-22
   678.584013175      0.370312806003E-22
   684.867198483      0.254828692386E-22
   691.150383790      0.145558303558E-22
   697.433569097      0.101634056495E-22
   703.716754404      0.712101774933E-23
   709.999939711      0.441166445183E-23
   716.283125018      0.339598536179E-23
   722.566310326      0.230680490405E-23
   728.849495633      0.127621000357E-23
   735.132680940      0.155540609402E-23
   741.415866247      0.499257379140E-24
   747.699051554      0.632901204304E-24
   753.982236862      0.171481412183E-24
   760.265422169      0.447504873978E-25
   766.548607476      0.325763415101E-26
   772.831792783      0.117149615646E-26
   779.114978090      0.441444706692E-27
   785.398163397      0.282083684109E-27
   791.681348705      0.179257948323E-27
   797.964534012      0.111884972271E-27
   804.247719319      0.938957024612E-28
   810.530904626      0.554103198344E-28
   816.814089933      0.410426854340E-28
   823.097275241      0.274352283225E-28
   829.380460548      0.202417119453E-28
   835.663645855      0.134280859003E-28
   841.946831162      0.760216095352E-29
   848.230016469      0.567023119705E-29
   854.513201776      0.431803073144E-29
   860.796387084      0.257889387518E-29
   867.079572391      0.155678616921E-29
   873.362757698      0.110736394970E-29
   879.645943005      0.807041182903E-30
   885.929128312      0.486585336754E-30
   892.212313620      0.273884733223E-30
   898.495498927      0.188437120774E-30
   904.778684234      0.859908628981E-31
   911.061869541      0.346949836730E-31
   917.345054848      0.183525108439E-32
   923.628240155      0.769524930665E-32
   929.911425463      0.482945388798E-32
   936.194610770      0.122500096531E-35
   942.477796077      0.123625061236E-35
   948.760981384      0.120626971470E-35
   955.044166691      0.112528387898E-35
   961.327351998      0.114438725951E-35
   967.610537306      0.112607618122E-35
   973.893722613      0.109514612575E-35
   980.176907920      0.105469340305E-35
   986.460093227      0.105067902240E-35
   992.743278534      0.100059629238E-35
   999.026463842      0.997522710966E-36
   1005.30964915      0.979865525895E-36
   1011.59283446      0.863538197682E-36
   1017.87601976      0.889394240021E-36
   1024.15920507      0.873833758332E-36
   1030.44239038      0.784109829873E-36
   1036.72557568      0.843461546082E-36
   1043.00876099      0.744112561608E-36
   1049.29194630      0.746937752006E-36
   1055.57513161      0.715574039081E-36
   1061.85831691      0.683109418816E-36
   1068.14150222      0.724520918430E-36
   1074.42468753      0.617914184540E-36
   1080.70787283      0.636844823043E-36
   1086.99105814      0.617974465231E-36
   1093.27424345      0.579591540278E-36
   1099.55742876      0.598997103526E-36
   1105.84061406      0.519245132290E-36
   1112.12379937      0.562798809833E-36
   1118.40698468      0.465668026191E-36
   1124.69016999      0.488133931266E-36
   1130.97335529      0.419422504687E-36
   1137.25654060      0.372136962737E-36
   1143.53972591      0.317341808771E-36
   1149.82291121      0.285433086182E-36
   1156.10609652      0.268557027309E-36
   1162.38928183      0.247429625092E-36
   1168.67246714      0.234833943036E-36
   1174.95565244      0.215759082488E-36
   1181.23883775      0.206658564823E-36
   1187.52202306      0.189178560547E-36
   1193.80520836      0.176680064231E-36
   1200.08839367      0.164049890667E-36
   1206.37157898      0.156132089898E-36
   1212.65476429      0.139784813146E-36
   1218.93794959      0.134936428499E-36
   1225.22113490      0.128144012768E-36
   1231.50432021      0.118276901191E-36
   1237.78750551      0.105610756776E-36
   1244.07069082      0.100824343501E-36
   1250.35387613      0.946115708856E-37
   1256.63706144      0.865510737026E-37
   1262.92024674      0.755142566607E-37
   1269.20343205      0.749987039971E-37
   1275.48661736      0.635829079402E-37
   1281.76980266      0.621719789039E-37
   1288.05298797      0.505678034171E-37
   1294.33617328      0.502541782688E-37
   1300.61935859      0.447917176153E-37
   1306.90254389      0.380256849193E-37
   1313.18572920      0.343121925988E-37
   1319.46891451      0.325883789691E-37
   1325.75209981      0.277892123585E-37
   1332.03528512      0.237868130897E-37
   1338.31847043      0.189494963045E-37
   1344.60165574      0.200753682908E-37
   1350.88484104      0.167692210653E-37
   1357.16802635      0.122816374875E-37
   1363.45121166      0.728918235814E-38
   1369.73439697      0.774285020572E-38
   1376.01758227      0.475684363827E-38
   1382.30076758      0.276608576553E-38
   1388.58395289      0.498070832083E-39
   1394.86713819      0.837808498097E-40
   6.28318530718      0.341958558198E-40
   12.5663706144      0.497059890440E-03
   18.8495559215      0.286493441736E-03
   25.1327412287      0.315392812809E-03
   31.4159265359      0.136264347987E-03
   37.6991118431      0.128804602232E-03
   43.9822971503      0.622839169732E-04
   50.2654824574      0.563135308647E-04
   56.5486677646      0.383411997653E-04
   62.8318530718      0.347049969080E-04
   69.1150383790      0.251260451784E-04
   75.3982236862      0.203153642735E-04
   81.6814089933      0.128209435083E-04
   87.9645943005      0.101066867654E-04
   94.2477796077      0.745939829374E-05
   100.530964915      0.474173247755E-05
   106.814150222      0.351263948899E-05
   113.097335529      0.273521509621E-05
   119.380520836      0.182916490763E-05
   125.663706144      0.126692587254E-05
   131.946891451      0.936038433900E-06
   138.230076758      0.674448742406E-06
   144.513262065      0.518111815077E-06
   150.796447372      0.390810932142E-06
   157.079632679      0.319950372831E-06
   163.362817987      0.258021931336E-06
   169.646003294      0.207844558133E-06
   175.929188601      0.177395859715E-06
   182.212373908      0.152471481227E-06
   188.495559215      0.131721705555E-06
   194.778744523      0.114311447648E-06
   201.061929830      0.102578649426E-06
   207.345115137      0.894176055874E-07
   213.628300444      0.793544800049E-07
   219.911485751      0.699648656435E-07
   226.194671058      0.609299358330E-07
   232.477856366      0.535512498713E-07
   238.761041673      0.460575573321E-07
   245.044226980      0.397888261340E-07
   251.327412287      0.338584031235E-07
   257.610597594      0.286376363606E-07
   263.893782902      0.238796373390E-07
   270.176968209      0.197782612541E-07
   276.460153516      0.161430319974E-07
   282.743338823      0.130970183265E-07
   289.026524130      0.104367933481E-07
   295.309709437      0.829000756511E-08
   301.592894745      0.647304632258E-08
   307.876080052      0.503456968492E-08
   314.159265359      0.385112480208E-08
   320.442450666      0.294318397377E-08
   326.725635973      0.221531893031E-08
   333.008821281      0.166152167665E-08
   339.292006588      0.123528731103E-08
   345.575191895      0.913797963469E-09
   351.858377202      0.673919744833E-09
   358.141562509      0.492051948927E-09
   364.424747816      0.361610718947E-09
   370.707933124      0.262022578009E-09
   376.991118431      0.190974588441E-09
   383.274303738      0.137879862075E-09
   389.557489045      0.100241995510E-09
   395.840674352      0.722639212211E-10
   402.123859659      0.524015905606E-10
   408.407044967      0.376407778152E-10
   414.690230274      0.274382459478E-10
   420.973415581      0.196341300526E-10
   427.256600888      0.143812159152E-10
   433.539786195      0.102765830776E-10
   439.822971503      0.753272394730E-11
   446.106156810      0.540603227872E-11
   452.389342117      0.395929307891E-11
   458.672527424      0.286726690178E-11
   464.955712731      0.209743753338E-11
   471.238898038      0.152598722135E-11
   477.522083346      0.111575891436E-11
   483.805268653      0.814929068574E-12
   490.088453960      0.598986553363E-12
   496.371639267      0.438134957255E-12
   502.654824574      0.323422306328E-12
   508.938009882      0.239109003955E-12
   515.221195189      0.176782903701E-12
   521.504380496      0.130777309323E-12
   527.787565803      0.102446003697E-12
   534.070751110      0.822714047846E-13
   540.353936417      0.923832664208E-13
   546.637121725      0.163528751001E-14
   552.920307032      0.840969393157E-15
   559.203492339      0.532842267724E-15
   565.486677646      0.274450631259E-15
   571.769862953      0.113671328154E-15
   578.053048261      0.570283829024E-16
   584.336233568      0.276428399041E-16
   590.619418875      0.100258914264E-16
   596.902604182      0.420742942857E-17
   603.185789489      0.180823207104E-17
   609.468974796      0.667455172535E-18
   615.752160104      0.294267654447E-18
   622.035345411      0.146074666978E-18
   628.318530718      0.661425531933E-19
   634.601716025      0.329710740473E-19
   640.884901332      0.151100319967E-19
   647.168086639      0.608277340898E-20
   653.451271947      0.218388958235E-20
   659.734457254      0.754388003255E-21
   666.017642561      0.367681579189E-21
   672.300827868      0.176565641009E-21
   678.584013175      0.112150807147E-21
   684.867198483      0.753613162053E-22
   691.150383790      0.426390831184E-22
   697.433569097      0.270879797940E-22
   703.716754404      0.178025536934E-22
   709.999939711      0.106682035804E-22
   716.283125018      0.797393172219E-23
   722.566310326      0.526140445902E-23
   728.849495633      0.296276748863E-23
   735.132680940      0.355151556075E-23
   741.415866247      0.118592730251E-23
   747.699051554      0.146915593073E-23
   753.982236862      0.421582253947E-24
   760.265422169      0.115296107353E-24
   766.548607476      0.108267306704E-25
   772.831792783      0.344975294468E-26
   779.114978090      0.743973260616E-27
   785.398163397      0.337399521528E-27
   791.681348705      0.181785943726E-27
   797.964534012      0.111885274319E-27
   804.247719319      0.938957521725E-28
   810.530904626      0.554102868961E-28
   816.814089933      0.410426653621E-28
   823.097275241      0.274352146467E-28
   829.380460548      0.202416694626E-28
   835.663645855      0.134280886050E-28
   841.946831162      0.760215421850E-29
   848.230016469      0.567022599593E-29
   854.513201776      0.431802694833E-29
   860.796387084      0.257889990325E-29
   867.079572391      0.155678857657E-29
   873.362757698      0.110736495063E-29
   879.645943005      0.807044262843E-30
   885.929128312      0.486589822691E-30
   892.212313620      0.273883965034E-30
   898.495498927      0.188435803748E-30
   904.778684234      0.859900106936E-31
   911.061869541      0.346953088553E-31
   917.345054848      0.183521436350E-32
   923.628240155      0.769474183048E-32
   929.911425463      0.482958837059E-32
   936.194610770      0.124048973304E-35
   942.477796077      0.120333651144E-35
   948.760981384      0.116120313926E-35
   955.044166691      0.113161150953E-35
   961.327351998      0.112592503959E-35
   967.610537306      0.112081032614E-35
   973.893722613      0.108453071102E-35
   980.176907920      0.106930073970E-35
   986.460093227      0.103156586409E-35
   992.743278534      0.101880870649E-35
   999.026463842      0.984111839094E-36
   1005.30964915      0.987649562974E-36
   1011.59283446      0.883386223404E-36
   1017.87601976      0.898252053647E-36
   1024.15920507      0.862834219863E-36
   1030.44239038      0.778353336789E-36
   1036.72557568      0.849778296785E-36
   1043.00876099      0.757735800008E-36
   1049.29194630      0.760263413837E-36
   1055.57513161      0.725945594145E-36
   1061.85831691      0.688563668936E-36
   1068.14150222      0.726474064517E-36
   1074.42468753      0.620522657345E-36
   1080.70787283      0.642606903986E-36
   1086.99105814      0.600357643450E-36
   1093.27424345      0.595802801340E-36
   1099.55742876      0.581069401566E-36
   1105.84061406      0.502388948206E-36
   1112.12379937      0.538337810588E-36
   1118.40698468      0.453327152786E-36
   1124.69016999      0.473285834759E-36
   1130.97335529      0.399425711750E-36
   1137.25654060      0.367928703592E-36
   1143.53972591      0.315280338333E-36
   1149.82291121      0.279002362845E-36
   1156.10609652      0.268374925458E-36
   1162.38928183      0.247106560475E-36
   1168.67246714      0.232705966765E-36
   1174.95565244      0.212696983561E-36
   1181.23883775      0.204010513521E-36
   1187.52202306      0.187015294039E-36
   1193.80520836      0.174111806175E-36
   1200.08839367      0.163178929062E-36
   1206.37157898      0.156372278454E-36
   1212.65476429      0.143577934924E-36
   1218.93794959      0.134483872403E-36
   1225.22113490      0.128670234758E-36
   1231.50432021      0.120338575235E-36
   1237.78750551      0.105951042524E-36
   1244.07069082      0.100822730398E-36
   1250.35387613      0.939283341783E-37
   1256.63706144      0.854786255510E-37
   1262.92024674      0.739888158784E-37
   1269.20343205      0.724921143096E-37
   1275.48661736      0.642087787177E-37
   1281.76980266      0.605056657475E-37
   1288.05298797      0.530204917605E-37
   1294.33617328      0.520000311403E-37
   1300.61935859      0.436380132517E-37
   1306.90254389      0.364435051871E-37
   1313.18572920      0.341924359278E-37
   1319.46891451      0.324852659930E-37
   1325.75209981      0.282134161727E-37
   1332.03528512      0.228597168386E-37
   1338.31847043      0.192593533178E-37
   1344.60165574      0.196011557654E-37
   1350.88484104      0.159574079385E-37
   1357.16802635      0.115710575657E-37
   1363.45121166      0.619922051625E-38
   1369.73439697      0.792292354774E-38
   1376.01758227      0.414881317712E-38
   1382.30076758      0.205373471830E-38
   1388.58395289      0.523896704600E-39
   1394.86713819      0.155623148904E-39
   6.28318530718      0.139392448658E-40
   12.5663706144      0.483648125872E-03
   18.8495559215      0.278458010125E-03
   25.1327412287      0.314692904910E-03
   31.4159265359      0.136697324470E-03
   37.6991118431      0.131838950729E-03
   43.9822971503      0.626869298747E-04
   50.2654824574      0.584084034276E-04
   56.5486677646      0.401219206319E-04
   62.8318530718      0.369140816981E-04
   69.1150383790      0.266341440940E-04
   75.3982236862      0.218673494457E-04
   81.6814089933      0.135278395549E-04
   87.9645943005      0.109259736466E-04
   94.2477796077      0.830089859503E-05
   100.530964915      0.514439410692E-05
   106.814150222      0.389578015168E-05
   113.097335529      0.301673230020E-05
   119.380520836      0.205255110405E-05
   125.663706144      0.141112237545E-05
   131.946891451      0.104938996938E-05
   138.230076758      0.764901003447E-06
   144.513262065      0.575495264826E-06
   150.796447372      0.441088440607E-06
   157.079632679      0.351435684214E-06
   163.362817987      0.284870639326E-06
   169.646003294      0.224080730666E-06
   175.929188601      0.191776653469E-06
   182.212373908      0.162387920207E-06
   188.495559215      0.141550139781E-06
   194.778744523      0.120811743811E-06
   201.061929830      0.109799814506E-06
   207.345115137      0.951230667536E-07
   213.628300444      0.851672061660E-07
   219.911485751      0.750404949287E-07
   226.194671058      0.658893845852E-07
   232.477856366      0.579889941797E-07
   238.761041673      0.504566600659E-07
   245.044226980      0.436948216143E-07
   251.327412287      0.375534733968E-07
   257.610597594      0.319738152674E-07
   263.893782902      0.269519754579E-07
   270.176968209      0.224588741883E-07
   276.460153516      0.185646598628E-07
   282.743338823      0.151661837107E-07
   289.026524130      0.122225229231E-07
   295.309709437      0.978979443212E-08
   301.592894745      0.772550482597E-08
   307.876080052      0.605799016487E-08
   314.159265359      0.467891067104E-08
   320.442450666      0.360632285150E-08
   326.725635973      0.273604373370E-08
   333.008821281      0.207042365509E-08
   339.292006588      0.154769932471E-08
   345.575191895      0.115746603570E-08
   351.858377202      0.856484214628E-09
   358.141562509      0.632235544344E-09
   364.424747816      0.465658067626E-09
   370.707933124      0.341459302756E-09
   376.991118431      0.248971200276E-09
   383.274303738      0.182095391547E-09
   389.557489045      0.132371310748E-09
   395.840674352      0.966148164858E-10
   402.123859659      0.700888937518E-10
   408.407044967      0.508774759535E-10
   414.690230274      0.372152600256E-10
   420.973415581      0.268043474573E-10
   427.256600888      0.197638156322E-10
   433.539786195      0.141550615888E-10
   439.822971503      0.104616466353E-10
   446.106156810      0.751231357564E-11
   452.389342117      0.554497389757E-11
   458.672527424      0.401705081063E-11
   464.955712731      0.295813827526E-11
   471.238898038      0.215179643554E-11
   477.522083346      0.158282368304E-11
   483.805268653      0.115263192839E-11
   490.088453960      0.853218369927E-12
   496.371639267      0.621761198659E-12
   502.654824574      0.462039465141E-12
   508.938009882      0.340970933813E-12
   515.221195189      0.252908638298E-12
   521.504380496      0.187067823641E-12
   527.787565803      0.146979371308E-12
   534.070751110      0.118314002139E-12
   540.353936417      0.133928202816E-12
   546.637121725      0.407458988981E-14
   552.920307032      0.194783620840E-14
   559.203492339      0.114808922828E-14
   565.486677646      0.590672527595E-15
   571.769862953      0.238851024098E-15
   578.053048261      0.111812402086E-15
   584.336233568      0.585180608283E-16
   590.619418875      0.236989764965E-16
   596.902604182      0.996120650761E-17
   603.185789489      0.432545230392E-17
   609.468974796      0.158856161852E-17
   615.752160104      0.624933921717E-18
   622.035345411      0.309663081599E-18
   628.318530718      0.154385426261E-18
   634.601716025      0.848330161934E-19
   640.884901332      0.437867417707E-19
   647.168086639      0.200613814322E-19
   653.451271947      0.812599401252E-20
   659.734457254      0.291471412667E-20
   666.017642561      0.133970207577E-20
   672.300827868      0.630563341789E-21
   678.584013175      0.365498545650E-21
   684.867198483      0.232298760056E-21
   691.150383790      0.135949574875E-21
   697.433569097      0.788679379521E-22
   703.716754404      0.475026082482E-22
   709.999939711      0.271104375635E-22
   716.283125018      0.189169456871E-22
   722.566310326      0.118057458790E-22
   728.849495633      0.660214206980E-23
   735.132680940      0.765821071700E-23
   741.415866247      0.266001919017E-23
   747.699051554      0.318962705449E-23
   753.982236862      0.959681990547E-24
   760.265422169      0.273720691073E-24
   766.548607476      0.351805126733E-25
   772.831792783      0.113468674578E-25
   779.114978090      0.237319001183E-26
   785.398163397      0.700467365858E-27
   791.681348705      0.230585333812E-27
   797.964534012      0.113328596760E-27
   804.247719319      0.938925302606E-28
   810.530904626      0.554103122401E-28
   816.814089933      0.410426406553E-28
   823.097275241      0.274352211037E-28
   829.380460548      0.202416955155E-28
   835.663645855      0.134280995510E-28
   841.946831162      0.760218699253E-29
   848.230016469      0.567023176954E-29
   854.513201776      0.431802452730E-29
   860.796387084      0.257890142020E-29
   867.079572391      0.155678576174E-29
   873.362757698      0.110736398528E-29
   879.645943005      0.807050664883E-30
   885.929128312      0.486588952239E-30
   892.212313620      0.273882446377E-30
   898.495498927      0.188435784806E-30
   904.778684234      0.859890628174E-31
   911.061869541      0.346942441066E-31
   917.345054848      0.183510417838E-32
   923.628240155      0.769455370214E-32
   929.911425463      0.482960007782E-32
   936.194610770      0.121538483296E-35
   942.477796077      0.122027779795E-35
   948.760981384      0.119370036556E-35
   955.044166691      0.113242548837E-35
   961.327351998      0.113525514945E-35
   967.610537306      0.108734482078E-35
   973.893722613      0.105189374182E-35
   980.176907920      0.104492777149E-35
   986.460093227      0.101137059422E-35
   992.743278534      0.101485813950E-35
   999.026463842      0.970605867150E-36
   1005.30964915      0.986709619247E-36
   1011.59283446      0.889509292479E-36
   1017.87601976      0.910169403690E-36
   1024.15920507      0.856702698654E-36
   1030.44239038      0.777301046383E-36
   1036.72557568      0.843516323532E-36
   1043.00876099      0.746631755288E-36
   1049.29194630      0.764380209526E-36
   1055.57513161      0.731813000529E-36
   1061.85831691      0.698568123660E-36
   1068.14150222      0.716920424964E-36
   1074.42468753      0.609307250013E-36
   1080.70787283      0.637075433837E-36
   1086.99105814      0.597499543500E-36
   1093.27424345      0.555660971807E-36
   1099.55742876      0.562523152498E-36
   1105.84061406      0.509150308007E-36
   1112.12379937      0.525287055559E-36
   1118.40698468      0.456523096386E-36
   1124.69016999      0.472658723680E-36
   1130.97335529      0.405483463859E-36
   1137.25654060      0.371402572054E-36
   1143.53972591      0.317841244129E-36
   1149.82291121      0.283548096323E-36
   1156.10609652      0.261683168148E-36
   1162.38928183      0.244362308510E-36
   1168.67246714      0.230918127744E-36
   1174.95565244      0.214226201722E-36
   1181.23883775      0.204608173382E-36
   1187.52202306      0.188755229665E-36
   1193.80520836      0.177441987656E-36
   1200.08839367      0.166363774940E-36
   1206.37157898      0.157591530034E-36
   1212.65476429      0.142768703013E-36
   1218.93794959      0.135271719614E-36
   1225.22113490      0.125698670962E-36
   1231.50432021      0.115949374864E-36
   1237.78750551      0.104410520957E-36
   1244.07069082      0.100999988504E-36
   1250.35387613      0.925127157124E-37
   1256.63706144      0.859590354716E-37
   1262.92024674      0.779151077203E-37
   1269.20343205      0.730064081538E-37
   1275.48661736      0.633630064797E-37
   1281.76980266      0.591306137604E-37
   1288.05298797      0.538122295710E-37
   1294.33617328      0.519234834667E-37
   1300.61935859      0.440412078351E-37
   1306.90254389      0.369303516536E-37
   1313.18572920      0.348695900536E-37
   1319.46891451      0.333720946668E-37
   1325.75209981      0.291909674524E-37
   1332.03528512      0.229101645434E-37
   1338.31847043      0.158485748333E-37
   1344.60165574      0.193956827899E-37
   1350.88484104      0.153056628166E-37
   1357.16802635      0.121381310501E-37
   1363.45121166      0.626354476071E-38
   1369.73439697      0.788136499857E-38
   1376.01758227      0.452793606993E-38
   1382.30076758      0.255746421127E-38
   1388.58395289      0.454673320340E-39
   1394.86713819      0.330826986471E-40
   6.28318530718      0.365109576695E-40
   12.5663706144      0.470409147499E-03
   18.8495559215      0.270295346154E-03
   25.1327412287      0.313607625335E-03
   31.4159265359      0.137339456677E-03
   37.6991118431      0.134851693600E-03
   43.9822971503      0.632048016699E-04
   50.2654824574      0.602137322370E-04
   56.5486677646      0.418575113456E-04
   62.8318530718      0.392279675641E-04
   69.1150383790      0.279326928295E-04
   75.3982236862      0.235269004297E-04
   81.6814089933      0.140838629162E-04
   87.9645943005      0.117461308175E-04
   94.2477796077      0.916245483224E-05
   100.530964915      0.561917585922E-05
   106.814150222      0.428888438820E-05
   113.097335529      0.332054450774E-05
   119.380520836      0.230612178598E-05
   125.663706144      0.157143442185E-05
   131.946891451      0.119926378824E-05
   138.230076758      0.870429819468E-06
   144.513262065      0.651677974200E-06
   150.796447372      0.503862300726E-06
   157.079632679      0.392103149595E-06
   163.362817987      0.321898097352E-06
   169.646003294      0.247524390100E-06
   175.929188601      0.211700359008E-06
   182.212373908      0.175191782614E-06
   188.495559215      0.154653374130E-06
   194.778744523      0.128811658400E-06
   201.061929830      0.118864103412E-06
   207.345115137      0.101682927949E-06
   213.628300444      0.916336447762E-07
   219.911485751      0.804070700216E-07
   226.194671058      0.712523057229E-07
   232.477856366      0.625466819698E-07
   238.761041673      0.550285497108E-07
   245.044226980      0.476684910941E-07
   251.327412287      0.413354071930E-07
   257.610597594      0.353735696590E-07
   263.893782902      0.301353187893E-07
   270.176968209      0.252159316711E-07
   276.460153516      0.211115762931E-07
   282.743338823      0.173339311722E-07
   289.026524130      0.141385824653E-07
   295.309709437      0.113966062120E-07
   301.592894745      0.910042413739E-08
   307.876080052      0.717489455616E-08
   314.159265359      0.561060630552E-08
   320.442450666      0.434499590939E-08
   326.725635973      0.333299362966E-08
   333.008821281      0.253596822945E-08
   339.292006588      0.191232355092E-08
   345.575191895      0.143945519225E-08
   351.858377202      0.107258542863E-08
   358.141562509      0.797342777099E-09
   364.424747816      0.590274155142E-09
   370.707933124      0.436593507052E-09
   376.991118431      0.319030666351E-09
   383.274303738      0.236145243509E-09
   389.557489045      0.171627363681E-09
   395.840674352      0.126934880770E-09
   402.123859659      0.919834207013E-10
   408.407044967      0.677667632887E-10
   414.690230274      0.495610726127E-10
   420.973415581      0.361803370993E-10
   427.256600888      0.267169762149E-10
   433.539786195      0.193619021121E-10
   439.822971503      0.143443801210E-10
   446.106156810      0.104274103441E-10
   452.389342117      0.770608273464E-11
   458.672527424      0.564484226507E-11
   464.955712731      0.416872131497E-11
   471.238898038      0.305974742242E-11
   477.522083346      0.226078432451E-11
   483.805268653      0.165178903606E-11
   490.088453960      0.123317574848E-11
   496.371639267      0.897295879912E-12
   502.654824574      0.673009240652E-12
   508.938009882      0.496532518061E-12
   515.221195189      0.370361789127E-12
   521.504380496      0.273666667246E-12
   527.787565803      0.215846450646E-12
   534.070751110      0.173203678074E-12
   540.353936417      0.195569683190E-12
   546.637121725      0.119294750294E-13
   552.920307032      0.558826022193E-14
   559.203492339      0.306267155579E-14
   565.486677646      0.152746555213E-14
   571.769862953      0.588236663956E-15
   578.053048261      0.234537718849E-15
   584.336233568      0.115865304080E-15
   590.619418875      0.504467734268E-16
   596.902604182      0.220259365981E-16
   603.185789489      0.100436291437E-16
   609.468974796      0.396813101227E-17
   615.752160104      0.149263548475E-17
   622.035345411      0.679805968860E-18
   628.318530718      0.338291133265E-18
   634.601716025      0.191767500288E-18
   640.884901332      0.108165707534E-18
   647.168086639      0.560673543566E-19
   653.451271947      0.262284105723E-19
   659.734457254      0.106367908368E-19
   666.017642561      0.480421606489E-20
   672.300827868      0.220242979979E-20
   678.584013175      0.116372024568E-20
   684.867198483      0.684125366201E-21
   691.150383790      0.415778139889E-21
   697.433569097      0.228131471500E-21
   703.716754404      0.129309605649E-21
   709.999939711      0.700604849122E-22
   716.283125018      0.460575429658E-22
   722.566310326      0.265635155201E-22
   728.849495633      0.143054512715E-22
   735.132680940      0.160134907336E-22
   741.415866247      0.580891086218E-23
   747.699051554      0.658938671017E-23
   753.982236862      0.207123134438E-23
   760.265422169      0.618850206864E-24
   766.548607476      0.109181656904E-24
   772.831792783      0.355373744421E-25
   779.114978090      0.844578010037E-26
   785.398163397      0.207529015326E-26
   791.681348705      0.614762562694E-27
   797.964534012      0.178377854835E-27
   804.247719319      0.101142183054E-27
   810.530904626      0.555085817922E-28
   816.814089933      0.410600350641E-28
   823.097275241      0.274352358957E-28
   829.380460548      0.202417019364E-28
   835.663645855      0.134281170866E-28
   841.946831162      0.760218936284E-29
   848.230016469      0.567023016371E-29
   854.513201776      0.431801962263E-29
   860.796387084      0.257890218695E-29
   867.079572391      0.155678902889E-29
   873.362757698      0.110736728693E-29
   879.645943005      0.807047929380E-30
   885.929128312      0.486589975171E-30
   892.212313620      0.273879435511E-30
   898.495498927      0.188438579554E-30
   904.778684234      0.859901592251E-31
   911.061869541      0.346934823508E-31
   917.345054848      0.183498767963E-32
   923.628240155      0.769479765667E-32
   929.911425463      0.482980336995E-32
   936.194610770      0.121999168565E-35
   942.477796077      0.119845685972E-35
   948.760981384      0.118184118761E-35
   955.044166691      0.114689099610E-35
   961.327351998      0.112575281917E-35
   967.610537306      0.108965574584E-35
   973.893722613      0.107075522383E-35
   980.176907920      0.105652213626E-35
   986.460093227      0.103262088989E-35
   992.743278534      0.102802096730E-35
   999.026463842      0.951779198661E-36
   1005.30964915      0.964222629076E-36
   1011.59283446      0.889458235986E-36
   1017.87601976      0.915990175046E-36
   1024.15920507      0.863181725767E-36
   1030.44239038      0.791086835032E-36
   1036.72557568      0.842206344564E-36
   1043.00876099      0.742455200902E-36
   1049.29194630      0.747070625426E-36
   1055.57513161      0.713777064551E-36
   1061.85831691      0.688242087971E-36
   1068.14150222      0.724044432084E-36
   1074.42468753      0.622778970740E-36
   1080.70787283      0.625520439966E-36
   1086.99105814      0.611056128174E-36
   1093.27424345      0.565819831518E-36
   1099.55742876      0.573909405189E-36
   1105.84061406      0.485556474629E-36
   1112.12379937      0.541050606685E-36
   1118.40698468      0.445492227938E-36
   1124.69016999      0.477839258777E-36
   1130.97335529      0.393639776359E-36
   1137.25654060      0.345248120067E-36
   1143.53972591      0.317461625869E-36
   1149.82291121      0.284002609096E-36
   1156.10609652      0.267653957449E-36
   1162.38928183      0.246114452085E-36
   1168.67246714      0.235594019492E-36
   1174.95565244      0.213900321150E-36
   1181.23883775      0.203047437079E-36
   1187.52202306      0.187324893788E-36
   1193.80520836      0.178499383911E-36
   1200.08839367      0.164412568133E-36
   1206.37157898      0.154120071191E-36
   1212.65476429      0.140897552747E-36
   1218.93794959      0.136329638062E-36
   1225.22113490      0.126460379133E-36
   1231.50432021      0.118268750867E-36
   1237.78750551      0.103700565993E-36
   1244.07069082      0.100289820475E-36
   1250.35387613      0.928894304987E-37
   1256.63706144      0.902124419239E-37
   1262.92024674      0.801359150464E-37
   1269.20343205      0.744117050271E-37
   1275.48661736      0.640153305718E-37
   1281.76980266      0.634006216388E-37
   1288.05298797      0.524778251168E-37
   1294.33617328      0.520275241063E-37
   1300.61935859      0.456464203888E-37
   1306.90254389      0.388638718457E-37
   1313.18572920      0.335843410096E-37
   1319.46891451      0.329561662774E-37
   1325.75209981      0.287087854590E-37
   1332.03528512      0.223753683301E-37
   1338.31847043      0.180543579448E-37
   1344.60165574      0.198502071249E-37
   1350.88484104      0.157216573142E-37
   1357.16802635      0.109039573097E-37
   1363.45121166      0.668314406246E-38
   1369.73439697      0.819518862362E-38
   1376.01758227      0.463263436215E-38
   1382.30076758      0.245235069443E-38
   1388.58395289      0.512914010615E-39
   1394.86713819      0.940533503555E-40
   6.28318530718      0.581440531150E-40
   12.5663706144      0.457344284752E-03
   18.8495559215      0.262054074840E-03
   25.1327412287      0.312054786021E-03
   31.4159265359      0.138168700507E-03
   37.6991118431      0.137853841492E-03
   43.9822971503      0.639822071664E-04
   50.2654824574      0.617651379149E-04
   56.5486677646      0.435275582871E-04
   62.8318530718      0.415403886409E-04
   69.1150383790      0.290234075315E-04
   75.3982236862      0.252570469354E-04
   81.6814089933      0.145968062043E-04
   87.9645943005      0.125337121215E-04
   94.2477796077      0.998739954288E-05
   100.530964915      0.616124177693E-05
   106.814150222      0.465888974474E-05
   113.097335529      0.366302522412E-05
   119.380520836      0.259127012313E-05
   125.663706144      0.175202215137E-05
   131.946891451      0.138723333002E-05
   138.230076758      0.989197422022E-06
   144.513262065      0.747334356415E-06
   150.796447372      0.580913672693E-06
   157.079632679      0.443314851870E-06
   163.362817987      0.371627455014E-06
   169.646003294      0.279167455831E-06
   175.929188601      0.239727766157E-06
   182.212373908      0.193209353892E-06
   188.495559215      0.172199092443E-06
   194.778744523      0.139737974292E-06
   201.061929830      0.130417978461E-06
   207.345115137      0.110193925256E-06
   213.628300444      0.994589076242E-07
   219.911485751      0.867550594801E-07
   226.194671058      0.773192316122E-07
   232.477856366      0.676624576657E-07
   238.761041673      0.599190873037E-07
   245.044226980      0.519834109627E-07
   251.327412287      0.453302678135E-07
   257.610597594      0.389472588687E-07
   263.893782902      0.334733804750E-07
   270.176968209      0.281175155214E-07
   276.460153516      0.237982302501E-07
   282.743338823      0.196258479131E-07
   289.026524130      0.161929842104E-07
   295.309709437      0.131203394737E-07
   301.592894745      0.106030046593E-07
   307.876080052      0.839453350382E-08
   314.159265359      0.665048792565E-08
   320.442450666      0.516635724878E-08
   326.725635973      0.401216512591E-08
   333.008821281      0.306344446798E-08
   339.292006588      0.233723593989E-08
   345.575191895      0.176255961515E-08
   351.858377202      0.132836668463E-08
   358.141562509      0.989374998979E-09
   364.424747816      0.739977646355E-09
   370.707933124      0.548249128821E-09
   376.991118431      0.404077604939E-09
   383.274303738      0.300445142550E-09
   389.557489045      0.219785438401E-09
   395.840674352      0.163490403346E-09
   402.123859659      0.119086445811E-09
   408.407044967      0.885556139323E-10
   414.690230274      0.650495276351E-10
   420.973415581      0.479926003788E-10
   427.256600888      0.355523096402E-10
   433.539786195      0.261242839064E-10
   439.822971503      0.193730563700E-10
   446.106156810      0.143548384184E-10
   452.389342117      0.105628043071E-10
   458.672527424      0.789354681396E-11
   464.955712731      0.582706637848E-11
   471.238898038      0.435787643825E-11
   477.522083346      0.321875248016E-11
   483.805268653      0.239060928303E-11
   490.088453960      0.179235168577E-11
   496.371639267      0.131671311034E-11
   502.654824574      0.993415383782E-12
   508.938009882      0.741210348634E-12
   515.221195189      0.554696109602E-12
   521.504380496      0.412913793032E-12
   527.787565803      0.326155195660E-12
   534.070751110      0.261564482386E-12
   540.353936417      0.290447153453E-12
   546.637121725      0.344741993525E-13
   552.920307032      0.169634141092E-13
   559.203492339      0.927989051788E-14
   565.486677646      0.475751846121E-14
   571.769862953      0.189084155599E-14
   578.053048261      0.701348571795E-15
   584.336233568      0.286877542257E-15
   590.619418875      0.116522538964E-15
   596.902604182      0.500230914253E-16
   603.185789489      0.233486185341E-16
   609.468974796      0.100635765821E-16
   615.752160104      0.410791018497E-17
   622.035345411      0.187588889014E-17
   628.318530718      0.890024518446E-18
   634.601716025      0.461329160556E-18
   640.884901332      0.254721960682E-18
   647.168086639      0.139238635889E-18
   653.451271947      0.710043690051E-19
   659.734457254      0.328083304211E-19
   666.017642561      0.151227195386E-19
   672.300827868      0.694070497817E-20
   678.584013175      0.349091652605E-20
   684.867198483      0.195350933260E-20
   691.150383790      0.118265779566E-20
   697.433569097      0.639723527872E-21
   703.716754404      0.354986686947E-21
   709.999939711      0.193372111355E-21
   716.283125018      0.121928994724E-21
   722.566310326      0.678651254412E-22
   728.849495633      0.346912393240E-22
   735.132680940      0.363612403731E-22
   741.415866247      0.140879546302E-22
   747.699051554      0.141896111440E-22
   753.982236862      0.485304972283E-23
   760.265422169      0.156274831782E-23
   766.548607476      0.354474080210E-24
   772.831792783      0.111219480174E-24
   779.114978090      0.284440872908E-25
   785.398163397      0.597837086855E-26
   791.681348705      0.191025184520E-26
   797.964534012      0.523057777812E-27
   804.247719319      0.211961217899E-27
   810.530904626      0.737073093082E-28
   816.814089933      0.469469891474E-28
   823.097275241      0.275504741932E-28
   829.380460548      0.202816946693E-28
   835.663645855      0.134281214943E-28
   841.946831162      0.760219200842E-29
   848.230016469      0.567022759668E-29
   854.513201776      0.431802009105E-29
   860.796387084      0.257890413795E-29
   867.079572391      0.155678943847E-29
   873.362757698      0.110736440391E-29
   879.645943005      0.807049658201E-30
   885.929128312      0.486587526449E-30
   892.212313620      0.273879967385E-30
   898.495498927      0.188437316235E-30
   904.778684234      0.859901053063E-31
   911.061869541      0.346940328928E-31
   917.345054848      0.183508055383E-32
   923.628240155      0.769505511065E-32
   929.911425463      0.482964057283E-32
   936.194610770      0.120963682872E-35
   942.477796077      0.117550388264E-35
   948.760981384      0.116029789244E-35
   955.044166691      0.112968106784E-35
   961.327351998      0.113784627051E-35
   967.610537306      0.110239138225E-35
   973.893722613      0.104781671327E-35
   980.176907920      0.103828524741E-35
   986.460093227      0.989218674725E-36
   992.743278534      0.999184027143E-36
   999.026463842      0.945350694249E-36
   1005.30964915      0.958887672004E-36
   1011.59283446      0.862795159227E-36
   1017.87601976      0.871289019696E-36
   1024.15920507      0.825063199175E-36
   1030.44239038      0.773502905722E-36
   1036.72557568      0.836158069161E-36
   1043.00876099      0.738267547289E-36
   1049.29194630      0.745998602458E-36
   1055.57513161      0.710504796349E-36
   1061.85831691      0.685842031579E-36
   1068.14150222      0.712016721028E-36
   1074.42468753      0.619370019381E-36
   1080.70787283      0.639200434117E-36
   1086.99105814      0.591277099429E-36
   1093.27424345      0.561704709417E-36
   1099.55742876      0.562890120159E-36
   1105.84061406      0.511360921050E-36
   1112.12379937      0.541160785368E-36
   1118.40698468      0.459987373304E-36
   1124.69016999      0.466082234541E-36
   1130.97335529      0.390845873489E-36
   1137.25654060      0.363748287099E-36
   1143.53972591      0.310537338735E-36
   1149.82291121      0.275118579015E-36
   1156.10609652      0.262974264617E-36
   1162.38928183      0.242224085371E-36
   1168.67246714      0.228303430168E-36
   1174.95565244      0.210749308686E-36
   1181.23883775      0.203247779492E-36
   1187.52202306      0.184483914573E-36
   1193.80520836      0.175399046474E-36
   1200.08839367      0.161641724760E-36
   1206.37157898      0.153214016353E-36
   1212.65476429      0.138299725464E-36
   1218.93794959      0.131004725501E-36
   1225.22113490      0.124515584891E-36
   1231.50432021      0.116268137449E-36
   1237.78750551      0.102170668245E-36
   1244.07069082      0.971716977540E-37
   1250.35387613      0.936319984919E-37
   1256.63706144      0.875211969923E-37
   1262.92024674      0.782345548809E-37
   1269.20343205      0.736972503379E-37
   1275.48661736      0.621057773779E-37
   1281.76980266      0.589648098396E-37
   1288.05298797      0.520977339619E-37
   1294.33617328      0.484127254574E-37
   1300.61935859      0.417770672380E-37
   1306.90254389      0.361644287463E-37
   1313.18572920      0.344115659713E-37
   1319.46891451      0.323532583471E-37
   1325.75209981      0.265956330829E-37
   1332.03528512      0.213853924989E-37
   1338.31847043      0.154920376617E-37
   1344.60165574      0.177409969802E-37
   1350.88484104      0.149155023415E-37
   1357.16802635      0.101986385906E-37
   1363.45121166      0.563788144214E-38
   1369.73439697      0.689273247189E-38
   1376.01758227      0.443030478849E-38
   1382.30076758      0.172484752226E-38
   1388.58395289      0.510320458488E-39
   1394.86713819      0.107034836915E-39
   6.28318530718      0.218084879280E-40
   12.5663706144      0.444454335617E-03
   18.8495559215      0.253780595131E-03
   25.1327412287      0.309964024137E-03
   31.4159265359      0.139145368935E-03
   37.6991118431      0.140845750219E-03
   43.9822971503      0.651376373082E-04
   50.2654824574      0.631365135130E-04
   56.5486677646      0.451434480754E-04
   62.8318530718      0.437207090829E-04
   69.1150383790      0.299497640381E-04
   75.3982236862      0.269459156258E-04
   81.6814089933      0.152337286431E-04
   87.9645943005      0.132592119735E-04
   94.2477796077      0.107421351240E-04
   100.530964915      0.672879333940E-05
   106.814150222      0.497837967315E-05
   113.097335529      0.406507941719E-05
   119.380520836      0.290404428234E-05
   125.663706144      0.196011765550E-05
   131.946891451      0.159885771847E-05
   138.230076758      0.112481330663E-05
   144.513262065      0.853930880242E-06
   150.796447372      0.678857535735E-06
   157.079632679      0.505690559218E-06
   163.362817987      0.436361085052E-06
   169.646003294      0.319100157639E-06
   175.929188601      0.276757030001E-06
   182.212373908      0.217704325984E-06
   188.495559215      0.195701256126E-06
   194.778744523      0.155526643061E-06
   201.061929830      0.144997314460E-06
   207.345115137      0.121560708082E-06
   213.628300444      0.109210043266E-06
   219.911485751      0.951878775786E-07
   226.194671058      0.845906499551E-07
   232.477856366      0.740021470003E-07
   238.761041673      0.653081638308E-07
   245.044226980      0.570578176051E-07
   251.327412287      0.497166855162E-07
   257.610597594      0.429721569842E-07
   263.893782902      0.370425408936E-07
   270.176968209      0.313185756689E-07
   276.460153516      0.266627182019E-07
   282.743338823      0.221319949339E-07
   289.026524130      0.184032571631E-07
   295.309709437      0.150053794531E-07
   301.592894745      0.122407807209E-07
   307.876080052      0.974969964673E-08
   314.159265359      0.780236524840E-08
   320.442450666      0.609303268111E-08
   326.725635973      0.477921354385E-08
   333.008821281      0.366729182258E-08
   339.292006588      0.282952501715E-08
   345.575191895      0.213611867272E-08
   351.858377202      0.162953112486E-08
   358.141562509      0.121445872907E-08
   364.424747816      0.919065743043E-09
   370.707933124      0.679740025372E-09
   376.991118431      0.507532270446E-09
   383.274303738      0.376749394626E-09
   389.557489045      0.279066080332E-09
   395.840674352      0.207247927713E-09
   402.123859659      0.152941754309E-09
   408.407044967      0.113664602061E-09
   414.690230274      0.846621399805E-10
   420.973415581      0.624730218863E-10
   427.256600888      0.468434973139E-10
   433.539786195      0.346194474758E-10
   439.822971503      0.258970360044E-10
   446.106156810      0.194377927285E-10
   452.389342117      0.143193541446E-10
   458.672527424      0.108672340259E-10
   464.955712731      0.808720610523E-11
   471.238898038      0.614049128517E-11
   477.522083346      0.454958770552E-11
   483.805268653      0.344737689057E-11
   490.088453960      0.259819741637E-11
   496.371639267      0.193873305036E-11
   502.654824574      0.147047466798E-11
   508.938009882      0.111895570808E-11
   515.221195189      0.839648350929E-12
   521.504380496      0.635416018123E-12
   527.787565803      0.501088025318E-12
   534.070751110      0.405468500072E-12
   540.353936417      0.437057178881E-12
   546.637121725      0.881423212093E-13
   552.920307032      0.473298308849E-13
   559.203492339      0.268992651281E-13
   565.486677646      0.149792478950E-13
   571.769862953      0.663735111836E-14
   578.053048261      0.272377979095E-14
   584.336233568      0.108224284264E-14
   590.619418875      0.416709247195E-15
   596.902604182      0.174897756534E-15
   603.185789489      0.803601589621E-16
   609.468974796      0.355662076640E-16
   615.752160104      0.162498707703E-16
   622.035345411      0.798311525975E-17
   628.318530718      0.378107337645E-17
   634.601716025      0.179336282883E-17
   640.884901332      0.871758357896E-18
   647.168086639      0.441133678957E-18
   653.451271947      0.213284952501E-18
   659.734457254      0.103386644955E-18
   666.017642561      0.486096255281E-19
   672.300827868      0.226701688286E-19
   678.584013175      0.118433807783E-19
   684.867198483      0.655492947228E-20
   691.150383790      0.371876533350E-20
   697.433569097      0.208288884579E-20
   703.716754404      0.110823051806E-20
   709.999939711      0.657546295938E-21
   716.283125018      0.391832982258E-21
   722.566310326      0.220297113277E-21
   728.849495633      0.112116221653E-21
   735.132680940      0.100104304867E-21
   741.415866247      0.425285336314E-22
   747.699051554      0.363269407493E-22
   753.982236862      0.140332395382E-22
   760.265422169      0.482004421691E-23
   766.548607476      0.127017932199E-23
   772.831792783      0.368725783361E-24
   779.114978090      0.932958906386E-25
   785.398163397      0.177346710121E-25
   791.681348705      0.572986278913E-26
   797.964534012      0.150163311942E-26
   804.247719319      0.619929107886E-27
   810.530904626      0.214446358327E-27
   816.814089933      0.107920339720E-27
   823.097275241      0.449824996401E-28
   829.380460548      0.262049766147E-28
   835.663645855      0.143406150121E-28
   841.946831162      0.761828455717E-29
   848.230016469      0.566957247753E-29
   854.513201776      0.431802116975E-29
   860.796387084      0.257891837208E-29
   867.079572391      0.155679009706E-29
   873.362757698      0.110736954870E-29
   879.645943005      0.807054968620E-30
   885.929128312      0.486590635636E-30
   892.212313620      0.273879642876E-30
   898.495498927      0.188435401836E-30
   904.778684234      0.859886042261E-31
   911.061869541      0.346937183405E-31
   917.345054848      0.183516461522E-32
   923.628240155      0.769515262311E-32
   929.911425463      0.482954913042E-32
   936.194610770      0.119521594732E-35
   942.477796077      0.119338902441E-35
   948.760981384      0.115051847133E-35
   955.044166691      0.112500428585E-35
   961.327351998      0.111388995896E-35
   967.610537306      0.108615782544E-35
   973.893722613      0.104831233984E-35
   980.176907920      0.103125628714E-35
   986.460093227      0.972721659668E-36
   992.743278534      0.984403433362E-36
   999.026463842      0.933054268485E-36
   1005.30964915      0.968590340094E-36
   1011.59283446      0.861810489313E-36
   1017.87601976      0.892253708425E-36
   1024.15920507      0.857780714739E-36
   1030.44239038      0.772374243615E-36
   1036.72557568      0.828138017922E-36
   1043.00876099      0.747099793030E-36
   1049.29194630      0.742558104446E-36
   1055.57513161      0.717557467571E-36
   1061.85831691      0.678334828715E-36
   1068.14150222      0.714157288739E-36
   1074.42468753      0.602408485225E-36
   1080.70787283      0.631013034147E-36
   1086.99105814      0.596055848488E-36
   1093.27424345      0.563076303298E-36
   1099.55742876      0.553373015717E-36
   1105.84061406      0.493108878016E-36
   1112.12379937      0.516623973259E-36
   1118.40698468      0.435816148481E-36
   1124.69016999      0.486648285330E-36
   1130.97335529      0.399857958090E-36
   1137.25654060      0.346887229071E-36
   1143.53972591      0.308676035577E-36
   1149.82291121      0.279441064668E-36
   1156.10609652      0.266333053586E-36
   1162.38928183      0.243949049676E-36
   1168.67246714      0.229835656571E-36
   1174.95565244      0.211599529867E-36
   1181.23883775      0.197306115334E-36
   1187.52202306      0.183108464295E-36
   1193.80520836      0.170927928988E-36
   1200.08839367      0.159416508163E-36
   1206.37157898      0.152946734403E-36
   1212.65476429      0.137904386503E-36
   1218.93794959      0.128954232651E-36
   1225.22113490      0.122263546864E-36
   1231.50432021      0.114623330400E-36
   1237.78750551      0.100846028611E-36
   1244.07069082      0.969837831106E-37
   1250.35387613      0.917270964974E-37
   1256.63706144      0.861307743483E-37
   1262.92024674      0.749647071339E-37
   1269.20343205      0.721195994436E-37
   1275.48661736      0.618198114792E-37
   1281.76980266      0.582054811103E-37
   1288.05298797      0.515530175733E-37
   1294.33617328      0.501963585249E-37
   1300.61935859      0.444933917663E-37
   1306.90254389      0.370883950752E-37
   1313.18572920      0.333236433867E-37
   1319.46891451      0.322766350000E-37
   1325.75209981      0.279784154397E-37
   1332.03528512      0.222664158146E-37
   1338.31847043      0.168339837212E-37
   1344.60165574      0.193304728668E-37
   1350.88484104      0.141329474739E-37
   1357.16802635      0.105175750384E-37
   1363.45121166      0.600726764378E-38
   1369.73439697      0.790574357557E-38
   1376.01758227      0.480838882027E-38
   1382.30076758      0.184061316643E-38
   1388.58395289      0.308476230894E-39
   1394.86713819      0.423094857515E-40
   6.28318530718      0.121622186500E-39
   12.5663706144      0.431739752179E-03
   18.8495559215      0.245518006947E-03
   25.1327412287      0.307279840339E-03
   31.4159265359      0.140217687089E-03
   37.6991118431      0.143818702845E-03
   43.9822971503      0.667411567815E-04
   50.2654824574      0.644216914956E-04
   56.5486677646      0.467512863145E-04
   62.8318530718      0.456606699393E-04
   69.1150383790      0.307870515285E-04
   75.3982236862      0.284335864048E-04
   81.6814089933      0.161418152041E-04
   87.9645943005      0.139032991027E-04
   94.2477796077      0.114330185271E-04
   100.530964915      0.726929342926E-05
   106.814150222      0.524069157977E-05
   113.097335529      0.453200974080E-05
   119.380520836      0.323493455630E-05
   125.663706144      0.220316793478E-05
   131.946891451      0.181297768302E-05
   138.230076758      0.128008506930E-05
   144.513262065      0.963914951707E-06
   150.796447372      0.799384369084E-06
   157.079632679      0.581662862668E-06
   163.362817987      0.513749011455E-06
   169.646003294      0.370416273862E-06
   175.929188601      0.322112636983E-06
   182.212373908      0.248775330216E-06
   188.495559215      0.224869365679E-06
   194.778744523      0.177652000826E-06
   201.061929830      0.163739139431E-06
   207.345115137      0.136753086781E-06
   213.628300444      0.121575212206E-06
   219.911485751      0.106257851922E-06
   226.194671058      0.936574274770E-07
   232.477856366      0.821769227160E-07
   238.761041673      0.717454781420E-07
   245.044226980      0.632485171700E-07
   251.327412287      0.548429730930E-07
   257.610597594      0.477029111027E-07
   263.893782902      0.410545408163E-07
   270.176968209      0.350113405240E-07
   276.460153516      0.298308458443E-07
   282.743338823      0.249711500316E-07
   289.026524130      0.208286142205E-07
   295.309709437      0.171226679291E-07
   301.592894745      0.140487397602E-07
   307.876080052      0.112997513948E-07
   314.159265359      0.908294473846E-08
   320.442450666      0.716400938950E-08
   326.725635973      0.564709598661E-08
   333.008821281      0.437376394165E-08
   339.292006588      0.339685429199E-08
   345.575191895      0.257916295114E-08
   351.858377202      0.198183965747E-08
   358.141562509      0.148484636412E-08
   364.424747816      0.113102070143E-08
   370.707933124      0.839008861826E-09
   376.991118431      0.632397867184E-09
   383.274303738      0.470121318509E-09
   389.557489045      0.351391466442E-09
   395.840674352      0.261260973198E-09
   402.123859659      0.195144628735E-09
   408.407044967      0.144592129600E-09
   414.690230274      0.109440089419E-09
   420.973415581      0.804380201856E-10
   427.256600888      0.612760306222E-10
   433.539786195      0.452769635325E-10
   439.822971503      0.343701110509E-10
   446.106156810      0.259006795346E-10
   452.389342117      0.192722320497E-10
   458.672527424      0.147089782763E-10
   464.955712731      0.111732529862E-10
   471.238898038      0.851723012390E-11
   477.522083346      0.639451855065E-11
   483.805268653      0.489844798316E-11
   490.088453960      0.374720828578E-11
   496.371639267      0.282272684998E-11
   502.654824574      0.216994957132E-11
   508.938009882      0.167487545115E-11
   515.221195189      0.127187915054E-11
   521.504380496      0.975289533120E-12
   527.787565803      0.772268072994E-12
   534.070751110      0.631983979691E-12
   540.353936417      0.660043170480E-12
   546.637121725      0.194814363117E-12
   552.920307032      0.115821962332E-12
   559.203492339      0.689415841172E-13
   565.486677646      0.420078514814E-13
   571.769862953      0.211101737327E-13
   578.053048261      0.100745782588E-13
   584.336233568      0.445884743185E-14
   590.619418875      0.186568921581E-14
   596.902604182      0.850286549113E-15
   603.185789489      0.413850708507E-15
   609.468974796      0.194380386305E-15
   615.752160104      0.964242081230E-16
   622.035345411      0.493296459833E-16
   628.318530718      0.241089472564E-16
   634.601716025      0.118156572638E-16
   640.884901332      0.562248359296E-17
   647.168086639      0.273942369144E-17
   653.451271947      0.129182958127E-17
   659.734457254      0.614713419948E-18
   666.017642561      0.291818119687E-18
   672.300827868      0.133635694589E-18
   678.584013175      0.710336433362E-19
   684.867198483      0.369303699069E-19
   691.150383790      0.182664138204E-19
   697.433569097      0.973882218454E-20
   703.716754404      0.478704559124E-20
   709.999939711      0.274857223755E-20
   716.283125018      0.155979727637E-20
   722.566310326      0.827748756246E-21
   728.849495633      0.434561946305E-21
   735.132680940      0.312138260410E-21
   741.415866247      0.146085899894E-21
   747.699051554      0.106911779156E-21
   753.982236862      0.449038675719E-22
   760.265422169      0.169878045082E-22
   766.548607476      0.478905846200E-23
   772.831792783      0.135370795452E-23
   779.114978090      0.323728311065E-24
   785.398163397      0.684088040270E-25
   791.681348705      0.211774976580E-25
   797.964534012      0.523286941655E-26
   804.247719319      0.205887669263E-26
   810.530904626      0.783733294975E-27
   816.814089933      0.410202709459E-27
   823.097275241      0.174877111847E-27
   829.380460548      0.910646222365E-28
   835.663645855      0.407989649507E-28
   841.946831162      0.178144678983E-28
   848.230016469      0.828875109813E-29
   854.513201776      0.465183551840E-29
   860.796387084      0.259466764436E-29
   867.079572391      0.155679614699E-29
   873.362757698      0.110736966783E-29
   879.645943005      0.807052678310E-30
   885.929128312      0.486589468743E-30
   892.212313620      0.273880558918E-30
   898.495498927      0.188437120711E-30
   904.778684234      0.859890383783E-31
   911.061869541      0.346940272264E-31
   917.345054848      0.183501570226E-32
   923.628240155      0.769523887551E-32
   929.911425463      0.482960841951E-32
   936.194610770      0.119531555080E-35
   942.477796077      0.118308873716E-35
   948.760981384      0.113755502519E-35
   955.044166691      0.109713389678E-35
   961.327351998      0.109002038645E-35
   967.610537306      0.107047841582E-35
   973.893722613      0.103891468650E-35
   980.176907920      0.103645109417E-35
   986.460093227      0.991857098161E-36
   992.743278534      0.995572034373E-36
   999.026463842      0.946653929255E-36
   1005.30964915      0.965848392550E-36
   1011.59283446      0.870677795342E-36
   1017.87601976      0.875096519990E-36
   1024.15920507      0.837160656296E-36
   1030.44239038      0.771070660530E-36
   1036.72557568      0.840692160494E-36
   1043.00876099      0.734900605426E-36
   1049.29194630      0.748032841803E-36
   1055.57513161      0.685821264489E-36
   1061.85831691      0.673720596435E-36
   1068.14150222      0.727327766526E-36
   1074.42468753      0.622431810586E-36
   1080.70787283      0.618320604538E-36
   1086.99105814      0.588548369715E-36
   1093.27424345      0.545754755097E-36
   1099.55742876      0.548710470459E-36
   1105.84061406      0.495767657945E-36
   1112.12379937      0.506396398800E-36
   1118.40698468      0.443642898051E-36
   1124.69016999      0.448816930226E-36
   1130.97335529      0.406156765851E-36
   1137.25654060      0.344803579565E-36
   1143.53972591      0.319322833782E-36
   1149.82291121      0.280497491191E-36
   1156.10609652      0.263034008336E-36
   1162.38928183      0.241672874774E-36
   1168.67246714      0.231582432311E-36
   1174.95565244      0.213003693459E-36
   1181.23883775      0.202907028273E-36
   1187.52202306      0.186979156192E-36
   1193.80520836      0.172681478938E-36
   1200.08839367      0.162941501335E-36
   1206.37157898      0.154681181306E-36
   1212.65476429      0.138498275944E-36
   1218.93794959      0.130655044835E-36
   1225.22113490      0.125772212584E-36
   1231.50432021      0.119560568556E-36
   1237.78750551      0.102741894246E-36
   1244.07069082      0.975132451086E-37
   1250.35387613      0.911224149689E-37
   1256.63706144      0.841879483515E-37
   1262.92024674      0.729126368444E-37
   1269.20343205      0.710773025670E-37
   1275.48661736      0.619412002918E-37
   1281.76980266      0.599302183599E-37
   1288.05298797      0.541856955393E-37
   1294.33617328      0.520005421238E-37
   1300.61935859      0.448685950018E-37
   1306.90254389      0.362651492913E-37
   1313.18572920      0.331076799579E-37
   1319.46891451      0.315150957649E-37
   1325.75209981      0.256878322656E-37
   1332.03528512      0.221813480299E-37
   1338.31847043      0.171587194100E-37
   1344.60165574      0.190631923591E-37
   1350.88484104      0.159885973652E-37
   1357.16802635      0.112845764141E-37
   1363.45121166      0.578498717801E-38
   1369.73439697      0.721381182275E-38
   1376.01758227      0.427996246728E-38
   1382.30076758      0.258827327973E-38
   1388.58395289      0.607851207946E-39
   1394.86713819      0.859005447981E-40
   6.28318530718      0.826435994053E-40
   12.5663706144      0.419200971150E-03
   18.8495559215      0.237306151810E-03
   25.1327412287      0.303964522234E-03
   31.4159265359      0.141329403831E-03
   37.6991118431      0.146757342886E-03
   43.9822971503      0.688008498589E-04
   50.2654824574      0.657110218940E-04
   56.5486677646      0.484230165013E-04
   62.8318530718      0.473137773626E-04
   69.1150383790      0.316245552684E-04
   75.3982236862      0.295710485260E-04
   81.6814089933      0.173670449892E-04
   87.9645943005      0.144592059155E-04
   94.2477796077      0.120963352958E-04
   100.530964915      0.775962706294E-05
   106.814150222      0.547282497891E-05
   113.097335529      0.503621446033E-05
   119.380520836      0.356877136279E-05
   125.663706144      0.247789802806E-05
   131.946891451      0.202107393579E-05
   138.230076758      0.145016364102E-05
   144.513262065      0.108359682187E-05
   150.796447372      0.932158171874E-06
   157.079632679      0.674332868664E-06
   163.362817987      0.596221898651E-06
   169.646003294      0.435999014720E-06
   175.929188601      0.375757212330E-06
   182.212373908      0.287298519587E-06
   188.495559215      0.258597502390E-06
   194.778744523      0.205655843034E-06
   201.061929830      0.187008636925E-06
   207.345115137      0.156286589166E-06
   213.628300444      0.137736968739E-06
   219.911485751      0.120244359354E-06
   226.194671058      0.104999297087E-06
   232.477856366      0.924254271517E-07
   238.761041673      0.797618214304E-07
   245.044226980      0.709004653846E-07
   251.327412287      0.611935800877E-07
   257.610597594      0.533883883551E-07
   263.893782902      0.458059517840E-07
   270.176968209      0.393757303369E-07
   276.460153516      0.334902395372E-07
   282.743338823      0.282704498912E-07
   289.026524130      0.235999116632E-07
   295.309709437      0.195577641802E-07
   301.592894745      0.161158297387E-07
   307.876080052      0.131091026954E-07
   314.159265359      0.105455282960E-07
   320.442450666      0.842546461391E-08
   326.725635973      0.665215476896E-08
   333.008821281      0.521382892787E-08
   339.292006588      0.405817707637E-08
   345.575191895      0.311611497429E-08
   351.858377202      0.239817796156E-08
   358.141562509      0.181652889957E-08
   364.424747816      0.138344994527E-08
   370.707933124      0.103788145988E-08
   376.991118431      0.783284102588E-09
   383.274303738      0.588645297756E-09
   389.557489045      0.439801778379E-09
   395.840674352      0.330640061922E-09
   402.123859659      0.247705411714E-09
   408.407044967      0.184247901436E-09
   414.690230274      0.140450596926E-09
   420.973415581      0.103645981474E-09
   427.256600888      0.795757806400E-10
   433.539786195      0.590701311074E-10
   439.822971503      0.452944182262E-10
   446.106156810      0.342907730510E-10
   452.389342117      0.257552575707E-10
   458.672527424      0.197670523378E-10
   464.955712731      0.153234678761E-10
   471.238898038      0.117037329341E-10
   477.522083346      0.892080712640E-11
   483.805268653      0.686420568448E-11
   490.088453960      0.535453743341E-11
   496.371639267      0.405134112990E-11
   502.654824574      0.317012579575E-11
   508.938009882      0.246402494451E-11
   515.221195189      0.190909249492E-11
   521.504380496      0.147292277875E-11
   527.787565803      0.118043424998E-11
   534.070751110      0.972795912094E-12
   540.353936417      0.990676078181E-12
   546.637121725      0.378962886392E-12
   552.920307032      0.247789030662E-12
   559.203492339      0.155214196072E-12
   565.486677646      0.101491229028E-12
   571.769862953      0.572001565795E-13
   578.053048261      0.314341255320E-13
   584.336233568      0.157657825919E-13
   590.619418875      0.742080434159E-14
   596.902604182      0.374920788550E-14
   603.185789489      0.199134501483E-14
   609.468974796      0.102863226700E-14
   615.752160104      0.553588118160E-15
   622.035345411      0.297790871244E-15
   628.318530718      0.153646009287E-15
   634.601716025      0.812246025162E-16
   640.884901332      0.410630115970E-16
   647.168086639      0.211317197320E-16
   653.451271947      0.107687863432E-16
   659.734457254      0.538102106421E-17
   666.017642561      0.270395088726E-17
   672.300827868      0.127525194056E-17
   678.584013175      0.669649411448E-18
   684.867198483      0.340362892143E-18
   691.150383790      0.157549569792E-18
   697.433569097      0.761278763948E-19
   703.716754404      0.364918442484E-19
   709.999939711      0.184002679966E-19
   716.283125018      0.959009156853E-20
   722.566310326      0.466689764167E-20
   728.849495633      0.232670421263E-20
   735.132680940      0.129114471154E-20
   741.415866247      0.608006396045E-21
   747.699051554      0.354595621956E-21
   753.982236862      0.156533643696E-21
   760.265422169      0.720726346702E-22
   766.548607476      0.205778774913E-22
   772.831792783      0.646992558034E-23
   779.114978090      0.164015526828E-23
   785.398163397      0.467490611158E-24
   791.681348705      0.151703127861E-24
   797.964534012      0.403653374926E-25
   804.247719319      0.143927869356E-25
   810.530904626      0.525115993351E-26
   816.814089933      0.246987727469E-26
   823.097275241      0.973749574011E-27
   829.380460548      0.418873584999E-27
   835.663645855      0.216827315597E-27
   841.946831162      0.966076311284E-28
   848.230016469      0.506152948481E-28
   854.513201776      0.258950530954E-28
   860.796387084      0.999881889488E-29
   867.079572391      0.378398887780E-29
   873.362757698      0.141550488622E-29
   879.645943005      0.887324213890E-30
   885.929128312      0.488327145940E-30
   892.212313620      0.273884543439E-30
   898.495498927      0.188436984191E-30
   904.778684234      0.859895996820E-31
   911.061869541      0.346930104445E-31
   917.345054848      0.183491515602E-32
   923.628240155      0.769527746018E-32
   929.911425463      0.482965435522E-32
   936.194610770      0.118568341979E-35
   942.477796077      0.116850096993E-35
   948.760981384      0.113627169830E-35
   955.044166691      0.109238899105E-35
   961.327351998      0.107691915279E-35
   967.610537306      0.105171666607E-35
   973.893722613      0.103873704268E-35
   980.176907920      0.103006360046E-35
   986.460093227      0.976924275954E-36
   992.743278534      0.988710536618E-36
   999.026463842      0.963160949574E-36
   1005.30964915      0.946751119386E-36
   1011.59283446      0.875071656714E-36
   1017.87601976      0.869024871588E-36
   1024.15920507      0.833881321913E-36
   1030.44239038      0.763954514509E-36
   1036.72557568      0.821627552311E-36
   1043.00876099      0.727923687332E-36
   1049.29194630      0.735374538634E-36
   1055.57513161      0.692456969728E-36
   1061.85831691      0.670607899255E-36
   1068.14150222      0.685797435802E-36
   1074.42468753      0.593406905608E-36
   1080.70787283      0.623852901731E-36
   1086.99105814      0.580739805068E-36
   1093.27424345      0.555316062991E-36
   1099.55742876      0.562063693295E-36
   1105.84061406      0.490301992239E-36
   1112.12379937      0.527397074757E-36
   1118.40698468      0.438557423287E-36
   1124.69016999      0.465683912836E-36
   1130.97335529      0.390196665223E-36
   1137.25654060      0.347606575005E-36
   1143.53972591      0.310968558561E-36
   1149.82291121      0.270670736165E-36
   1156.10609652      0.258545223343E-36
   1162.38928183      0.244340591637E-36
   1168.67246714      0.232382642060E-36
   1174.95565244      0.210334360396E-36
   1181.23883775      0.197903369048E-36
   1187.52202306      0.182261978423E-36
   1193.80520836      0.173279286360E-36
   1200.08839367      0.162069913820E-36
   1206.37157898      0.152895397128E-36
   1212.65476429      0.138590289804E-36
   1218.93794959      0.131901156266E-36
   1225.22113490      0.125488023436E-36
   1231.50432021      0.115503176643E-36
   1237.78750551      0.103191730738E-36
   1244.07069082      0.998237390422E-37
   1250.35387613      0.934097784418E-37
   1256.63706144      0.861004064529E-37
   1262.92024674      0.754941482162E-37
   1269.20343205      0.732958504841E-37
   1275.48661736      0.623813986764E-37
   1281.76980266      0.579477567801E-37
   1288.05298797      0.514273571563E-37
   1294.33617328      0.495250821070E-37
   1300.61935859      0.433468350311E-37
   1306.90254389      0.375821786487E-37
   1313.18572920      0.336362835022E-37
   1319.46891451      0.324712513335E-37
   1325.75209981      0.285811562673E-37
   1332.03528512      0.236597113712E-37
   1338.31847043      0.171041819852E-37
   1344.60165574      0.180092438797E-37
   1350.88484104      0.154645628157E-37
   1357.16802635      0.102429491876E-37
   1363.45121166      0.557424403573E-38
   1369.73439697      0.610157072798E-38
   1376.01758227      0.394452238138E-38
   1382.30076758      0.217118792076E-38
   1388.58395289      0.330347297862E-39
   1394.86713819      0.108326255428E-39
   6.28318530718      0.613312541263E-41
   12.5663706144      0.406838739756E-03
   18.8495559215      0.229182565940E-03
   25.1327412287      0.300001266553E-03
   31.4159265359      0.142428273337E-03
   37.6991118431      0.149642595756E-03
   43.9822971503      0.712604888104E-04
   50.2654824574      0.670696460435E-04
   56.5486677646      0.502380371550E-04
   62.8318530718      0.487120005459E-04
   69.1150383790      0.325424876598E-04
   75.3982236862      0.302881609020E-04
   81.6814089933      0.188155829740E-04
   87.9645943005      0.149350209095E-04
   94.2477796077      0.127638064041E-04
   100.530964915      0.822855215221E-05
   106.814150222      0.573397878318E-05
   113.097335529      0.552452408474E-05
   119.380520836      0.388885610221E-05
   125.663706144      0.276203531417E-05
   131.946891451      0.223115499761E-05
   138.230076758      0.162548868485E-05
   144.513262065      0.122857453941E-05
   150.796447372      0.106623776727E-05
   157.079632679      0.782152862033E-06
   163.362817987      0.679660481082E-06
   169.646003294      0.510562624074E-06
   175.929188601      0.437971303818E-06
   182.212373908      0.333624128080E-06
   188.495559215      0.298108669555E-06
   194.778744523      0.238332514867E-06
   201.061929830      0.214596982283E-06
   207.345115137      0.179324942078E-06
   213.628300444      0.157820329724E-06
   219.911485751      0.137379953898E-06
   226.194671058      0.119073463710E-06
   232.477856366      0.104966424398E-06
   238.761041673      0.896888756787E-07
   245.044226980      0.801743975983E-07
   251.327412287      0.690445207380E-07
   257.610597594      0.602706441056E-07
   263.893782902      0.516331202744E-07
   270.176968209      0.445771946955E-07
   276.460153516      0.378469328534E-07
   282.743338823      0.321488579763E-07
   289.026524130      0.268814946993E-07
   295.309709437      0.224102372147E-07
   301.592894745      0.185695782683E-07
   307.876080052      0.152370808985E-07
   314.159265359      0.122844477038E-07
   320.442450666      0.992180312910E-08
   326.725635973      0.785845749363E-08
   333.008821281      0.621714623663E-08
   339.292006588      0.485261197018E-08
   345.575191895      0.377116246675E-08
   351.858377202      0.290582183436E-08
   358.141562509      0.222553299719E-08
   364.424747816      0.169550901994E-08
   370.707933124      0.128940562904E-08
   376.991118431      0.970683809916E-09
   383.274303738      0.740707113461E-09
   389.557489045      0.551790288395E-09
   395.840674352      0.420833331263E-09
   402.123859659      0.314801324639E-09
   408.407044967      0.236161589716E-09
   414.690230274      0.179890106554E-09
   420.973415581      0.134387773665E-09
   427.256600888      0.103135784332E-09
   433.539786195      0.774115141954E-10
   439.822971503      0.595714239688E-10
   446.106156810      0.454941738856E-10
   452.389342117      0.343098896467E-10
   458.672527424      0.266150244627E-10
   464.955712731      0.208443573313E-10
   471.238898038      0.160341314463E-10
   477.522083346      0.123257583695E-10
   483.805268653      0.954610312616E-11
   490.088453960      0.754960524959E-11
   496.371639267      0.575811365798E-11
   502.654824574      0.455798083649E-11
   508.938009882      0.357008952601E-11
   515.221195189      0.281630527494E-11
   521.504380496      0.218527900060E-11
   527.787565803      0.177146404856E-11
   534.070751110      0.146855764324E-11
   540.353936417      0.146479230200E-11
   546.637121725      0.667070885758E-12
   552.920307032      0.469478860595E-12
   559.203492339      0.311407090787E-12
   565.486677646      0.213769460105E-12
   571.769862953      0.132413368414E-12
   578.053048261      0.817844344523E-13
   584.336233568      0.458618208397E-13
   590.619418875      0.241659133047E-13
   596.902604182      0.133174023493E-13
   603.185789489      0.763929987747E-14
   609.468974796      0.431215491720E-14
   615.752160104      0.251973499921E-14
   622.035345411      0.144528682140E-14
   628.318530718      0.796556150879E-15
   634.601716025      0.454771080495E-15
   640.884901332      0.247045885922E-15
   647.168086639      0.136092096790E-15
   653.451271947      0.751621242456E-16
   659.734457254      0.403123422484E-16
   666.017642561      0.217414755973E-16
   672.300827868      0.109737514210E-16
   678.584013175      0.595252054980E-17
   684.867198483      0.316334994964E-17
   691.150383790      0.152795396676E-17
   697.433569097      0.744819288098E-18
   703.716754404      0.377724954713E-18
   709.999939711      0.191090843364E-18
   716.283125018      0.974389050309E-19
   722.566310326      0.486834154635E-19
   728.849495633      0.230348092937E-19
   735.132680940      0.115809337827E-19
   741.415866247      0.505630297191E-20
   747.699051554      0.246364849693E-20
   753.982236862      0.108652990467E-20
   760.265422169      0.566708349284E-21
   766.548607476      0.174415600987E-21
   772.831792783      0.636811533844E-22
   779.114978090      0.204394938547E-22
   785.398163397      0.707986474321E-23
   791.681348705      0.253247144389E-23
   797.964534012      0.778075522047E-24
   804.247719319      0.298616601251E-24
   810.530904626      0.950364434424E-25
   816.814089933      0.373682305538E-25
   823.097275241      0.132432676239E-25
   829.380460548      0.478694535016E-26
   835.663645855      0.194511110705E-26
   841.946831162      0.765218009163E-27
   848.230016469      0.338830439069E-27
   854.513201776      0.177336740345E-27
   860.796387084      0.869431110981E-28
   867.079572391      0.496764273987E-28
   873.362757698      0.249358429941E-28
   879.645943005      0.117781485373E-28
   885.929128312      0.353742040561E-29
   892.212313620      0.102600939447E-29
   898.495498927      0.389452462079E-30
   904.778684234      0.121701260533E-30
   911.061869541      0.388790441142E-31
   917.345054848      0.183500165833E-32
   923.628240155      0.769571496048E-32
   929.911425463      0.482965522311E-32
   936.194610770      0.117195053303E-35
   942.477796077      0.117495929441E-35
   948.760981384      0.114503796524E-35
   955.044166691      0.107042903832E-35
   961.327351998      0.110452457522E-35
   967.610537306      0.104576881728E-35
   973.893722613      0.103111322758E-35
   980.176907920      0.101651005952E-35
   986.460093227      0.971785951688E-36
   992.743278534      0.961753129089E-36
   999.026463842      0.912499109686E-36
   1005.30964915      0.935835456407E-36
   1011.59283446      0.850732444297E-36
   1017.87601976      0.866843295103E-36
   1024.15920507      0.831729833425E-36
   1030.44239038      0.773379392199E-36
   1036.72557568      0.810052556962E-36
   1043.00876099      0.722538862813E-36
   1049.29194630      0.731592543408E-36
   1055.57513161      0.705760451867E-36
   1061.85831691      0.662541107911E-36
   1068.14150222      0.704251494853E-36
   1074.42468753      0.615804952345E-36
   1080.70787283      0.630696616093E-36
   1086.99105814      0.591985528366E-36
   1093.27424345      0.546853234187E-36
   1099.55742876      0.548887757014E-36
   1105.84061406      0.476241090904E-36
   1112.12379937      0.509473177013E-36
   1118.40698468      0.441648774521E-36
   1124.69016999      0.452400738946E-36
   1130.97335529      0.394173988856E-36
   1137.25654060      0.337962352476E-36
   1143.53972591      0.314325816592E-36
   1149.82291121      0.276072002099E-36
   1156.10609652      0.258379172540E-36
   1162.38928183      0.237177356044E-36
   1168.67246714      0.226455799436E-36
   1174.95565244      0.208957671117E-36
   1181.23883775      0.202225801994E-36
   1187.52202306      0.184603985470E-36
   1193.80520836      0.171642738196E-36
   1200.08839367      0.159139476962E-36
   1206.37157898      0.152608864929E-36
   1212.65476429      0.136766062102E-36
   1218.93794959      0.126824592329E-36
   1225.22113490      0.120177057551E-36
   1231.50432021      0.112871532707E-36
   1237.78750551      0.100029505608E-36
   1244.07069082      0.951724823327E-37
   1250.35387613      0.912597448011E-37
   1256.63706144      0.827216554382E-37
   1262.92024674      0.732343639684E-37
   1269.20343205      0.705060561910E-37
   1275.48661736      0.607837323117E-37
   1281.76980266      0.579465633585E-37
   1288.05298797      0.516734764518E-37
   1294.33617328      0.513427759050E-37
   1300.61935859      0.441263695433E-37
   1306.90254389      0.371873332790E-37
   1313.18572920      0.334403091857E-37
   1319.46891451      0.316150955478E-37
   1325.75209981      0.269613777077E-37
   1332.03528512      0.232875745003E-37
   1338.31847043      0.171804686867E-37
   1344.60165574      0.185735395481E-37
   1350.88484104      0.158079713890E-37
   1357.16802635      0.105648309408E-37
   1363.45121166      0.599020329862E-38
   1369.73439697      0.702576910400E-38
   1376.01758227      0.431325508609E-38
   1382.30076758      0.203418011496E-38
   1388.58395289      0.566480119213E-39
   1394.86713819      0.897346252478E-40
   6.28318530718      0.666983059703E-40
   12.5663706144      0.394654359737E-03
   18.8495559215      0.221183672609E-03
   25.1327412287      0.295397152987E-03
   31.4159265359      0.143473634598E-03
   37.6991118431      0.152454372164E-03
   43.9822971503      0.740082184609E-04
   50.2654824574      0.685238607185E-04
   56.5486677646      0.522609935229E-04
   62.8318530718      0.499537880269E-04
   69.1150383790      0.335888532423E-04
   75.3982236862      0.306400799901E-04
   81.6814089933      0.202830472494E-04
   87.9645943005      0.153581170426E-04
   94.2477796077      0.134275421715E-04
   100.530964915      0.874015017992E-05
   106.814150222      0.608940680857E-05
   113.097335529      0.594925326205E-05
   119.380520836      0.418800479355E-05
   125.663706144      0.302608062602E-05
   131.946891451      0.245044137098E-05
   138.230076758      0.179969231199E-05
   144.513262065      0.140255190943E-05
   150.796447372      0.120489387763E-05
   157.079632679      0.899018864890E-06
   163.362817987      0.768471134119E-06
   169.646003294      0.585709787895E-06
   175.929188601      0.505722450860E-06
   182.212373908      0.385288939681E-06
   188.495559215      0.344075452350E-06
   194.778744523      0.275254906750E-06
   201.061929830      0.247410943563E-06
   207.345115137      0.205201776841E-06
   213.628300444      0.180873060849E-06
   219.911485751      0.157092065664E-06
   226.194671058      0.136039485722E-06
   232.477856366      0.119500269752E-06
   238.761041673      0.101990941979E-06
   245.044226980      0.910505153585E-07
   251.327412287      0.785943589892E-07
   257.610597594      0.683676374890E-07
   263.893782902      0.587801768012E-07
   270.176968209      0.506477198105E-07
   276.460153516      0.431270545340E-07
   282.743338823      0.367134933093E-07
   289.026524130      0.308448617414E-07
   295.309709437      0.257617800912E-07
   301.592894745      0.215355774326E-07
   307.876080052      0.177258018765E-07
   314.159265359      0.144124297763E-07
   320.442450666      0.116910544501E-07
   326.725635973      0.934652753551E-08
   333.008821281      0.741234391708E-08
   339.292006588      0.583463649980E-08
   345.575191895      0.456859536843E-08
   351.858377202      0.354467488120E-08
   358.141562509      0.272973159452E-08
   364.424747816      0.209684687216E-08
   370.707933124      0.160746833601E-08
   376.991118431      0.121224383659E-08
   383.274303738      0.934289779378E-09
   389.557489045      0.699627191771E-09
   395.840674352      0.537367895567E-09
   402.123859659      0.403724196748E-09
   408.407044967      0.304269093857E-09
   414.690230274      0.232268088489E-09
   420.973415581      0.175201132431E-09
   427.256600888      0.134736815973E-09
   433.539786195      0.102076158849E-09
   439.822971503      0.788875410815E-10
   446.106156810      0.606464917968E-10
   452.389342117      0.459898934784E-10
   458.672527424      0.359626828710E-10
   464.955712731      0.282852330985E-10
   471.238898038      0.219113887966E-10
   477.522083346      0.169325800340E-10
   483.805268653      0.132251768179E-10
   490.088453960      0.105286280828E-10
   496.371639267      0.813182391797E-11
   502.654824574      0.646534756346E-11
   508.938009882      0.511166102766E-11
   515.221195189      0.408195952245E-11
   521.504380496      0.318873465782E-11
   527.787565803      0.259966268031E-11
   534.070751110      0.217025077924E-11
   540.353936417      0.212456010574E-11
   546.637121725      0.108887397580E-11
   552.920307032      0.805978039474E-12
   559.203492339      0.565647640819E-12
   565.486677646      0.402856498731E-12
   571.769862953      0.268263059958E-12
   578.053048261      0.180907108231E-12
   584.336233568      0.111505818311E-12
   590.619418875      0.650628588485E-13
   596.902604182      0.385729407487E-13
   603.185789489      0.235513736129E-13
   609.468974796      0.142909485424E-13
   615.752160104      0.899776004780E-14
   622.035345411      0.551453079479E-14
   628.318530718      0.324912231041E-14
   634.601716025      0.198956799315E-14
   640.884901332      0.115836198225E-14
   647.168086639      0.680338774051E-15
   653.451271947      0.402575117588E-15
   659.734457254      0.231379411806E-15
   666.017642561      0.133365585501E-15
   672.300827868      0.725046537417E-16
   678.584013175      0.415090620848E-16
   684.867198483      0.234529957677E-16
   691.150383790      0.121780572775E-16
   697.433569097      0.628263201382E-17
   703.716754404      0.342298059891E-17
   709.999939711      0.183937939570E-17
   716.283125018      0.982828325585E-18
   722.566310326      0.521295477443E-18
   728.849495633      0.256212243052E-18
   735.132680940      0.134784913519E-18
   741.415866247      0.606694028961E-19
   747.699051554      0.313618388751E-19
   753.982236862      0.140872093281E-19
   760.265422169      0.727496442682E-20
   766.548607476      0.247077040845E-20
   772.831792783      0.962987859918E-21
   779.114978090      0.364196186551E-21
   785.398163397      0.136010726125E-21
   791.681348705      0.520927921321E-22
   797.964534012      0.172626552753E-22
   804.247719319      0.710699692775E-23
   810.530904626      0.221406902162E-23
   816.814089933      0.849617084499E-24
   823.097275241      0.271555392015E-24
   829.380460548      0.953938181180E-25
   835.663645855      0.352045035169E-25
   841.946831162      0.137474644192E-25
   848.230016469      0.489577156876E-26
   854.513201776      0.213043234627E-26
   860.796387084      0.102159881623E-26
   867.079572391      0.566005403244E-27
   873.362757698      0.308658032777E-27
   879.645943005      0.160977344778E-27
   885.929128312      0.761880624233E-28
   892.212313620      0.335347049955E-28
   898.495498927      0.234352863048E-28
   904.778684234      0.831673594007E-29
   911.061869541      0.212575319858E-29
   917.345054848      0.309187683201E-30
   923.628240155      0.149219939719E-30
   929.911425463      0.437134691812E-32
   936.194610770      0.117801047762E-35
   942.477796077      0.114420750731E-35
   948.760981384      0.111149856344E-35
   955.044166691      0.108858692147E-35
   961.327351998      0.109588197390E-35
   967.610537306      0.105017467344E-35
   973.893722613      0.102417358197E-35
   980.176907920      0.100319738642E-35
   986.460093227      0.975202285179E-36
   992.743278534      0.987477558062E-36
   999.026463842      0.943131406331E-36
   1005.30964915      0.934019336924E-36
   1011.59283446      0.862883111618E-36
   1017.87601976      0.863133608028E-36
   1024.15920507      0.824424559144E-36
   1030.44239038      0.751400416494E-36
   1036.72557568      0.803702167962E-36
   1043.00876099      0.724819410513E-36
   1049.29194630      0.723592054654E-36
   1055.57513161      0.696756128212E-36
   1061.85831691      0.666792328563E-36
   1068.14150222      0.703506535029E-36
   1074.42468753      0.600215018853E-36
   1080.70787283      0.606582887538E-36
   1086.99105814      0.580154222238E-36
   1093.27424345      0.554239220611E-36
   1099.55742876      0.544809254372E-36
   1105.84061406      0.479211103013E-36
   1112.12379937      0.507854089832E-36
   1118.40698468      0.446254051074E-36
   1124.69016999      0.438426333423E-36
   1130.97335529      0.382126801795E-36
   1137.25654060      0.335739393370E-36
   1143.53972591      0.303430100388E-36
   1149.82291121      0.271954447940E-36
   1156.10609652      0.251799508919E-36
   1162.38928183      0.234803077192E-36
   1168.67246714      0.222663003507E-36
   1174.95565244      0.205265238602E-36
   1181.23883775      0.194975945980E-36
   1187.52202306      0.183726181869E-36
   1193.80520836      0.173165101895E-36
   1200.08839367      0.157901583804E-36
   1206.37157898      0.151242780178E-36
   1212.65476429      0.135717841334E-36
   1218.93794959      0.128257391170E-36
   1225.22113490      0.120387802859E-36
   1231.50432021      0.112544986646E-36
   1237.78750551      0.985144056294E-37
   1244.07069082      0.959948401284E-37
   1250.35387613      0.924127840868E-37
   1256.63706144      0.840994372788E-37
   1262.92024674      0.760054011852E-37
   1269.20343205      0.723334113000E-37
   1275.48661736      0.602312403112E-37
   1281.76980266      0.559014814031E-37
   1288.05298797      0.496009826797E-37
   1294.33617328      0.484790671707E-37
   1300.61935859      0.408019252283E-37
   1306.90254389      0.354561058330E-37
   1313.18572920      0.315518552483E-37
   1319.46891451      0.306820373801E-37
   1325.75209981      0.271517338605E-37
   1332.03528512      0.224671832217E-37
   1338.31847043      0.171876104854E-37
   1344.60165574      0.179304245427E-37
   1350.88484104      0.150428636268E-37
   1357.16802635      0.116318390557E-37
   1363.45121166      0.639748417065E-38
   1369.73439697      0.739374165030E-38
   1376.01758227      0.452612252270E-38
   1382.30076758      0.193282571398E-38
   1388.58395289      0.439670326347E-39
   1394.86713819      0.582396326824E-40
   6.28318530718      0.186490833024E-40
   12.5663706144      0.382649882861E-03
   18.8495559215      0.213345544347E-03
   25.1327412287      0.290185081520E-03
   31.4159265359      0.144441372464E-03
   37.6991118431      0.155173181294E-03
   43.9822971503      0.768938655002E-04
   50.2654824574      0.700594970102E-04
   56.5486677646      0.545228573825E-04
   62.8318530718      0.511686537482E-04
   69.1150383790      0.347633310831E-04
   75.3982236862      0.308082075616E-04
   81.6814089933      0.215414842891E-04
   87.9645943005      0.157782725891E-04
   94.2477796077      0.140333461925E-04
   100.530964915      0.934730914762E-05
   106.814150222      0.656710939674E-05
   113.097335529      0.629629121075E-05
   119.380520836      0.447738358055E-05
   125.663706144      0.326140942905E-05
   131.946891451      0.267267780624E-05
   138.230076758      0.197190731296E-05
   144.513262065      0.158741160840E-05
   150.796447372      0.135819359275E-05
   157.079632679      0.102053245617E-05
   163.362817987      0.866714895325E-06
   169.646003294      0.663261311576E-06
   175.929188601      0.574159126830E-06
   182.212373908      0.439907749883E-06
   188.495559215      0.394228468240E-06
   194.778744523      0.314846303584E-06
   201.061929830      0.285318447500E-06
   207.345115137      0.233616198966E-06
   213.628300444      0.206998494233E-06
   219.911485751      0.178873904421E-06
   226.194671058      0.155948329435E-06
   232.477856366      0.135273965901E-06
   238.761041673      0.116638253621E-06
   245.044226980      0.103316456910E-06
   251.327412287      0.898600887934E-07
   257.610597594      0.776172577920E-07
   263.893782902      0.673943764639E-07
   270.176968209      0.575597357213E-07
   276.460153516      0.494567124311E-07
   282.743338823      0.420218789101E-07
   289.026524130      0.355848149560E-07
   295.309709437      0.296800311067E-07
   301.592894745      0.250927244121E-07
   307.876080052      0.206174432343E-07
   314.159265359      0.169997541431E-07
   320.442450666      0.137837011766E-07
   326.725635973      0.111718587578E-07
   333.008821281      0.884524620968E-08
   339.292006588      0.704806815421E-08
   345.575191895      0.554361143952E-08
   351.858377202      0.434921993747E-08
   358.141562509      0.335772731076E-08
   364.424747816      0.261190803479E-08
   370.707933124      0.201168276214E-08
   376.991118431      0.152727148399E-08
   383.274303738      0.118135297534E-08
   389.557489045      0.894980916423E-09
   395.840674352      0.688947444168E-09
   402.123859659      0.523073867793E-09
   408.407044967      0.394564381617E-09
   414.690230274      0.303824790408E-09
   420.973415581      0.229753573062E-09
   427.256600888      0.178198507310E-09
   433.539786195      0.135622988032E-09
   439.822971503      0.105467041170E-09
   446.106156810      0.813621960630E-10
   452.389342117      0.623360206468E-10
   458.672527424      0.487915208782E-10
   464.955712731      0.385000498118E-10
   471.238898038      0.299260919491E-10
   477.522083346      0.232843324498E-10
   483.805268653      0.183065959329E-10
   490.088453960      0.146192558268E-10
   496.371639267      0.114360540775E-10
   502.654824574      0.911253149922E-11
   508.938009882      0.725412144252E-11
   515.221195189      0.584188730891E-11
   521.504380496      0.458315073291E-11
   527.787565803      0.374358782702E-11
   534.070751110      0.314146438564E-11
   540.353936417      0.302759630796E-11
   546.637121725      0.168296147558E-11
   552.920307032      0.128840848777E-11
   559.203492339      0.947095984087E-12
   565.486677646      0.697140477468E-12
   571.769862953      0.489387351150E-12
   578.053048261      0.350275740489E-12
   584.336233568      0.233377443522E-12
   590.619418875      0.148566817276E-12
   596.902604182      0.940273475691E-13
   603.185789489      0.604717305379E-13
   609.468974796      0.388573977991E-13
   615.752160104      0.260026351147E-13
   622.035345411      0.169468254744E-13
   628.318530718      0.106211921199E-13
   634.601716025      0.691087376131E-14
   640.884901332      0.428757916478E-14
   647.168086639      0.266706622534E-14
   653.451271947      0.167455591820E-14
   659.734457254      0.102598284815E-14
   666.017642561      0.627516481684E-15
   672.300827868      0.366273553558E-15
   678.584013175      0.221949856816E-15
   684.867198483      0.133068344270E-15
   691.150383790      0.742593029950E-16
   697.433569097      0.408493240551E-16
   703.716754404      0.237180589855E-16
   709.999939711      0.135689641299E-16
   716.283125018      0.769422865592E-17
   722.566310326      0.430485359101E-17
   728.849495633      0.224633263149E-17
   735.132680940      0.125276943361E-17
   741.415866247      0.600515185412E-18
   747.699051554      0.336106312124E-18
   753.982236862      0.158177444107E-18
   760.265422169      0.827451164384E-19
   766.548607476      0.304597947433E-19
   772.831792783      0.125163630132E-19
   779.114978090      0.520238906432E-20
   785.398163397      0.206397078227E-20
   791.681348705      0.843163201207E-21
   797.964534012      0.293680275064E-21
   804.247719319      0.124962320646E-21
   810.530904626      0.401877132551E-22
   816.814089933      0.159397458389E-22
   823.097275241      0.489711582112E-23
   829.380460548      0.170647632426E-23
   835.663645855      0.617530618622E-24
   841.946831162      0.233777841695E-24
   848.230016469      0.721937632667E-25
   854.513201776      0.269641713164E-25
   860.796387084      0.114477817297E-25
   867.079572391      0.599774707429E-26
   873.362757698      0.306372258297E-26
   879.645943005      0.171946460945E-26
   885.929128312      0.861647480448E-27
   892.212313620      0.425500884562E-27
   898.495498927      0.325214051265E-27
   904.778684234      0.155065480854E-27
   911.061869541      0.622380026338E-28
   917.345054848      0.120707085248E-28
   923.628240155      0.830841727860E-29
   929.911425463      0.539454274133E-30
   936.194610770      0.115801772893E-35
   942.477796077      0.112242162316E-35
   948.760981384      0.111547793759E-35
   955.044166691      0.108688090150E-35
   961.327351998      0.106955353443E-35
   967.610537306      0.104978922631E-35
   973.893722613      0.103232394792E-35
   980.176907920      0.102985912367E-35
   986.460093227      0.971107400227E-36
   992.743278534      0.960507262081E-36
   999.026463842      0.933651367668E-36
   1005.30964915      0.941498134550E-36
   1011.59283446      0.845859867763E-36
   1017.87601976      0.852526982787E-36
   1024.15920507      0.811175398279E-36
   1030.44239038      0.766855487027E-36
   1036.72557568      0.814513056782E-36
   1043.00876099      0.736889269057E-36
   1049.29194630      0.736523081879E-36
   1055.57513161      0.692653112907E-36
   1061.85831691      0.654308394611E-36
   1068.14150222      0.683559260464E-36
   1074.42468753      0.590403783498E-36
   1080.70787283      0.609248946680E-36
   1086.99105814      0.578036434516E-36
   1093.27424345      0.548036125538E-36
   1099.55742876      0.551041633804E-36
   1105.84061406      0.476059545568E-36
   1112.12379937      0.509671567306E-36
   1118.40698468      0.431664993183E-36
   1124.69016999      0.438223870158E-36
   1130.97335529      0.382155087157E-36
   1137.25654060      0.337928151373E-36
   1143.53972591      0.306562097889E-36
   1149.82291121      0.275941552991E-36
   1156.10609652      0.258820396430E-36
   1162.38928183      0.236277338945E-36
   1168.67246714      0.223293469400E-36
   1174.95565244      0.202802038425E-36
   1181.23883775      0.196928287262E-36
   1187.52202306      0.180319732155E-36
   1193.80520836      0.169461842768E-36
   1200.08839367      0.158343319551E-36
   1206.37157898      0.152177618777E-36
   1212.65476429      0.135341556083E-36
   1218.93794959      0.129977125897E-36
   1225.22113490      0.122095134849E-36
   1231.50432021      0.113579191379E-36
   1237.78750551      0.101003844556E-36
   1244.07069082      0.975662545740E-37
   1250.35387613      0.925729175573E-37
   1256.63706144      0.855293124224E-37
   1262.92024674      0.741588780426E-37
   1269.20343205      0.699073122933E-37
   1275.48661736      0.603673344831E-37
   1281.76980266      0.592136205520E-37
   1288.05298797      0.497950644465E-37
   1294.33617328      0.492214108653E-37
   1300.61935859      0.424792012446E-37
   1306.90254389      0.357193415251E-37
   1313.18572920      0.330395283085E-37
   1319.46891451      0.324167128602E-37
   1325.75209981      0.264206431357E-37
   1332.03528512      0.218713884847E-37
   1338.31847043      0.162682353287E-37
   1344.60165574      0.177496556573E-37
   1350.88484104      0.138628322966E-37
   1357.16802635      0.974008485817E-38
   1363.45121166      0.556866954082E-38
   1369.73439697      0.675174414758E-38
   1376.01758227      0.422093816746E-38
   1382.30076758      0.207268302786E-38
   1388.58395289      0.340427611301E-39
   1394.86713819      0.814418070242E-40
   6.28318530718      0.658406994698E-41
   12.5663706144      0.370828348107E-03
   18.8495559215      0.205703965887E-03
   25.1327412287      0.284423745005E-03
   31.4159265359      0.145325303811E-03
   37.6991118431      0.157780114363E-03
   43.9822971503      0.797513016240E-04
   50.2654824574      0.716325640146E-04
   56.5486677646      0.570112369163E-04
   62.8318530718      0.524721431858E-04
   69.1150383790      0.360146906940E-04
   75.3982236862      0.310503094303E-04
   81.6814089933      0.224420293279E-04
   87.9645943005      0.162623057852E-04
   94.2477796077      0.145120426179E-04
   100.530964915      0.100496702386E-04
   106.814150222      0.712598006525E-05
   113.097335529      0.658595817763E-05
   119.380520836      0.477975049154E-05
   125.663706144      0.349478866876E-05
   131.946891451      0.288804636681E-05
   138.230076758      0.214470575634E-05
   144.513262065      0.176110284869E-05
   150.796447372      0.152381398090E-05
   157.079632679      0.114491086579E-05
   163.362817987      0.970094019480E-06
   169.646003294      0.750757700756E-06
   175.929188601      0.643497347709E-06
   182.212373908      0.498345316821E-06
   188.495559215      0.448232576455E-06
   194.778744523      0.354421079648E-06
   201.061929830      0.325821947516E-06
   207.345115137      0.263379774142E-06
   213.628300444      0.236101847581E-06
   219.911485751      0.202708311936E-06
   226.194671058      0.178527922741E-06
   232.477856366      0.152702542021E-06
   238.761041673      0.133188880739E-06
   245.044226980      0.116769223390E-06
   251.327412287      0.102536188359E-06
   257.610597594      0.879032740493E-07
   263.893782902      0.772558254037E-07
   270.176968209      0.653934907873E-07
   276.460153516      0.567939577249E-07
   282.743338823      0.481487409186E-07
   289.026524130      0.410380735504E-07
   295.309709437      0.342507673635E-07
   301.592894745      0.292088156976E-07
   307.876080052      0.239820757376E-07
   314.159265359      0.200292936249E-07
   320.442450666      0.162716609902E-07
   326.725635973      0.133376853474E-07
   333.008821281      0.105822739299E-07
   339.292006588      0.851169788720E-08
   345.575191895      0.673771635187E-08
   351.858377202      0.533643078582E-08
   358.141562509      0.414601946329E-08
   364.424747816      0.325109912058E-08
   370.707933124      0.252717786785E-08
   376.991118431      0.193163883273E-08
   383.274303738      0.149933084199E-08
   389.557489045      0.114630114628E-08
   395.840674352      0.887922327102E-09
   402.123859659      0.681069783790E-09
   408.407044967      0.515294132955E-09
   414.690230274      0.401092970592E-09
   420.973415581      0.303319310823E-09
   427.256600888      0.237659948449E-09
   433.539786195      0.181522860503E-09
   439.822971503      0.141759418206E-09
   446.106156810      0.109918465399E-09
   452.389342117      0.851469460012E-10
   458.672527424      0.665591618608E-10
   464.955712731      0.526558986451E-10
   471.238898038      0.410382435334E-10
   477.522083346      0.321652785879E-10
   483.805268653      0.254013296106E-10
   490.088453960      0.203058033060E-10
   496.371639267      0.160519775807E-10
   502.654824574      0.128161284476E-10
   508.938009882      0.102443887612E-10
   515.221195189      0.829172748624E-11
   521.504380496      0.651851505559E-11
   527.787565803      0.532377207892E-11
   534.070751110      0.447601713551E-11
   540.353936417      0.425634314084E-11
   546.637121725      0.250995563502E-11
   552.920307032      0.196490235548E-11
   559.203492339      0.149333085006E-11
   565.486677646      0.113204518897E-11
   571.769862953      0.825246239197E-12
   578.053048261      0.613005762429E-12
   584.336233568      0.434373484535E-12
   590.619418875      0.296224752351E-12
   596.902604182      0.198874532145E-12
   603.185789489      0.133840590999E-12
   609.468974796      0.901399786540E-13
   615.752160104      0.631461645371E-13
   622.035345411      0.433635516078E-13
   628.318530718      0.286845379133E-13
   634.601716025      0.196428448304E-13
   640.884901332      0.128937869514E-13
   647.168086639      0.842850766726E-14
   653.451271947      0.556738251842E-14
   659.734457254      0.361102374624E-14
   666.017642561      0.232575256696E-14
   672.300827868      0.144766983516E-14
   678.584013175      0.924797439767E-15
   684.867198483      0.584602333907E-15
   691.150383790      0.348389061847E-15
   697.433569097      0.203889583664E-15
   703.716754404      0.124981458817E-15
   709.999939711      0.757933760613E-16
   716.283125018      0.454636013059E-16
   722.566310326      0.267140069678E-16
   728.849495633      0.147671476411E-16
   735.132680940      0.867437530947E-17
   741.415866247      0.443015829456E-17
   747.699051554      0.262978714470E-17
   753.982236862      0.130360891635E-17
   760.265422169      0.704066308086E-18
   766.548607476      0.279285546352E-18
   772.831792783      0.121947396467E-18
   779.114978090      0.543340788284E-19
   785.398163397      0.227687551076E-19
   791.681348705      0.996749464697E-20
   797.964534012      0.364743111575E-20
   804.247719319      0.158526424697E-20
   810.530904626      0.535888834837E-21
   816.814089933      0.221523674430E-21
   823.097275241      0.687511369391E-22
   829.380460548      0.241671457271E-22
   835.663645855      0.882720700977E-23
   841.946831162      0.327702519295E-23
   848.230016469      0.946386256658E-24
   854.513201776      0.324818097522E-24
   860.796387084      0.121716593482E-24
   867.079572391      0.546670614969E-25
   873.362757698      0.225542270454E-25
   879.645943005      0.119427218104E-25
   885.929128312      0.581619056309E-26
   892.212313620      0.270655893820E-26
   898.495498927      0.211953572466E-26
   904.778684234      0.104939147941E-26
   911.061869541      0.453910130792E-27
   917.345054848      0.965779613373E-28
   923.628240155      0.815321889914E-28
   929.911425463      0.105754569865E-28
   936.194610770      0.115985583050E-35
   942.477796077      0.112648072253E-35
   948.760981384      0.111495104409E-35
   955.044166691      0.106331296983E-35
   961.327351998      0.107144635044E-35
   967.610537306      0.104358704683E-35
   973.893722613      0.101271350820E-35
   980.176907920      0.998982451271E-36
   986.460093227      0.963853310764E-36
   992.743278534      0.961815276775E-36
   999.026463842      0.912427308046E-36
   1005.30964915      0.924371747753E-36
   1011.59283446      0.842896300562E-36
   1017.87601976      0.858213879854E-36
   1024.15920507      0.827200411027E-36
   1030.44239038      0.754161878550E-36
   1036.72557568      0.782737213853E-36
   1043.00876099      0.716117250237E-36
   1049.29194630      0.716860112400E-36
   1055.57513161      0.688542808889E-36
   1061.85831691      0.660078310533E-36
   1068.14150222      0.698625108277E-36
   1074.42468753      0.593593396198E-36
   1080.70787283      0.620139650268E-36
   1086.99105814      0.577874009037E-36
   1093.27424345      0.543404057162E-36
   1099.55742876      0.550269227822E-36
   1105.84061406      0.489409699907E-36
   1112.12379937      0.513123485984E-36
   1118.40698468      0.423991854547E-36
   1124.69016999      0.429636253432E-36
   1130.97335529      0.380134140036E-36
   1137.25654060      0.327785622095E-36
   1143.53972591      0.298348035429E-36
   1149.82291121      0.265464322672E-36
   1156.10609652      0.252305556138E-36
   1162.38928183      0.234401530416E-36
   1168.67246714      0.218181919527E-36
   1174.95565244      0.203170792487E-36
   1181.23883775      0.195605983347E-36
   1187.52202306      0.180433933917E-36
   1193.80520836      0.170496257914E-36
   1200.08839367      0.157372127246E-36
   1206.37157898      0.148220683216E-36
   1212.65476429      0.135269039995E-36
   1218.93794959      0.126699642163E-36
   1225.22113490      0.120621978987E-36
   1231.50432021      0.112956583976E-36
   1237.78750551      0.977429341925E-37
   1244.07069082      0.952579926257E-37
   1250.35387613      0.896946226467E-37
   1256.63706144      0.838348163037E-37
   1262.92024674      0.736194370196E-37
   1269.20343205      0.710731319182E-37
   1275.48661736      0.605633088486E-37
   1281.76980266      0.565755436755E-37
   1288.05298797      0.503173331031E-37
   1294.33617328      0.480295758259E-37
   1300.61935859      0.413578271286E-37
   1306.90254389      0.359491805907E-37
   1313.18572920      0.326377478578E-37
   1319.46891451      0.319117841726E-37
   1325.75209981      0.275660731662E-37
   1332.03528512      0.221772806519E-37
   1338.31847043      0.169941982161E-37
   1344.60165574      0.187539510371E-37
   1350.88484104      0.157023764599E-37
   1357.16802635      0.105558674103E-37
   1363.45121166      0.526943870707E-38
   1369.73439697      0.759865294094E-38
   1376.01758227      0.442141560284E-38
   1382.30076758      0.190992875233E-38
   1388.58395289      0.343616519404E-39
   1394.86713819      0.135308465592E-39
   6.28318530718      0.168572356063E-40
   12.5663706144      0.359194120512E-03
   18.8495559215      0.198293965201E-03
   25.1327412287      0.278195149844E-03
   31.4159265359      0.146135112558E-03
   37.6991118431      0.160255349082E-03
   43.9822971503      0.824220248380E-04
   50.2654824574      0.731887256987E-04
   56.5486677646      0.596724952927E-04
   62.8318530718      0.539277020391E-04
   69.1150383790      0.372544948624E-04
   75.3982236862      0.316169180196E-04
   81.6814089933      0.229813147790E-04
   87.9645943005      0.168762528274E-04
   94.2477796077      0.148287791213E-04
   100.530964915      0.107883303278E-04
   106.814150222      0.766507434972E-05
   113.097335529      0.685021497238E-05
   119.380520836      0.510903168566E-05
   125.663706144      0.376773012519E-05
   131.946891451      0.309840407411E-05
   138.230076758      0.232535948143E-05
   144.513262065      0.192158864013E-05
   150.796447372      0.168699849127E-05
   157.079632679      0.126832960261E-05
   163.362817987      0.107259988329E-05
   169.646003294      0.845403390827E-06
   175.929188601      0.718262130230E-06
   182.212373908      0.562361791814E-06
   188.495559215      0.507178525129E-06
   194.778744523      0.394834746759E-06
   201.061929830      0.367419993108E-06
   207.345115137      0.294590073230E-06
   213.628300444      0.266622372637E-06
   219.911485751      0.228425188587E-06
   226.194671058      0.202374732791E-06
   232.477856366      0.172399432822E-06
   238.761041673      0.151234316625E-06
   245.044226980      0.131689575250E-06
   251.327412287      0.116418379265E-06
   257.610597594      0.992081691924E-07
   263.893782902      0.878948327380E-07
   270.176968209      0.742295486814E-07
   276.460153516      0.648863672791E-07
   282.743338823      0.551292492569E-07
   289.026524130      0.470736612863E-07
   295.309709437      0.395086247284E-07
   301.592894745      0.338285536188E-07
   307.876080052      0.278686993546E-07
   314.159265359      0.234635441067E-07
   320.442450666      0.191709559054E-07
   326.725635973      0.158388579631E-07
   333.008821281      0.126547167423E-07
   339.292006588      0.102481374437E-07
   345.575191895      0.816961790351E-08
   351.858377202      0.652213530492E-08
   358.141562509      0.511533704459E-08
   364.424747816      0.402466742288E-08
   370.707933124      0.317203974565E-08
   376.991118431      0.243956719118E-08
   383.274303738      0.190352136000E-08
   389.557489045      0.146384955335E-08
   395.840674352      0.114480149776E-08
   402.123859659      0.885751381772E-09
   408.407044967      0.673850502210E-09
   414.690230274      0.530310419865E-09
   420.973415581      0.401476754625E-09
   427.256600888      0.317369812064E-09
   433.539786195      0.243532888036E-09
   439.822971503      0.190571595262E-09
   446.106156810      0.148904427789E-09
   452.389342117      0.116396959505E-09
   458.672527424      0.910699876972E-10
   464.955712731      0.722425250082E-10
   471.238898038      0.565015035556E-10
   477.522083346      0.445640799561E-10
   483.805268653      0.353097227754E-10
   490.088453960      0.282209353825E-10
   496.371639267      0.224894737093E-10
   502.654824574      0.179806411760E-10
   508.938009882      0.144312747565E-10
   515.221195189      0.116950341458E-10
   521.504380496      0.922493407467E-11
   527.787565803      0.751481555071E-11
   534.070751110      0.632019390359E-11
   540.353936417      0.592451151451E-11
   546.637121725      0.366347500917E-11
   552.920307032      0.290738576588E-11
   559.203492339      0.226069735804E-11
   565.486677646      0.175574886912E-11
   571.769862953      0.131376504204E-11
   578.053048261      0.998741268496E-12
   584.336233568      0.740956851366E-12
   590.619418875      0.531359096769E-12
   596.902604182      0.375210114697E-12
   603.185789489      0.262781823796E-12
   609.468974796      0.184283815091E-12
   615.752160104      0.133546025345E-12
   622.035345411      0.955319251011E-13
   628.318530718      0.660810923284E-13
   634.601716025      0.471890441439E-13
   640.884901332      0.325219977620E-13
   647.168086639      0.221636996377E-13
   653.451271947      0.152819245987E-13
   659.734457254      0.104083547051E-13
   666.017642561      0.700241876412E-14
   672.300827868      0.461055661201E-14
   678.584013175      0.308341190419E-14
   684.867198483      0.204062913970E-14
   691.150383790      0.128862309643E-14
   697.433569097      0.797872210313E-15
   703.716754404      0.512517184020E-15
   709.999939711      0.327659957166E-15
   716.283125018      0.206520855622E-15
   722.566310326      0.127204903106E-15
   728.849495633      0.739919131364E-16
   735.132680940      0.455273509536E-16
   741.415866247      0.247057748759E-16
   747.699051554      0.153260855067E-16
   753.982236862      0.799688349600E-17
   760.265422169      0.447812902488E-17
   766.548607476      0.191629684091E-17
   772.831792783      0.889991858165E-18
   779.114978090      0.422373794576E-18
   785.398163397      0.185731870703E-18
   791.681348705      0.872436782134E-19
   797.964534012      0.337451722515E-19
   804.247719319      0.150174831258E-19
   810.530904626      0.537662856929E-20
   816.814089933      0.230598813627E-20
   823.097275241      0.745634825137E-21
   829.380460548      0.267598785951E-21
   835.663645855      0.998993877764E-22
   841.946831162      0.371705635480E-22
   848.230016469      0.105505989438E-22
   854.513201776      0.351730133386E-23
   860.796387084      0.122455778086E-23
   867.079572391      0.475247497877E-24
   873.362757698      0.153145586586E-24
   879.645943005      0.677369384014E-25
   885.929128312      0.295412069863E-25
   892.212313620      0.124283795728E-25
   898.495498927      0.941002587025E-26
   904.778684234      0.473412401689E-26
   911.061869541      0.234698718530E-26
   917.345054848      0.610166273746E-27
   923.628240155      0.602541859467E-27
   929.911425463      0.108428344345E-27
   936.194610770      0.114673980728E-35
   942.477796077      0.111439433210E-35
   948.760981384      0.109858574424E-35
   955.044166691      0.104791818731E-35
   961.327351998      0.105850812643E-35
   967.610537306      0.103429504876E-35
   973.893722613      0.100197958110E-35
   980.176907920      0.985991952146E-36
   986.460093227      0.944549259463E-36
   992.743278534      0.964858121785E-36
   999.026463842      0.921384344665E-36
   1005.30964915      0.930600557706E-36
   1011.59283446      0.849402782632E-36
   1017.87601976      0.837528842222E-36
   1024.15920507      0.813369751349E-36
   1030.44239038      0.749552430513E-36
   1036.72557568      0.776143069795E-36
   1043.00876099      0.710263542195E-36
   1049.29194630      0.717121047012E-36
   1055.57513161      0.684197391401E-36
   1061.85831691      0.638459031189E-36
   1068.14150222      0.663450994190E-36
   1074.42468753      0.589823410036E-36
   1080.70787283      0.592329138704E-36
   1086.99105814      0.558076883075E-36
   1093.27424345      0.529278260771E-36
   1099.55742876      0.531788676756E-36
   1105.84061406      0.473794463082E-36
   1112.12379937      0.492373755131E-36
   1118.40698468      0.421771053005E-36
   1124.69016999      0.446710739314E-36
   1130.97335529      0.379919367156E-36
   1137.25654060      0.328980646116E-36
   1143.53972591      0.295928127398E-36
   1149.82291121      0.266836671731E-36
   1156.10609652      0.250499062980E-36
   1162.38928183      0.230035212244E-36
   1168.67246714      0.217355529978E-36
   1174.95565244      0.197602286732E-36
   1181.23883775      0.188870624214E-36
   1187.52202306      0.178279875922E-36
   1193.80520836      0.165475337360E-36
   1200.08839367      0.154577719125E-36
   1206.37157898      0.147620083146E-36
   1212.65476429      0.132230767879E-36
   1218.93794959      0.123710660345E-36
   1225.22113490      0.118163632548E-36
   1231.50432021      0.110434902677E-36
   1237.78750551      0.990205272848E-37
   1244.07069082      0.954297713054E-37
   1250.35387613      0.875571276685E-37
   1256.63706144      0.801124424103E-37
   1262.92024674      0.708274434914E-37
   1269.20343205      0.696386585315E-37
   1275.48661736      0.580302782949E-37
   1281.76980266      0.550522841431E-37
   1288.05298797      0.481951107423E-37
   1294.33617328      0.484429428366E-37
   1300.61935859      0.409882371075E-37
   1306.90254389      0.347677990702E-37
   1313.18572920      0.316727362242E-37
   1319.46891451      0.308185527814E-37
   1325.75209981      0.261713257774E-37
   1332.03528512      0.214048737328E-37
   1338.31847043      0.162931927413E-37
   1344.60165574      0.175950069401E-37
   1350.88484104      0.137772198344E-37
   1357.16802635      0.107578637723E-37
   1363.45121166      0.631262006685E-38
   1369.73439697      0.699913856218E-38
   1376.01758227      0.447369816630E-38
   1382.30076758      0.198475082446E-38
   1388.58395289      0.377947393605E-39
   1394.86713819      0.582327072151E-40
   6.28318530718      0.402156245492E-40
   12.5663706144      0.347753309794E-03
   18.8495559215      0.191149157342E-03
   25.1327412287      0.271599809532E-03
   31.4159265359      0.146891825525E-03
   37.6991118431      0.162575922527E-03
   43.9822971503      0.847764224122E-04
   50.2654824574      0.746855916012E-04
   56.5486677646      0.624240421119E-04
   62.8318530718      0.555281699028E-04
   69.1150383790      0.383840136287E-04
   75.3982236862      0.326666959498E-04
   81.6814089933      0.232982182178E-04
   87.9645943005      0.176601521299E-04
   94.2477796077      0.150150137418E-04
   100.530964915      0.114814028680E-04
   106.814150222      0.807656988452E-05
   113.097335529      0.711049879639E-05
   119.380520836      0.545578541994E-05
   125.663706144      0.409716718477E-05
   131.946891451      0.331470788334E-05
   138.230076758      0.252765889058E-05
   144.513262065      0.208754304369E-05
   150.796447372      0.183754664283E-05
   157.079632679      0.138717143215E-05
   163.362817987      0.117433021662E-05
   169.646003294      0.936919250390E-06
   175.929188601      0.798951938081E-06
   182.212373908      0.631430653270E-06
   188.495559215      0.568151788402E-06
   194.778744523      0.439670109051E-06
   201.061929830      0.410542278427E-06
   207.345115137      0.328719686657E-06
   213.628300444      0.298350904217E-06
   219.911485751      0.256605547610E-06
   226.194671058      0.226267731430E-06
   232.477856366      0.194040505585E-06
   238.761041673      0.170441812008E-06
   245.044226980      0.147956162730E-06
   251.327412287      0.131154481343E-06
   257.610597594      0.111437418398E-06
   263.893782902      0.994277696677E-07
   270.176968209      0.839406301147E-07
   276.460153516      0.736870059500E-07
   282.743338823      0.628145597777E-07
   289.026524130      0.536639270778E-07
   295.309709437      0.452893051965E-07
   301.592894745      0.389623090278E-07
   307.876080052      0.322374779224E-07
   314.159265359      0.273143485451E-07
   320.442450666      0.224156999286E-07
   326.725635973      0.187092608684E-07
   333.008821281      0.150316267149E-07
   339.292006588      0.122918673760E-07
   345.575191895      0.983271236542E-08
   351.858377202      0.792777667829E-08
   358.141562509      0.626172685378E-08
   364.424747816      0.494841308297E-08
   370.707933124      0.395340695666E-08
   376.991118431      0.306176055956E-08
   383.274303738      0.240232276596E-08
   389.557489045      0.185997870369E-08
   395.840674352      0.146627388726E-08
   402.123859659      0.114337783060E-08
   408.407044967      0.875189110965E-09
   414.690230274      0.696700999694E-09
   420.973415581      0.528845348732E-09
   427.256600888      0.421006500797E-09
   433.539786195      0.325154357636E-09
   439.822971503      0.254829895818E-09
   446.106156810      0.200750567687E-09
   452.389342117      0.158061643288E-09
   458.672527424      0.124115291162E-09
   464.955712731      0.988152490768E-10
   471.238898038      0.775876223191E-10
   477.522083346      0.615545777511E-10
   483.805268653      0.488781305384E-10
   490.088453960      0.390931081643E-10
   496.371639267      0.313324114420E-10
   502.654824574      0.250851476383E-10
   508.938009882      0.202274052835E-10
   515.221195189      0.163770818617E-10
   521.504380496      0.129986745441E-10
   527.787565803      0.105458884214E-10
   534.070751110      0.886735877089E-11
   540.353936417      0.818126539200E-11
   546.637121725      0.526421302199E-11
   552.920307032      0.421304414258E-11
   559.203492339      0.332426105439E-11
   565.486677646      0.263423863625E-11
   571.769862953      0.200426022138E-11
   578.053048261      0.154818252336E-11
   584.336233568      0.118620822586E-11
   590.619418875      0.880426298801E-12
   596.902604182      0.646911022145E-12
   603.185789489      0.468739587981E-12
   609.468974796      0.340273080438E-12
   615.752160104      0.253187632883E-12
   622.035345411      0.186690883763E-12
   628.318530718      0.133812823581E-12
   634.601716025      0.987494863001E-13
   640.884901332      0.708776034504E-13
   647.168086639      0.500041265554E-13
   653.451271947      0.357370923290E-13
   659.734457254      0.253493284794E-13
   666.017642561      0.176682020489E-13
   672.300827868      0.122029204827E-13
   678.584013175      0.847232766909E-14
   684.867198483      0.583107409228E-14
   691.150383790      0.386863649374E-14
   697.433569097      0.251526663036E-14
   703.716754404      0.168268052747E-14
   709.999939711      0.112628961745E-14
   716.283125018      0.740462372437E-15
   722.566310326      0.476714161528E-15
   728.849495633      0.289829118370E-15
   735.132680940      0.185910682805E-15
   741.415866247      0.106815169794E-15
   747.699051554      0.685875271771E-16
   753.982236862      0.375977768843E-16
   760.265422169      0.218099934125E-16
   766.548607476      0.100890225742E-16
   772.831792783      0.496585147803E-17
   779.114978090      0.250676703352E-17
   785.398163397      0.115555755601E-17
   791.681348705      0.578856920458E-18
   797.964534012      0.238447502635E-18
   804.247719319      0.109550912743E-18
   810.530904626      0.416939327993E-19
   816.814089933      0.184982968343E-19
   823.097275241      0.633792580962E-20
   829.380460548      0.234801649350E-20
   835.663645855      0.903868177225E-21
   841.946831162      0.344172241525E-21
   848.230016469      0.981573957830E-22
   854.513201776      0.325661506313E-22
   860.796387084      0.110796093924E-22
   867.079572391      0.402668324761E-23
   873.362757698      0.110027874373E-23
   879.645943005      0.396133359554E-24
   885.929128312      0.146149564411E-24
   892.212313620      0.585600035099E-25
   898.495498927      0.421575025599E-25
   904.778684234      0.207763886651E-25
   911.061869541      0.105675828912E-25
   917.345054848      0.286630270025E-26
   923.628240155      0.282762227789E-26
   929.911425463      0.526482457074E-27
   936.194610770      0.114120738293E-35
   942.477796077      0.113051338591E-35
   948.760981384      0.109987792025E-35
   955.044166691      0.106254267752E-35
   961.327351998      0.104745687593E-35
   967.610537306      0.102896447695E-35
   973.893722613      0.996991313097E-36
   980.176907920      0.980426898899E-36
   986.460093227      0.942975493691E-36
   992.743278534      0.941436616833E-36
   999.026463842      0.897893234539E-36
   1005.30964915      0.902337350263E-36
   1011.59283446      0.839188087650E-36
   1017.87601976      0.831321247671E-36
   1024.15920507      0.802014307243E-36
   1030.44239038      0.736418935402E-36
   1036.72557568      0.797307196741E-36
   1043.00876099      0.701833641860E-36
   1049.29194630      0.710754056416E-36
   1055.57513161      0.676835476944E-36
   1061.85831691      0.647222568563E-36
   1068.14150222      0.659385419912E-36
   1074.42468753      0.586152104554E-36
   1080.70787283      0.588968147479E-36
   1086.99105814      0.555065487812E-36
   1093.27424345      0.535534149560E-36
   1099.55742876      0.538367460238E-36
   1105.84061406      0.469039195421E-36
   1112.12379937      0.493416137303E-36
   1118.40698468      0.420301232448E-36
   1124.69016999      0.427780456675E-36
   1130.97335529      0.380711958064E-36
   1137.25654060      0.320949736531E-36
   1143.53972591      0.296215912942E-36
   1149.82291121      0.263625868493E-36
   1156.10609652      0.252446734119E-36
   1162.38928183      0.231775683981E-36
   1168.67246714      0.218279218926E-36
   1174.95565244      0.201306424921E-36
   1181.23883775      0.190578652190E-36
   1187.52202306      0.173155383697E-36
   1193.80520836      0.165197041769E-36
   1200.08839367      0.154355662687E-36
   1206.37157898      0.146117745535E-36
   1212.65476429      0.129538566225E-36
   1218.93794959      0.120775420481E-36
   1225.22113490      0.115300968521E-36
   1231.50432021      0.109214144322E-36
   1237.78750551      0.945573096698E-37
   1244.07069082      0.925175596962E-37
   1250.35387613      0.865957022789E-37
   1256.63706144      0.790006354007E-37
   1262.92024674      0.709221376482E-37
   1269.20343205      0.711281762506E-37
   1275.48661736      0.598948727538E-37
   1281.76980266      0.559447723720E-37
   1288.05298797      0.487558947813E-37
   1294.33617328      0.484650479787E-37
   1300.61935859      0.422470298147E-37
   1306.90254389      0.347337685132E-37
   1313.18572920      0.311953061248E-37
   1319.46891451      0.310217752231E-37
   1325.75209981      0.251280500258E-37
   1332.03528512      0.202348582440E-37
   1338.31847043      0.162176437013E-37
   1344.60165574      0.168513852698E-37
   1350.88484104      0.129472385099E-37
   1357.16802635      0.936600917943E-38
   1363.45121166      0.573181537140E-38
   1369.73439697      0.638406562100E-38
   1376.01758227      0.438714998694E-38
   1382.30076758      0.213929696942E-38
   1388.58395289      0.364525614802E-39
   1394.86713819      0.741350400286E-40
   6.28318530718      0.683959890613E-40
   12.5663706144      0.336514168094E-03
   18.8495559215      0.184301127822E-03
   25.1327412287      0.264750205513E-03
   31.4159265359      0.147622140309E-03
   37.6991118431      0.164713678085E-03
   43.9822971503      0.867297650331E-04
   50.2654824574      0.761110545442E-04
   56.5486677646      0.651717532371E-04
   62.8318530718      0.572012065501E-04
   69.1150383790      0.393259615879E-04
   75.3982236862      0.342142475919E-04
   81.6814089933      0.236040000634E-04
   87.9645943005      0.186082752753E-04
   94.2477796077      0.151605497069E-04
   100.530964915      0.120744854864E-04
   106.814150222      0.831065521291E-05
   113.097335529      0.737383155059E-05
   119.380520836      0.579386475044E-05
   125.663706144      0.445495522521E-05
   131.946891451      0.354246353278E-05
   138.230076758      0.276459733137E-05
   144.513262065      0.227769751878E-05
   150.796447372      0.197649836653E-05
   157.079632679      0.150557576755E-05
   163.362817987      0.127880229099E-05
   169.646003294      0.102364215182E-05
   175.929188601      0.881130102603E-06
   182.212373908      0.702834553402E-06
   188.495559215      0.628452382388E-06
   194.778744523      0.488708709633E-06
   201.061929830      0.455382794329E-06
   207.345115137      0.365364144127E-06
   213.628300444      0.332692427332E-06
   219.911485751      0.287958455906E-06
   226.194671058      0.250646522160E-06
   232.477856366      0.217220643426E-06
   238.761041673      0.191140592660E-06
   245.044226980      0.164865278636E-06
   251.327412287      0.146717231047E-06
   257.610597594      0.124147592254E-06
   263.893782902      0.112171288730E-06
   270.176968209      0.941500679629E-07
   276.460153516      0.832558509047E-07
   282.743338823      0.709698878774E-07
   289.026524130      0.609197319569E-07
   295.309709437      0.514430990125E-07
   301.592894745      0.446291990710E-07
   307.876080052      0.370203003610E-07
   314.159265359      0.315965268325E-07
   320.442450666      0.259427471545E-07
   326.725635973      0.219587288444E-07
   333.008821281      0.176867781240E-07
   339.292006588      0.146409263031E-07
   345.575191895      0.117327185218E-07
   351.858377202      0.955941762160E-08
   358.141562509      0.758120936151E-08
   364.424747816      0.602936297319E-08
   370.707933124      0.487640941631E-08
   376.991118431      0.379992422239E-08
   383.274303738      0.300029493237E-08
   389.557489045      0.234225460424E-08
   395.840674352      0.185845226303E-08
   402.123859659      0.145666656110E-08
   408.407044967      0.112283747231E-08
   414.690230274      0.903837933988E-09
   420.973415581      0.688622516460E-09
   427.256600888      0.551005066967E-09
   433.539786195      0.429171153912E-09
   439.822971503      0.337055182687E-09
   446.106156810      0.267287847813E-09
   452.389342117      0.211808489399E-09
   458.672527424      0.167137075510E-09
   464.955712731      0.133603733987E-09
   471.238898038      0.105297079584E-09
   477.522083346      0.840942854479E-10
   483.805268653      0.668271013662E-10
   490.088453960      0.536156222593E-10
   496.371639267      0.431339971039E-10
   502.654824574      0.346247407098E-10
   508.938009882      0.280187842941E-10
   515.221195189      0.226798050585E-10
   521.504380496      0.181391756505E-10
   527.787565803      0.146705160394E-10
   534.070751110      0.123206299094E-10
   540.353936417      0.111996444884E-10
   546.637121725      0.744005857826E-11
   552.920307032      0.599522245593E-11
   559.203492339      0.476696818157E-11
   565.486677646      0.384517568194E-11
   571.769862953      0.295514701110E-11
   578.053048261      0.231053868509E-11
   584.336233568      0.180929540614E-11
   590.619418875      0.137395273453E-11
   596.902604182      0.103885732840E-11
   603.185789489      0.774265207549E-12
   609.468974796      0.578044863981E-12
   615.752160104      0.439299385132E-12
   622.035345411      0.331349868673E-12
   628.318530718      0.244290426889E-12
   634.601716025      0.184730043501E-12
   640.884901332      0.136894937064E-12
   647.168086639      0.993991122897E-13
   653.451271947      0.731852060925E-13
   659.734457254      0.536417389741E-13
   666.017642561      0.384501032676E-13
   672.300827868      0.276283311245E-13
   678.584013175      0.197514939117E-13
   684.867198483      0.140460507132E-13
   691.150383790      0.970923556410E-14
   697.433569097      0.657101328612E-14
   703.716754404      0.455144572298E-14
   709.999939711      0.316432605693E-14
   716.283125018      0.215407776521E-14
   722.566310326      0.144177604370E-14
   728.849495633      0.910824241111E-15
   735.132680940      0.605951729310E-15
   741.415866247      0.366865041510E-15
   747.699051554      0.242210408568E-15
   753.982236862      0.139165166502E-15
   760.265422169      0.834648945854E-16
   766.548607476      0.416960954829E-16
   772.831792783      0.216776996974E-16
   779.114978090      0.116060245256E-16
   785.398163397      0.563455552661E-17
   791.681348705      0.297824350816E-17
   797.964534012      0.131483647290E-17
   804.247719319      0.628552006699E-18
   810.530904626      0.255009071324E-18
   816.814089933      0.117248670795E-18
   823.097275241      0.428884573926E-19
   829.380460548      0.165766885217E-19
   835.663645855      0.663063527955E-20
   841.946831162      0.263099527692E-20
   848.230016469      0.769030506407E-21
   854.513201776      0.258035410185E-21
   860.796387084      0.887052079297E-22
   867.079572391      0.322411038426E-22
   873.362757698      0.836042838168E-23
   879.645943005      0.267867496751E-23
   885.929128312      0.844900644262E-24
   892.212313620      0.322289237494E-24
   898.495498927      0.205202874525E-24
   904.778684234      0.889068759410E-25
   911.061869541      0.391901764621E-25
   917.345054848      0.925108785984E-26
   923.628240155      0.841814074591E-26
   929.911425463      0.131613424124E-26
   936.194610770      0.113608728026E-35
   942.477796077      0.110832386486E-35
   948.760981384      0.110439245817E-35
   955.044166691      0.105402623113E-35
   961.327351998      0.106784234975E-35
   967.610537306      0.102600778049E-35
   973.893722613      0.986785156237E-36
   980.176907920      0.966624340745E-36
   986.460093227      0.929609442847E-36
   992.743278534      0.950428871088E-36
   999.026463842      0.908256440614E-36
   1005.30964915      0.913005662603E-36
   1011.59283446      0.827979807625E-36
   1017.87601976      0.837065402650E-36
   1024.15920507      0.796603957857E-36
   1030.44239038      0.741677686920E-36
   1036.72557568      0.785293502914E-36
   1043.00876099      0.713969665673E-36
   1049.29194630      0.706525931241E-36
   1055.57513161      0.677568887531E-36
   1061.85831691      0.646406153935E-36
   1068.14150222      0.667610688001E-36
   1074.42468753      0.583280767652E-36
   1080.70787283      0.598535048327E-36
   1086.99105814      0.561998483773E-36
   1093.27424345      0.520556418252E-36
   1099.55742876      0.527068853687E-36
   1105.84061406      0.463290879644E-36
   1112.12379937      0.499142957240E-36
   1118.40698468      0.422969208053E-36
   1124.69016999      0.426635631659E-36
   1130.97335529      0.366919479644E-36
   1137.25654060      0.322839943754E-36
   1143.53972591      0.296196455429E-36
   1149.82291121      0.262243149597E-36
   1156.10609652      0.248305885631E-36
   1162.38928183      0.228142383782E-36
   1168.67246714      0.218418092237E-36
   1174.95565244      0.199796685326E-36
   1181.23883775      0.190422396871E-36
   1187.52202306      0.173123254517E-36
   1193.80520836      0.165189306686E-36
   1200.08839367      0.153901991768E-36
   1206.37157898      0.148940397229E-36
   1212.65476429      0.130571509648E-36
   1218.93794959      0.123815957176E-36
   1225.22113490      0.118634177144E-36
   1231.50432021      0.109630263294E-36
   1237.78750551      0.990948486753E-37
   1244.07069082      0.939945125615E-37
   1250.35387613      0.876200286333E-37
   1256.63706144      0.810545873806E-37
   1262.92024674      0.726371986505E-37
   1269.20343205      0.712497741004E-37
   1275.48661736      0.600533869973E-37
   1281.76980266      0.583512778027E-37
   1288.05298797      0.499609086306E-37
   1294.33617328      0.478588534404E-37
   1300.61935859      0.411676884390E-37
   1306.90254389      0.350842713332E-37
   1313.18572920      0.313875564018E-37
   1319.46891451      0.311601799040E-37
   1325.75209981      0.262387424893E-37
   1332.03528512      0.206343600233E-37
   1338.31847043      0.155170110532E-37
   1344.60165574      0.182948216163E-37
   1350.88484104      0.143472150355E-37
   1357.16802635      0.994211896790E-38
   1363.45121166      0.622013957898E-38
   1369.73439697      0.690524997008E-38
   1376.01758227      0.479741912496E-38
   1382.30076758      0.236073811689E-38
   1388.58395289      0.381219268097E-39
   1394.86713819      0.120614732088E-39
   6.28318530718      0.217707019401E-40
   12.5663706144      0.325487322024E-03
   18.8495559215      0.177778837350E-03
   25.1327412287      0.257763310439E-03
   31.4159265359      0.148352689420E-03
   37.6991118431      0.166634008538E-03
   43.9822971503      0.882507948175E-04
   50.2654824574      0.774921814404E-04
   56.5486677646      0.678261391230E-04
   62.8318530718      0.588335988559E-04
   69.1150383790      0.400504740322E-04
   75.3982236862      0.361294617253E-04
   81.6814089933      0.240822170143E-04
   87.9645943005      0.196671057001E-04
   94.2477796077      0.153724324385E-04
   100.530964915      0.125715902906E-04
   106.814150222      0.840981148031E-05
   113.097335529      0.764456004345E-05
   119.380520836      0.610166445092E-05
   125.663706144      0.478452738048E-05
   131.946891451      0.377602193712E-05
   138.230076758      0.303417864868E-05
   144.513262065      0.249118815643E-05
   150.796447372      0.210826993838E-05
   157.079632679      0.163377971701E-05
   163.362817987      0.138982129885E-05
   169.646003294      0.111474817651E-05
   175.929188601      0.962766663946E-06
   182.212373908      0.774594796145E-06
   188.495559215      0.690020440282E-06
   194.778744523      0.538234924450E-06
   201.061929830      0.501914539289E-06
   207.345115137      0.403472183064E-06
   213.628300444      0.370012715756E-06
   219.911485751      0.321239738082E-06
   226.194671058      0.277342340727E-06
   232.477856366      0.240549799933E-06
   238.761041673      0.213726682680E-06
   245.044226980      0.182287928048E-06
   251.327412287      0.163581987331E-06
   257.610597594      0.137304534983E-06
   263.893782902      0.126023970817E-06
   270.176968209      0.104837699594E-06
   276.460153516      0.932863007975E-07
   282.743338823      0.794716476165E-07
   289.026524130      0.688088104762E-07
   295.309709437      0.579499961183E-07
   301.592894745      0.507463665017E-07
   307.876080052      0.422498096697E-07
   314.159265359      0.362897256116E-07
   320.442450666      0.297761918463E-07
   326.725635973      0.255232117549E-07
   333.008821281      0.206466978218E-07
   339.292006588      0.172403632658E-07
   345.575191895      0.138851697586E-07
   351.858377202      0.114058429702E-07
   358.141562509      0.908049086752E-08
   364.424747816      0.726620399654E-08
   370.707933124      0.594408584074E-08
   376.991118431      0.465392279599E-08
   383.274303738      0.369881428218E-08
   389.557489045      0.291280411971E-08
   395.840674352      0.232617452473E-08
   402.123859659      0.182738157928E-08
   408.407044967      0.141872361954E-08
   414.690230274      0.115415757598E-08
   420.973415581      0.882452588118E-09
   427.256600888      0.708985097703E-09
   433.539786195      0.557075733472E-09
   439.822971503      0.439214577893E-09
   446.106156810      0.349343146235E-09
   452.389342117      0.278865188317E-09
   458.672527424      0.221032579743E-09
   464.955712731      0.177368931268E-09
   471.238898038      0.140142054604E-09
   477.522083346      0.112858710966E-09
   483.805268653      0.896242393266E-10
   490.088453960      0.722862134753E-10
   496.371639267      0.582976912546E-10
   502.654824574      0.470010121288E-10
   508.938009882      0.380722484741E-10
   515.221195189      0.308860250095E-10
   521.504380496      0.248794572790E-10
   527.787565803      0.201045485073E-10
   534.070751110      0.168501771564E-10
   540.353936417      0.151384597670E-10
   546.637121725      0.103031455387E-10
   552.920307032      0.835756284373E-11
   559.203492339      0.666608696683E-11
   565.486677646      0.545886660732E-11
   571.769862953      0.422305535700E-11
   578.053048261      0.333282260087E-11
   584.336233568      0.264793066652E-11
   590.619418875      0.204288279816E-11
   596.902604182      0.157431023407E-11
   603.185789489      0.120045381153E-11
   609.468974796      0.916104516516E-12
   615.752160104      0.707585806461E-12
   622.035345411      0.543199139911E-12
   628.318530718      0.409670326879E-12
   634.601716025      0.315386679580E-12
   640.884901332      0.239202635676E-12
   647.168086639      0.177851677776E-12
   653.451271947      0.134215693165E-12
   659.734457254      0.100900522175E-12
   666.017642561      0.739680515817E-13
   672.300827868      0.548459600425E-13
   678.584013175      0.401055129312E-13
   684.867198483      0.292778817263E-13
   691.150383790      0.209361779013E-13
   697.433569097      0.146168474801E-13
   703.716754404      0.104203985346E-13
   709.999939711      0.746311794030E-14
   716.283125018      0.522467400418E-14
   722.566310326      0.360926151169E-14
   728.849495633      0.235631850977E-14
   735.132680940      0.161701861030E-14
   741.415866247      0.102521274124E-14
   747.699051554      0.692395202126E-15
   753.982236862      0.415699039288E-15
   760.265422169      0.257278552057E-15
   766.548607476      0.138103038961E-15
   772.831792783      0.757128852271E-16
   779.114978090      0.427502911471E-16
   785.398163397      0.219905791621E-16
   791.681348705      0.121348718590E-16
   797.964534012      0.576306324791E-17
   804.247719319      0.287918834109E-17
   810.530904626      0.124755282469E-17
   816.814089933      0.597790671687E-18
   823.097275241      0.233800661207E-18
   829.380460548      0.951042152468E-19
   835.663645855      0.397685476666E-19
   841.946831162      0.166574301833E-19
   848.230016469      0.509503248364E-20
   854.513201776      0.176191008615E-20
   860.796387084      0.626333749748E-21
   867.079572391      0.236003388358E-21
   873.362757698      0.628710408921E-22
   879.645943005      0.198799325274E-22
   885.929128312      0.589227115781E-23
   892.212313620      0.209144822583E-23
   898.495498927      0.114412021826E-23
   904.778684234      0.407148249754E-24
   911.061869541      0.139285447387E-24
   917.345054848      0.238688629741E-25
   923.628240155      0.193812193044E-25
   929.911425463      0.200418628720E-26
   936.194610770      0.114125972694E-35
   942.477796077      0.111725539945E-35
   948.760981384      0.107430084696E-35
   955.044166691      0.104166362907E-35
   961.327351998      0.105396058394E-35
   967.610537306      0.101446028942E-35
   973.893722613      0.993832236751E-36
   980.176907920      0.985197109272E-36
   986.460093227      0.934948390686E-36
   992.743278534      0.933267842228E-36
   999.026463842      0.890443835447E-36
   1005.30964915      0.908904204877E-36
   1011.59283446      0.824917988554E-36
   1017.87601976      0.828027912656E-36
   1024.15920507      0.800494314598E-36
   1030.44239038      0.740302033893E-36
   1036.72557568      0.777652774546E-36
   1043.00876099      0.699655231335E-36
   1049.29194630      0.695672898161E-36
   1055.57513161      0.672188618352E-36
   1061.85831691      0.623774345468E-36
   1068.14150222      0.662301117699E-36
   1074.42468753      0.591151421350E-36
   1080.70787283      0.599252067375E-36
   1086.99105814      0.567266624525E-36
   1093.27424345      0.530825735529E-36
   1099.55742876      0.547853613036E-36
   1105.84061406      0.472745080259E-36
   1112.12379937      0.497146741833E-36
   1118.40698468      0.417392272744E-36
   1124.69016999      0.429761300625E-36
   1130.97335529      0.373579593144E-36
   1137.25654060      0.320651751680E-36
   1143.53972591      0.293157841353E-36
   1149.82291121      0.259774162806E-36
   1156.10609652      0.246440352052E-36
   1162.38928183      0.225775162553E-36
   1168.67246714      0.214757854482E-36
   1174.95565244      0.195519908881E-36
   1181.23883775      0.187335340850E-36
   1187.52202306      0.174507557386E-36
   1193.80520836      0.162450405601E-36
   1200.08839367      0.151669396081E-36
   1206.37157898      0.142989674071E-36
   1212.65476429      0.128628581008E-36
   1218.93794959      0.120905029411E-36
   1225.22113490      0.116316912449E-36
   1231.50432021      0.106029413222E-36
   1237.78750551      0.966662383237E-37
   1244.07069082      0.921568405068E-37
   1250.35387613      0.855440949362E-37
   1256.63706144      0.789776902320E-37
   1262.92024674      0.708516994546E-37
   1269.20343205      0.671986265258E-37
   1275.48661736      0.585738212777E-37
   1281.76980266      0.538504504987E-37
   1288.05298797      0.485467669836E-37
   1294.33617328      0.467108104145E-37
   1300.61935859      0.392951652210E-37
   1306.90254389      0.331983964981E-37
   1313.18572920      0.308887366254E-37
   1319.46891451      0.304803927685E-37
   1325.75209981      0.257072956731E-37
   1332.03528512      0.207722816255E-37
   1338.31847043      0.154907842788E-37
   1344.60165574      0.174492235379E-37
   1350.88484104      0.148738984816E-37
   1357.16802635      0.105754067348E-37
   1363.45121166      0.533908998638E-38
   1369.73439697      0.694456589151E-38
   1376.01758227      0.392898652639E-38
   1382.30076758      0.186815733891E-38
   1388.58395289      0.481069090884E-39
   1394.86713819      0.115821192157E-39
   6.28318530718      0.324305698568E-40
   12.5663706144      0.314685688652E-03
   18.8495559215      0.171607862893E-03
   25.1327412287      0.250752960987E-03
   31.4159265359      0.149104815784E-03
   37.6991118431      0.168295548582E-03
   43.9822971503      0.893618627280E-04
   50.2654824574      0.788919668083E-04
   56.5486677646      0.703120384553E-04
   62.8318530718      0.603030934028E-04
   69.1150383790      0.405867745945E-04
   75.3982236862      0.381852077253E-04
   81.6814089933      0.248072076689E-04
   87.9645943005      0.207540487968E-04
   94.2477796077      0.157290741757E-04
   100.530964915      0.130281542785E-04
   106.814150222      0.849156515519E-05
   113.097335529      0.793789131855E-05
   119.380520836      0.637796755638E-05
   125.663706144      0.503976592884E-05
   131.946891451      0.400668936028E-05
   138.230076758      0.331360128689E-05
   144.513262065      0.270303817785E-05
   150.796447372      0.223533655603E-05
   157.079632679      0.177799253131E-05
   163.362817987      0.151141697964E-05
   169.646003294      0.121984380392E-05
   175.929188601      0.104845027737E-05
   182.212373908      0.848546912805E-06
   188.495559215      0.754119891813E-06
   194.778744523      0.586687781025E-06
   201.061929830      0.551113519577E-06
   207.345115137      0.443322622094E-06
   213.628300444      0.409723863096E-06
   219.911485751      0.354395415961E-06
   226.194671058      0.308101642154E-06
   232.477856366      0.262775992702E-06
   238.761041673      0.237715261946E-06
   245.044226980      0.200518081020E-06
   251.327412287      0.181506808853E-06
   257.610597594      0.151478348898E-06
   263.893782902      0.140383855995E-06
   270.176968209      0.116425311185E-06
   276.460153516      0.103599100082E-06
   282.743338823      0.884086678828E-07
   289.026524130      0.771945827260E-07
   295.309709437      0.648381792626E-07
   301.592894745      0.571622556545E-07
   307.876080052      0.479608829746E-07
   314.159265359      0.413593462366E-07
   320.442450666      0.339394425049E-07
   326.725635973      0.293484124808E-07
   333.008821281      0.239258134420E-07
   339.292006588      0.200581136871E-07
   345.575191895      0.162766144190E-07
   351.858377202      0.134635326740E-07
   358.141562509      0.107635247157E-07
   364.424747816      0.866200786912E-08
   370.707933124      0.715441487430E-08
   376.991118431      0.562825753029E-08
   383.274303738      0.449604516352E-08
   389.557489045      0.357248660578E-08
   395.840674352      0.287084629798E-08
   402.123859659      0.225888790908E-08
   408.407044967      0.176358840605E-08
   414.690230274      0.144952634660E-08
   420.973415581      0.111121568619E-08
   427.256600888      0.895989798557E-09
   433.539786195      0.709383624582E-09
   439.822971503      0.562551225280E-09
   446.106156810      0.446947166850E-09
   452.389342117      0.359877029081E-09
   458.672527424      0.286273752823E-09
   464.955712731      0.230400507355E-09
   471.238898038      0.182213415925E-09
   477.522083346      0.148156942677E-09
   483.805268653      0.117474507368E-09
   490.088453960      0.952948553223E-10
   496.371639267      0.770047981439E-10
   502.654824574      0.624148915333E-10
   508.938009882      0.505077259272E-10
   515.221195189      0.411374330702E-10
   521.504380496      0.333538976457E-10
   527.787565803      0.269676234229E-10
   534.070751110      0.225689804791E-10
   540.353936417      0.200923992355E-10
   546.637121725      0.139291594573E-10
   552.920307032      0.113603047006E-10
   559.203492339      0.907756145870E-11
   565.486677646      0.751765374908E-11
   571.769862953      0.584680791045E-11
   578.053048261      0.464624779878E-11
   584.336233568      0.372727173588E-11
   590.619418875      0.290973575698E-11
   596.902604182      0.226962810562E-11
   603.185789489      0.176192832317E-11
   609.468974796      0.136807938836E-11
   615.752160104      0.106902819597E-11
   622.035345411      0.832183881908E-12
   628.318530718      0.639191088845E-12
   634.601716025      0.498968234539E-12
   640.884901332      0.384305914800E-12
   647.168086639      0.291254842858E-12
   653.451271947      0.224290842294E-12
   659.734457254      0.171749930326E-12
   666.017642561      0.128263429963E-12
   672.300827868      0.973891088005E-13
   678.584013175      0.724767944185E-13
   684.867198483      0.539811619821E-13
   691.150383790      0.396975155974E-13
   697.433569097      0.283702335078E-13
   703.716754404      0.206890548399E-13
   709.999939711      0.151473786992E-13
   716.283125018      0.108438583433E-13
   722.566310326      0.767237114756E-14
   728.849495633      0.514825021551E-14
   735.132680940      0.362674247801E-14
   741.415866247      0.238918356404E-14
   747.699051554      0.164422279245E-14
   753.982236862      0.102693176144E-14
   760.265422169      0.654626775256E-15
   766.548607476      0.374447086281E-15
   772.831792783      0.216156202389E-15
   779.114978090      0.127823122033E-15
   785.398163397      0.698807957394E-16
   791.681348705      0.399405946600E-16
   797.964534012      0.204082495495E-16
   804.247719319      0.106647439250E-16
   810.530904626      0.493431665965E-17
   816.814089933      0.248055597974E-17
   823.097275241      0.103542520947E-17
   829.380460548      0.445662225337E-18
   835.663645855      0.195462677993E-18
   841.946831162      0.870482831048E-19
   848.230016469      0.283507171259E-19
   854.513201776      0.102827920287E-19
   860.796387084      0.384499383753E-20
   867.079572391      0.152919072732E-20
   873.362757698      0.435859146423E-21
   879.645943005      0.144280178215E-21
   885.929128312      0.437630230578E-22
   892.212313620      0.149278173126E-22
   898.495498927      0.748570970807E-23
   904.778684234      0.234706906455E-23
   911.061869541      0.681045492371E-24
   917.345054848      0.881807600387E-25
   923.628240155      0.663561869657E-25
   929.911425463      0.397091333539E-26
   936.194610770      0.112149508331E-35
   942.477796077      0.111192587277E-35
   948.760981384      0.108434809585E-35
   955.044166691      0.104849125705E-35
   961.327351998      0.105483655940E-35
   967.610537306      0.102511672985E-35
   973.893722613      0.986773521457E-36
   980.176907920      0.982618796267E-36
   986.460093227      0.944570663467E-36
   992.743278534      0.944014797079E-36
   999.026463842      0.901934478280E-36
   1005.30964915      0.898786509017E-36
   1011.59283446      0.827991884978E-36
   1017.87601976      0.828265980080E-36
   1024.15920507      0.790102799345E-36
   1030.44239038      0.736942455983E-36
   1036.72557568      0.776311062085E-36
   1043.00876099      0.699126437223E-36
   1049.29194630      0.702659446846E-36
   1055.57513161      0.672727530971E-36
   1061.85831691      0.631478154600E-36
   1068.14150222      0.671771424599E-36
   1074.42468753      0.590793653321E-36
   1080.70787283      0.599284769543E-36
   1086.99105814      0.550478373171E-36
   1093.27424345      0.521425413627E-36
   1099.55742876      0.530221800777E-36
   1105.84061406      0.464503748478E-36
   1112.12379937      0.491425500412E-36
   1118.40698468      0.421860761219E-36
   1124.69016999      0.419345214233E-36
   1130.97335529      0.379931514962E-36
   1137.25654060      0.321373629661E-36
   1143.53972591      0.289461536619E-36
   1149.82291121      0.261953743344E-36
   1156.10609652      0.246382189960E-36
   1162.38928183      0.226963636498E-36
   1168.67246714      0.215739895143E-36
   1174.95565244      0.197734194467E-36
   1181.23883775      0.189953138114E-36
   1187.52202306      0.174341034278E-36
   1193.80520836      0.162616353610E-36
   1200.08839367      0.151588440427E-36
   1206.37157898      0.144862358233E-36
   1212.65476429      0.128437379100E-36
   1218.93794959      0.121706544321E-36
   1225.22113490      0.115735745335E-36
   1231.50432021      0.107883974618E-36
   1237.78750551      0.960227729532E-37
   1244.07069082      0.891084030800E-37
   1250.35387613      0.854394196491E-37
   1256.63706144      0.786989018983E-37
   1262.92024674      0.703320270835E-37
   1269.20343205      0.680010772261E-37
   1275.48661736      0.584744120469E-37
   1281.76980266      0.544594230343E-37
   1288.05298797      0.486233699925E-37
   1294.33617328      0.475103229148E-37
   1300.61935859      0.404352612133E-37
   1306.90254389      0.340687519204E-37
   1313.18572920      0.303308963848E-37
   1319.46891451      0.293173221435E-37
   1325.75209981      0.256227336280E-37
   1332.03528512      0.210356961470E-37
   1338.31847043      0.142853581066E-37
   1344.60165574      0.157390506913E-37
   1350.88484104      0.129657190190E-37
   1357.16802635      0.960705222270E-38
   1363.45121166      0.509712527692E-38
   1369.73439697      0.664413242127E-38
   1376.01758227      0.383705021408E-38
   1382.30076758      0.194170277598E-38
   1388.58395289      0.281144198936E-39
   1394.86713819      0.121254651273E-39
   6.28318530718      0.627176514283E-40
   12.5663706144      0.304123957793E-03
   18.8495559215      0.165809312026E-03
   25.1327412287      0.243822784108E-03
   31.4159265359      0.149889983038E-03
   37.6991118431      0.169650603216E-03
   43.9822971503      0.901309041536E-04
   50.2654824574      0.803946370893E-04
   56.5486677646      0.725697731170E-04
   62.8318530718      0.615057403314E-04
   69.1150383790      0.410172598929E-04
   75.3982236862      0.401310222108E-04
   81.6814089933      0.257173104211E-04
   87.9645943005      0.217884188131E-04
   94.2477796077      0.162564774796E-04
   100.530964915      0.135135145757E-04
   106.814150222      0.869264146071E-05
   113.097335529      0.828354138832E-05
   119.380520836      0.664063413684E-05
   125.663706144      0.521667523049E-05
   131.946891451      0.423428814585E-05
   138.230076758      0.357018394928E-05
   144.513262065      0.287677159682E-05
   150.796447372      0.236021198297E-05
   157.079632679      0.193589996214E-05
   163.362817987      0.164312299139E-05
   169.646003294      0.134030283620E-05
   175.929188601      0.114696740321E-05
   182.212373908      0.928726896259E-06
   188.495559215      0.819731107489E-06
   194.778744523      0.636291981966E-06
   201.061929830      0.604991716708E-06
   207.345115137      0.485376991360E-06
   213.628300444      0.451300110868E-06
   219.911485751      0.387000848002E-06
   226.194671058      0.342084449723E-06
   232.477856366      0.286113508803E-06
   238.761041673      0.261917451026E-06
   245.044226980      0.219878762982E-06
   251.327412287      0.200160600827E-06
   257.610597594      0.166972286960E-06
   263.893782902      0.154619636311E-06
   270.176968209      0.129087034931E-06
   276.460153516      0.114311193441E-06
   282.743338823      0.978011791165E-07
   289.026524130      0.860496779950E-07
   295.309709437      0.721506598705E-07
   301.592894745      0.638375410137E-07
   307.876080052      0.540986345913E-07
   314.159265359      0.468303256674E-07
   320.442450666      0.383545169592E-07
   326.725635973      0.334704815483E-07
   333.008821281      0.274857306829E-07
   339.292006588      0.230964920801E-07
   345.575191895      0.188734121189E-07
   351.858377202      0.157307041101E-07
   358.141562509      0.126260491014E-07
   364.424747816      0.102227733567E-07
   370.707933124      0.850859878577E-08
   376.991118431      0.672658101861E-08
   383.274303738      0.539183804442E-08
   389.557489045      0.432184511781E-08
   395.840674352      0.349321534111E-08
   402.123859659      0.275355552817E-08
   408.407044967      0.215969648810E-08
   414.690230274      0.179068669799E-08
   420.973415581      0.137668159747E-08
   427.256600888      0.111184971439E-08
   433.539786195      0.886653144571E-09
   439.822971503      0.707331750269E-09
   446.106156810      0.560120512170E-09
   452.389342117      0.454720699294E-09
   458.672527424      0.363122289028E-09
   464.955712731      0.292635242789E-09
   471.238898038      0.231464430790E-09
   477.522083346      0.189927015014E-09
   483.805268653      0.150388810579E-09
   490.088453960      0.122540805789E-09
   496.371639267      0.992161964538E-10
   502.654824574      0.808354217844E-10
   508.938009882      0.653222957212E-10
   515.221195189      0.534190305435E-10
   521.504380496      0.435949999227E-10
   527.787565803      0.352674910274E-10
   534.070751110      0.295192334418E-10
   540.353936417      0.260737521295E-10
   546.637121725      0.183379020618E-10
   552.920307032      0.150015851988E-10
   559.203492339      0.120159005509E-10
   565.486677646      0.100247069948E-10
   571.769862953      0.783437795880E-11
   578.053048261      0.625643455390E-11
   584.336233568      0.505122737336E-11
   590.619418875      0.397943285759E-11
   596.902604182      0.312799439562E-11
   603.185789489      0.246188566682E-11
   609.468974796      0.193827284788E-11
   615.752160104      0.152715665587E-11
   622.035345411      0.120141862882E-11
   628.318530718      0.936485050690E-12
   634.601716025      0.739312275745E-12
   640.884901332      0.574805691499E-12
   647.168086639      0.442330778347E-12
   653.451271947      0.346145690950E-12
   659.734457254      0.268337049907E-12
   666.017642561      0.203466802281E-12
   672.300827868      0.157186818270E-12
   678.584013175      0.118558227294E-12
   684.867198483      0.896291299802E-13
   691.150383790      0.674232516340E-13
   697.433569097      0.490591321553E-13
   703.716754404      0.363719758859E-13
   709.999939711      0.270523092119E-13
   716.283125018      0.197232412663E-13
   722.566310326      0.141998651253E-13
   728.849495633      0.974183203321E-14
   735.132680940      0.701969763815E-14
   741.415866247      0.476430764211E-14
   747.699051554      0.333038042402E-14
   753.982236862      0.215228497313E-14
   760.265422169      0.140965212303E-14
   766.548607476      0.850627091484E-15
   772.831792783      0.515346713813E-15
   779.114978090      0.317008808979E-15
   785.398163397      0.183814731532E-15
   791.681348705      0.108283078346E-15
   797.964534012      0.592923127718E-16
   804.247719319      0.323640830907E-16
   810.530904626      0.159345070923E-16
   816.814089933      0.845059499200E-17
   823.097275241      0.374950935337E-17
   829.380460548      0.171082382168E-17
   835.663645855      0.787132371254E-18
   841.946831162      0.373513875872E-18
   848.230016469      0.130838768765E-18
   854.513201776      0.503517446147E-19
   860.796387084      0.200001186793E-19
   867.079572391      0.844900000008E-20
   873.362757698      0.262344353333E-20
   879.645943005      0.932217332615E-21
   885.929128312      0.300630530309E-21
   892.212313620      0.102640691622E-21
   898.495498927      0.502725367357E-22
   904.778684234      0.151437646851E-22
   911.061869541      0.429953727207E-23
   917.345054848      0.561428913803E-24
   923.628240155      0.425154594201E-24
   929.911425463      0.303777626659E-25
   936.194610770      0.112133371513E-35
   942.477796077      0.111501456049E-35
   948.760981384      0.107097748505E-35
   955.044166691      0.103882144143E-35
   961.327351998      0.104971348587E-35
   967.610537306      0.102086234837E-35
   973.893722613      0.981321769400E-36
   980.176907920      0.971555172984E-36
   986.460093227      0.926985596965E-36
   992.743278534      0.943127133481E-36
   999.026463842      0.895521134782E-36
   1005.30964915      0.900442833584E-36
   1011.59283446      0.822628677215E-36
   1017.87601976      0.818882624894E-36
   1024.15920507      0.794773638583E-36
   1030.44239038      0.742792003632E-36
   1036.72557568      0.774192536244E-36
   1043.00876099      0.703055590368E-36
   1049.29194630      0.701805313789E-36
   1055.57513161      0.668851463059E-36
   1061.85831691      0.641017632208E-36
   1068.14150222      0.666007470558E-36
   1074.42468753      0.583980369037E-36
   1080.70787283      0.591727015072E-36
   1086.99105814      0.550223569515E-36
   1093.27424345      0.530011635179E-36
   1099.55742876      0.525046755526E-36
   1105.84061406      0.463100239413E-36
   1112.12379937      0.497558036408E-36
   1118.40698468      0.419810091050E-36
   1124.69016999      0.423156201567E-36
   1130.97335529      0.361759152870E-36
   1137.25654060      0.324155760057E-36
   1143.53972591      0.286893482601E-36
   1149.82291121      0.257632993656E-36
   1156.10609652      0.244746269646E-36
   1162.38928183      0.229213454097E-36
   1168.67246714      0.216307159555E-36
   1174.95565244      0.198091143983E-36
   1181.23883775      0.186704853494E-36
   1187.52202306      0.172006369532E-36
   1193.80520836      0.161801612448E-36
   1200.08839367      0.149519568187E-36
   1206.37157898      0.143438788043E-36
   1212.65476429      0.130651910265E-36
   1218.93794959      0.124974553695E-36
   1225.22113490      0.116985991222E-36
   1231.50432021      0.106030828445E-36
   1237.78750551      0.967564398580E-37
   1244.07069082      0.917053095833E-37
   1250.35387613      0.866427964019E-37
   1256.63706144      0.801796834071E-37
   1262.92024674      0.708236465820E-37
   1269.20343205      0.674709970902E-37
   1275.48661736      0.592727813251E-37
   1281.76980266      0.550477010259E-37
   1288.05298797      0.481758219724E-37
   1294.33617328      0.474980695272E-37
   1300.61935859      0.412340549475E-37
   1306.90254389      0.343395250563E-37
   1313.18572920      0.317917306459E-37
   1319.46891451      0.310170081617E-37
   1325.75209981      0.265343129128E-37
   1332.03528512      0.199199024536E-37
   1338.31847043      0.155302823942E-37
   1344.60165574      0.176959396183E-37
   1350.88484104      0.146704411573E-37
   1357.16802635      0.973898907916E-38
   1363.45121166      0.561751436519E-38
   1369.73439697      0.686554532798E-38
   1376.01758227      0.375533952708E-38
   1382.30076758      0.185086251335E-38
   1388.58395289      0.492116325242E-39
   1394.86713819      0.186137491370E-39
   6.28318530718      0.617638514349E-40
   12.5663706144      0.293817603862E-03
   18.8495559215      0.160398439181E-03
   25.1327412287      0.237060305783E-03
   31.4159265359      0.150705809891E-03
   37.6991118431      0.170646018284E-03
   43.9822971503      0.906569012742E-04
   50.2654824574      0.820831899995E-04
   56.5486677646      0.745496916052E-04
   62.8318530718      0.623715364951E-04
   69.1150383790      0.414566768057E-04
   75.3982236862      0.417627248461E-04
   81.6814089933      0.266508110854E-04
   87.9645943005      0.227203739554E-04
   94.2477796077      0.169343575822E-04
   100.530964915      0.140685882310E-04
   106.814150222      0.910748119021E-05
   113.097335529      0.871501752847E-05
   119.380520836      0.691397729183E-05
   125.663706144      0.535766144470E-05
   131.946891451      0.447327628509E-05
   138.230076758      0.378053712671E-05
   144.513262065      0.298797531844E-05
   150.796447372      0.248765583882E-05
   157.079632679      0.210027659645E-05
   163.362817987      0.177585520889E-05
   169.646003294      0.146582134140E-05
   175.929188601      0.126308357775E-05
   182.212373908      0.101743170793E-05
   188.495559215      0.888582419350E-06
   194.778744523      0.691276810244E-06
   201.061929830      0.665667556001E-06
   207.345115137      0.530909106575E-06
   213.628300444      0.494311703843E-06
   219.911485751      0.420634255948E-06
   226.194671058      0.376644079720E-06
   232.477856366      0.314012229654E-06
   238.761041673      0.285206514564E-06
   245.044226980      0.240765532462E-06
   251.327412287      0.219976625634E-06
   257.610597594      0.183412579277E-06
   263.893782902      0.169074397716E-06
   270.176968209      0.142698790161E-06
   276.460153516      0.125552556734E-06
   282.743338823      0.107626844693E-06
   289.026524130      0.954476020956E-07
   295.309709437      0.798637769085E-07
   301.592894745      0.708691307730E-07
   307.876080052      0.605670981929E-07
   314.159265359      0.526872139810E-07
   320.442450666      0.429716796206E-07
   326.725635973      0.379371590687E-07
   333.008821281      0.312866267186E-07
   339.292006588      0.263497410910E-07
   345.575191895      0.216543445973E-07
   351.858377202      0.181992730775E-07
   358.141562509      0.146583814730E-07
   364.424747816      0.119467393688E-07
   370.707933124      0.100112437705E-07
   376.991118431      0.794850169144E-08
   383.274303738      0.639104233044E-08
   389.557489045      0.515907580418E-08
   395.840674352      0.419654474695E-08
   402.123859659      0.331138995973E-08
   408.407044967      0.261095540018E-08
   414.690230274      0.217707133870E-08
   420.973415581      0.168151309490E-08
   427.256600888      0.135645964263E-08
   433.539786195      0.108928254577E-08
   439.822971503      0.873160493147E-09
   446.106156810      0.689301321490E-09
   452.389342117      0.562942244485E-09
   458.672527424      0.451452112833E-09
   464.955712731      0.364022019192E-09
   471.238898038      0.287813258206E-09
   477.522083346      0.237901531865E-09
   483.805268653      0.188185655943E-09
   490.088453960      0.153798674307E-09
   496.371639267      0.124736275423E-09
   502.654824574      0.102084174301E-09
   508.938009882      0.824206963853E-10
   515.221195189      0.676290812693E-10
   521.504380496      0.555399399552E-10
   527.787565803      0.449247097037E-10
   534.070751110      0.376671562153E-10
   540.353936417      0.330422614072E-10
   546.637121725      0.234797875966E-10
   552.920307032      0.192236139962E-10
   559.203492339      0.154400074253E-10
   565.486677646      0.129428377735E-10
   571.769862953      0.101589709981E-10
   578.053048261      0.813946198869E-11
   584.336233568      0.659833708206E-11
   590.619418875      0.523655924988E-11
   596.902604182      0.413537873327E-11
   603.185789489      0.329015447333E-11
   609.468974796      0.261835503755E-11
   615.752160104      0.207645501943E-11
   622.035345411      0.164517485416E-11
   628.318530718      0.129786224964E-11
   634.601716025      0.103376735757E-11
   640.884901332      0.808241533570E-12
   647.168086639      0.629628619651E-12
   653.451271947      0.498563230829E-12
   659.734457254      0.389440082477E-12
   666.017642561      0.298711701964E-12
   672.300827868      0.233689392200E-12
   678.584013175      0.177958518662E-12
   684.867198483      0.136017737441E-12
   691.150383790      0.104129470458E-12
   697.433569097      0.768974844163E-13
   703.716754404      0.576289820291E-13
   709.999939711      0.433480036440E-13
   716.283125018      0.321021251911E-13
   722.566310326      0.234120127672E-13
   728.849495633      0.163473107708E-13
   735.132680940      0.120161756349E-13
   741.415866247      0.834027014563E-14
   747.699051554      0.590262108583E-14
   753.982236862      0.392696583678E-14
   760.265422169      0.263380800569E-14
   766.548607476      0.165941284670E-14
   772.831792783      0.104920501241E-14
   779.114978090      0.667254545752E-15
   785.398163397      0.407542540091E-15
   791.681348705      0.246738537943E-15
   797.964534012      0.143571775887E-15
   804.247719319      0.816660499896E-16
   810.530904626      0.424708424869E-16
   816.814089933      0.238406692043E-16
   823.097275241      0.111720618721E-16
   829.380460548      0.540171423820E-17
   835.663645855      0.259863123427E-17
   841.946831162      0.131166219657E-17
   848.230016469      0.495509587021E-18
   854.513201776      0.203173800963E-18
   860.796387084      0.859432713019E-19
   867.079572391      0.384794141829E-19
   873.362757698      0.130959857793E-19
   879.645943005      0.503936003002E-20
   885.929128312      0.174953051055E-20
   892.212313620      0.612146398622E-21
   898.495498927      0.304207382617E-21
   904.778684234      0.915593941028E-22
   911.061869541      0.261081772081E-22
   917.345054848      0.358688572806E-23
   923.628240155      0.266289488727E-23
   929.911425463      0.207959267945E-24
   936.194610770      0.109959458315E-35
   942.477796077      0.110186318466E-35
   948.760981384      0.110621854174E-35
   955.044166691      0.105032208699E-35
   961.327351998      0.105133787470E-35
   967.610537306      0.101748194248E-35
   973.893722613      0.994061378433E-36
   980.176907920      0.974634979137E-36
   986.460093227      0.916862710112E-36
   992.743278534      0.937101671012E-36
   999.026463842      0.891442593067E-36
   1005.30964915      0.893664428518E-36
   1011.59283446      0.827849511260E-36
   1017.87601976      0.834667145624E-36
   1024.15920507      0.793725209121E-36
   1030.44239038      0.734532775761E-36
   1036.72557568      0.771591689489E-36
   1043.00876099      0.703383181878E-36
   1049.29194630      0.697996477270E-36
   1055.57513161      0.675964405073E-36
   1061.85831691      0.627497275792E-36
   1068.14150222      0.655373613035E-36
   1074.42468753      0.573918156369E-36
   1080.70787283      0.591970585085E-36
   1086.99105814      0.558244943092E-36
   1093.27424345      0.518795028108E-36
   1099.55742876      0.532481781465E-36
   1105.84061406      0.458543182961E-36
   1112.12379937      0.499801855125E-36
   1118.40698468      0.417036623992E-36
   1124.69016999      0.406095357247E-36
   1130.97335529      0.357780311088E-36
   1137.25654060      0.314307398896E-36
   1143.53972591      0.283266069458E-36
   1149.82291121      0.254506943350E-36
   1156.10609652      0.243287478978E-36
   1162.38928183      0.225474893381E-36
   1168.67246714      0.214086882194E-36
   1174.95565244      0.197573308117E-36
   1181.23883775      0.188082865674E-36
   1187.52202306      0.172224971246E-36
   1193.80520836      0.162746448027E-36
   1200.08839367      0.150900524065E-36
   1206.37157898      0.142249660033E-36
   1212.65476429      0.127318930170E-36
   1218.93794959      0.120982465282E-36
   1225.22113490      0.114784354616E-36
   1231.50432021      0.105491490537E-36
   1237.78750551      0.947893469740E-37
   1244.07069082      0.926370638092E-37
   1250.35387613      0.869783796307E-37
   1256.63706144      0.792739639900E-37
   1262.92024674      0.696321067065E-37
   1269.20343205      0.664217566535E-37
   1275.48661736      0.587417899119E-37
   1281.76980266      0.570436118284E-37
   1288.05298797      0.491718318477E-37
   1294.33617328      0.476945654245E-37
   1300.61935859      0.402875984026E-37
   1306.90254389      0.351022715879E-37
   1313.18572920      0.301372065405E-37
   1319.46891451      0.310232186856E-37
   1325.75209981      0.257900172312E-37
   1332.03528512      0.206751280899E-37
   1338.31847043      0.149583885967E-37
   1344.60165574      0.174819338202E-37
   1350.88484104      0.146162882660E-37
   1357.16802635      0.985852406018E-38
   1363.45121166      0.555969706616E-38
   1369.73439697      0.714536411005E-38
   1376.01758227      0.453006519506E-38
   1382.30076758      0.190813089142E-38
   1388.58395289      0.361376761650E-39
   1394.86713819      0.293264751356E-40
   6.28318530718      0.267034722448E-40
   12.5663706144      0.283781523195E-03
   18.8495559215      0.155383240542E-03
   25.1327412287      0.230532790575E-03
   31.4159265359      0.151532997910E-03
   37.6991118431      0.171224485562E-03
   43.9822971503      0.910515843874E-04
   50.2654824574      0.840148751558E-04
   56.5486677646      0.762053158672E-04
   62.8318530718      0.628683949803E-04
   69.1150383790      0.420230879677E-04
   75.3982236862      0.429636498223E-04
   81.6814089933      0.274240627522E-04
   87.9645943005      0.235457448367E-04
   94.2477796077      0.177203346716E-04
   100.530964915      0.146859815562E-04
   106.814150222      0.975148759832E-05
   113.097335529      0.924852843588E-05
   119.380520836      0.721921940371E-05
   125.663706144      0.552774663441E-05
   131.946891451      0.474826726727E-05
   138.230076758      0.394445617205E-05
   144.513262065      0.304352672882E-05
   150.796447372      0.262532176520E-05
   157.079632679      0.226374397546E-05
   163.362817987      0.189708162908E-05
   169.646003294      0.157946585371E-05
   175.929188601      0.138855801327E-05
   182.212373908      0.111434354031E-05
   188.495559215      0.965567917549E-06
   194.778744523      0.754553575687E-06
   201.061929830      0.733989665140E-06
   207.345115137      0.582544511388E-06
   213.628300444      0.539401928685E-06
   219.911485751      0.458075156719E-06
   226.194671058      0.411302832443E-06
   232.477856366      0.346865451461E-06
   238.761041673      0.308313063528E-06
   245.044226980      0.263091609725E-06
   251.327412287      0.241149376649E-06
   257.610597594      0.200350108995E-06
   263.893782902      0.184726280965E-06
   270.176968209      0.157018378265E-06
   276.460153516      0.137595027408E-06
   282.743338823      0.118115346727E-06
   289.026524130      0.105478463974E-06
   295.309709437      0.880238523368E-07
   301.592894745      0.783952554337E-07
   307.876080052      0.673664336599E-07
   314.159265359      0.588395816816E-07
   320.442450666      0.478849567263E-07
   326.725635973      0.426957350221E-07
   333.008821281      0.353142692115E-07
   339.292006588      0.298063673406E-07
   345.575191895      0.245941333415E-07
   351.858377202      0.208671950504E-07
   358.141562509      0.168475957026E-07
   364.424747816      0.138218880471E-07
   370.707933124      0.116584751550E-07
   376.991118431      0.929521931854E-08
   383.274303738      0.749950650031E-08
   389.557489045      0.608187720966E-08
   395.840674352      0.498323046148E-08
   402.123859659      0.393540529014E-08
   408.407044967      0.311948743730E-08
   414.690230274      0.260830881657E-08
   420.973415581      0.202680694561E-08
   427.256600888      0.163225104656E-08
   433.539786195      0.131686221158E-08
   439.822971503      0.105948517553E-08
   446.106156810      0.835181036161E-09
   452.389342117      0.684449210800E-09
   458.672527424      0.550719402426E-09
   464.955712731      0.444644679632E-09
   471.238898038      0.351190443009E-09
   477.522083346      0.291782400550E-09
   483.805268653      0.230543159649E-09
   490.088453960      0.188850440297E-09
   496.371639267      0.153338328659E-09
   502.654824574      0.125953166277E-09
   508.938009882      0.101674364746E-09
   515.221195189      0.836430992368E-10
   521.504380496      0.690577020370E-10
   527.787565803      0.558209865263E-10
   534.070751110      0.469357984195E-10
   540.353936417      0.409394407459E-10
   546.637121725      0.292389028700E-10
   552.920307032      0.239285680506E-10
   559.203492339      0.192617022689E-10
   565.486677646      0.161946333141E-10
   571.769862953      0.127628981864E-10
   578.053048261      0.102435585242E-10
   584.336233568      0.832341047867E-11
   590.619418875      0.664760425958E-11
   596.902604182      0.526189768153E-11
   603.185789489      0.422420737059E-11
   609.468974796      0.338789017046E-11
   615.752160104      0.270185926471E-11
   622.035345411      0.214941520835E-11
   628.318530718      0.171196545730E-11
   634.601716025      0.137265568144E-11
   640.884901332      0.107702108386E-11
   647.168086639      0.847329614906E-12
   653.451271947      0.676158640065E-12
   659.734457254      0.530624436594E-12
   666.017642561      0.410006983397E-12
   672.300827868      0.323834750701E-12
   678.584013175      0.248113643817E-12
   684.867198483      0.191138846624E-12
   691.150383790      0.148237274176E-12
   697.433569097      0.110866300028E-12
   703.716754404      0.835882795102E-13
   709.999939711      0.633729909287E-13
   716.283125018      0.476037467244E-13
   722.566310326      0.350645145534E-13
   728.849495633      0.248276979611E-13
   735.132680940      0.185669583382E-13
   741.415866247      0.131067710317E-13
   747.699051554      0.936051051135E-14
   753.982236862      0.638437570550E-14
   760.265422169      0.436816176944E-14
   766.548607476      0.284689264529E-14
   772.831792783      0.186508612459E-14
   779.114978090      0.121995333318E-14
   785.398163397      0.776818092765E-15
   791.681348705      0.482684316529E-15
   797.964534012      0.294706077154E-15
   804.247719319      0.174330039369E-15
   810.530904626      0.946811813509E-16
   816.814089933      0.562810791374E-16
   823.097275241      0.276050810018E-16
   829.380460548      0.141203903361E-16
   835.663645855      0.705891868468E-17
   841.946831162      0.377181337987E-17
   848.230016469      0.153300163758E-17
   854.513201776      0.667838838991E-18
   860.796387084      0.300077624407E-18
   867.079572391      0.141354550914E-18
   873.362757698      0.526720354219E-19
   879.645943005      0.219563078540E-19
   885.929128312      0.821955960519E-20
   892.212313620      0.297388134916E-20
   898.495498927      0.154162069210E-20
   904.778684234      0.478272040387E-21
   911.061869541      0.137923730872E-21
   917.345054848      0.196017751443E-22
   923.628240155      0.139651052518E-22
   929.911425463      0.101625960506E-23
   936.194610770      0.112405769294E-35
   942.477796077      0.111129805476E-35
   948.760981384      0.106890902657E-35
   955.044166691      0.103854335586E-35
   961.327351998      0.104899953715E-35
   967.610537306      0.102218652779E-35
   973.893722613      0.976596834000E-36
   980.176907920      0.981432319124E-36
   986.460093227      0.945252558944E-36
   992.743278534      0.940933747488E-36
   999.026463842      0.900273420839E-36
   1005.30964915      0.894506280977E-36
   1011.59283446      0.818677433198E-36
   1017.87601976      0.822058297012E-36
   1024.15920507      0.791102202449E-36
   1030.44239038      0.729788384399E-36
   1036.72557568      0.755044372288E-36
   1043.00876099      0.700806661609E-36
   1049.29194630      0.684006557492E-36
   1055.57513161      0.671737795855E-36
   1061.85831691      0.627005223985E-36
   1068.14150222      0.656334343895E-36
   1074.42468753      0.582483392416E-36
   1080.70787283      0.592872867850E-36
   1086.99105814      0.559553523501E-36
   1093.27424345      0.520480654942E-36
   1099.55742876      0.537721090722E-36
   1105.84061406      0.469045450645E-36
   1112.12379937      0.490077438639E-36
   1118.40698468      0.416851508966E-36
   1124.69016999      0.418872845570E-36
   1130.97335529      0.358171095066E-36
   1137.25654060      0.311170051192E-36
   1143.53972591      0.285093902171E-36
   1149.82291121      0.255365370812E-36
   1156.10609652      0.243542738221E-36
   1162.38928183      0.221901349274E-36
   1168.67246714      0.211408157163E-36
   1174.95565244      0.195384856559E-36
   1181.23883775      0.184851680463E-36
   1187.52202306      0.170646651749E-36
   1193.80520836      0.159661355206E-36
   1200.08839367      0.150167939000E-36
   1206.37157898      0.141541085700E-36
   1212.65476429      0.127065466837E-36
   1218.93794959      0.119975909063E-36
   1225.22113490      0.113461671150E-36
   1231.50432021      0.105537543147E-36
   1237.78750551      0.951707919729E-37
   1244.07069082      0.907808305181E-37
   1250.35387613      0.850745970280E-37
   1256.63706144      0.789700601336E-37
   1262.92024674      0.679080745097E-37
   1269.20343205      0.649254241589E-37
   1275.48661736      0.554927375179E-37
   1281.76980266      0.516416087064E-37
   1288.05298797      0.463208585162E-37
   1294.33617328      0.459021280335E-37
   1300.61935859      0.408622402350E-37
   1306.90254389      0.339382158576E-37
   1313.18572920      0.299511365365E-37
   1319.46891451      0.307729746204E-37
   1325.75209981      0.263983683553E-37
   1332.03528512      0.203000800486E-37
   1338.31847043      0.146530165644E-37
   1344.60165574      0.162428441606E-37
   1350.88484104      0.132885682769E-37
   1357.16802635      0.918488937107E-38
   1363.45121166      0.490900413677E-38
   1369.73439697      0.659843488130E-38
   1376.01758227      0.340628963043E-38
   1382.30076758      0.145117627602E-38
   1388.58395289      0.164616876758E-39
   1394.86713819      0.889239719833E-40
   6.28318530718      0.484231503061E-41
   12.5663706144      0.274028544535E-03
   18.8495559215      0.150763469136E-03
   25.1327412287      0.224285214945E-03
   31.4159265359      0.152333978567E-03
   37.6991118431      0.171326853984E-03
   43.9822971503      0.914207522078E-04
   50.2654824574      0.862011401286E-04
   56.5486677646      0.774913676804E-04
   62.8318530718      0.629998669572E-04
   69.1150383790      0.428083158102E-04
   75.3982236862      0.437080352139E-04
   81.6814089933      0.279146351687E-04
   87.9645943005      0.243022629347E-04
   94.2477796077      0.185732484486E-04
   100.530964915      0.153240154299E-04
   106.814150222      0.105628693337E-04
   113.097335529      0.986449622973E-05
   119.380520836      0.757547373177E-05
   125.663706144      0.577865187106E-05
   131.946891451      0.507598043348E-05
   138.230076758      0.408683156659E-05
   144.513262065      0.308256004248E-05
   150.796447372      0.278276468105E-05
   157.079632679      0.242417462456E-05
   163.362817987      0.200007118341E-05
   169.646003294      0.166994457323E-05
   175.929188601      0.150630425184E-05
   182.212373908      0.121523194249E-05
   188.495559215      0.105385141529E-05
   194.778744523      0.824413450520E-06
   201.061929830      0.808346125219E-06
   207.345115137      0.641395800722E-06
   213.628300444      0.589899785582E-06
   219.911485751      0.501697882660E-06
   226.194671058      0.448043726549E-06
   232.477856366      0.383188887475E-06
   238.761041673      0.334116457582E-06
   245.044226980      0.286398637449E-06
   251.327412287      0.263389094731E-06
   257.610597594      0.218058041106E-06
   263.893782902      0.202203655595E-06
   270.176968209      0.171725567226E-06
   276.460153516      0.150788293548E-06
   282.743338823      0.129583340947E-06
   289.026524130      0.116153268678E-06
   295.309709437      0.967968055529E-07
   301.592894745      0.864913494255E-07
   307.876080052      0.746510017332E-07
   314.159265359      0.652656563560E-07
   320.442450666      0.532392122806E-07
   326.725635973      0.476698919070E-07
   333.008821281      0.395985485433E-07
   339.292006588      0.334805618696E-07
   345.575191895      0.276771013235E-07
   351.858377202      0.237392838687E-07
   358.141562509      0.191934785094E-07
   364.424747816      0.158418351580E-07
   370.707933124      0.134286720964E-07
   376.991118431      0.107708590457E-07
   383.274303738      0.871699108069E-08
   389.557489045      0.709494700125E-08
   395.840674352      0.584809365115E-08
   402.123859659      0.463351454629E-08
   408.407044967      0.368622115299E-08
   414.690230274      0.308533407486E-08
   420.973415581      0.241126602201E-08
   427.256600888      0.194311764499E-08
   433.539786195      0.156953722975E-08
   439.822971503      0.126582154934E-08
   446.106156810      0.998527671118E-09
   452.389342117      0.819444107718E-09
   458.672527424      0.660595945801E-09
   464.955712731      0.534386041568E-09
   471.238898038      0.421776732977E-09
   477.522083346      0.351198132782E-09
   483.805268653      0.277247442855E-09
   490.088453960      0.227503856693E-09
   496.371639267      0.184908996388E-09
   502.654824574      0.152255261768E-09
   508.938009882      0.122993717579E-09
   515.221195189      0.101359089675E-09
   521.504380496      0.840069562384E-10
   527.787565803      0.678539789832E-10
   534.070751110      0.572594129307E-10
   540.353936417      0.497026686489E-10
   546.637121725      0.354620507726E-10
   552.920307032      0.289854999057E-10
   559.203492339      0.233726747327E-10
   565.486677646      0.196661684698E-10
   571.769862953      0.155621462187E-10
   578.053048261      0.124944881599E-10
   584.336233568      0.101663444251E-10
   590.619418875      0.816417635390E-11
   596.902604182      0.646755984228E-11
   603.185789489      0.523168800272E-11
   609.468974796      0.421813972184E-11
   615.752160104      0.337983120927E-11
   622.035345411      0.269445033407E-11
   628.318530718      0.216154946334E-11
   634.601716025      0.174093355041E-11
   640.884901332      0.136953718857E-11
   647.168086639      0.108606806727E-11
   653.451271947      0.870597176062E-12
   659.734457254      0.685290095734E-12
   666.017642561      0.531410143272E-12
   672.300827868      0.422977546963E-12
   678.584013175      0.325172974841E-12
   684.867198483      0.251818874815E-12
   691.150383790      0.197147103053E-12
   697.433569097      0.149000045549E-12
   703.716754404      0.112618987622E-12
   709.999939711      0.857915727638E-13
   716.283125018      0.653077865571E-13
   722.566310326      0.484681378218E-13
   728.849495633      0.346849534719E-13
   735.132680940      0.263055210558E-13
   741.415866247      0.188071120884E-13
   747.699051554      0.135130898685E-13
   753.982236862      0.941858694959E-14
   760.265422169      0.654776821166E-14
   766.548607476      0.438290766761E-14
   772.831792783      0.295090729038E-14
   779.114978090      0.197878700915E-14
   785.398163397      0.129778162997E-14
   791.681348705      0.827728063981E-15
   797.964534012      0.522076710834E-15
   804.247719319      0.320870785644E-15
   810.530904626      0.179537987535E-15
   816.814089933      0.112619311182E-15
   823.097275241      0.571937460602E-16
   829.380460548      0.308642805669E-16
   835.663645855      0.159119370591E-16
   841.946831162      0.892727546813E-17
   848.230016469      0.388338590525E-17
   854.513201776      0.178218310594E-17
   860.796387084      0.845674067772E-18
   867.079572391      0.415564872806E-18
   873.362757698      0.168542014841E-18
   879.645943005      0.756516633479E-19
   885.929128312      0.304117390227E-19
   892.212313620      0.113878535376E-19
   898.495498927      0.625992824283E-20
   904.778684234      0.205966892029E-20
   911.061869541      0.612940551270E-21
   917.345054848      0.906197782373E-22
   923.628240155      0.639921665631E-22
   929.911425463      0.479556117855E-23
   936.194610770      0.110286516016E-35
   942.477796077      0.108530563409E-35
   948.760981384      0.107733047044E-35
   955.044166691      0.103773061533E-35
   961.327351998      0.101448487242E-35
   967.610537306      0.100476247742E-35
   973.893722613      0.978213618132E-36
   980.176907920      0.962726861079E-36
   986.460093227      0.931183936612E-36
   992.743278534      0.918579016828E-36
   999.026463842      0.868521902080E-36
   1005.30964915      0.887428203786E-36
   1011.59283446      0.814393331686E-36
   1017.87601976      0.814336498227E-36
   1024.15920507      0.798867469380E-36
   1030.44239038      0.728960821891E-36
   1036.72557568      0.766512460345E-36
   1043.00876099      0.698565007617E-36
   1049.29194630      0.678231820552E-36
   1055.57513161      0.659843455828E-36
   1061.85831691      0.618036429042E-36
   1068.14150222      0.650847354442E-36
   1074.42468753      0.571504815229E-36
   1080.70787283      0.587026813210E-36
   1086.99105814      0.549297301491E-36
   1093.27424345      0.513683833523E-36
   1099.55742876      0.513272610437E-36
   1105.84061406      0.456892346811E-36
   1112.12379937      0.472589476364E-36
   1118.40698468      0.412816795128E-36
   1124.69016999      0.419143115804E-36
   1130.97335529      0.360506590425E-36
   1137.25654060      0.314292545517E-36
   1143.53972591      0.283898860408E-36
   1149.82291121      0.254823257108E-36
   1156.10609652      0.239875545517E-36
   1162.38928183      0.220147532479E-36
   1168.67246714      0.207924445518E-36
   1174.95565244      0.192651593501E-36
   1181.23883775      0.184291045359E-36
   1187.52202306      0.171616938161E-36
   1193.80520836      0.158143039652E-36
   1200.08839367      0.146970035376E-36
   1206.37157898      0.140900011898E-36
   1212.65476429      0.124947082226E-36
   1218.93794959      0.118267361847E-36
   1225.22113490      0.112382597755E-36
   1231.50432021      0.104901753058E-36
   1237.78750551      0.943203426720E-37
   1244.07069082      0.894257789157E-37
   1250.35387613      0.852328226056E-37
   1256.63706144      0.783897532656E-37
   1262.92024674      0.686008175289E-37
   1269.20343205      0.657907083509E-37
   1275.48661736      0.565248707525E-37
   1281.76980266      0.521919256816E-37
   1288.05298797      0.463692840524E-37
   1294.33617328      0.457559362407E-37
   1300.61935859      0.399266038285E-37
   1306.90254389      0.330633352573E-37
   1313.18572920      0.291388357606E-37
   1319.46891451      0.302265454726E-37
   1325.75209981      0.253467193324E-37
   1332.03528512      0.206705481751E-37
   1338.31847043      0.157857501573E-37
   1344.60165574      0.183812467847E-37
   1350.88484104      0.139824682187E-37
   1357.16802635      0.953108172127E-38
   1363.45121166      0.495897722753E-38
   1369.73439697      0.629165616423E-38
   1376.01758227      0.375253005580E-38
   1382.30076758      0.187222012604E-38
   1388.58395289      0.283985272689E-39
   1394.86713819      0.514063827643E-40
   6.28318530718      0.366493172327E-40
   12.5663706144      0.264568155629E-03
   18.8495559215      0.146530493856E-03
   25.1327412287      0.218340552249E-03
   31.4159265359      0.153054514827E-03
   37.6991118431      0.170896517677E-03
   43.9822971503      0.918486049323E-04
   50.2654824574      0.885980239682E-04
   56.5486677646      0.783708328211E-04
   62.8318530718      0.628026129619E-04
   69.1150383790      0.438543303066E-04
   75.3982236862      0.440335744577E-04
   81.6814089933      0.281131469653E-04
   87.9645943005      0.250510851703E-04
   94.2477796077      0.194636588475E-04
   100.530964915      0.159420909501E-04
   106.814150222      0.114383396497E-04
   113.097335529      0.105077223588E-04
   119.380520836      0.800421611547E-05
   125.663706144      0.612221567944E-05
   131.946891451      0.544304998744E-05
   138.230076758      0.424642684827E-05
   144.513262065      0.316006650117E-05
   150.796447372      0.296568674946E-05
   157.079632679      0.258901449747E-05
   163.362817987      0.209127296610E-05
   169.646003294      0.173871039757E-05
   175.929188601      0.160805531970E-05
   182.212373908      0.131119713149E-05
   188.495559215      0.115035503578E-05
   194.778744523      0.895887751479E-06
   201.061929830      0.885290556893E-06
   207.345115137      0.705333054221E-06
   213.628300444      0.650130020026E-06
   219.911485751      0.552377633346E-06
   226.194671058      0.488237520749E-06
   232.477856366      0.422323542818E-06
   238.761041673      0.365113510991E-06
   245.044226980      0.311018224504E-06
   251.327412287      0.286586681539E-06
   257.610597594      0.237451432924E-06
   263.893782902      0.221674176427E-06
   270.176968209      0.186780149141E-06
   276.460153516      0.165221025719E-06
   282.743338823      0.142185291640E-06
   289.026524130      0.127536037762E-06
   295.309709437      0.106281558955E-06
   301.592894745      0.952097010184E-07
   307.876080052      0.825107000792E-07
   314.159265359      0.720320007806E-07
   320.442450666      0.591155121676E-07
   326.725635973      0.528487981899E-07
   333.008821281      0.441992322243E-07
   339.292006588      0.374174779394E-07
   345.575191895      0.309513449163E-07
   351.858377202      0.268237776451E-07
   358.141562509      0.217311034591E-07
   364.424747816      0.180267098596E-07
   370.707933124      0.153092378348E-07
   376.991118431      0.123857591803E-07
   383.274303738      0.100412423396E-07
   389.557489045      0.821391903220E-08
   395.840674352      0.678314258709E-08
   402.123859659      0.541098189952E-08
   408.407044967      0.431539929565E-08
   414.690230274      0.361109369009E-08
   420.973415581      0.283301417378E-08
   427.256600888      0.229124158210E-08
   433.539786195      0.184940068762E-08
   439.822971503      0.149272392430E-08
   446.106156810      0.117996812446E-08
   452.389342117      0.968091433372E-09
   458.672527424      0.781595226357E-09
   464.955712731      0.632952158473E-09
   471.238898038      0.500121272558E-09
   477.522083346      0.415743852223E-09
   483.805268653      0.328483142576E-09
   490.088453960      0.269631484767E-09
   496.371639267      0.219541755435E-09
   502.654824574      0.180844340373E-09
   508.938009882      0.146380204871E-09
   515.221195189      0.120754050350E-09
   521.504380496      0.100328265802E-09
   527.787565803      0.809821704643E-10
   534.070751110      0.686029236090E-10
   540.353936417      0.592913643003E-10
   546.637121725      0.420066319422E-10
   552.920307032      0.342445606558E-10
   559.203492339      0.276598988102E-10
   565.486677646      0.232267096482E-10
   571.769862953      0.184525779174E-10
   578.053048261      0.148057777962E-10
   584.336233568      0.120625250753E-10
   590.619418875      0.972905631272E-11
   596.902604182      0.770926968840E-11
   603.185789489      0.627385430225E-11
   609.468974796      0.507604099152E-11
   615.752160104      0.408203009098E-11
   622.035345411      0.325810010428E-11
   628.318530718      0.262729319648E-11
   634.601716025      0.212168115172E-11
   640.884901332      0.167281987354E-11
   647.168086639      0.133511334014E-11
   653.451271947      0.107293063626E-11
   659.734457254      0.846245768828E-12
   666.017642561      0.656986329979E-12
   672.300827868      0.526302006496E-12
   678.584013175      0.405291774449E-12
   684.867198483      0.314753722529E-12
   691.150383790      0.248189899427E-12
   697.433569097      0.189023269631E-12
   703.716754404      0.142873611482E-12
   709.999939711      0.109024080228E-12
   716.283125018      0.840080031821E-13
   722.566310326      0.626452347881E-13
   728.849495633      0.451548485516E-13
   735.132680940      0.345896541078E-13
   741.415866247      0.249609587865E-13
   747.699051554      0.179855163710E-13
   753.982236862      0.127767520281E-13
   760.265422169      0.898478598241E-14
   766.548607476      0.614831902990E-14
   772.831792783      0.421510037923E-14
   779.114978090      0.289484210503E-14
   785.398163397      0.193149158856E-14
   791.681348705      0.126632351487E-14
   797.964534012      0.812130166093E-15
   804.247719319      0.518709682421E-15
   810.530904626      0.295385107981E-15
   816.814089933      0.193879694584E-15
   823.097275241      0.100948455979E-15
   829.380460548      0.571899905945E-16
   835.663645855      0.302205700522E-16
   841.946831162      0.175832799455E-16
   848.230016469      0.813432448423E-17
   854.513201776      0.388311205023E-17
   860.796387084      0.192855292347E-17
   867.079572391      0.982456113003E-18
   873.362757698      0.429790802444E-18
   879.645943005      0.205050174185E-18
   885.929128312      0.877765966289E-19
   892.212313620      0.339803121539E-19
   898.495498927      0.198496608832E-19
   904.778684234      0.702820768313E-20
   911.061869541      0.219644106399E-20
   917.345054848      0.338727521349E-21
   923.628240155      0.251578174897E-21
   929.911425463      0.244619542417E-22
   936.194610770      0.112123437085E-35
   942.477796077      0.108765873120E-35
   948.760981384      0.107093665653E-35
   955.044166691      0.102398379962E-35
   961.327351998      0.102365931624E-35
   967.610537306      0.994389899967E-36
   973.893722613      0.952847983961E-36
   980.176907920      0.952402838917E-36
   986.460093227      0.899220589045E-36
   992.743278534      0.910456648332E-36
   999.026463842      0.866171361032E-36
   1005.30964915      0.877339529158E-36
   1011.59283446      0.810204808280E-36
   1017.87601976      0.808051509030E-36
   1024.15920507      0.789163044964E-36
   1030.44239038      0.728054916985E-36
   1036.72557568      0.764008200235E-36
   1043.00876099      0.690791931573E-36
   1049.29194630      0.680518784327E-36
   1055.57513161      0.666801422535E-36
   1061.85831691      0.620562936575E-36
   1068.14150222      0.642721781364E-36
   1074.42468753      0.573585931701E-36
   1080.70787283      0.580338433716E-36
   1086.99105814      0.548037406400E-36
   1093.27424345      0.515100518323E-36
   1099.55742876      0.522737835746E-36
   1105.84061406      0.458916988805E-36
   1112.12379937      0.491552832179E-36
   1118.40698468      0.410783705945E-36
   1124.69016999      0.405198930951E-36
   1130.97335529      0.355785865650E-36
   1137.25654060      0.305034388225E-36
   1143.53972591      0.281785875369E-36
   1149.82291121      0.254058717865E-36
   1156.10609652      0.238702403945E-36
   1162.38928183      0.220456748208E-36
   1168.67246714      0.209367068542E-36
   1174.95565244      0.191703875766E-36
   1181.23883775      0.183991942285E-36
   1187.52202306      0.170131528437E-36
   1193.80520836      0.157353989849E-36
   1200.08839367      0.144893848060E-36
   1206.37157898      0.140785995148E-36
   1212.65476429      0.125701729346E-36
   1218.93794959      0.118065026381E-36
   1225.22113490      0.113413223465E-36
   1231.50432021      0.105383251407E-36
   1237.78750551      0.936080982188E-37
   1244.07069082      0.876970836699E-37
   1250.35387613      0.833539741588E-37
   1256.63706144      0.752939095538E-37
   1262.92024674      0.687562679166E-37
   1269.20343205      0.646546270180E-37
   1275.48661736      0.556035511360E-37
   1281.76980266      0.530630020783E-37
   1288.05298797      0.468743151989E-37
   1294.33617328      0.447771305476E-37
   1300.61935859      0.394850461690E-37
   1306.90254389      0.341534732905E-37
   1313.18572920      0.293693775494E-37
   1319.46891451      0.295501264718E-37
   1325.75209981      0.245966840003E-37
   1332.03528512      0.196076111559E-37
   1338.31847043      0.152067439693E-37
   1344.60165574      0.161525293031E-37
   1350.88484104      0.135696848447E-37
   1357.16802635      0.888197340821E-38
   1363.45121166      0.496944022371E-38
   1369.73439697      0.591584829554E-38
   1376.01758227      0.367259468879E-38
   1382.30076758      0.168830123623E-38
   1388.58395289      0.167991602534E-39
   1394.86713819      0.785128479977E-40
   6.28318530718      0.390210647880E-41
   12.5663706144      0.255405748208E-03
   18.8495559215      0.142668209863E-03
   25.1327412287      0.212702279642E-03
   31.4159265359      0.153629193929E-03
   37.6991118431      0.169886746750E-03
   43.9822971503      0.923877922953E-04
   50.2654824574      0.911107804478E-04
   56.5486677646      0.788302727316E-04
   62.8318530718      0.623455589946E-04
   69.1150383790      0.451401460412E-04
   75.3982236862      0.440012945197E-04
   81.6814089933      0.281236582477E-04
   87.9645943005      0.258532702829E-04
   94.2477796077      0.203727198883E-04
   100.530964915      0.165286397623E-04
   106.814150222      0.122833701632E-04
   113.097335529      0.111124479487E-04
   119.380520836      0.852342935602E-05
   125.663706144      0.652728539437E-05
   131.946891451      0.580378498798E-05
   138.230076758      0.445430937178E-05
   144.513262065      0.332396072978E-05
   150.796447372      0.316909270988E-05
   157.079632679      0.276877375181E-05
   163.362817987      0.219331214069E-05
   169.646003294      0.179883401903E-05
   175.929188601      0.170297512664E-05
   182.212373908      0.139676792042E-05
   188.495559215      0.124718443747E-05
   194.778744523      0.965486198696E-06
   201.061929830      0.962391602149E-06
   207.345115137      0.771325252016E-06
   213.628300444      0.718744612562E-06
   219.911485751      0.610680599065E-06
   226.194671058      0.531362089917E-06
   232.477856366      0.463834657641E-06
   238.761041673      0.401839208737E-06
   245.044226980      0.338705583911E-06
   251.327412287      0.311019494923E-06
   257.610597594      0.259291535790E-06
   263.893782902      0.243031891785E-06
   270.176968209      0.202517963104E-06
   276.460153516      0.180666428430E-06
   282.743338823      0.155889309260E-06
   289.026524130      0.139823371918E-06
   295.309709437      0.116494306059E-06
   301.592894745      0.104622775670E-06
   307.876080052      0.908441804432E-07
   314.159265359      0.792168506827E-07
   320.442450666      0.655125176437E-07
   326.725635973      0.582984776619E-07
   333.008821281      0.491489363929E-07
   339.292006588      0.416577479911E-07
   345.575191895      0.345244448019E-07
   351.858377202      0.301410302003E-07
   358.141562509      0.245012649263E-07
   364.424747816      0.204153888216E-07
   370.707933124      0.173371424020E-07
   376.991118431      0.141568018391E-07
   383.274303738      0.114820204691E-07
   389.557489045      0.945983372841E-08
   395.840674352      0.779499663257E-08
   402.123859659      0.627178866093E-08
   408.407044967      0.501392495887E-08
   414.690230274      0.419414283848E-08
   420.973415581      0.329502969430E-08
   427.256600888      0.267721618236E-08
   433.539786195      0.216026516034E-08
   439.822971503      0.174387224706E-08
   446.106156810      0.138061552419E-08
   452.389342117      0.113093764636E-08
   458.672527424      0.915198903918E-09
   464.955712731      0.740793665948E-09
   471.238898038      0.587057015656E-09
   477.522083346      0.485432352881E-09
   483.805268653      0.384960265426E-09
   490.088453960      0.315400787555E-09
   496.371639267      0.257512721450E-09
   502.654824574      0.211782736306E-09
   508.938009882      0.171979066762E-09
   515.221195189      0.141954063030E-09
   521.504380496      0.118128677171E-09
   527.787565803      0.952781130924E-10
   534.070751110      0.809574476269E-10
   540.353936417      0.697420494891E-10
   546.637121725      0.487806388050E-10
   552.920307032      0.395876012226E-10
   559.203492339      0.320054773793E-10
   565.486677646      0.267656630239E-10
   571.769862953      0.213277699933E-10
   578.053048261      0.170982038706E-10
   584.336233568      0.139517045259E-10
   590.619418875      0.112854731021E-10
   596.902604182      0.894740754837E-11
   603.185789489      0.731077823738E-11
   609.468974796      0.592919996710E-11
   615.752160104      0.478101319135E-11
   622.035345411      0.381892021430E-11
   628.318530718      0.309235135119E-11
   634.601716025      0.250044861038E-11
   640.884901332      0.197624083711E-11
   647.168086639      0.158544382509E-11
   653.451271947      0.127620099453E-11
   659.734457254      0.100767625634E-11
   666.017642561      0.782444402907E-12
   672.300827868      0.630052731355E-12
   678.584013175      0.485463591578E-12
   684.867198483      0.377286294006E-12
   691.150383790      0.299241619108E-12
   697.433569097      0.228878163575E-12
   703.716754404      0.172707575774E-12
   709.999939711      0.131657544328E-12
   716.283125018      0.102536492056E-12
   722.566310326      0.765691620394E-13
   728.849495633      0.554143938926E-13
   735.132680940      0.426668321965E-13
   741.415866247      0.310056380382E-13
   747.699051554      0.223061421731E-13
   753.982236862      0.161088729641E-13
   760.265422169      0.113952661043E-13
   766.548607476      0.794811313121E-14
   772.831792783      0.549350354961E-14
   779.114978090      0.386287079674E-14
   785.398163397      0.259396143917E-14
   791.681348705      0.174988610696E-14
   797.964534012      0.112678628884E-14
   804.247719319      0.747582875200E-15
   810.530904626      0.430430470245E-15
   816.814089933      0.291681985880E-15
   823.097275241      0.155050542614E-15
   829.380460548      0.914267888813E-16
   835.663645855      0.495075842843E-16
   841.946831162      0.293944928746E-16
   848.230016469      0.143764566897E-16
   854.513201776      0.703974497595E-17
   860.796387084      0.361095813363E-17
   867.079572391      0.190408993315E-17
   873.362757698      0.888062877140E-18
   879.645943005      0.440578520124E-18
   885.929128312      0.198202070995E-18
   892.212313620      0.794483558957E-19
   898.495498927      0.487949232129E-19
   904.778684234      0.185593407063E-19
   911.061869541      0.616093675910E-20
   917.345054848      0.986487462760E-21
   923.628240155      0.805293550039E-21
   929.911425463      0.106195387319E-21
   936.194610770      0.109469157739E-35
   942.477796077      0.107886927788E-35
   948.760981384      0.107067883267E-35
   955.044166691      0.103024795392E-35
   961.327351998      0.102361767220E-35
   967.610537306      0.100056094106E-35
   973.893722613      0.960410415450E-36
   980.176907920      0.973447365053E-36
   986.460093227      0.908857964813E-36
   992.743278534      0.907749028930E-36
   999.026463842      0.874152544364E-36
   1005.30964915      0.870295331838E-36
   1011.59283446      0.804655695527E-36
   1017.87601976      0.803355169124E-36
   1024.15920507      0.770588691381E-36
   1030.44239038      0.734326208183E-36
   1036.72557568      0.763386291684E-36
   1043.00876099      0.699151214943E-36
   1049.29194630      0.688299306962E-36
   1055.57513161      0.653052997245E-36
   1061.85831691      0.619772652326E-36
   1068.14150222      0.648932148576E-36
   1074.42468753      0.566100098380E-36
   1080.70787283      0.579571925216E-36
   1086.99105814      0.553347888534E-36
   1093.27424345      0.510539005769E-36
   1099.55742876      0.507391758863E-36
   1105.84061406      0.443104449798E-36
   1112.12379937      0.466467971501E-36
   1118.40698468      0.394937505977E-36
   1124.69016999      0.399225470880E-36
   1130.97335529      0.350775169546E-36
   1137.25654060      0.305970133125E-36
   1143.53972591      0.278729602375E-36
   1149.82291121      0.248717008101E-36
   1156.10609652      0.236207406599E-36
   1162.38928183      0.216844643307E-36
   1168.67246714      0.205338225689E-36
   1174.95565244      0.189220937398E-36
   1181.23883775      0.181172132993E-36
   1187.52202306      0.165419522634E-36
   1193.80520836      0.155954339118E-36
   1200.08839367      0.144961831545E-36
   1206.37157898      0.137590157098E-36
   1212.65476429      0.125597947510E-36
   1218.93794959      0.117023608434E-36
   1225.22113490      0.113576003444E-36
   1231.50432021      0.102245263366E-36
   1237.78750551      0.930870400004E-37
   1244.07069082      0.869751689422E-37
   1250.35387613      0.813194612311E-37
   1256.63706144      0.755492332149E-37
   1262.92024674      0.649927525285E-37
   1269.20343205      0.639797077814E-37
   1275.48661736      0.566582662164E-37
   1281.76980266      0.527667516854E-37
   1288.05298797      0.447922118553E-37
   1294.33617328      0.437532913346E-37
   1300.61935859      0.372503353605E-37
   1306.90254389      0.326741810267E-37
   1313.18572920      0.283381962787E-37
   1319.46891451      0.283323307924E-37
   1325.75209981      0.248182152221E-37
   1332.03528512      0.197545665573E-37
   1338.31847043      0.136122202097E-37
   1344.60165574      0.155989331269E-37
   1350.88484104      0.134201517587E-37
   1357.16802635      0.916985879570E-38
   1363.45121166      0.448380118876E-38
   1369.73439697      0.581193333149E-38
   1376.01758227      0.380825881537E-38
   1382.30076758      0.139942621687E-38
   1388.58395289      0.227116515304E-39
   1394.86713819      0.936580153299E-40
   6.28318530718      0.218796997773E-40
   12.5663706144      0.246542490157E-03
   18.8495559215      0.139154871668E-03
   25.1327412287      0.207358729733E-03
   31.4159265359      0.153990492733E-03
   37.6991118431      0.168270547831E-03
   43.9822971503      0.930564753737E-04
   50.2654824574      0.936124871722E-04
   56.5486677646      0.788969275332E-04
   62.8318530718      0.617272473435E-04
   69.1150383790      0.465818910984E-04
   75.3982236862      0.436630560763E-04
   81.6814089933      0.281164063416E-04
   87.9645943005      0.267516838051E-04
   94.2477796077      0.212887012670E-04
   100.530964915      0.170985836440E-04
   106.814150222      0.130508503947E-04
   113.097335529      0.116398183076E-04
   119.380520836      0.912823162083E-05
   125.663706144      0.693958356545E-05
   131.946891451      0.611211849195E-05
   138.230076758      0.471345776229E-05
   144.513262065      0.359431006822E-05
   150.796447372      0.338036954268E-05
   157.079632679      0.296203223662E-05
   163.362817987      0.233423294828E-05
   169.646003294      0.187353751529E-05
   175.929188601      0.180742942821E-05
   182.212373908      0.147976346611E-05
   188.495559215      0.134101549335E-05
   194.778744523      0.103480164629E-05
   201.061929830      0.104033999319E-05
   207.345115137      0.838301717703E-06
   213.628300444      0.786242022364E-06
   219.911485751      0.676379248511E-06
   226.194671058      0.576132616402E-06
   232.477856366      0.506362294487E-06
   238.761041673      0.442492311507E-06
   245.044226980      0.372138952884E-06
   251.327412287      0.337247656800E-06
   257.610597594      0.283666540997E-06
   263.893782902      0.266192084439E-06
   270.176968209      0.219435271019E-06
   276.460153516      0.196789042037E-06
   282.743338823      0.170641304573E-06
   289.026524130      0.153156966984E-06
   295.309709437      0.127377925993E-06
   301.592894745      0.114733390310E-06
   307.876080052      0.994605919876E-07
   314.159265359      0.868635819141E-07
   320.442450666      0.723221061187E-07
   326.725635973      0.641221558312E-07
   333.008821281      0.544352790823E-07
   339.292006588      0.462154484219E-07
   345.575191895      0.384952687677E-07
   351.858377202      0.337285841887E-07
   358.141562509      0.275105705441E-07
   364.424747816      0.230396174820E-07
   370.707933124      0.195877510448E-07
   376.991118431      0.161050349927E-07
   383.274303738      0.130617231143E-07
   389.557489045      0.108525626796E-07
   395.840674352      0.891088848781E-08
   402.123859659      0.722918305948E-08
   408.407044967      0.578753090297E-08
   414.690230274      0.485024773268E-08
   420.973415581      0.380997776476E-08
   427.256600888      0.310518122697E-08
   433.539786195      0.250797923365E-08
   439.822971503      0.202694648732E-08
   446.106156810      0.160491336770E-08
   452.389342117      0.131051584845E-08
   458.672527424      0.106431651107E-08
   464.955712731      0.860400900437E-09
   471.238898038      0.684165965246E-09
   477.522083346      0.561539059887E-09
   483.805268653      0.448089757423E-09
   490.088453960      0.365718959413E-09
   496.371639267      0.299393942703E-09
   502.654824574      0.245653706474E-09
   508.938009882      0.200232401143E-09
   515.221195189      0.165334179185E-09
   521.504380496      0.137736226658E-09
   527.787565803      0.111013194302E-09
   534.070751110      0.943938447534E-10
   540.353936417      0.812173600122E-10
   546.637121725      0.557910474882E-10
   552.920307032      0.449925748269E-10
   559.203492339      0.363144024518E-10
   565.486677646      0.302321389268E-10
   571.769862953      0.241160639508E-10
   578.053048261      0.193262051132E-10
   584.336233568      0.157936596514E-10
   590.619418875      0.127900059248E-10
   596.902604182      0.101534546840E-10
   603.185789489      0.831008136212E-11
   609.468974796      0.675485068663E-11
   615.752160104      0.545732257081E-11
   622.035345411      0.436100595457E-11
   628.318530718      0.354658963970E-11
   634.601716025      0.286926864772E-11
   640.884901332      0.227459490444E-11
   647.168086639      0.183196650507E-11
   653.451271947      0.147733772386E-11
   659.734457254      0.116678078232E-11
   666.017642561      0.905903241781E-12
   672.300827868      0.732055678108E-12
   678.584013175      0.563743602004E-12
   684.867198483      0.437693387403E-12
   691.150383790      0.348809346522E-12
   697.433569097      0.266900546753E-12
   703.716754404      0.200806552530E-12
   709.999939711      0.152581499393E-12
   716.283125018      0.119976219991E-12
   722.566310326      0.893532028450E-13
   728.849495633      0.647582892869E-13
   735.132680940      0.498972318109E-13
   741.415866247      0.364653764872E-13
   747.699051554      0.260546024114E-13
   753.982236862      0.190627131573E-13
   760.265422169      0.134845962062E-13
   766.548607476      0.955760384093E-14
   772.831792783      0.660104360239E-14
   779.114978090      0.474015424141E-14
   785.398163397      0.318117511435E-14
   791.681348705      0.220263647343E-14
   797.964534012      0.141569218887E-14
   804.247719319      0.971660598425E-15
   810.530904626      0.566265005128E-15
   816.814089933      0.389669358743E-15
   823.097275241      0.212696687413E-15
   829.380460548      0.128844228707E-15
   835.663645855      0.721755190329E-16
   841.946831162      0.430450952646E-16
   848.230016469      0.221968769619E-16
   854.513201776      0.110481203851E-16
   860.796387084      0.574889257143E-17
   867.079572391      0.315277007670E-17
   873.362757698      0.154639348589E-17
   879.645943005      0.773010360869E-18
   885.929128312      0.357475225498E-18
   892.212313620      0.148977815784E-18
   898.495498927      0.942691002619E-19
   904.778684234      0.378855125438E-19
   911.061869541      0.135067342060E-19
   917.345054848      0.224784416467E-20
   923.628240155      0.203661576791E-20
   929.911425463      0.325702620041E-21
   936.194610770      0.111437379383E-35
   942.477796077      0.106868404368E-35
   948.760981384      0.105063673277E-35
   955.044166691      0.102771345211E-35
   961.327351998      0.100801672221E-35
   967.610537306      0.981325713867E-36
   973.893722613      0.970146829188E-36
   980.176907920      0.935764926113E-36
   986.460093227      0.913264606749E-36
   992.743278534      0.908449359775E-36
   999.026463842      0.865695363432E-36
   1005.30964915      0.858644254389E-36
   1011.59283446      0.792865002671E-36
   1017.87601976      0.791694300811E-36
   1024.15920507      0.766746980994E-36
   1030.44239038      0.717008793592E-36
   1036.72557568      0.751150577026E-36
   1043.00876099      0.675917504432E-36
   1049.29194630      0.673784406839E-36
   1055.57513161      0.654851665081E-36
   1061.85831691      0.611989877063E-36
   1068.14150222      0.639166888465E-36
   1074.42468753      0.555076621136E-36
   1080.70787283      0.576862021208E-36
   1086.99105814      0.535488809021E-36
   1093.27424345      0.511474176261E-36
   1099.55742876      0.510235443861E-36
   1105.84061406      0.445299371083E-36
   1112.12379937      0.474509083387E-36
   1118.40698468      0.399253191608E-36
   1124.69016999      0.396704360616E-36
   1130.97335529      0.343700813846E-36
   1137.25654060      0.301796851468E-36
   1143.53972591      0.272629456525E-36
   1149.82291121      0.245969620204E-36
   1156.10609652      0.234491399349E-36
   1162.38928183      0.216877119403E-36
   1168.67246714      0.202944599827E-36
   1174.95565244      0.187974199853E-36
   1181.23883775      0.179550312810E-36
   1187.52202306      0.166736837138E-36
   1193.80520836      0.154493389812E-36
   1200.08839367      0.142159459222E-36
   1206.37157898      0.137199396627E-36
   1212.65476429      0.123526666911E-36
   1218.93794959      0.115730062664E-36
   1225.22113490      0.110382557110E-36
   1231.50432021      0.102411987172E-36
   1237.78750551      0.921196437729E-37
   1244.07069082      0.888553722798E-37
   1250.35387613      0.817620143045E-37
   1256.63706144      0.752432141233E-37
   1262.92024674      0.662245873039E-37
   1269.20343205      0.629820736672E-37
   1275.48661736      0.567485645213E-37
   1281.76980266      0.533664249500E-37
   1288.05298797      0.459610822974E-37
   1294.33617328      0.451241983873E-37
   1300.61935859      0.390974000606E-37
   1306.90254389      0.320815961050E-37
   1313.18572920      0.273914128596E-37
   1319.46891451      0.273919140169E-37
   1325.75209981      0.248519375337E-37
   1332.03528512      0.202700140117E-37
   1338.31847043      0.137257634774E-37
   1344.60165574      0.156013857649E-37
   1350.88484104      0.134543017787E-37
   1357.16802635      0.944140761919E-38
   1363.45121166      0.525516176719E-38
   1369.73439697      0.576641904533E-38
   1376.01758227      0.345103279284E-38
   1382.30076758      0.198044858965E-38
   1388.58395289      0.219968008472E-39
   1394.86713819      0.120044663847E-39
   6.28318530718      0.119194534828E-40
   12.5663706144      0.237975680672E-03
   18.8495559215      0.135965405751E-03
   25.1327412287      0.202288595459E-03
   31.4159265359      0.154079387888E-03
   37.6991118431      0.166050783195E-03
   43.9822971503      0.938417942635E-04
   50.2654824574      0.959713263073E-04
   56.5486677646      0.786480565064E-04
   62.8318530718      0.610653232006E-04
   69.1150383790      0.480462749847E-04
   75.3982236862      0.430502978306E-04
   81.6814089933      0.282575275347E-04
   87.9645943005      0.277642432161E-04
   94.2477796077      0.222073944562E-04
   100.530964915      0.176634143285E-04
   106.814150222      0.137480254729E-04
   113.097335529      0.121024651839E-04
   119.380520836      0.977480592941E-05
   125.663706144      0.731155260135E-05
   131.946891451      0.636600255715E-05
   138.230076758      0.499765695809E-05
   144.513262065      0.395131231669E-05
   150.796447372      0.359284821774E-05
   157.079632679      0.315391815491E-05
   163.362817987      0.252317088134E-05
   169.646003294      0.198977923107E-05
   175.929188601      0.193429107849E-05
   182.212373908      0.157807015057E-05
   188.495559215      0.143843690260E-05
   194.778744523      0.111118464601E-05
   201.061929830      0.112301227809E-05
   207.345115137      0.907313007380E-06
   213.628300444      0.844703986886E-06
   219.911485751      0.744706456439E-06
   226.194671058      0.622878265955E-06
   232.477856366      0.548110167023E-06
   238.761041673      0.482432970596E-06
   245.044226980      0.412535402237E-06
   251.327412287      0.365698672497E-06
   257.610597594      0.310042835546E-06
   263.893782902      0.291015100829E-06
   270.176968209      0.238452613065E-06
   276.460153516      0.213513701385E-06
   282.743338823      0.186395117630E-06
   289.026524130      0.167553510125E-06
   295.309709437      0.138957521184E-06
   301.592894745      0.125404538645E-06
   307.876080052      0.108256100705E-06
   314.159265359      0.949885785078E-07
   320.442450666      0.793512649307E-07
   326.725635973      0.703385297169E-07
   333.008821281      0.600080007339E-07
   339.292006588      0.510831207391E-07
   345.575191895      0.428826233642E-07
   351.858377202      0.375915932390E-07
   358.141562509      0.307431370641E-07
   364.424747816      0.259139367610E-07
   370.707933124      0.221166856069E-07
   376.991118431      0.182438582630E-07
   383.274303738      0.148128757777E-07
   389.557489045      0.124063344046E-07
   395.840674352      0.101638252579E-07
   402.123859659      0.830605188623E-08
   408.407044967      0.664291349054E-08
   414.690230274      0.559815683176E-08
   420.973415581      0.439574100118E-08
   427.256600888      0.358668647793E-08
   433.539786195      0.290198911486E-08
   439.822971503      0.235207948957E-08
   446.106156810      0.186161719241E-08
   452.389342117      0.151379471984E-08
   458.672527424      0.123425843541E-08
   464.955712731      0.997060545416E-09
   471.238898038      0.794841428571E-09
   477.522083346      0.647640400047E-09
   483.805268653      0.520412963094E-09
   490.088453960      0.422703111979E-09
   496.371639267      0.346649473633E-09
   502.654824574      0.283860069203E-09
   508.938009882      0.232222701177E-09
   515.221195189      0.191699622805E-09
   521.504380496      0.159823545160E-09
   527.787565803      0.128779184342E-09
   534.070751110      0.109225817554E-09
   540.353936417      0.940521689587E-10
   546.637121725      0.632449869634E-10
   552.920307032      0.505847720694E-10
   559.203492339      0.405997203930E-10
   565.486677646      0.336711438592E-10
   571.769862953      0.268359367328E-10
   578.053048261      0.215064694298E-10
   584.336233568      0.175968880602E-10
   590.619418875      0.142353372361E-10
   596.902604182      0.113248552909E-10
   603.185789489      0.926166879516E-11
   609.468974796      0.755205456302E-11
   615.752160104      0.610876384507E-11
   622.035345411      0.488145417184E-11
   628.318530718      0.399054582427E-11
   634.601716025      0.322925131546E-11
   640.884901332      0.256981327133E-11
   647.168086639      0.207426572076E-11
   653.451271947      0.167780920875E-11
   659.734457254      0.132390235072E-11
   666.017642561      0.102797479375E-11
   672.300827868      0.831585727888E-12
   678.584013175      0.639313022065E-12
   684.867198483      0.495201815219E-12
   691.150383790      0.395994963449E-12
   697.433569097      0.301881678217E-12
   703.716754404      0.226168791534E-12
   709.999939711      0.170996432819E-12
   716.283125018      0.135646069204E-12
   722.566310326      0.100327454088E-12
   728.849495633      0.726053255434E-13
   735.132680940      0.558974983787E-13
   741.415866247      0.409966121041E-13
   747.699051554      0.289679987859E-13
   753.982236862      0.213613671712E-13
   760.265422169      0.150508717356E-13
   766.548607476      0.107854758976E-13
   772.831792783      0.740736766317E-14
   779.114978090      0.539491063413E-14
   785.398163397      0.361449394518E-14
   791.681348705      0.254753173691E-14
   797.964534012      0.163933531857E-14
   804.247719319      0.115285355198E-14
   810.530904626      0.685117208226E-15
   816.814089933      0.471171507204E-15
   823.097275241      0.268288594727E-15
   829.380460548      0.164518829342E-15
   835.663645855      0.969447522936E-16
   841.946831162      0.576272190731E-16
   848.230016469      0.314050133547E-16
   854.513201776      0.159637252244E-16
   860.796387084      0.829087764821E-17
   867.079572391      0.476970647137E-17
   873.362757698      0.243395261013E-17
   879.645943005      0.118919677197E-17
   885.929128312      0.544733754956E-18
   892.212313620      0.235895241413E-18
   898.495498927      0.149983670339E-18
   904.778684234      0.615530689439E-19
   911.061869541      0.236411186084E-19
   917.345054848      0.413177418583E-20
   923.628240155      0.403626986790E-20
   929.911425463      0.667625836237E-21
   936.194610770      0.109988327307E-35
   942.477796077      0.107501395027E-35
   948.760981384      0.105955835251E-35
   955.044166691      0.101682114602E-35
   961.327351998      0.101916634519E-35
   967.610537306      0.982455046159E-36
   973.893722613      0.946342645070E-36
   980.176907920      0.940160548590E-36
   986.460093227      0.909133306213E-36
   992.743278534      0.906085776433E-36
   999.026463842      0.853596656453E-36
   1005.30964915      0.873689734817E-36
   1011.59283446      0.795119822190E-36
   1017.87601976      0.789958420096E-36
   1024.15920507      0.756781388285E-36
   1030.44239038      0.713012516709E-36
   1036.72557568      0.742968688606E-36
   1043.00876099      0.682340131603E-36
   1049.29194630      0.674897761207E-36
   1055.57513161      0.654734428005E-36
   1061.85831691      0.604068204929E-36
   1068.14150222      0.641996106041E-36
   1074.42468753      0.555976444049E-36
   1080.70787283      0.568675212832E-36
   1086.99105814      0.530396790689E-36
   1093.27424345      0.497602535776E-36
   1099.55742876      0.501594517043E-36
   1105.84061406      0.437722586781E-36
   1112.12379937      0.468837884167E-36
   1118.40698468      0.391392567906E-36
   1124.69016999      0.397875529991E-36
   1130.97335529      0.346416083387E-36
   1137.25654060      0.299299474690E-36
   1143.53972591      0.268532426612E-36
   1149.82291121      0.243179502020E-36
   1156.10609652      0.233258650601E-36
   1162.38928183      0.213411558216E-36
   1168.67246714      0.200338909080E-36
   1174.95565244      0.185613006769E-36
   1181.23883775      0.176621538614E-36
   1187.52202306      0.161769089067E-36
   1193.80520836      0.151343019454E-36
   1200.08839367      0.142702601018E-36
   1206.37157898      0.135408469039E-36
   1212.65476429      0.122267609087E-36
   1218.93794959      0.115354621897E-36
   1225.22113490      0.109955668072E-36
   1231.50432021      0.988989557823E-37
   1237.78750551      0.889671661205E-37
   1244.07069082      0.849483209889E-37
   1250.35387613      0.796193173992E-37
   1256.63706144      0.744179299798E-37
   1262.92024674      0.660285403092E-37
   1269.20343205      0.631658914735E-37
   1275.48661736      0.551855160154E-37
   1281.76980266      0.527673275572E-37
   1288.05298797      0.454218126719E-37
   1294.33617328      0.441964517057E-37
   1300.61935859      0.370978542813E-37
   1306.90254389      0.317672039790E-37
   1313.18572920      0.271769759320E-37
   1319.46891451      0.285613767480E-37
   1325.75209981      0.241410367386E-37
   1332.03528512      0.199119899341E-37
   1338.31847043      0.136174393274E-37
   1344.60165574      0.163464867706E-37
   1350.88484104      0.131589285926E-37
   1357.16802635      0.923294311867E-38
   1363.45121166      0.480039348958E-38
   1369.73439697      0.549026612811E-38
   1376.01758227      0.334173912402E-38
   1382.30076758      0.146224144069E-38
   1388.58395289      0.272666432967E-39
   1394.86713819      0.648115812879E-40
   6.28318530718      0.216589369653E-39
   12.5663706144      0.229699301449E-03
   18.8495559215      0.133073600172E-03
   25.1327412287      0.197466593732E-03
   31.4159265359      0.153854435992E-03
   37.6991118431      0.163267123308E-03
   43.9822971503      0.947073091890E-04
   50.2654824574      0.980773664951E-04
   56.5486677646      0.782049499241E-04
   62.8318530718      0.604748470384E-04
   69.1150383790      0.493745265580E-04
   75.3982236862      0.421857910044E-04
   81.6814089933      0.286485961896E-04
   87.9645943005      0.288874001994E-04
   94.2477796077      0.231328040269E-04
   100.530964915      0.182032290014E-04
   106.814150222      0.144115276416E-04
   113.097335529      0.125567097707E-04
   119.380520836      0.103911331936E-04
   125.663706144      0.762598957293E-05
   131.946891451      0.661960480818E-05
   138.230076758      0.527702910585E-05
   144.513262065      0.434089131235E-05
   150.796447372      0.381271620737E-05
   157.079632679      0.333700997035E-05
   163.362817987      0.273944609384E-05
   169.646003294      0.215907288029E-05
   175.929188601      0.209252411826E-05
   182.212373908      0.170820956435E-05
   188.495559215      0.154750439910E-05
   194.778744523      0.120175668744E-05
   201.061929830      0.121668047757E-05
   207.345115137      0.980594211838E-06
   213.628300444      0.897582021455E-06
   219.911485751      0.807014257727E-06
   226.194671058      0.674283932476E-06
   232.477856366      0.588264802363E-06
   238.761041673      0.517398543015E-06
   245.044226980      0.456374824144E-06
   251.327412287      0.396642030678E-06
   257.610597594      0.337824617199E-06
   263.893782902      0.316609458797E-06
   270.176968209      0.260458268530E-06
   276.460153516      0.231292340256E-06
   282.743338823      0.202726362794E-06
   289.026524130      0.182833114094E-06
   295.309709437      0.151559348458E-06
   301.592894745      0.136499423464E-06
   307.876080052      0.117361768670E-06
   314.159265359      0.103594353006E-06
   320.442450666      0.865207682359E-07
   326.725635973      0.768663490617E-07
   333.008821281      0.658201541147E-07
   339.292006588      0.562372321619E-07
   345.575191895      0.476447062966E-07
   351.858377202      0.416696364057E-07
   358.141562509      0.341765716562E-07
   364.424747816      0.290346378820E-07
   370.707933124      0.249176673480E-07
   376.991118431      0.205551532914E-07
   383.274303738      0.167737400166E-07
   389.557489045      0.141228860406E-07
   395.840674352      0.115750534329E-07
   402.123859659      0.951614376054E-08
   408.407044967      0.759172782730E-08
   414.690230274      0.645514524469E-08
   420.973415581      0.506328934248E-08
   427.256600888      0.413747028641E-08
   433.539786195      0.335556177534E-08
   439.822971503      0.273028634046E-08
   446.106156810      0.215996173320E-08
   452.389342117      0.175312427147E-08
   458.672527424      0.143282472752E-08
   464.955712731      0.115860807612E-08
   471.238898038      0.924762912594E-09
   477.522083346      0.750044931952E-09
   483.805268653      0.605785709901E-09
   490.088453960      0.490047177068E-09
   496.371639267      0.402253748922E-09
   502.654824574      0.328808909072E-09
   508.938009882      0.270026806374E-09
   515.221195189      0.222576847340E-09
   521.504380496      0.185650557308E-09
   527.787565803      0.149590927462E-09
   534.070751110      0.126219611140E-09
   540.353936417      0.108873390857E-09
   546.637121725      0.716542666699E-10
   552.920307032      0.567131204556E-10
   559.203492339      0.450863137784E-10
   565.486677646      0.372830795554E-10
   571.769862953      0.296532970627E-10
   578.053048261      0.237536659570E-10
   584.336233568      0.194500368325E-10
   590.619418875      0.156904441894E-10
   596.902604182      0.125108936050E-10
   603.185789489      0.101997246285E-10
   609.468974796      0.835264446900E-11
   615.752160104      0.676218222457E-11
   622.035345411      0.539822383024E-11
   628.318530718      0.443907633772E-11
   634.601716025      0.359191550074E-11
   640.884901332      0.287157720566E-11
   647.168086639      0.231729342532E-11
   653.451271947      0.188352600627E-11
   659.734457254      0.148130846995E-11
   666.017642561      0.115116985406E-11
   672.300827868      0.929317667068E-12
   678.584013175      0.712585854097E-12
   684.867198483      0.549869415674E-12
   691.150383790      0.440531688347E-12
   697.433569097      0.333362040859E-12
   703.716754404      0.248146489253E-12
   709.999939711      0.186602474849E-12
   716.283125018      0.149032656440E-12
   722.566310326      0.109118363815E-12
   728.849495633      0.784581963366E-13
   735.132680940      0.605619667271E-13
   741.415866247      0.443635516735E-13
   747.699051554      0.309540264302E-13
   753.982236862      0.228541056750E-13
   760.265422169      0.160452136849E-13
   766.548607476      0.115328218957E-13
   772.831792783      0.788295099874E-14
   779.114978090      0.576703631790E-14
   785.398163397      0.387624709799E-14
   791.681348705      0.274649503810E-14
   797.964534012      0.178669032450E-14
   804.247719319      0.127234111402E-14
   810.530904626      0.777884674749E-15
   816.814089933      0.529901280690E-15
   823.097275241      0.320012104593E-15
   829.380460548      0.197297705315E-15
   835.663645855      0.123625724287E-15
   841.946831162      0.737112184297E-16
   848.230016469      0.425671404367E-16
   854.513201776      0.225170308198E-16
   860.796387084      0.116542603640E-16
   867.079572391      0.702644561553E-17
   873.362757698      0.372496398101E-17
   879.645943005      0.177743459945E-17
   885.929128312      0.773745471974E-18
   892.212313620      0.343021951368E-18
   898.495498927      0.215759479918E-18
   904.778684234      0.858536203120E-19
   911.061869541      0.343696093412E-19
   917.345054848      0.634945576420E-20
   923.628240155      0.633655998887E-20
   929.911425463      0.924783224965E-21
   936.194610770      0.109912170882E-35
   942.477796077      0.107301238076E-35
   948.760981384      0.104577580642E-35
   955.044166691      0.994720428168E-36
   961.327351998      0.100310744293E-35
   967.610537306      0.968724937201E-36
   973.893722613      0.945806504093E-36
   980.176907920      0.927216075626E-36
   986.460093227      0.905044075450E-36
   992.743278534      0.903449533162E-36
   999.026463842      0.853225273763E-36
   1005.30964915      0.863802311778E-36
   1011.59283446      0.789699818785E-36
   1017.87601976      0.792698117433E-36
   1024.15920507      0.763530452660E-36
   1030.44239038      0.704366616375E-36
   1036.72557568      0.736841855743E-36
   1043.00876099      0.678581388059E-36
   1049.29194630      0.663657741700E-36
   1055.57513161      0.654138285953E-36
   1061.85831691      0.611967117707E-36
   1068.14150222      0.632388490213E-36
   1074.42468753      0.552634679534E-36
   1080.70787283      0.565480327212E-36
   1086.99105814      0.527260731608E-36
   1093.27424345      0.493352516838E-36
   1099.55742876      0.503348353326E-36
   1105.84061406      0.442544015974E-36
   1112.12379937      0.468924688345E-36
   1118.40698468      0.395403721733E-36
   1124.69016999      0.389130671100E-36
   1130.97335529      0.334397740013E-36
   1137.25654060      0.297752348722E-36
   1143.53972591      0.267763999437E-36
   1149.82291121      0.241781441132E-36
   1156.10609652      0.229587500799E-36
   1162.38928183      0.212374400879E-36
   1168.67246714      0.198044111619E-36
   1174.95565244      0.183279926125E-36
   1181.23883775      0.176606971288E-36
   1187.52202306      0.163728296244E-36
   1193.80520836      0.155555161361E-36
   1200.08839367      0.141952869893E-36
   1206.37157898      0.134157403751E-36
   1212.65476429      0.120783197985E-36
   1218.93794959      0.114807579070E-36
   1225.22113490      0.110510971744E-36
   1231.50432021      0.100023374933E-36
   1237.78750551      0.903715001308E-37
   1244.07069082      0.846320028228E-37
   1250.35387613      0.808870848734E-37
   1256.63706144      0.755232545119E-37
   1262.92024674      0.658336954158E-37
   1269.20343205      0.624249415334E-37
   1275.48661736      0.556750794151E-37
   1281.76980266      0.522346080421E-37
   1288.05298797      0.452461445213E-37
   1294.33617328      0.444096005145E-37
   1300.61935859      0.383674592205E-37
   1306.90254389      0.331891564141E-37
   1313.18572920      0.285101184502E-37
   1319.46891451      0.290431873924E-37
   1325.75209981      0.239591481060E-37
   1332.03528512      0.192408923050E-37
   1338.31847043      0.132951162504E-37
   1344.60165574      0.150381725473E-37
   1350.88484104      0.124983809357E-37
   1357.16802635      0.881386063453E-38
   1363.45121166      0.471471791248E-38
   1369.73439697      0.544884504941E-38
   1376.01758227      0.352716230820E-38
   1382.30076758      0.137590993760E-38
   1388.58395289      0.236107256028E-39
   1394.86713819      0.424901157998E-40
   6.28318530718      0.341632272608E-41
   12.5663706144      0.221704553505E-03
   18.8495559215      0.130453628405E-03
   25.1327412287      0.192868162044E-03
   31.4159265359      0.153296728374E-03
   37.6991118431      0.159997001769E-03
   43.9822971503      0.956011612713E-04
   50.2654824574      0.998596707956E-04
   56.5486677646      0.777107449716E-04
   62.8318530718      0.600392524042E-04
   69.1150383790      0.504113874022E-04
   75.3982236862      0.411087717153E-04
   81.6814089933      0.293007001725E-04
   87.9645943005      0.301041170182E-04
   94.2477796077      0.240693721987E-04
   100.530964915      0.186711200074E-04
   106.814150222      0.150725051948E-04
   113.097335529      0.130652996427E-04
   119.380520836      0.109173734180E-04
   125.663706144      0.790338431982E-05
   131.946891451      0.694359236963E-05
   138.230076758      0.555058705961E-05
   144.513262065      0.470281749698E-05
   150.796447372      0.404733855506E-05
   157.079632679      0.352788410956E-05
   163.362817987      0.295606410057E-05
   169.646003294      0.236398480621E-05
   175.929188601      0.228406066744E-05
   182.212373908      0.187810582652E-05
   188.495559215      0.167066829928E-05
   194.778744523      0.130437403222E-05
   201.061929830      0.132525770250E-05
   207.345115137      0.106061423362E-05
   213.628300444      0.955373861695E-06
   219.911485751      0.858005791393E-06
   226.194671058      0.731015777580E-06
   232.477856366      0.628356188331E-06
   238.761041673      0.549685419000E-06
   245.044226980      0.496723998431E-06
   251.327412287      0.430452240308E-06
   257.610597594      0.366922674263E-06
   263.893782902      0.342018057972E-06
   270.176968209      0.284784897911E-06
   276.460153516      0.250784782984E-06
   282.743338823      0.218974021015E-06
   289.026524130      0.198478011876E-06
   295.309709437      0.165356705641E-06
   301.592894745      0.147970739511E-06
   307.876080052      0.126978514309E-06
   314.159265359      0.112614488984E-06
   320.442450666      0.939385816821E-07
   326.725635973      0.836545311044E-07
   333.008821281      0.719253356196E-07
   339.292006588      0.616525623940E-07
   345.575191895      0.527480405960E-07
   351.858377202      0.459227440291E-07
   358.141562509      0.378103135176E-07
   364.424747816      0.323820571182E-07
   370.707933124      0.279476231514E-07
   376.991118431      0.230075196573E-07
   383.274303738      0.189606814774E-07
   389.557489045      0.159887453210E-07
   395.840674352      0.131503959779E-07
   402.123859659      0.108482470106E-07
   408.407044967      0.864546838471E-08
   414.690230274      0.743196145450E-08
   420.973415581      0.581271412840E-08
   427.256600888      0.477206300092E-08
   433.539786195      0.387970469850E-08
   439.822971503      0.317338785094E-08
   446.106156810      0.250703085807E-08
   452.389342117      0.204262822125E-08
   458.672527424      0.166901545628E-08
   464.955712731      0.135387127897E-08
   471.238898038      0.108176213180E-08
   477.522083346      0.876524830571E-09
   483.805268653      0.708908984343E-09
   490.088453960      0.573274949748E-09
   496.371639267      0.470530216901E-09
   502.654824574      0.383935045576E-09
   508.938009882      0.316733323840E-09
   515.221195189      0.260505464835E-09
   521.504380496      0.217209954576E-09
   527.787565803      0.174924912081E-09
   534.070751110      0.146766187856E-09
   540.353936417      0.126732440345E-09
   546.637121725      0.818704633617E-10
   552.920307032      0.640581864318E-10
   559.203492339      0.502857125167E-10
   565.486677646      0.414930173269E-10
   571.769862953      0.329075387060E-10
   578.053048261      0.263355977984E-10
   584.336233568      0.215425150571E-10
   590.619418875      0.173448923881E-10
   596.902604182      0.138373962545E-10
   603.185789489      0.112264554529E-10
   609.468974796      0.922560395670E-11
   615.752160104      0.748312582821E-11
   622.035345411      0.595203096814E-11
   628.318530718      0.492385729003E-11
   634.601716025      0.397856619344E-11
   640.884901332      0.319517702998E-11
   647.168086639      0.257094215848E-11
   653.451271947      0.210337542750E-11
   659.734457254      0.164179438952E-11
   666.017642561      0.127869718969E-11
   672.300827868      0.102780669629E-11
   678.584013175      0.785351201413E-12
   684.867198483      0.602649141973E-12
   691.150383790      0.483272894918E-12
   697.433569097      0.362301397864E-12
   703.716754404      0.266874886617E-12
   709.999939711      0.199952119241E-12
   716.283125018      0.160160338437E-12
   722.566310326      0.115850163771E-12
   728.849495633      0.820836756407E-13
   735.132680940      0.640260292696E-13
   741.415866247      0.465001332303E-13
   747.699051554      0.320790141208E-13
   753.982236862      0.235838843313E-13
   760.265422169      0.165689703290E-13
   766.548607476      0.118409215790E-13
   772.831792783      0.809283904532E-14
   779.114978090      0.590497301282E-14
   785.398163397      0.400844517050E-14
   791.681348705      0.282786236057E-14
   797.964534012      0.187311847652E-14
   804.247719319      0.134326902604E-14
   810.530904626      0.846747017190E-15
   816.814089933      0.574276811176E-15
   823.097275241      0.367830366560E-15
   829.380460548      0.230398803492E-15
   835.663645855      0.151928085170E-15
   841.946831162      0.923102074946E-16
   848.230016469      0.561471731813E-16
   854.513201776      0.313444681130E-16
   860.796387084      0.164133822446E-16
   867.079572391      0.101353758789E-16
   873.362757698      0.557435187137E-17
   879.645943005      0.268034918810E-17
   885.929128312      0.109794385067E-17
   892.212313620      0.485272889187E-18
   898.495498927      0.305057078066E-18
   904.778684234      0.113398319132E-18
   911.061869541      0.437081583257E-19
   917.345054848      0.841521437520E-20
   923.628240155      0.820774880102E-20
   929.911425463      0.974544034789E-21
   936.194610770      0.106844463303E-35
   942.477796077      0.105627458726E-35
   948.760981384      0.102955939562E-35
   955.044166691      0.100207940450E-35
   961.327351998      0.996874126068E-36
   967.610537306      0.968060477541E-36
   973.893722613      0.937466703201E-36
   980.176907920      0.931838562479E-36
   986.460093227      0.890386958008E-36
   992.743278534      0.901098738170E-36
   999.026463842      0.850251279162E-36
   1005.30964915      0.852012691590E-36
   1011.59283446      0.791334227722E-36
   1017.87601976      0.783269171385E-36
   1024.15920507      0.753432782380E-36
   1030.44239038      0.696986105079E-36
   1036.72557568      0.731060666735E-36
   1043.00876099      0.674040320322E-36
   1049.29194630      0.654486064834E-36
   1055.57513161      0.640381750369E-36
   1061.85831691      0.613841643687E-36
   1068.14150222      0.626345057728E-36
   1074.42468753      0.547823292242E-36
   1080.70787283      0.566276472104E-36
   1086.99105814      0.521616297300E-36
   1093.27424345      0.497492114454E-36
   1099.55742876      0.494350891696E-36
   1105.84061406      0.442637770858E-36
   1112.12379937      0.453510618931E-36
   1118.40698468      0.389071665337E-36
   1124.69016999      0.389731396351E-36
   1130.97335529      0.335160963270E-36
   1137.25654060      0.296188604616E-36
   1143.53972591      0.266818270232E-36
   1149.82291121      0.237502717275E-36
   1156.10609652      0.224756544604E-36
   1162.38928183      0.208458809680E-36
   1168.67246714      0.199313165163E-36
   1174.95565244      0.179893047899E-36
   1181.23883775      0.173068982293E-36
   1187.52202306      0.160901846955E-36
   1193.80520836      0.149443484520E-36
   1200.08839367      0.139926604808E-36
   1206.37157898      0.133559200985E-36
   1212.65476429      0.120170791837E-36
   1218.93794959      0.113589915512E-36
   1225.22113490      0.107188110129E-36
   1231.50432021      0.980770091950E-37
   1237.78750551      0.891797325562E-37
   1244.07069082      0.835437974819E-37
   1250.35387613      0.797667215536E-37
   1256.63706144      0.724390080216E-37
   1262.92024674      0.644872146667E-37
   1269.20343205      0.623432235782E-37
   1275.48661736      0.531814265922E-37
   1281.76980266      0.500005718395E-37
   1288.05298797      0.434854705515E-37
   1294.33617328      0.425455598426E-37
   1300.61935859      0.372847650382E-37
   1306.90254389      0.320857541718E-37
   1313.18572920      0.275418493480E-37
   1319.46891451      0.289073489803E-37
   1325.75209981      0.234107441052E-37
   1332.03528512      0.188282184968E-37
   1338.31847043      0.130396781350E-37
   1344.60165574      0.153229415115E-37
   1350.88484104      0.121336048134E-37
   1357.16802635      0.859095451648E-38
   1363.45121166      0.474030691720E-38
   1369.73439697      0.517167684114E-38
   1376.01758227      0.280612454198E-38
   1382.30076758      0.142898680649E-38
   1388.58395289      0.232239281125E-39
   1394.86713819      0.625785248067E-40
   6.28318530718      0.177151817150E-39
   12.5663706144      0.213980380416E-03
   18.8495559215      0.128080636462E-03
   25.1327412287      0.188472330030E-03
   31.4159265359      0.152409895174E-03
   37.6991118431      0.156349837827E-03
   43.9822971503      0.964625176920E-04
   50.2654824574      0.101288933693E-03
   56.5486677646      0.772989786016E-04
   62.8318530718      0.597850188523E-04
   69.1150383790      0.510333234857E-04
   75.3982236862      0.398980680210E-04
   81.6814089933      0.301486665776E-04
   87.9645943005      0.313904569906E-04
   94.2477796077      0.250040201242E-04
   100.530964915      0.190312228302E-04
   106.814150222      0.157389602775E-04
   113.097335529      0.136562019385E-04
   119.380520836      0.113466541667E-04
   125.663706144      0.819188572143E-05
   131.946891451      0.736724200572E-05
   138.230076758      0.585070772995E-05
   144.513262065      0.500992477300E-05
   150.796447372      0.429153403415E-05
   157.079632679      0.375109232529E-05
   163.362817987      0.317183025288E-05
   169.646003294      0.257627652592E-05
   175.929188601      0.249464173467E-05
   182.212373908      0.208182079947E-05
   188.495559215      0.181170673413E-05
   194.778744523      0.141080990145E-05
   201.061929830      0.144191859083E-05
   207.345115137      0.114657476473E-05
   213.628300444      0.102512434277E-05
   219.911485751      0.900483374781E-06
   226.194671058      0.788125532717E-06
   232.477856366      0.670847047361E-06
   238.761041673      0.586935152618E-06
   245.044226980      0.530347119839E-06
   251.327412287      0.466783557417E-06
   257.610597594      0.397064423468E-06
   263.893782902      0.367997878230E-06
   270.176968209      0.309991900804E-06
   276.460153516      0.272132375297E-06
   282.743338823      0.235062161321E-06
   289.026524130      0.214105811402E-06
   295.309709437      0.179875794638E-06
   301.592894745      0.159736711716E-06
   307.876080052      0.137219514660E-06
   314.159265359      0.121843518949E-06
   320.442450666      0.101716200039E-06
   326.725635973      0.907250341733E-07
   333.008821281      0.783494046076E-07
   339.292006588      0.673235399244E-07
   345.575191895      0.581925281683E-07
   351.858377202      0.503521701275E-07
   358.141562509      0.417059372585E-07
   364.424747816      0.359582751238E-07
   370.707933124      0.311542442088E-07
   376.991118431      0.256111091596E-07
   383.274303738      0.213594230742E-07
   389.557489045      0.179848527504E-07
   395.840674352      0.148791346300E-07
   402.123859659      0.122956507208E-07
   408.407044967      0.981032181422E-08
   414.690230274      0.852359352875E-08
   420.973415581      0.664779279042E-08
   427.256600888      0.550335196005E-08
   433.539786195      0.447640765051E-08
   439.822971503      0.369333794878E-08
   446.106156810      0.291162577088E-08
   452.389342117      0.239217949616E-08
   458.672527424      0.195160919467E-08
   464.955712731      0.159089028860E-08
   471.238898038      0.127567240147E-08
   477.522083346      0.103372427192E-08
   483.805268653      0.835356284323E-09
   490.088453960      0.679114685620E-09
   496.371639267      0.556295422816E-09
   502.654824574      0.453614197045E-09
   508.938009882      0.375988874498E-09
   515.221195189      0.308996138948E-09
   521.504380496      0.257163273121E-09
   527.787565803      0.206824522557E-09
   534.070751110      0.172913590287E-09
   540.353936417      0.149067105942E-09
   546.637121725      0.951163789124E-10
   552.920307032      0.736690729780E-10
   559.203492339      0.570373236062E-10
   565.486677646      0.469772893664E-10
   571.769862953      0.371383277053E-10
   578.053048261      0.297187560442E-10
   584.336233568      0.241915862715E-10
   590.619418875      0.195205459860E-10
   596.902604182      0.155180624415E-10
   603.185789489      0.125131140346E-10
   609.468974796      0.102809631060E-10
   615.752160104      0.837042287186E-11
   622.035345411      0.659983477724E-11
   628.318530718      0.548932370960E-11
   634.601716025      0.441548227678E-11
   640.884901332      0.355666641562E-11
   647.168086639      0.284624784945E-11
   653.451271947      0.234453193545E-11
   659.734457254      0.180928871848E-11
   666.017642561      0.141416662041E-11
   672.300827868      0.113280640458E-11
   678.584013175      0.861392525883E-12
   684.867198483      0.656264174671E-12
   691.150383790      0.527503180376E-12
   697.433569097      0.392023326137E-12
   703.716754404      0.284434450282E-12
   709.999939711      0.212574297517E-12
   716.283125018      0.170623448830E-12
   722.566310326      0.121539477901E-12
   728.849495633      0.840501542736E-13
   735.132680940      0.667133767038E-13
   741.415866247      0.476920645607E-13
   747.699051554      0.326164952263E-13
   753.982236862      0.238307187982E-13
   760.265422169      0.168431158028E-13
   766.548607476      0.118972489436E-13
   772.831792783      0.816123343166E-14
   779.114978090      0.594146565836E-14
   785.398163397      0.408226202290E-14
   791.681348705      0.286878815955E-14
   797.964534012      0.192792782020E-14
   804.247719319      0.139794885395E-14
   810.530904626      0.900224939517E-15
   816.814089933      0.617300781520E-15
   823.097275241      0.409571263512E-15
   829.380460548      0.265143587821E-15
   835.663645855      0.178964472476E-15
   841.946831162      0.111888109617E-15
   848.230016469      0.705952670756E-16
   854.513201776      0.412734500776E-16
   860.796387084      0.222062090761E-16
   867.079572391      0.135982187337E-16
   873.362757698      0.762489299433E-17
   879.645943005      0.377097100230E-17
   885.929128312      0.148334912955E-17
   892.212313620      0.638534093704E-18
   898.495498927      0.408671457583E-18
   904.778684234      0.144029190644E-18
   911.061869541      0.504641796035E-19
   917.345054848      0.974881092794E-20
   923.628240155      0.934066761444E-20
   929.911425463      0.109017296418E-20
   936.194610770      0.104731817584E-35
   942.477796077      0.105335853985E-35
   948.760981384      0.102608716714E-35
   955.044166691      0.991475475970E-36
   961.327351998      0.995575187394E-36
   967.610537306      0.952104294061E-36
   973.893722613      0.936677075084E-36
   980.176907920      0.920995772797E-36
   986.460093227      0.877094354875E-36
   992.743278534      0.892758522982E-36
   999.026463842      0.833340163947E-36
   1005.30964915      0.855618232783E-36
   1011.59283446      0.781456082589E-36
   1017.87601976      0.773496148494E-36
   1024.15920507      0.750432379906E-36
   1030.44239038      0.701500182322E-36
   1036.72557568      0.729743107817E-36
   1043.00876099      0.664743757463E-36
   1049.29194630      0.650500985374E-36
   1055.57513161      0.643085778939E-36
   1061.85831691      0.592550513680E-36
   1068.14150222      0.627394424954E-36
   1074.42468753      0.543441499820E-36
   1080.70787283      0.553621720913E-36
   1086.99105814      0.524659612199E-36
   1093.27424345      0.485969310867E-36
   1099.55742876      0.488967832892E-36
   1105.84061406      0.431790660675E-36
   1112.12379937      0.463002730970E-36
   1118.40698468      0.385212352512E-36
   1124.69016999      0.390348825252E-36
   1130.97335529      0.337547181237E-36
   1137.25654060      0.299301640918E-36
   1143.53972591      0.265163219595E-36
   1149.82291121      0.237889759591E-36
   1156.10609652      0.224847934039E-36
   1162.38928183      0.209140024999E-36
   1168.67246714      0.198176865821E-36
   1174.95565244      0.178986065316E-36
   1181.23883775      0.173344913649E-36
   1187.52202306      0.160024335710E-36
   1193.80520836      0.148910293011E-36
   1200.08839367      0.139024090092E-36
   1206.37157898      0.132878064889E-36
   1212.65476429      0.121566669666E-36
   1218.93794959      0.111677977324E-36
   1225.22113490      0.108790549686E-36
   1231.50432021      0.986447143118E-37
   1237.78750551      0.902576647991E-37
   1244.07069082      0.849494647407E-37
   1250.35387613      0.777708792506E-37
   1256.63706144      0.724580665390E-37
   1262.92024674      0.650910806464E-37
   1269.20343205      0.603785117563E-37
   1275.48661736      0.530241703685E-37
   1281.76980266      0.506485933145E-37
   1288.05298797      0.444181919512E-37
   1294.33617328      0.429751543970E-37
   1300.61935859      0.365708471782E-37
   1306.90254389      0.316898649228E-37
   1313.18572920      0.269661774192E-37
   1319.46891451      0.270383577020E-37
   1325.75209981      0.232073864605E-37
   1332.03528512      0.184203399866E-37
   1338.31847043      0.127145269505E-37
   1344.60165574      0.141856357866E-37
   1350.88484104      0.116061048113E-37
   1357.16802635      0.760380953087E-38
   1363.45121166      0.411601874881E-38
   1369.73439697      0.524582873476E-38
   1376.01758227      0.312889228684E-38
   1382.30076758      0.121105695068E-38
   1388.58395289      0.190596555862E-39
   1394.86713819      0.342875386818E-40
   6.28318530718      0.285051537533E-40
   12.5663706144      0.206514115669E-03
   18.8495559215      0.125930527559E-03
   25.1327412287      0.184262611895E-03
   31.4159265359      0.151216234415E-03
   37.6991118431      0.152456031663E-03
   43.9822971503      0.972257613390E-04
   50.2654824574      0.102367004612E-03
   56.5486677646      0.770640842851E-04
   62.8318530718      0.596729241731E-04
   69.1150383790      0.511711045327E-04
   75.3982236862      0.386797669749E-04
   81.6814089933      0.310922806985E-04
   87.9645943005      0.327174665224E-04
   94.2477796077      0.258900180448E-04
   100.530964915      0.192980936846E-04
   106.814150222      0.164038497749E-04
   113.097335529      0.143072611845E-04
   119.380520836      0.117282527505E-04
   125.663706144      0.854512079596E-05
   131.946891451      0.785928102767E-05
   138.230076758      0.620777402523E-05
   144.513262065      0.529037772247E-05
   150.796447372      0.453760740808E-05
   157.079632679      0.400777535693E-05
   163.362817987      0.340818718800E-05
   169.646003294      0.279143610079E-05
   175.929188601      0.269779500664E-05
   182.212373908      0.229669022361E-05
   188.495559215      0.197764340421E-05
   194.778744523      0.151984462184E-05
   201.061929830      0.155051222956E-05
   207.345115137      0.123200727500E-05
   213.628300444      0.110616866526E-05
   219.911485751      0.942385550423E-06
   226.194671058      0.840421111355E-06
   232.477856366      0.715372387494E-06
   238.761041673      0.631907177302E-06
   245.044226980      0.561565738370E-06
   251.327412287      0.504031667446E-06
   257.610597594      0.427121869987E-06
   263.893782902      0.396096014488E-06
   270.176968209      0.336314511109E-06
   276.460153516      0.294829471488E-06
   282.743338823      0.251589197401E-06
   289.026524130      0.230134533992E-06
   295.309709437      0.194446393466E-06
   301.592894745      0.171981122180E-06
   307.876080052      0.148243143250E-06
   314.159265359      0.131124475677E-06
   320.442450666      0.109902453171E-06
   326.725635973      0.982257165901E-07
   333.008821281      0.849574241896E-07
   339.292006588      0.732459878167E-07
   345.575191895      0.639933194461E-07
   351.858377202      0.549440232762E-07
   358.141562509      0.458911839126E-07
   364.424747816      0.397749603458E-07
   370.707933124      0.344854629246E-07
   376.991118431      0.284129326693E-07
   383.274303738      0.239380656866E-07
   389.557489045      0.201065648232E-07
   395.840674352      0.167299452901E-07
   402.123859659      0.138843021398E-07
   408.407044967      0.110961001148E-07
   414.690230274      0.971380248572E-08
   420.973415581      0.758565233753E-08
   427.256600888      0.634407015432E-08
   433.539786195      0.514680537838E-08
   439.822971503      0.429874929153E-08
   446.106156810      0.338782781488E-08
   452.389342117      0.280682800209E-08
   458.672527424      0.228949427354E-08
   464.955712731      0.187700702426E-08
   471.238898038      0.151745396359E-08
   477.522083346      0.122592386711E-08
   483.805268653      0.993098156587E-09
   490.088453960      0.813505862775E-09
   496.371639267      0.664205905348E-09
   502.654824574      0.543067544267E-09
   508.938009882      0.451778557348E-09
   515.221195189      0.371736563645E-09
   521.504380496      0.308685207517E-09
   527.787565803      0.248152981286E-09
   534.070751110      0.207025507148E-09
   540.353936417      0.177510972312E-09
   546.637121725      0.113025828285E-09
   552.920307032      0.869112404463E-10
   559.203492339      0.664670154449E-10
   565.486677646      0.546613912038E-10
   571.769862953      0.431402028257E-10
   578.053048261      0.345548750530E-10
   584.336233568      0.278524820684E-10
   590.619418875      0.226461339090E-10
   596.902604182      0.178564147536E-10
   603.185789489      0.142584579807E-10
   609.468974796      0.116810328740E-10
   615.752160104      0.953164594821E-11
   622.035345411      0.741184030694E-11
   628.318530718      0.617627001244E-11
   634.601716025      0.493779522167E-11
   640.884901332      0.397341157541E-11
   647.168086639      0.315898924793E-11
   653.451271947      0.261220075913E-11
   659.734457254      0.199810654773E-11
   666.017642561      0.156468826723E-11
   672.300827868      0.125595666305E-11
   678.584013175      0.949058414051E-12
   684.867198483      0.716733058905E-12
   691.150383790      0.579127908025E-12
   697.433569097      0.428769767684E-12
   703.716754404      0.306045076820E-12
   709.999939711      0.226957865186E-12
   716.283125018      0.184356177374E-12
   722.566310326      0.128811080705E-12
   728.849495633      0.864165910542E-13
   735.132680940      0.698350803999E-13
   741.415866247      0.489367439138E-13
   747.699051554      0.331831601180E-13
   753.982236862      0.240655818617E-13
   760.265422169      0.172272672133E-13
   766.548607476      0.119738844126E-13
   772.831792783      0.823900431937E-14
   779.114978090      0.601146056981E-14
   785.398163397      0.416487526466E-14
   791.681348705      0.293519309169E-14
   797.964534012      0.198303184047E-14
   804.247719319      0.145720604738E-14
   810.530904626      0.945648458900E-15
   816.814089933      0.660320776502E-15
   823.097275241      0.441067127448E-15
   829.380460548      0.294286831851E-15
   835.663645855      0.198689822433E-15
   841.946831162      0.127025788732E-15
   848.230016469      0.816437432645E-16
   854.513201776      0.488014925920E-16
   860.796387084      0.270935628911E-16
   867.079572391      0.160965935984E-16
   873.362757698      0.891612839061E-17
   879.645943005      0.450781466322E-17
   885.929128312      0.174008391125E-17
   892.212313620      0.716852766180E-18
   898.495498927      0.472907657486E-18
   904.778684234      0.167328039400E-18
   911.061869541      0.557636651748E-19
   917.345054848      0.103058845484E-19
   923.628240155      0.101581380951E-19
   929.911425463      0.150619004583E-20
   936.194610770      0.106973609500E-35
   942.477796077      0.104922089758E-35
   948.760981384      0.102178523021E-35
   955.044166691      0.991482193917E-36
   961.327351998      0.100255858408E-35
   967.610537306      0.967759796799E-36
   973.893722613      0.943064012463E-36
   980.176907920      0.931949601033E-36
   986.460093227      0.892993888750E-36
   992.743278534      0.889102496781E-36
   999.026463842      0.832044113375E-36
   1005.30964915      0.848439781296E-36
   1011.59283446      0.785176665026E-36
   1017.87601976      0.787011513987E-36
   1024.15920507      0.754830634447E-36
   1030.44239038      0.698199707567E-36
   1036.72557568      0.730480887501E-36
   1043.00876099      0.669796313231E-36
   1049.29194630      0.642978610248E-36
   1055.57513161      0.635792442733E-36
   1061.85831691      0.592993619134E-36
   1068.14150222      0.618733366770E-36
   1074.42468753      0.538393662724E-36
   1080.70787283      0.557952432265E-36
   1086.99105814      0.519521788307E-36
   1093.27424345      0.485996231792E-36
   1099.55742876      0.489147850836E-36
   1105.84061406      0.441781497257E-36
   1112.12379937      0.454535734805E-36
   1118.40698468      0.379781516831E-36
   1124.69016999      0.381891560328E-36
   1130.97335529      0.338202940007E-36
   1137.25654060      0.286942960599E-36
   1143.53972591      0.262690832364E-36
   1149.82291121      0.236676375217E-36
   1156.10609652      0.221107679519E-36
   1162.38928183      0.203835064733E-36
   1168.67246714      0.194383795646E-36
   1174.95565244      0.179133566981E-36
   1181.23883775      0.173262282562E-36
   1187.52202306      0.160179804644E-36
   1193.80520836      0.149725331806E-36
   1200.08839367      0.139093017971E-36
   1206.37157898      0.133124806422E-36
   1212.65476429      0.119230550101E-36
   1218.93794959      0.114710863307E-36
   1225.22113490      0.108386666803E-36
   1231.50432021      0.996078124265E-37
   1237.78750551      0.899026131433E-37
   1244.07069082      0.836652378029E-37
   1250.35387613      0.780324107150E-37
   1256.63706144      0.720705267892E-37
   1262.92024674      0.647619266861E-37
   1269.20343205      0.620787890020E-37
   1275.48661736      0.529265890267E-37
   1281.76980266      0.494969371935E-37
   1288.05298797      0.433331477596E-37
   1294.33617328      0.423079154123E-37
   1300.61935859      0.353878343559E-37
   1306.90254389      0.303596165301E-37
   1313.18572920      0.268167612023E-37
   1319.46891451      0.260249220344E-37
   1325.75209981      0.221788832722E-37
   1332.03528512      0.181126734258E-37
   1338.31847043      0.127959926268E-37
   1344.60165574      0.148928071860E-37
   1350.88484104      0.116563537100E-37
   1357.16802635      0.787868160831E-38
   1363.45121166      0.390362379115E-38
   1369.73439697      0.491735238945E-38
   1376.01758227      0.309589835002E-38
   1382.30076758      0.118358418209E-38
   1388.58395289      0.161162985486E-39
   1394.86713819      0.935204737127E-40
   6.28318530718      0.542404623748E-40
   12.5663706144      0.199292359074E-03
   18.8495559215      0.123979418123E-03
   25.1327412287      0.180226520587E-03
   31.4159265359      0.149751038849E-03
   37.6991118431      0.148453419167E-03
   43.9822971503      0.978232910541E-04
   50.2654824574      0.103109168839E-03
   56.5486677646      0.770434847392E-04
   62.8318530718      0.596123627487E-04
   69.1150383790      0.508231228079E-04
   75.3982236862      0.376138598795E-04
   81.6814089933      0.320423893320E-04
   87.9645943005      0.340482268139E-04
   94.2477796077      0.266502382628E-04
   100.530964915      0.195406419316E-04
   106.814150222      0.170628429165E-04
   113.097335529      0.149670742468E-04
   119.380520836      0.121253687828E-04
   125.663706144      0.899668032300E-05
   131.946891451      0.836639380848E-05
   138.230076758      0.661044178859E-05
   144.513262065      0.560979160325E-05
   150.796447372      0.480084169037E-05
   157.079632679      0.427416407428E-05
   163.362817987      0.367468984773E-05
   169.646003294      0.303272268776E-05
   175.929188601      0.287533175395E-05
   182.212373908      0.249545951089E-05
   188.495559215      0.216352931803E-05
   194.778744523      0.163612515879E-05
   201.061929830      0.164137719721E-05
   207.345115137      0.131179215668E-05
   213.628300444      0.119185980500E-05
   219.911485751      0.990397256431E-06
   226.194671058      0.889229116484E-06
   232.477856366      0.758674122720E-06
   238.761041673      0.678502526068E-06
   245.044226980      0.596813049698E-06
   251.327412287      0.540157591193E-06
   257.610597594      0.456449748107E-06
   263.893782902      0.425946111244E-06
   270.176968209      0.364765575656E-06
   276.460153516      0.318424329804E-06
   282.743338823      0.269333199110E-06
   289.026524130      0.247304194152E-06
   295.309709437      0.209119479416E-06
   301.592894745      0.185350133308E-06
   307.876080052      0.160236209661E-06
   314.159265359      0.140786911499E-06
   320.442450666      0.118621068105E-06
   326.725635973      0.106430094334E-06
   333.008821281      0.918084605909E-07
   339.292006588      0.794848881343E-07
   345.575191895      0.700779903642E-07
   351.858377202      0.597447155131E-07
   358.141562509      0.502884416367E-07
   364.424747816      0.437788350495E-07
   370.707933124      0.379268724749E-07
   376.991118431      0.314531529657E-07
   383.274303738      0.266401868181E-07
   389.557489045      0.223630458411E-07
   395.840674352      0.186751953284E-07
   402.123859659      0.156327575055E-07
   408.407044967      0.125194083870E-07
   414.690230274      0.110013848514E-07
   420.973415581      0.864517342680E-08
   427.256600888      0.729970937824E-08
   433.539786195      0.590643294527E-08
   439.822971503      0.499261089506E-08
   446.106156810      0.395013502190E-08
   452.389342117      0.329268212936E-08
   458.672527424      0.269353364766E-08
   464.955712731      0.221861838183E-08
   471.238898038      0.181703425890E-08
   477.522083346      0.145788822359E-08
   483.805268653      0.119234699352E-08
   490.088453960      0.980024525093E-09
   496.371639267      0.799505697647E-09
   502.654824574      0.657535405533E-09
   508.938009882      0.548734978931E-09
   515.221195189      0.451709333495E-09
   521.504380496      0.375140099389E-09
   527.787565803      0.302208838383E-09
   534.070751110      0.251490607969E-09
   540.353936417      0.213897917217E-09
   546.637121725      0.137563772566E-09
   552.920307032      0.105301078644E-09
   559.203492339      0.798518284294E-10
   565.486677646      0.656760832822E-10
   571.769862953      0.518744445679E-10
   578.053048261      0.415479441455E-10
   584.336233568      0.330790983562E-10
   590.619418875      0.271921166772E-10
   596.902604182      0.212032245383E-10
   603.185789489      0.166450737578E-10
   609.468974796      0.136342903903E-10
   615.752160104      0.110573140589E-10
   622.035345411      0.848237399181E-11
   628.318530718      0.702077605657E-11
   634.601716025      0.561206165121E-11
   640.884901332      0.447801887659E-11
   647.168086639      0.355031776746E-11
   653.451271947      0.292676688447E-11
   659.734457254      0.224536904975E-11
   666.017642561      0.174712363323E-11
   672.300827868      0.141776727131E-11
   678.584013175      0.106341831577E-11
   684.867198483      0.796302300509E-12
   691.150383790      0.646365931216E-12
   697.433569097      0.481695246264E-12
   703.716754404      0.339589090383E-12
   709.999939711      0.248442943027E-12
   716.283125018      0.206946676796E-12
   722.566310326      0.142332107840E-12
   728.849495633      0.928195749749E-13
   735.132680940      0.760296025577E-13
   741.415866247      0.522630680050E-13
   747.699051554      0.348652921110E-13
   753.982236862      0.249380722695E-13
   760.265422169      0.181829065143E-13
   766.548607476      0.123556418980E-13
   772.831792783      0.849064629907E-14
   779.114978090      0.620101624679E-14
   785.398163397      0.430808172442E-14
   791.681348705      0.304688272775E-14
   797.964534012      0.206211585462E-14
   804.247719319      0.151977545391E-14
   810.530904626      0.985600302735E-15
   816.814089933      0.692981470109E-15
   823.097275241      0.460266077089E-15
   829.380460548      0.307586094537E-15
   835.663645855      0.206030288059E-15
   841.946831162      0.132626626232E-15
   848.230016469      0.852058032553E-16
   854.513201776      0.507476866098E-16
   860.796387084      0.288450656303E-16
   867.079572391      0.165577838991E-16
   873.362757698      0.881319079876E-17
   879.645943005      0.448893582619E-17
   885.929128312      0.176861521953E-17
   892.212313620      0.696755334855E-18
   898.495498927      0.496332150981E-18
   904.778684234      0.198529106037E-18
   911.061869541      0.727914464423E-19
   917.345054848      0.126545945275E-19
   923.628240155      0.126051203030E-19
   929.911425463      0.189812839759E-20
   936.194610770      0.104828438723E-35
   942.477796077      0.104037027332E-35
   948.760981384      0.102960632702E-35
   955.044166691      0.979732024682E-36
   961.327351998      0.989485843097E-36
   967.610537306      0.956882699321E-36
   973.893722613      0.928123253285E-36
   980.176907920      0.907015323579E-36
   986.460093227      0.870120648374E-36
   992.743278534      0.881059112946E-36
   999.026463842      0.836848862673E-36
   1005.30964915      0.830495132050E-36
   1011.59283446      0.775268503939E-36
   1017.87601976      0.764317437246E-36
   1024.15920507      0.746862114248E-36
   1030.44239038      0.689776419246E-36
   1036.72557568      0.722925693884E-36
   1043.00876099      0.657685203784E-36
   1049.29194630      0.638843496729E-36
   1055.57513161      0.623308910822E-36
   1061.85831691      0.593086963326E-36
   1068.14150222      0.620140879525E-36
   1074.42468753      0.540931931577E-36
   1080.70787283      0.543164111024E-36
   1086.99105814      0.515148879061E-36
   1093.27424345      0.485775530983E-36
   1099.55742876      0.482092893170E-36
   1105.84061406      0.428301833762E-36
   1112.12379937      0.449323712466E-36
   1118.40698468      0.383197795776E-36
   1124.69016999      0.381842957740E-36
   1130.97335529      0.329281451744E-36
   1137.25654060      0.288921529553E-36
   1143.53972591      0.260253316361E-36
   1149.82291121      0.235022111575E-36
   1156.10609652      0.220682830528E-36
   1162.38928183      0.203973342584E-36
   1168.67246714      0.193641337699E-36
   1174.95565244      0.178946853532E-36
   1181.23883775      0.170735349733E-36
   1187.52202306      0.156048806022E-36
   1193.80520836      0.147722686647E-36
   1200.08839367      0.135317040313E-36
   1206.37157898      0.130098835721E-36
   1212.65476429      0.117135067748E-36
   1218.93794959      0.109703404238E-36
   1225.22113490      0.105616184385E-36
   1231.50432021      0.968854768911E-37
   1237.78750551      0.872489464918E-37
   1244.07069082      0.821680359165E-37
   1250.35387613      0.782556537704E-37
   1256.63706144      0.723519119366E-37
   1262.92024674      0.649346134679E-37
   1269.20343205      0.613818741033E-37
   1275.48661736      0.546387120841E-37
   1281.76980266      0.490268194955E-37
   1288.05298797      0.432414231493E-37
   1294.33617328      0.415906244623E-37
   1300.61935859      0.352091763199E-37
   1306.90254389      0.309267416453E-37
   1313.18572920      0.259139733866E-37
   1319.46891451      0.268784831332E-37
   1325.75209981      0.225064206389E-37
   1332.03528512      0.182621061929E-37
   1338.31847043      0.139379383048E-37
   1344.60165574      0.147621501610E-37
   1350.88484104      0.119899734652E-37
   1357.16802635      0.838436263081E-38
   1363.45121166      0.456079752203E-38
   1369.73439697      0.507670718751E-38
   1376.01758227      0.282598570283E-38
   1382.30076758      0.140408336106E-38
   1388.58395289      0.278873578426E-39
   1394.86713819      0.730867366111E-40
   6.28318530718      0.256457152177E-40
   12.5663706144      0.192302074657E-03
   18.8495559215      0.122203259073E-03
   25.1327412287      0.176354561256E-03
   31.4159265359      0.148057031686E-03
   37.6991118431      0.144473791194E-03
   43.9822971503      0.981878513311E-04
   50.2654824574      0.103526530357E-03
   56.5486677646      0.772152754628E-04
   62.8318530718      0.594943148114E-04
   69.1150383790      0.500575978093E-04
   75.3982236862      0.368641980550E-04
   81.6814089933      0.329524612128E-04
   87.9645943005      0.353328484079E-04
   94.2477796077      0.272057599160E-04
   100.530964915      0.198444031369E-04
   106.814150222      0.177194311485E-04
   113.097335529      0.155937423692E-04
   119.380520836      0.125633124431E-04
   125.663706144      0.954295986727E-05
   131.946891451      0.886702607824E-05
   138.230076758      0.701214686311E-05
   144.513262065      0.602211785938E-05
   150.796447372      0.511980673173E-05
   157.079632679      0.453687413924E-05
   163.362817987      0.395181443357E-05
   169.646003294      0.331488045525E-05
   175.929188601      0.302821559282E-05
   182.212373908      0.266650795913E-05
   188.495559215      0.234752478997E-05
   194.778744523      0.175551465741E-05
   201.061929830      0.172081836551E-05
   207.345115137      0.139113140284E-05
   213.628300444      0.127523549657E-05
   219.911485751      0.104688354554E-05
   226.194671058      0.939445825175E-06
   232.477856366      0.798825380311E-06
   238.761041673      0.720631314306E-06
   245.044226980      0.637615266498E-06
   251.327412287      0.573369252459E-06
   257.610597594      0.485538261670E-06
   263.893782902      0.455508452954E-06
   270.176968209      0.394498449287E-06
   276.460153516      0.342751661979E-06
   282.743338823      0.289128395373E-06
   289.026524130      0.265662225955E-06
   295.309709437      0.224793094750E-06
   301.592894745      0.200311310705E-06
   307.876080052      0.173416412650E-06
   314.159265359      0.151513514844E-06
   320.442450666      0.128181317963E-06
   326.725635973      0.115567735997E-06
   333.008821281      0.993441011307E-07
   339.292006588      0.862816293516E-07
   345.575191895      0.763265653043E-07
   351.858377202      0.649071894979E-07
   358.141562509      0.548227507216E-07
   364.424747816      0.479153118353E-07
   370.707933124      0.415214783979E-07
   376.991118431      0.347400863856E-07
   383.274303738      0.294205088761E-07
   389.557489045      0.247687387384E-07
   395.840674352      0.207159168652E-07
   402.123859659      0.175315526139E-07
   408.407044967      0.140982034062E-07
   414.690230274      0.124062737368E-07
   420.973415581      0.983924247946E-08
   427.256600888      0.836556672055E-08
   433.539786195      0.678074358994E-08
   439.822971503      0.577394648686E-08
   446.106156810      0.461040046502E-08
   452.389342117      0.385753495436E-08
   458.672527424      0.317763352756E-08
   464.955712731      0.261958263152E-08
   471.238898038      0.218055969032E-08
   477.522083346      0.173873092174E-08
   483.805268653      0.144251444144E-08
   490.088453960      0.117999421869E-08
   496.371639267      0.969234938888E-09
   502.654824574      0.801045900553E-09
   508.938009882      0.671452117409E-09
   515.221195189      0.551325834657E-09
   521.504380496      0.460102840102E-09
   527.787565803      0.371485177562E-09
   534.070751110      0.308647858617E-09
   540.353936417      0.260510615470E-09
   546.637121725      0.170793864182E-09
   552.920307032      0.130205355621E-09
   559.203492339      0.984280065713E-10
   565.486677646      0.811939969865E-10
   571.769862953      0.641376667806E-10
   578.053048261      0.512231708493E-10
   584.336233568      0.404798468004E-10
   590.619418875      0.334829318759E-10
   596.902604182      0.257969003592E-10
   603.185789489      0.198310187212E-10
   609.468974796      0.163623201950E-10
   615.752160104      0.130091124764E-10
   622.035345411      0.995501096993E-11
   628.318530718      0.809992790459E-11
   634.601716025      0.653770515193E-11
   640.884901332      0.513068035380E-11
   647.168086639      0.409621961497E-11
   653.451271947      0.334294845257E-11
   659.734457254      0.259889114150E-11
   666.017642561      0.199119887086E-11
   672.300827868      0.164781756750E-11
   678.584013175      0.122415840538E-11
   684.867198483      0.917015385566E-12
   691.150383790      0.744993003070E-12
   697.433569097      0.563691414948E-12
   703.716754404      0.394795955945E-12
   709.999939711      0.287345200525E-12
   716.283125018      0.244228178470E-12
   722.566310326      0.168086088606E-12
   728.849495633      0.107701357503E-12
   735.132680940      0.882387024522E-13
   741.415866247      0.603481209569E-13
   747.699051554      0.392913614691E-13
   753.982236862      0.275278280944E-13
   760.265422169      0.201062120746E-13
   766.548607476      0.134188861877E-13
   772.831792783      0.916956378506E-14
   779.114978090      0.665010886454E-14
   785.398163397      0.460542413449E-14
   791.681348705      0.324196659653E-14
   797.964534012      0.220050635730E-14
   804.247719319      0.160200433036E-14
   810.530904626      0.103392719912E-14
   816.814089933      0.719409706099E-15
   823.097275241      0.475162316568E-15
   829.380460548      0.308657211455E-15
   835.663645855      0.204508737491E-15
   841.946831162      0.130679005110E-15
   848.230016469      0.826507435561E-16
   854.513201776      0.483221112464E-16
   860.796387084      0.275709819032E-16
   867.079572391      0.155628554004E-16
   873.362757698      0.812782658134E-17
   879.645943005      0.421761813137E-17
   885.929128312      0.186514440494E-17
   892.212313620      0.757429035350E-18
   898.495498927      0.630323086054E-18
   904.778684234      0.304183086570E-18
   911.061869541      0.124834479471E-18
   917.345054848      0.212024680798E-19
   923.628240155      0.198456654915E-19
   929.911425463      0.225040531007E-20
   936.194610770      0.105667305359E-35
   942.477796077      0.102830107066E-35
   948.760981384      0.101400668587E-35
   955.044166691      0.980185638343E-36
   961.327351998      0.972364640172E-36
   967.610537306      0.946319206730E-36
   973.893722613      0.923165295766E-36
   980.176907920      0.911054359280E-36
   986.460093227      0.879176393505E-36
   992.743278534      0.868776283752E-36
   999.026463842      0.837794905625E-36
   1005.30964915      0.830894805023E-36
   1011.59283446      0.771871898480E-36
   1017.87601976      0.759772121257E-36
   1024.15920507      0.740058496250E-36
   1030.44239038      0.689908256211E-36
   1036.72557568      0.709351501781E-36
   1043.00876099      0.656948937626E-36
   1049.29194630      0.649632697326E-36
   1055.57513161      0.631639011405E-36
   1061.85831691      0.596841077106E-36
   1068.14150222      0.619245657697E-36
   1074.42468753      0.539595610918E-36
   1080.70787283      0.559675761586E-36
   1086.99105814      0.510864210007E-36
   1093.27424345      0.487765409057E-36
   1099.55742876      0.504229398934E-36
   1105.84061406      0.428536176335E-36
   1112.12379937      0.458841595120E-36
   1118.40698468      0.379292154124E-36
   1124.69016999      0.376469986540E-36
   1130.97335529      0.328546039199E-36
   1137.25654060      0.288728744893E-36
   1143.53972591      0.258592506821E-36
   1149.82291121      0.232564196098E-36
   1156.10609652      0.217237058491E-36
   1162.38928183      0.206272543304E-36
   1168.67246714      0.193176634788E-36
   1174.95565244      0.175974344348E-36
   1181.23883775      0.170976178562E-36
   1187.52202306      0.157179258056E-36
   1193.80520836      0.147753907225E-36
   1200.08839367      0.137063389125E-36
   1206.37157898      0.130650061084E-36
   1212.65476429      0.117084898585E-36
   1218.93794959      0.110416110326E-36
   1225.22113490      0.103695468528E-36
   1231.50432021      0.964856495459E-37
   1237.78750551      0.860023066564E-37
   1244.07069082      0.817262952304E-37
   1250.35387613      0.758830845741E-37
   1256.63706144      0.702871838614E-37
   1262.92024674      0.626290508459E-37
   1269.20343205      0.597818992969E-37
   1275.48661736      0.515187541306E-37
   1281.76980266      0.482051429220E-37
   1288.05298797      0.414729411615E-37
   1294.33617328      0.403180053877E-37
   1300.61935859      0.348697989853E-37
   1306.90254389      0.299482425177E-37
   1313.18572920      0.255187557521E-37
   1319.46891451      0.261766413481E-37
   1325.75209981      0.215150727196E-37
   1332.03528512      0.180419335447E-37
   1338.31847043      0.130196372388E-37
   1344.60165574      0.152003564000E-37
   1350.88484104      0.114747297449E-37
   1357.16802635      0.772639104837E-38
   1363.45121166      0.410701219765E-38
   1369.73439697      0.488268814915E-38
   1376.01758227      0.329526141501E-38
   1382.30076758      0.104247887791E-38
   1388.58395289      0.137431659069E-39
   1394.86713819      0.511171325436E-40
   6.28318530718      0.146664947358E-40
   12.5663706144      0.185531803870E-03
   18.8495559215      0.120577777768E-03
   25.1327412287      0.172639204288E-03
   31.4159265359      0.146179875872E-03
   37.6991118431      0.140631265596E-03
   43.9822971503      0.982547637915E-04
   50.2654824574      0.103614763448E-03
   56.5486677646      0.775097957547E-04
   62.8318530718      0.592305639514E-04
   69.1150383790      0.490041647343E-04
   75.3982236862      0.365633706032E-04
   81.6814089933      0.338257763531E-04
   87.9645943005      0.365053636407E-04
   94.2477796077      0.275155295023E-04
   100.530964915      0.202620620525E-04
   106.814150222      0.183720129507E-04
   113.097335529      0.161794437807E-04
   119.380520836      0.130158821997E-04
   125.663706144      0.101457728234E-04
   131.946891451      0.938195329210E-05
   138.230076758      0.738582036024E-05
   144.513262065      0.652966368991E-05
   150.796447372      0.551677042099E-05
   157.079632679      0.481697848222E-05
   163.362817987      0.421224114760E-05
   169.646003294      0.361583871305E-05
   175.929188601      0.316728987360E-05
   182.212373908      0.281436950001E-05
   188.495559215      0.251253028893E-05
   194.778744523      0.186641207555E-05
   201.061929830      0.180113803504E-05
   207.345115137      0.148035626286E-05
   213.628300444      0.135521957906E-05
   219.911485751      0.111229664014E-05
   226.194671058      0.993573780770E-06
   232.477856366      0.837421931978E-06
   238.761041673      0.759083949078E-06
   245.044226980      0.681041324876E-06
   251.327412287      0.603239708503E-06
   257.610597594      0.514552765866E-06
   263.893782902      0.483681387395E-06
   270.176968209      0.423161053580E-06
   276.460153516      0.367358133397E-06
   282.743338823      0.311680800701E-06
   289.026524130      0.284749692256E-06
   295.309709437      0.242093899166E-06
   301.592894745      0.216491639408E-06
   307.876080052      0.188223151327E-06
   314.159265359      0.163747874377E-06
   320.442450666      0.138907921990E-06
   326.725635973      0.125715210443E-06
   333.008821281      0.108028832501E-06
   339.292006588      0.939043563369E-07
   345.575191895      0.827292916921E-07
   351.858377202      0.706541000925E-07
   358.141562509      0.595187555333E-07
   364.424747816      0.522466087870E-07
   370.707933124      0.453591342176E-07
   376.991118431      0.382665470752E-07
   383.274303738      0.323334631887E-07
   389.557489045      0.273611038013E-07
   395.840674352      0.228857767651E-07
   402.123859659      0.195787897904E-07
   408.407044967      0.158672159718E-07
   414.690230274      0.139537897037E-07
   420.973415581      0.111797195819E-07
   427.256600888      0.954031400157E-08
   433.539786195      0.778841928293E-08
   439.822971503      0.664120245857E-08
   446.106156810      0.538254845107E-08
   452.389342117      0.450561372213E-08
   458.672527424      0.375662914365E-08
   464.955712731      0.308318601263E-08
   471.238898038      0.260877131889E-08
   477.522083346      0.208062765397E-08
   483.805268653      0.174865574363E-08
   490.088453960      0.141601627995E-08
   496.371639267      0.118040450736E-08
   502.654824574      0.976748512969E-09
   508.938009882      0.823527933682E-09
   515.221195189      0.673378278515E-09
   521.504380496      0.566993516800E-09
   527.787565803      0.457570160455E-09
   534.070751110      0.380592962652E-09
   540.353936417      0.320083834039E-09
   546.637121725      0.214392590781E-09
   552.920307032      0.162806423061E-09
   559.203492339      0.123169114991E-09
   565.486677646      0.102223746381E-09
   571.769862953      0.802633823774E-10
   578.053048261      0.638466521802E-10
   584.336233568      0.505682678660E-10
   590.619418875      0.414715114292E-10
   596.902604182      0.315866355773E-10
   603.185789489      0.239737559082E-10
   609.468974796      0.200036762555E-10
   615.752160104      0.154450294862E-10
   622.035345411      0.120028123434E-10
   628.318530718      0.956205943330E-11
   634.601716025      0.778110090964E-11
   640.884901332      0.600459479104E-11
   647.168086639      0.486877255983E-11
   653.451271947      0.393121104984E-11
   659.734457254      0.308974218819E-11
   666.017642561      0.233732424665E-11
   672.300827868      0.197938197310E-11
   678.584013175      0.145556476988E-11
   684.867198483      0.110715085317E-11
   691.150383790      0.901591445792E-12
   697.433569097      0.691288662742E-12
   703.716754404      0.482898477170E-12
   709.999939711      0.355637495319E-12
   716.283125018      0.301908283312E-12
   722.566310326      0.211514891189E-12
   728.849495633      0.134972560015E-12
   735.132680940      0.109062416096E-12
   741.415866247      0.756092827531E-13
   747.699051554      0.484526412343E-13
   753.982236862      0.335071136636E-13
   760.265422169      0.239263404314E-13
   766.548607476      0.159492899259E-13
   772.831792783      0.108312520678E-13
   779.114978090      0.775290852601E-14
   785.398163397      0.532398014793E-14
   791.681348705      0.370194637192E-14
   797.964534012      0.251785854772E-14
   804.247719319      0.180185867861E-14
   810.530904626      0.115721343198E-14
   816.814089933      0.791534308330E-15
   823.097275241      0.519122875007E-15
   829.380460548      0.327946465755E-15
   835.663645855      0.214250486243E-15
   841.946831162      0.134091508740E-15
   848.230016469      0.838783289189E-16
   854.513201776      0.486004311560E-16
   860.796387084      0.272687659071E-16
   867.079572391      0.156272595855E-16
   873.362757698      0.896275974197E-17
   879.645943005      0.503065662848E-17
   885.929128312      0.261151731158E-17
   892.212313620      0.118400033370E-17
   898.495498927      0.107358135716E-17
   904.778684234      0.534595047484E-18
   911.061869541      0.216323709122E-18
   917.345054848      0.367754832589E-19
   923.628240155      0.330752005777E-19
   929.911425463      0.375066429751E-20
   936.194610770      0.105159185166E-35
   942.477796077      0.103253764382E-35
   948.760981384      0.101155013405E-35
   955.044166691      0.976937285254E-36
   961.327351998      0.972074805847E-36
   967.610537306      0.939091060462E-36
   973.893722613      0.930990317869E-36
   980.176907920      0.910859850951E-36
   986.460093227      0.869818167087E-36
   992.743278534      0.861719708677E-36
   999.026463842      0.819499406986E-36
   1005.30964915      0.822674179264E-36
   1011.59283446      0.756756444258E-36
   1017.87601976      0.758135115455E-36
   1024.15920507      0.728728083470E-36
   1030.44239038      0.677604568055E-36
   1036.72557568      0.711700354108E-36
   1043.00876099      0.662425767110E-36
   1049.29194630      0.631144363151E-36
   1055.57513161      0.624016333618E-36
   1061.85831691      0.583994258357E-36
   1068.14150222      0.602995291047E-36
   1074.42468753      0.532538915070E-36
   1080.70787283      0.545086683332E-36
   1086.99105814      0.516159103857E-36
   1093.27424345      0.483445991747E-36
   1099.55742876      0.484825533994E-36
   1105.84061406      0.418487019620E-36
   1112.12379937      0.453295595907E-36
   1118.40698468      0.381310666191E-36
   1124.69016999      0.369485667614E-36
   1130.97335529      0.324702225636E-36
   1137.25654060      0.280589183445E-36
   1143.53972591      0.253909035464E-36
   1149.82291121      0.231061000999E-36
   1156.10609652      0.217678404780E-36
   1162.38928183      0.203910148798E-36
   1168.67246714      0.192132529845E-36
   1174.95565244      0.177968696325E-36
   1181.23883775      0.169013193392E-36
   1187.52202306      0.155699620446E-36
   1193.80520836      0.145166378756E-36
   1200.08839367      0.134503376045E-36
   1206.37157898      0.129586212634E-36
   1212.65476429      0.116683639884E-36
   1218.93794959      0.108606441034E-36
   1225.22113490      0.104362606645E-36
   1231.50432021      0.950391544113E-37
   1237.78750551      0.865985967079E-37
   1244.07069082      0.807507203868E-37
   1250.35387613      0.762959256015E-37
   1256.63706144      0.698058666959E-37
   1262.92024674      0.623530101603E-37
   1269.20343205      0.607642970092E-37
   1275.48661736      0.523755361013E-37
   1281.76980266      0.486672854024E-37
   1288.05298797      0.419918070421E-37
   1294.33617328      0.422401559997E-37
   1300.61935859      0.357460888825E-37
   1306.90254389      0.305456627838E-37
   1313.18572920      0.258269639648E-37
   1319.46891451      0.268937465766E-37
   1325.75209981      0.216869766174E-37
   1332.03528512      0.172831217408E-37
   1338.31847043      0.122452741398E-37
   1344.60165574      0.146763311824E-37
   1350.88484104      0.106574341795E-37
   1357.16802635      0.790805316691E-38
   1363.45121166      0.419213800110E-38
   1369.73439697      0.489495930888E-38
   1376.01758227      0.294198940813E-38
   1382.30076758      0.121745666555E-38
   1388.58395289      0.185915280551E-39
   1394.86713819      0.709809313105E-40
   6.28318530718      0.150870745792E-39
   12.5663706144      0.178972801644E-03
   18.8495559215      0.119078511930E-03
   25.1327412287      0.169073823953E-03
   31.4159265359      0.144164677734E-03
   37.6991118431      0.137013412280E-03
   43.9822971503      0.979643190293E-04
   50.2654824574      0.103352715110E-03
   56.5486677646      0.778304454260E-04
   62.8318530718      0.587857872392E-04
   69.1150383790      0.478368173078E-04
   75.3982236862      0.367853519564E-04
   81.6814089933      0.346990271351E-04
   87.9645943005      0.374858936929E-04
   94.2477796077      0.276023159344E-04
   100.530964915      0.207900547541E-04
   106.814150222      0.189988603332E-04
   113.097335529      0.167422915622E-04
   119.380520836      0.134412754601E-04
   125.663706144      0.107564762880E-04
   131.946891451      0.993237425549E-05
   138.230076758      0.776631018869E-05
   144.513262065      0.708584606943E-05
   150.796447372      0.596062039690E-05
   157.079632679      0.514635082634E-05
   163.362817987      0.444815229821E-05
   169.646003294      0.389435187129E-05
   175.929188601      0.330568446240E-05
   182.212373908      0.294124935593E-05
   188.495559215      0.266206377925E-05
   194.778744523      0.196762719430E-05
   201.061929830      0.188872147048E-05
   207.345115137      0.158216365724E-05
   213.628300444      0.143542586526E-05
   219.911485751      0.118755190796E-05
   226.194671058      0.105257824317E-05
   232.477856366      0.878533314704E-06
   238.761041673      0.798300923632E-06
   245.044226980      0.724746565720E-06
   251.327412287      0.632204342866E-06
   257.610597594      0.543336623281E-06
   263.893782902      0.511504657053E-06
   270.176968209      0.449125704121E-06
   276.460153516      0.391398781675E-06
   282.743338823      0.336653617681E-06
   289.026524130      0.304481418176E-06
   295.309709437      0.260919664852E-06
   301.592894745      0.232781563313E-06
   307.876080052      0.204678849313E-06
   314.159265359      0.177622052790E-06
   320.442450666      0.151025381860E-06
   326.725635973      0.136793787706E-06
   333.008821281      0.117891239692E-06
   339.292006588      0.102417324290E-06
   345.575191895      0.894309539423E-07
   351.858377202      0.772011082405E-07
   358.141562509      0.645275102203E-07
   364.424747816      0.569681291250E-07
   370.707933124      0.495691975818E-07
   376.991118431      0.420459048682E-07
   383.274303738      0.355291222389E-07
   389.557489045      0.302329904360E-07
   395.840674352      0.252806380316E-07
   402.123859659      0.217938082727E-07
   408.407044967      0.178687776564E-07
   414.690230274      0.156849819572E-07
   420.973415581      0.126966323589E-07
   427.256600888      0.108361003203E-07
   433.539786195      0.893883078514E-08
   439.822971503      0.760468815946E-08
   446.106156810      0.628128835909E-08
   452.389342117      0.523662169583E-08
   458.672527424      0.444256264138E-08
   464.955712731      0.361785452962E-08
   471.238898038      0.309871752516E-08
   477.522083346      0.249311521070E-08
   483.805268653      0.210966579327E-08
   490.088453960      0.169751591672E-08
   496.371639267      0.143663349981E-08
   502.654824574      0.118760201923E-08
   508.938009882      0.100777694878E-08
   515.221195189      0.822145206225E-09
   521.504380496      0.698236566163E-09
   527.787565803      0.562781217325E-09
   534.070751110      0.469273319925E-09
   540.353936417      0.395948046952E-09
   546.637121725      0.269518483652E-09
   552.920307032      0.204612052864E-09
   559.203492339      0.154833188708E-09
   565.486677646      0.129573278625E-09
   571.769862953      0.100312804573E-09
   578.053048261      0.796353250913E-10
   584.336233568      0.635178463706E-10
   590.619418875      0.508393268032E-10
   596.902604182      0.384521766906E-10
   603.185789489      0.292760879243E-10
   609.468974796      0.244975103188E-10
   615.752160104      0.184824730390E-10
   622.035345411      0.147452533025E-10
   628.318530718      0.115264968057E-10
   634.601716025      0.932337396717E-11
   640.884901332      0.716001500682E-11
   647.168086639      0.587817136423E-11
   653.451271947      0.473232255788E-11
   659.734457254      0.372865124995E-11
   666.017642561      0.282683206327E-11
   672.300827868      0.243783835502E-11
   678.584013175      0.178423672610E-11
   684.867198483      0.138777887549E-11
   691.150383790      0.113910727871E-11
   697.433569097      0.877989318369E-12
   703.716754404      0.613294063746E-12
   709.999939711      0.462174234443E-12
   716.283125018      0.385860030817E-12
   722.566310326      0.276283492326E-12
   728.849495633      0.177578242058E-12
   735.132680940      0.142527935020E-12
   741.415866247      0.998262931157E-13
   747.699051554      0.643343539899E-13
   753.982236862      0.446507236853E-13
   760.265422169      0.312671565174E-13
   766.548607476      0.210185726777E-13
   772.831792783      0.142581694713E-13
   779.114978090      0.101425763469E-13
   785.398163397      0.691836426830E-14
   791.681348705      0.476601845897E-14
   797.964534012      0.324271473274E-14
   804.247719319      0.230733205082E-14
   810.530904626      0.149023169795E-14
   816.814089933      0.101232123299E-14
   823.097275241      0.657077945243E-15
   829.380460548      0.417508483332E-15
   835.663645855      0.273165228226E-15
   841.946831162      0.167186015371E-15
   848.230016469      0.105787408033E-15
   854.513201776      0.625168328999E-16
   860.796387084      0.354814564553E-16
   867.079572391      0.207172963467E-16
   873.362757698      0.137826324429E-16
   879.645943005      0.844730646107E-17
   885.929128312      0.470503800879E-17
   892.212313620      0.216050852445E-17
   898.495498927      0.194408579910E-17
   904.778684234      0.908921678547E-18
   911.061869541      0.342348859469E-18
   917.345054848      0.595255288592E-19
   923.628240155      0.533805840543E-19
   929.911425463      0.702617630918E-20
   936.194610770      0.106365716457E-35
   942.477796077      0.102088833475E-35
   948.760981384      0.999167313846E-36
   955.044166691      0.964602661914E-36
   961.327351998      0.978278848885E-36
   967.610537306      0.946889188772E-36
   973.893722613      0.911401220043E-36
   980.176907920      0.902594604410E-36
   986.460093227      0.863237130217E-36
   992.743278534      0.865012502147E-36
   999.026463842      0.819332248853E-36
   1005.30964915      0.830295655066E-36
   1011.59283446      0.759281084325E-36
   1017.87601976      0.754005389252E-36
   1024.15920507      0.720159431605E-36
   1030.44239038      0.680370168728E-36
   1036.72557568      0.715116773012E-36
   1043.00876099      0.643809933877E-36
   1049.29194630      0.639341093015E-36
   1055.57513161      0.608730924069E-36
   1061.85831691      0.578717816365E-36
   1068.14150222      0.603362592868E-36
   1074.42468753      0.534883665324E-36
   1080.70787283      0.545622426970E-36
   1086.99105814      0.504286627834E-36
   1093.27424345      0.479905322347E-36
   1099.55742876      0.469244712414E-36
   1105.84061406      0.413340965080E-36
   1112.12379937      0.445744051819E-36
   1118.40698468      0.373063788659E-36
   1124.69016999      0.367709379485E-36
   1130.97335529      0.323697839098E-36
   1137.25654060      0.281114259059E-36
   1143.53972591      0.257097433485E-36
   1149.82291121      0.231683871706E-36
   1156.10609652      0.215430533695E-36
   1162.38928183      0.202281205896E-36
   1168.67246714      0.191318470690E-36
   1174.95565244      0.176423336582E-36
   1181.23883775      0.167496120261E-36
   1187.52202306      0.156416392462E-36
   1193.80520836      0.142669797787E-36
   1200.08839367      0.135639829717E-36
   1206.37157898      0.129456653124E-36
   1212.65476429      0.117485268203E-36
   1218.93794959      0.109980285897E-36
   1225.22113490      0.103136789128E-36
   1231.50432021      0.943195509807E-37
   1237.78750551      0.852471946325E-37
   1244.07069082      0.816810128388E-37
   1250.35387613      0.769762732915E-37
   1256.63706144      0.696432501619E-37
   1262.92024674      0.612618696929E-37
   1269.20343205      0.601118578035E-37
   1275.48661736      0.512488307735E-37
   1281.76980266      0.477166308743E-37
   1288.05298797      0.413401356680E-37
   1294.33617328      0.406280265490E-37
   1300.61935859      0.348724292105E-37
   1306.90254389      0.307230526973E-37
   1313.18572920      0.250531975653E-37
   1319.46891451      0.253826897168E-37
   1325.75209981      0.225335355761E-37
   1332.03528512      0.180309200606E-37
   1338.31847043      0.130336047683E-37
   1344.60165574      0.149983014529E-37
   1350.88484104      0.119406297461E-37
   1357.16802635      0.831924521447E-38
   1363.45121166      0.433928839194E-38
   1369.73439697      0.564670792111E-38
   1376.01758227      0.309793725395E-38
   1382.30076758      0.124071163983E-38
   1388.58395289      0.230365838742E-39
   1394.86713819      0.739323256220E-40
   6.28318530718      0.600629689804E-40
   12.5663706144      0.172619824722E-03
   18.8495559215      0.117680644446E-03
   25.1327412287      0.165651427070E-03
   31.4159265359      0.142052915932E-03
   37.6991118431      0.133675522445E-03
   43.9822971503      0.972648533531E-04
   50.2654824574      0.102710751718E-03
   56.5486677646      0.780786846233E-04
   62.8318530718      0.581933338430E-04
   69.1150383790      0.467502424484E-04
   75.3982236862      0.375338667212E-04
   81.6814089933      0.356112169061E-04
   87.9645943005      0.381910383219E-04
   94.2477796077      0.275489881944E-04
   100.530964915      0.213840224943E-04
   106.814150222      0.195609889310E-04
   113.097335529      0.172962587134E-04
   119.380520836      0.138295450466E-04
   125.663706144      0.113456892874E-04
   131.946891451      0.104952903895E-04
   138.230076758      0.822691330549E-05
   144.513262065      0.763281718807E-05
   150.796447372      0.638063458736E-05
   157.079632679      0.552452232692E-05
   163.362817987      0.467300326282E-05
   169.646003294      0.412738946063E-05
   175.929188601      0.346027712693E-05
   182.212373908      0.304185731628E-05
   188.495559215      0.280619420490E-05
   194.778744523      0.207141521881E-05
   201.061929830      0.198455981601E-05
   207.345115137      0.169038656922E-05
   213.628300444      0.151813433556E-05
   219.911485751      0.127231734634E-05
   226.194671058      0.111863709803E-05
   232.477856366      0.927530820434E-06
   238.761041673      0.842996823526E-06
   245.044226980      0.769738149469E-06
   251.327412287      0.664632726060E-06
   257.610597594      0.572934320162E-06
   263.893782902      0.541025435026E-06
   270.176968209      0.472766192825E-06
   276.460153516      0.414656609264E-06
   282.743338823      0.362307397450E-06
   289.026524130      0.324762911036E-06
   295.309709437      0.281284706947E-06
   301.592894745      0.248709901955E-06
   307.876080052      0.221732407641E-06
   314.159265359      0.192617062051E-06
   320.442450666      0.164667007848E-06
   326.725635973      0.148834790367E-06
   333.008821281      0.128427637424E-06
   339.292006588      0.111653433453E-06
   345.575191895      0.966862664998E-07
   351.858377202      0.846431124027E-07
   358.141562509      0.701053504534E-07
   364.424747816      0.623608812392E-07
   370.707933124      0.543041483445E-07
   376.991118431      0.461458258236E-07
   383.274303738      0.391286839101E-07
   389.557489045      0.335117601726E-07
   395.840674352      0.280604301953E-07
   402.123859659      0.242307495346E-07
   408.407044967      0.201232092105E-07
   414.690230274      0.176568257998E-07
   420.973415581      0.144412756244E-07
   427.256600888      0.122833279578E-07
   433.539786195      0.102501198244E-07
   439.822971503      0.869814834505E-08
   446.106156810      0.731381248812E-08
   452.389342117      0.605554945915E-08
   458.672527424      0.523943660704E-08
   464.955712731      0.424276200486E-08
   471.238898038      0.365081207136E-08
   477.522083346      0.298028846298E-08
   483.805268653      0.252120048915E-08
   490.088453960      0.203800696119E-08
   496.371639267      0.173886135309E-08
   502.654824574      0.143814889014E-08
   508.938009882      0.122681513085E-08
   515.221195189      0.100279366296E-08
   521.504380496      0.856280174305E-09
   527.787565803      0.692065508432E-09
   534.070751110      0.577268419231E-09
   540.353936417      0.491980059282E-09
   546.637121725      0.338171409900E-09
   552.920307032      0.258223877620E-09
   559.203492339      0.194645525787E-09
   565.486677646      0.163896460356E-09
   571.769862953      0.125027314973E-09
   578.053048261      0.991544854857E-10
   584.336233568      0.793880484899E-10
   590.619418875      0.617237450832E-10
   596.902604182      0.467730127301E-10
   603.185789489      0.360647374847E-10
   609.468974796      0.298605017351E-10
   615.752160104      0.223691335052E-10
   622.035345411      0.182887409994E-10
   628.318530718      0.140182362677E-10
   634.601716025      0.111883673012E-10
   640.884901332      0.865575068690E-11
   647.168086639      0.710375528939E-11
   653.451271947      0.576179801225E-11
   659.734457254      0.453122485584E-11
   666.017642561      0.348789763343E-11
   672.300827868      0.303037445636E-11
   678.584013175      0.222557476626E-11
   684.867198483      0.176120087151E-11
   691.150383790      0.145992060680E-11
   697.433569097      0.112600237057E-11
   703.716754404      0.790751274874E-12
   709.999939711      0.610442728984E-12
   716.283125018      0.500927398682E-12
   722.566310326      0.364980861381E-12
   728.849495633      0.238096228200E-12
   735.132680940      0.192167827566E-12
   741.415866247      0.134366992197E-12
   747.699051554      0.883703711409E-13
   753.982236862      0.619189180415E-13
   760.265422169      0.431218357362E-13
   766.548607476      0.292761891308E-13
   772.831792783      0.199264671779E-13
   779.114978090      0.143373787023E-13
   785.398163397      0.979355480944E-14
   791.681348705      0.674740086691E-14
   797.964534012      0.459174980828E-14
   804.247719319      0.328691156961E-14
   810.530904626      0.215703060103E-14
   816.814089933      0.147824399938E-14
   823.097275241      0.958392202709E-15
   829.380460548      0.621793629512E-15
   835.663645855      0.418594494594E-15
   841.946831162      0.258258866317E-15
   848.230016469      0.167427756020E-15
   854.513201776      0.102094325638E-15
   860.796387084      0.604139367382E-16
   867.079572391      0.362973944249E-16
   873.362757698      0.256953242943E-16
   879.645943005      0.162717836582E-16
   885.929128312      0.929112614478E-17
   892.212313620      0.401619139246E-17
   898.495498927      0.353790152209E-17
   904.778684234      0.162562616161E-17
   911.061869541      0.597968109918E-18
   917.345054848      0.104459570234E-18
   923.628240155      0.943101432340E-19
   929.911425463      0.115502641311E-19
   936.194610770      0.102987019587E-35
   942.477796077      0.100711877875E-35
   948.760981384      0.100511137299E-35
   955.044166691      0.958145799014E-36
   961.327351998      0.951057814638E-36
   967.610537306      0.930631635991E-36
   973.893722613      0.902384297256E-36
   980.176907920      0.893495562414E-36
   986.460093227      0.856488084603E-36
   992.743278534      0.850692207916E-36
   999.026463842      0.825841290031E-36
   1005.30964915      0.825915641576E-36
   1011.59283446      0.755552111930E-36
   1017.87601976      0.767339883109E-36
   1024.15920507      0.732276370956E-36
   1030.44239038      0.678430425203E-36
   1036.72557568      0.704626330316E-36
   1043.00876099      0.653132644296E-36
   1049.29194630      0.635478308653E-36
   1055.57513161      0.621218968454E-36
   1061.85831691      0.574608669015E-36
   1068.14150222      0.610798697046E-36
   1074.42468753      0.528085385734E-36
   1080.70787283      0.542480867940E-36
   1086.99105814      0.510309030375E-36
   1093.27424345      0.468896504836E-36
   1099.55742876      0.479754753025E-36
   1105.84061406      0.415247181976E-36
   1112.12379937      0.436833252222E-36
   1118.40698468      0.373834826366E-36
   1124.69016999      0.369572452783E-36
   1130.97335529      0.318468233161E-36
   1137.25654060      0.282455263942E-36
   1143.53972591      0.256572105504E-36
   1149.82291121      0.228069752097E-36
   1156.10609652      0.216321990360E-36
   1162.38928183      0.199713235393E-36
   1168.67246714      0.188851016368E-36
   1174.95565244      0.173878394727E-36
   1181.23883775      0.165521403568E-36
   1187.52202306      0.152965337001E-36
   1193.80520836      0.142629789118E-36
   1200.08839367      0.133454232002E-36
   1206.37157898      0.127794890155E-36
   1212.65476429      0.115538909421E-36
   1218.93794959      0.108009362299E-36
   1225.22113490      0.102589268163E-36
   1231.50432021      0.937576959319E-37
   1237.78750551      0.851550200913E-37
   1244.07069082      0.800308066545E-37
   1250.35387613      0.761591591770E-37
   1256.63706144      0.690933513463E-37
   1262.92024674      0.610227207795E-37
   1269.20343205      0.594463610888E-37
   1275.48661736      0.520052873294E-37
   1281.76980266      0.478227653590E-37
   1288.05298797      0.408206706926E-37
   1294.33617328      0.400610756531E-37
   1300.61935859      0.351703828591E-37
   1306.90254389      0.296639635968E-37
   1313.18572920      0.246143184610E-37
   1319.46891451      0.261372509297E-37
   1325.75209981      0.223827874411E-37
   1332.03528512      0.177716084204E-37
   1338.31847043      0.130037792973E-37
   1344.60165574      0.143955314257E-37
   1350.88484104      0.107704782318E-37
   1357.16802635      0.780391534198E-38
   1363.45121166      0.400573132739E-38
   1369.73439697      0.469184269586E-38
   1376.01758227      0.277778426206E-38
   1382.30076758      0.109745245187E-38
   1388.58395289      0.190058824451E-39
   1394.86713819      0.469341042294E-40
   6.28318530718      0.161969897765E-39
   12.5663706144      0.166471289047E-03
   18.8495559215      0.116358628574E-03
   25.1327412287      0.162363253280E-03
   31.4159265359      0.139879470700E-03
   37.6991118431      0.130638377892E-03
   43.9822971503      0.961170751905E-04
   50.2654824574      0.101665524956E-03
   56.5486677646      0.781784200330E-04
   62.8318530718      0.575511773403E-04
   69.1150383790      0.459315404265E-04
   75.3982236862      0.387468269238E-04
   81.6814089933      0.365711820272E-04
   87.9645943005      0.385541427368E-04
   94.2477796077      0.274688654243E-04
   100.530964915      0.219936453831E-04
   106.814150222      0.200259460650E-04
   113.097335529      0.178295038339E-04
   119.380520836      0.142134609122E-04
   125.663706144      0.119141272714E-04
   131.946891451      0.110072715241E-04
   138.230076758      0.881146490338E-05
   144.513262065      0.813649169822E-05
   150.796447372      0.672105853966E-05
   157.079632679      0.590856505802E-05
   163.362817987      0.490431106154E-05
   169.646003294      0.432008882652E-05
   175.929188601      0.364295438952E-05
   182.212373908      0.311825018382E-05
   188.495559215      0.294323508647E-05
   194.778744523      0.218743612758E-05
   201.061929830      0.208819982155E-05
   207.345115137      0.179830879336E-05
   213.628300444      0.160407433280E-05
   219.911485751      0.136375511970E-05
   226.194671058      0.119382818154E-05
   232.477856366      0.989579536867E-06
   238.761041673      0.897931054877E-06
   245.044226980      0.819523670863E-06
   251.327412287      0.704073646608E-06
   257.610597594      0.605417473113E-06
   263.893782902      0.573761041098E-06
   270.176968209      0.496128680671E-06
   276.460153516      0.438376212685E-06
   282.743338823      0.387649505528E-06
   289.026524130      0.345175498841E-06
   295.309709437      0.303080172204E-06
   301.592894745      0.265417647485E-06
   307.876080052      0.238664145028E-06
   314.159265359      0.207446088840E-06
   320.442450666      0.179403609878E-06
   326.725635973      0.162009691061E-06
   333.008821281      0.139235395995E-06
   339.292006588      0.121478946035E-06
   345.575191895      0.104612357660E-06
   351.858377202      0.929365599298E-07
   358.141562509      0.764970277070E-07
   364.424747816      0.686368726391E-07
   370.707933124      0.596738698928E-07
   376.991118431      0.507080245175E-07
   383.274303738      0.432085548941E-07
   389.557489045      0.372824600050E-07
   395.840674352      0.313526012422E-07
   402.123859659      0.269814691814E-07
   408.407044967      0.226683261487E-07
   414.690230274      0.199162924873E-07
   420.973415581      0.164472904639E-07
   427.256600888      0.139259513471E-07
   433.539786195      0.117598582615E-07
   439.822971503      0.996504429821E-08
   446.106156810      0.848665368411E-08
   452.389342117      0.698725894828E-08
   458.672527424      0.614120174747E-08
   464.955712731      0.498086990139E-08
   471.238898038      0.427659574980E-08
   477.522083346      0.354674642384E-08
   483.805268653      0.298377742356E-08
   490.088453960      0.244599622349E-08
   496.371639267      0.208859657983E-08
   502.654824574      0.173619771131E-08
   508.938009882      0.148538098136E-08
   515.221195189      0.122099896287E-08
   521.504380496      0.104505246099E-08
   527.787565803      0.852453494935E-09
   534.070751110      0.709138514126E-09
   540.353936417      0.611822126642E-09
   546.637121725      0.425203737092E-09
   552.920307032      0.327443873182E-09
   559.203492339      0.245372791649E-09
   565.486677646      0.206551852889E-09
   571.769862953      0.156881239005E-09
   578.053048261      0.123682328801E-09
   584.336233568      0.992197200141E-10
   590.619418875      0.755424847109E-10
   596.902604182      0.578069021663E-10
   603.185789489      0.450068071317E-10
   609.468974796      0.368651160796E-10
   615.752160104      0.276506623709E-10
   622.035345411      0.230061439314E-10
   628.318530718      0.172395402347E-10
   634.601716025      0.136500510728E-10
   640.884901332      0.106597983510E-10
   647.168086639      0.865583870193E-11
   653.451271947      0.710412441386E-11
   659.734457254      0.557154595522E-11
   666.017642561      0.436686595948E-11
   672.300827868      0.377245971803E-11
   678.584013175      0.280057326106E-11
   684.867198483      0.222840390951E-11
   691.150383790      0.186583996995E-11
   697.433569097      0.143899743872E-11
   703.716754404      0.102213272284E-11
   709.999939711      0.801820301226E-12
   716.283125018      0.653105355625E-12
   722.566310326      0.481552551525E-12
   728.849495633      0.319706408481E-12
   735.132680940      0.259404900033E-12
   741.415866247      0.181138244193E-12
   747.699051554      0.121234813225E-12
   753.982236862      0.854979219966E-13
   760.265422169      0.594532698475E-13
   766.548607476      0.408522387373E-13
   772.831792783      0.278625917425E-13
   779.114978090      0.204050457725E-13
   785.398163397      0.140586595093E-13
   791.681348705      0.971436712280E-14
   797.964534012      0.662011905568E-14
   804.247719319      0.477843164706E-14
   810.530904626      0.318656102355E-14
   816.814089933      0.220349800128E-14
   823.097275241      0.146445136872E-14
   829.380460548      0.968425878766E-15
   835.663645855      0.671204718638E-15
   841.946831162      0.428759434948E-15
   848.230016469      0.289303378608E-15
   854.513201776      0.186976063804E-15
   860.796387084      0.111246108873E-15
   867.079572391      0.712102767198E-16
   873.362757698      0.517245857048E-16
   879.645943005      0.332988905722E-16
   885.929128312      0.189560761889E-16
   892.212313620      0.822425945067E-17
   898.495498927      0.722221845680E-17
   904.778684234      0.337500867828E-17
   911.061869541      0.133776170129E-17
   917.345054848      0.229718854216E-18
   923.628240155      0.223839954014E-18
   929.911425463      0.319323373062E-19
   936.194610770      0.103151423606E-35
   942.477796077      0.100131277265E-35
   948.760981384      0.984538133085E-36
   955.044166691      0.968018659940E-36
   961.327351998      0.959092121490E-36
   967.610537306      0.928527169379E-36
   973.893722613      0.902430390954E-36
   980.176907920      0.886899555128E-36
   986.460093227      0.849032718174E-36
   992.743278534      0.854446640795E-36
   999.026463842      0.818395063271E-36
   1005.30964915      0.814310957116E-36
   1011.59283446      0.752425262074E-36
   1017.87601976      0.754861658738E-36
   1024.15920507      0.720960141760E-36
   1030.44239038      0.673048694413E-36
   1036.72557568      0.699847496664E-36
   1043.00876099      0.643310796326E-36
   1049.29194630      0.629829997876E-36
   1055.57513161      0.612330148949E-36
   1061.85831691      0.575411067733E-36
   1068.14150222      0.606626976593E-36
   1074.42468753      0.527633249025E-36
   1080.70787283      0.536297999222E-36
   1086.99105814      0.509213408364E-36
   1093.27424345      0.468263614402E-36
   1099.55742876      0.475673213330E-36
   1105.84061406      0.415276134672E-36
   1112.12379937      0.439137584647E-36
   1118.40698468      0.375187810689E-36
   1124.69016999      0.362626067539E-36
   1130.97335529      0.319899472917E-36
   1137.25654060      0.277229244875E-36
   1143.53972591      0.251993626037E-36
   1149.82291121      0.226604351158E-36
   1156.10609652      0.213807721260E-36
   1162.38928183      0.198871544417E-36
   1168.67246714      0.188841543185E-36
   1174.95565244      0.171986041277E-36
   1181.23883775      0.164023393258E-36
   1187.52202306      0.151506410682E-36
   1193.80520836      0.140279041223E-36
   1200.08839367      0.132644377284E-36
   1206.37157898      0.127977774994E-36
   1212.65476429      0.116218753975E-36
   1218.93794959      0.108303795569E-36
   1225.22113490      0.103095376227E-36
   1231.50432021      0.948367382893E-37
   1237.78750551      0.859494349426E-37
   1244.07069082      0.807372226329E-37
   1250.35387613      0.760640875346E-37
   1256.63706144      0.690318684301E-37
   1262.92024674      0.602985683254E-37
   1269.20343205      0.575050747850E-37
   1275.48661736      0.512962975586E-37
   1281.76980266      0.468197747294E-37
   1288.05298797      0.412040777712E-37
   1294.33617328      0.407616787179E-37
   1300.61935859      0.351546699747E-37
   1306.90254389      0.296949458802E-37
   1313.18572920      0.255842557354E-37
   1319.46891451      0.255558472649E-37
   1325.75209981      0.218429572024E-37
   1332.03528512      0.174969458925E-37
   1338.31847043      0.120312102333E-37
   1344.60165574      0.147651163584E-37
   1350.88484104      0.121688105850E-37
   1357.16802635      0.804491941763E-38
   1363.45121166      0.405457904150E-38
   1369.73439697      0.495860115439E-38
   1376.01758227      0.264049639732E-38
   1382.30076758      0.105182603264E-38
   1388.58395289      0.152055644010E-39
   1394.86713819      0.415032142282E-40
   6.28318530718      0.161686449383E-39
   12.5663706144      0.160528636848E-03
   18.8495559215      0.115085916157E-03
   25.1327412287      0.159197675898E-03
   31.4159265359      0.137670057119E-03
   37.6991118431      0.127890082974E-03
   43.9822971503      0.944998412337E-04
   50.2654824574      0.100216090553E-03
   56.5486677646      0.780949003271E-04
   62.8318530718      0.569997532959E-04
   69.1150383790      0.455301545798E-04
   75.3982236862      0.403114135857E-04
   81.6814089933      0.375375832573E-04
   87.9645943005      0.385513524858E-04
   94.2477796077      0.274679844658E-04
   100.530964915      0.225867058902E-04
   106.814150222      0.203939006994E-04
   113.097335529      0.183128906498E-04
   119.380520836      0.146331469125E-04
   125.663706144      0.124754568997E-04
   131.946891451      0.114135519581E-04
   138.230076758      0.949167205575E-05
   144.513262065      0.859260494716E-05
   150.796447372      0.698071183282E-05
   157.079632679      0.624314432590E-05
   163.362817987      0.514684024197E-05
   169.646003294      0.448492889656E-05
   175.929188601      0.384471887535E-05
   182.212373908      0.318653102343E-05
   188.495559215      0.306370187826E-05
   194.778744523      0.231432820147E-05
   201.061929830      0.219930081365E-05
   207.345115137      0.190246563559E-05
   213.628300444      0.169548076905E-05
   219.911485751      0.145827842305E-05
   226.194671058      0.127753915037E-05
   232.477856366      0.106694723357E-05
   238.761041673      0.965338955509E-06
   245.044226980      0.877506970279E-06
   251.327412287      0.752167134992E-06
   257.610597594      0.642896625878E-06
   263.893782902      0.610936018534E-06
   270.176968209      0.522312620549E-06
   276.460153516      0.464660685739E-06
   282.743338823      0.414409558834E-06
   289.026524130      0.366890527327E-06
   295.309709437      0.325677982486E-06
   301.592894745      0.283942628612E-06
   307.876080052      0.256311103427E-06
   314.159265359      0.221842705356E-06
   320.442450666      0.194340120874E-06
   326.725635973      0.176142858752E-06
   333.008821281      0.150430011776E-06
   339.292006588      0.131988091505E-06
   345.575191895      0.113053220485E-06
   351.858377202      0.101948582051E-06
   358.141562509      0.837203581609E-07
   364.424747816      0.757621145796E-07
   370.707933124      0.656676421007E-07
   376.991118431      0.558834352144E-07
   383.274303738      0.478718359870E-07
   389.557489045      0.415782347007E-07
   395.840674352      0.352077202821E-07
   402.123859659      0.301292568348E-07
   408.407044967      0.255821850214E-07
   414.690230274      0.224964729246E-07
   420.973415581      0.187281773119E-07
   427.256600888      0.158178153201E-07
   433.539786195      0.135039994067E-07
   439.822971503      0.114275018932E-07
   446.106156810      0.982062466501E-08
   452.389342117      0.807482353179E-08
   458.672527424      0.714587331475E-08
   464.955712731      0.584895522275E-08
   471.238898038      0.499583084491E-08
   477.522083346      0.419933277012E-08
   483.805268653      0.351014862453E-08
   490.088453960      0.292670950936E-08
   496.371639267      0.249172505323E-08
   502.654824574      0.209058606213E-08
   508.938009882      0.179201455462E-08
   515.221195189      0.148376033916E-08
   521.504380496      0.127116934284E-08
   527.787565803      0.105057154421E-08
   534.070751110      0.871926049001E-09
   540.353936417      0.758615416793E-09
   546.637121725      0.537989656702E-09
   552.920307032      0.416823375564E-09
   559.203492339      0.311777421381E-09
   565.486677646      0.261443133173E-09
   571.769862953      0.200043795818E-09
   578.053048261      0.155916782115E-09
   584.336233568      0.125808042040E-09
   590.619418875      0.951228959969E-10
   596.902604182      0.738363328113E-10
   603.185789489      0.575230039351E-10
   609.468974796      0.471436194849E-10
   615.752160104      0.355156921069E-10
   622.035345411      0.298164606966E-10
   628.318530718      0.219556056603E-10
   634.601716025      0.173270347244E-10
   640.884901332      0.136167614940E-10
   647.168086639      0.109264279320E-10
   653.451271947      0.904823527518E-11
   659.734457254      0.707129049742E-11
   666.017642561      0.561265019938E-11
   672.300827868      0.477579777566E-11
   678.584013175      0.360659872120E-11
   684.867198483      0.285253600915E-11
   691.150383790      0.241090868774E-11
   697.433569097      0.186047908815E-11
   703.716754404      0.134324007167E-11
   709.999939711      0.105665798266E-11
   716.283125018      0.865573198027E-12
   722.566310326      0.643009588352E-12
   728.849495633      0.433634928126E-12
   735.132680940      0.351877690912E-12
   741.415866247      0.247612478559E-12
   747.699051554      0.166912556230E-12
   753.982236862      0.117973619016E-12
   760.265422169      0.814578275143E-13
   766.548607476      0.565673945665E-13
   772.831792783      0.384780175017E-13
   779.114978090      0.284770979997E-13
   785.398163397      0.197694833513E-13
   791.681348705      0.137177960976E-13
   797.964534012      0.933555130026E-14
   804.247719319      0.685364168569E-14
   810.530904626      0.462235142542E-14
   816.814089933      0.320807654359E-14
   823.097275241      0.222470898042E-14
   829.380460548      0.151779537684E-14
   835.663645855      0.107199797832E-14
   841.946831162      0.706905570018E-15
   848.230016469      0.504157101786E-15
   854.513201776      0.348582634462E-15
   860.796387084      0.206951406399E-15
   867.079572391      0.137613594321E-15
   873.362757698      0.104609695558E-15
   879.645943005      0.683401432789E-16
   885.929128312      0.383183630073E-16
   892.212313620      0.171300059816E-16
   898.495498927      0.154149552091E-16
   904.778684234      0.727324791949E-17
   911.061869541      0.304515113053E-17
   917.345054848      0.542620341612E-18
   923.628240155      0.576330264026E-18
   929.911425463      0.101042970162E-18
   936.194610770      0.101713188813E-35
   942.477796077      0.995858210760E-36
   948.760981384      0.987688532569E-36
   955.044166691      0.952694210221E-36
   961.327351998      0.940370902671E-36
   967.610537306      0.919741668602E-36
   973.893722613      0.898587487988E-36
   980.176907920      0.889053114497E-36
   986.460093227      0.851731474351E-36
   992.743278534      0.849955006025E-36
   999.026463842      0.815487245642E-36
   1005.30964915      0.815484598285E-36
   1011.59283446      0.748351004146E-36
   1017.87601976      0.737253316203E-36
   1024.15920507      0.726959486748E-36
   1030.44239038      0.667713812869E-36
   1036.72557568      0.699416291598E-36
   1043.00876099      0.646492611362E-36
   1049.29194630      0.626882196170E-36
   1055.57513161      0.612911301037E-36
   1061.85831691      0.576586257047E-36
   1068.14150222      0.597049809734E-36
   1074.42468753      0.524643563041E-36
   1080.70787283      0.536135697418E-36
   1086.99105814      0.506759317334E-36
   1093.27424345      0.463052233086E-36
   1099.55742876      0.472643368539E-36
   1105.84061406      0.416128705958E-36
   1112.12379937      0.441501446943E-36
   1118.40698468      0.363795807670E-36
   1124.69016999      0.361649769739E-36
   1130.97335529      0.316601486733E-36
   1137.25654060      0.272846360750E-36
   1143.53972591      0.249884784606E-36
   1149.82291121      0.225442171990E-36
   1156.10609652      0.214458079333E-36
   1162.38928183      0.197995203067E-36
   1168.67246714      0.186555395766E-36
   1174.95565244      0.169863064954E-36
   1181.23883775      0.163751311749E-36
   1187.52202306      0.152303441802E-36
   1193.80520836      0.140835173765E-36
   1200.08839367      0.131461656317E-36
   1206.37157898      0.126091278316E-36
   1212.65476429      0.112823055149E-36
   1218.93794959      0.104862781554E-36
   1225.22113490      0.994351882012E-37
   1231.50432021      0.933240721648E-37
   1237.78750551      0.840968488561E-37
   1244.07069082      0.780675039880E-37
   1250.35387613      0.749162282592E-37
   1256.63706144      0.685278498877E-37
   1262.92024674      0.615926798916E-37
   1269.20343205      0.588082830672E-37
   1275.48661736      0.507057488372E-37
   1281.76980266      0.479403740074E-37
   1288.05298797      0.412546371370E-37
   1294.33617328      0.415897697786E-37
   1300.61935859      0.350523222563E-37
   1306.90254389      0.301014044711E-37
   1313.18572920      0.254212896726E-37
   1319.46891451      0.267793554662E-37
   1325.75209981      0.218692219401E-37
   1332.03528512      0.172372654767E-37
   1338.31847043      0.123318777839E-37
   1344.60165574      0.145887978872E-37
   1350.88484104      0.113800315002E-37
   1357.16802635      0.800551451116E-38
   1363.45121166      0.413376339234E-38
   1369.73439697      0.460728399134E-38
   1376.01758227      0.264245305897E-38
   1382.30076758      0.117785872132E-38
   1388.58395289      0.232016914584E-39
   1394.86713819      0.239617040958E-40
   6.28318530718      0.380137630545E-40
   12.5663706144      0.154795018714E-03
   18.8495559215      0.113835213101E-03
   25.1327412287      0.156139958015E-03
   31.4159265359      0.135439878600E-03
   37.6991118431      0.125392536376E-03
   43.9822971503      0.924169202016E-04
   50.2654824574      0.983965493094E-04
   56.5486677646      0.778434101514E-04
   62.8318530718      0.566875933536E-04
   69.1150383790      0.456302299116E-04
   75.3982236862      0.420828849157E-04
   81.6814089933      0.384212156364E-04
   87.9645943005      0.382211897001E-04
   94.2477796077      0.276164782641E-04
   100.530964915      0.231478659308E-04
   106.814150222      0.207018430460E-04
   113.097335529      0.187303270902E-04
   119.380520836      0.150906375838E-04
   125.663706144      0.130280620330E-04
   131.946891451      0.117142515604E-04
   138.230076758      0.101852270251E-04
   144.513262065      0.900819582811E-05
   150.796447372      0.720257444466E-05
   157.079632679      0.649477970438E-05
   163.362817987      0.538546956979E-05
   169.646003294      0.462281240238E-05
   175.929188601      0.404246174592E-05
   182.212373908      0.326374465316E-05
   188.495559215      0.316377354620E-05
   194.778744523      0.244686918851E-05
   201.061929830      0.232171588128E-05
   207.345115137      0.200123046346E-05
   213.628300444      0.179212884076E-05
   219.911485751      0.155206241452E-05
   226.194671058      0.136675573904E-05
   232.477856366      0.115734924089E-05
   238.761041673      0.104310628534E-05
   245.044226980      0.944993472136E-06
   251.327412287      0.810079835773E-06
   257.610597594      0.687793088472E-06
   263.893782902      0.654520933190E-06
   270.176968209      0.555619313465E-06
   276.460153516      0.495786641276E-06
   282.743338823      0.445099041800E-06
   289.026524130      0.393253764229E-06
   295.309709437      0.349667440443E-06
   301.592894745      0.303865434892E-06
   307.876080052      0.275544492508E-06
   314.159265359      0.237747846949E-06
   320.442450666      0.209394084725E-06
   326.725635973      0.190762405264E-06
   333.008821281      0.162173413024E-06
   339.292006588      0.143196433958E-06
   345.575191895      0.121821168614E-06
   351.858377202      0.111438977442E-06
   358.141562509      0.914944988833E-07
   364.424747816      0.834801925556E-07
   370.707933124      0.721733517211E-07
   376.991118431      0.617246563196E-07
   383.274303738      0.531745948978E-07
   389.557489045      0.464290787372E-07
   395.840674352      0.396435588618E-07
   402.123859659      0.337529310368E-07
   408.407044967      0.289478333790E-07
   414.690230274      0.254312756968E-07
   420.973415581      0.213161078294E-07
   427.256600888      0.180205083521E-07
   433.539786195      0.155110668666E-07
   439.822971503      0.131001491996E-07
   446.106156810      0.113431434992E-07
   452.389342117      0.934930172296E-08
   458.672527424      0.826779286123E-08
   464.955712731      0.686539570468E-08
   471.238898038      0.582487988658E-08
   477.522083346      0.494428593499E-08
   483.805268653      0.412193013099E-08
   490.088453960      0.348875498114E-08
   496.371639267      0.296034856007E-08
   502.654824574      0.251159253814E-08
   508.938009882      0.215670486081E-08
   515.221195189      0.179869522430E-08
   521.504380496      0.154338211948E-08
   527.787565803      0.129191581149E-08
   534.070751110      0.107389263018E-08
   540.353936417      0.936827788149E-09
   546.637121725      0.684312677105E-09
   552.920307032      0.531958782666E-09
   559.203492339      0.400318126694E-09
   565.486677646      0.335275299295E-09
   571.769862953      0.259895373155E-09
   578.053048261      0.200793082340E-09
   584.336233568      0.163333907584E-09
   590.619418875      0.124424138178E-09
   596.902604182      0.979041496230E-10
   603.185789489      0.760869500382E-10
   609.468974796      0.627299297661E-10
   615.752160104      0.478922568307E-10
   622.035345411      0.400862840253E-10
   628.318530718      0.294960691667E-10
   634.601716025      0.231990001431E-10
   640.884901332      0.182720584972E-10
   647.168086639      0.145822369537E-10
   653.451271947      0.121274576443E-10
   659.734457254      0.944932082078E-11
   666.017642561      0.753407131795E-11
   672.300827868      0.631741586215E-11
   678.584013175      0.486897844873E-11
   684.867198483      0.381165519018E-11
   691.150383790      0.324968109576E-11
   697.433569097      0.251512360472E-11
   703.716754404      0.184935738117E-11
   709.999939711      0.145047917180E-11
   716.283125018      0.120578114484E-11
   722.566310326      0.901256384692E-12
   728.849495633      0.615170235526E-12
   735.132680940      0.499343131502E-12
   741.415866247      0.357738228747E-12
   747.699051554      0.241472658568E-12
   753.982236862      0.170678955100E-12
   760.265422169      0.117103894079E-12
   766.548607476      0.813511015796E-13
   772.831792783      0.550499724255E-13
   779.114978090      0.407724881689E-13
   785.398163397      0.284972970588E-13
   791.681348705      0.199547300364E-13
   797.964534012      0.134943192872E-13
   804.247719319      0.102238727378E-13
   810.530904626      0.692189502885E-14
   816.814089933      0.483294952981E-14
   823.097275241      0.346481549034E-14
   829.380460548      0.244794731147E-14
   835.663645855      0.174024765991E-14
   841.946831162      0.116472563016E-14
   848.230016469      0.864906856698E-15
   854.513201776      0.615257015766E-15
   860.796387084      0.369033979742E-15
   867.079572391      0.242692206696E-15
   873.362757698      0.192507056861E-15
   879.645943005      0.125555819307E-15
   885.929128312      0.695697207931E-16
   892.212313620      0.314269250073E-16
   898.495498927      0.289096269412E-16
   904.778684234      0.137674346835E-16
   911.061869541      0.585380266208E-17
   917.345054848      0.112234660088E-17
   923.628240155      0.120266648817E-17
   929.911425463      0.206106700830E-18
   936.194610770      0.101611527072E-35
   942.477796077      0.996218045109E-36
   948.760981384      0.993838518483E-36
   955.044166691      0.949900925644E-36
   961.327351998      0.950727827268E-36
   967.610537306      0.910922456691E-36
   973.893722613      0.888407004976E-36
   980.176907920      0.867711057369E-36
   986.460093227      0.839798016741E-36
   992.743278534      0.842514727608E-36
   999.026463842      0.809440873949E-36
   1005.30964915      0.806304252659E-36
   1011.59283446      0.740422674284E-36
   1017.87601976      0.738232557685E-36
   1024.15920507      0.712220109092E-36
   1030.44239038      0.662329613101E-36
   1036.72557568      0.692730620744E-36
   1043.00876099      0.636066095505E-36
   1049.29194630      0.623226138717E-36
   1055.57513161      0.618849186099E-36
   1061.85831691      0.572371573057E-36
   1068.14150222      0.590712354614E-36
   1074.42468753      0.516648725336E-36
   1080.70787283      0.531189103568E-36
   1086.99105814      0.505757760529E-36
   1093.27424345      0.469384029039E-36
   1099.55742876      0.471833277538E-36
   1105.84061406      0.413884326058E-36
   1112.12379937      0.429765750438E-36
   1118.40698468      0.363639338647E-36
   1124.69016999      0.367498427277E-36
   1130.97335529      0.317100018850E-36
   1137.25654060      0.271812212256E-36
   1143.53972591      0.249452388126E-36
   1149.82291121      0.224255834605E-36
   1156.10609652      0.211918362624E-36
   1162.38928183      0.198417685972E-36
   1168.67246714      0.186884410250E-36
   1174.95565244      0.171099434414E-36
   1181.23883775      0.163489891008E-36
   1187.52202306      0.151176356521E-36
   1193.80520836      0.139669492452E-36
   1200.08839367      0.131560254789E-36
   1206.37157898      0.125895880150E-36
   1212.65476429      0.112650320850E-36
   1218.93794959      0.103570557531E-36
   1225.22113490      0.101912199801E-36
   1231.50432021      0.920847393295E-37
   1237.78750551      0.835514366802E-37
   1244.07069082      0.792664208847E-37
   1250.35387613      0.724680645042E-37
   1256.63706144      0.687422369849E-37
   1262.92024674      0.605016722171E-37
   1269.20343205      0.581305617182E-37
   1275.48661736      0.502333144235E-37
   1281.76980266      0.468323483845E-37
   1288.05298797      0.396940203153E-37
   1294.33617328      0.396427654924E-37
   1300.61935859      0.334121115308E-37
   1306.90254389      0.283262618824E-37
   1313.18572920      0.240641885084E-37
   1319.46891451      0.248612302581E-37
   1325.75209981      0.211077394217E-37
   1332.03528512      0.165412151693E-37
   1338.31847043      0.120311397916E-37
   1344.60165574      0.132717212603E-37
   1350.88484104      0.110902848320E-37
   1357.16802635      0.722342621069E-38
   1363.45121166      0.369502682956E-38
   1369.73439697      0.402386175161E-38
   1376.01758227      0.244878987484E-38
   1382.30076758      0.126714581821E-38
   1388.58395289      0.178637342433E-39
   1394.86713819      0.275518245846E-40
   6.28318530718      0.209754682956E-40
   12.5663706144      0.149273693489E-03
   18.8495559215      0.112579561729E-03
   25.1327412287      0.153173266882E-03
   31.4159265359      0.133194369320E-03
   37.6991118431      0.123092471416E-03
   43.9822971503      0.899032882167E-04
   50.2654824574      0.962820785326E-04
   56.5486677646      0.774846521476E-04
   62.8318530718      0.567333319301E-04
   69.1150383790      0.462308838845E-04
   75.3982236862      0.439023360241E-04
   81.6814089933      0.391106893460E-04
   87.9645943005      0.376635733433E-04
   94.2477796077      0.279357301351E-04
   100.530964915      0.236608218125E-04
   106.814150222      0.209974810049E-04
   113.097335529      0.190992635571E-04
   119.380520836      0.155404186456E-04
   125.663706144      0.135411479262E-04
   131.946891451      0.119680256006E-04
   138.230076758      0.108083170364E-04
   144.513262065      0.938045232909E-05
   150.796447372      0.743149036630E-05
   157.079632679      0.666493991004E-05
   163.362817987      0.559288077628E-05
   169.646003294      0.472616374297E-05
   175.929188601      0.422832146901E-05
   182.212373908      0.335483849058E-05
   188.495559215      0.324870714245E-05
   194.778744523      0.258241933336E-05
   201.061929830      0.246455563480E-05
   207.345115137      0.209540033258E-05
   213.628300444      0.188519695313E-05
   219.911485751      0.164021954582E-05
   226.194671058      0.146146235276E-05
   232.477856366      0.125567080016E-05
   238.761041673      0.112758429457E-05
   245.044226980      0.102075949134E-05
   251.327412287      0.879580545381E-06
   257.610597594      0.742480708943E-06
   263.893782902      0.706522070970E-06
   270.176968209      0.600052339858E-06
   276.460153516      0.534079480147E-06
   282.743338823      0.480558258920E-06
   289.026524130      0.426300511007E-06
   295.309709437      0.377739471155E-06
   301.592894745      0.325281377704E-06
   307.876080052      0.295931784413E-06
   314.159265359      0.257409067812E-06
   320.442450666      0.225671627567E-06
   326.725635973      0.205677720032E-06
   333.008821281      0.174437561370E-06
   339.292006588      0.154824775492E-06
   345.575191895      0.130923442450E-06
   351.858377202      0.121156297888E-06
   358.141562509      0.995223155089E-07
   364.424747816      0.914735661553E-07
   370.707933124      0.791004061681E-07
   376.991118431      0.681782536919E-07
   383.274303738      0.590532855727E-07
   389.557489045      0.518478452604E-07
   395.840674352      0.446332883012E-07
   402.123859659      0.379494201266E-07
   408.407044967      0.328167133129E-07
   414.690230274      0.287821653091E-07
   420.973415581      0.242717933609E-07
   427.256600888      0.205754378410E-07
   433.539786195      0.178063844602E-07
   439.822971503      0.150241109579E-07
   446.106156810      0.130759326131E-07
   452.389342117      0.108127994015E-07
   458.672527424      0.952671146273E-08
   464.955712731      0.804686275540E-08
   471.238898038      0.677137677842E-08
   477.522083346      0.579257205339E-08
   483.805268653      0.483986679322E-08
   490.088453960      0.414457551533E-08
   496.371639267      0.350874995219E-08
   502.654824574      0.301255258566E-08
   508.938009882      0.258786789356E-08
   515.221195189      0.217552114241E-08
   521.504380496      0.187117488634E-08
   527.787565803      0.158261594045E-08
   534.070751110      0.132339046114E-08
   540.353936417      0.115410673515E-08
   546.637121725      0.871410546045E-09
   552.920307032      0.679822578886E-09
   559.203492339      0.518616001170E-09
   565.486677646      0.435551923564E-09
   571.769862953      0.342509393859E-09
   578.053048261      0.264627718293E-09
   584.336233568      0.216732443840E-09
   590.619418875      0.168112898660E-09
   596.902604182      0.133121993620E-09
   603.185789489      0.103950158089E-09
   609.468974796      0.858650401220E-10
   615.752160104      0.669465095854E-10
   622.035345411      0.553099260478E-10
   628.318530718      0.413706696382E-10
   634.601716025      0.324430894793E-10
   640.884901332      0.255505039743E-10
   647.168086639      0.204390501441E-10
   653.451271947      0.170097498367E-10
   659.734457254      0.132662681959E-10
   666.017642561      0.105878915407E-10
   672.300827868      0.882005689958E-11
   678.584013175      0.691967973836E-11
   684.867198483      0.539351421138E-11
   691.150383790      0.463089655589E-11
   697.433569097      0.361932227406E-11
   703.716754404      0.270650721152E-11
   709.999939711      0.212601660888E-11
   716.283125018      0.179461386031E-11
   722.566310326      0.135326978252E-11
   728.849495633      0.936276278821E-12
   735.132680940      0.764165066419E-12
   741.415866247      0.559972164982E-12
   747.699051554      0.381105415528E-12
   753.982236862      0.271318143042E-12
   760.265422169      0.187451021269E-12
   766.548607476      0.130059403686E-12
   772.831792783      0.884125329592E-13
   779.114978090      0.654110426841E-13
   785.398163397      0.463244432465E-13
   791.681348705      0.329527683148E-13
   797.964534012      0.221841937798E-13
   804.247719319      0.173836698154E-13
   810.530904626      0.118258349348E-13
   816.814089933      0.830892293540E-14
   823.097275241      0.603689745653E-14
   829.380460548      0.433834736905E-14
   835.663645855      0.307120555333E-14
   841.946831162      0.206285560990E-14
   848.230016469      0.153781922034E-14
   854.513201776      0.108520324437E-14
   860.796387084      0.656961206134E-15
   867.079572391      0.420324562743E-15
   873.362757698      0.339089550724E-15
   879.645943005      0.217625386662E-15
   885.929128312      0.119380428189E-15
   892.212313620      0.539153300008E-16
   898.495498927      0.499762337404E-16
   904.778684234      0.240494731792E-16
   911.061869541      0.102374495168E-16
   917.345054848      0.210522466506E-17
   923.628240155      0.216236012889E-17
   929.911425463      0.321326756698E-18
   936.194610770      0.101312455310E-35
   942.477796077      0.995081069711E-36
   948.760981384      0.967732393190E-36
   955.044166691      0.938758840402E-36
   961.327351998      0.934308550645E-36
   967.610537306      0.910895945267E-36
   973.893722613      0.887379331627E-36
   980.176907920      0.862456865353E-36
   986.460093227      0.821250306564E-36
   992.743278534      0.834375620831E-36
   999.026463842      0.791856908094E-36
   1005.30964915      0.789144733416E-36
   1011.59283446      0.743080647707E-36
   1017.87601976      0.731332705601E-36
   1024.15920507      0.706300257266E-36
   1030.44239038      0.661455528052E-36
   1036.72557568      0.681449558691E-36
   1043.00876099      0.624438403389E-36
   1049.29194630      0.624480396961E-36
   1055.57513161      0.604874371690E-36
   1061.85831691      0.571311826662E-36
   1068.14150222      0.589121420668E-36
   1074.42468753      0.510315923693E-36
   1080.70787283      0.527413536821E-36
   1086.99105814      0.487059943732E-36
   1093.27424345      0.463847008185E-36
   1099.55742876      0.464869462813E-36
   1105.84061406      0.411633371322E-36
   1112.12379937      0.425094713104E-36
   1118.40698468      0.365580302436E-36
   1124.69016999      0.361753032792E-36
   1130.97335529      0.312657698121E-36
   1137.25654060      0.272079190830E-36
   1143.53972591      0.247772264832E-36
   1149.82291121      0.221426354985E-36
   1156.10609652      0.209233242672E-36
   1162.38928183      0.195438077729E-36
   1168.67246714      0.184552448699E-36
   1174.95565244      0.170622541296E-36
   1181.23883775      0.160656750722E-36
   1187.52202306      0.148952294620E-36
   1193.80520836      0.140904930509E-36
   1200.08839367      0.129331270860E-36
   1206.37157898      0.123764051500E-36
   1212.65476429      0.110624342238E-36
   1218.93794959      0.103608488329E-36
   1225.22113490      0.981701038570E-37
   1231.50432021      0.915469002775E-37
   1237.78750551      0.830067532586E-37
   1244.07069082      0.786510332117E-37
   1250.35387613      0.723232714856E-37
   1256.63706144      0.667299752713E-37
   1262.92024674      0.600178485693E-37
   1269.20343205      0.577036445415E-37
   1275.48661736      0.499336583101E-37
   1281.76980266      0.461958763624E-37
   1288.05298797      0.400345710662E-37
   1294.33617328      0.389827765432E-37
   1300.61935859      0.340028837610E-37
   1306.90254389      0.292013145509E-37
   1313.18572920      0.242957883046E-37
   1319.46891451      0.258271093063E-37
   1325.75209981      0.222203004909E-37
   1332.03528512      0.171594683871E-37
   1338.31847043      0.123452804837E-37
   1344.60165574      0.142029813040E-37
   1350.88484104      0.112292614247E-37
   1357.16802635      0.803138854572E-38
   1363.45121166      0.449764326140E-38
   1369.73439697      0.523589025933E-38
   1376.01758227      0.307014843101E-38
   1382.30076758      0.145382461029E-38
   1388.58395289      0.148798740963E-39
   1394.86713819      0.740864444925E-40
   6.28318530718      0.419846386521E-40
   12.5663706144      0.143966692797E-03
   18.8495559215      0.111294250454E-03
   25.1327412287      0.150280991214E-03
   31.4159265359      0.130932339802E-03
   37.6991118431      0.120935482889E-03
   43.9822971503      0.870283672742E-04
   50.2654824574      0.939870426043E-04
   56.5486677646      0.771070600407E-04
   62.8318530718      0.571934454606E-04
   69.1150383790      0.472403879996E-04
   75.3982236862      0.456121198951E-04
   81.6814089933      0.395118431213E-04
   87.9645943005      0.370140549990E-04
   94.2477796077      0.283989664521E-04
   100.530964915      0.240936059287E-04
   106.814150222      0.212994491446E-04
   113.097335529      0.194568315886E-04
   119.380520836      0.159299878352E-04
   125.663706144      0.139668345694E-04
   131.946891451      0.122554374980E-04
   138.230076758      0.113178105218E-04
   144.513262065      0.969151366172E-05
   150.796447372      0.768198751836E-05
   157.079632679      0.678607542079E-05
   163.362817987      0.574997320488E-05
   169.646003294      0.479542244536E-05
   175.929188601      0.442308385901E-05
   182.212373908      0.345593916153E-05
   188.495559215      0.332955428153E-05
   194.778744523      0.271951178523E-05
   201.061929830      0.263077974705E-05
   207.345115137      0.219128748668E-05
   213.628300444      0.196415749247E-05
   219.911485751      0.171920137272E-05
   226.194671058      0.156887545878E-05
   232.477856366      0.135735088067E-05
   238.761041673      0.121547987240E-05
   245.044226980      0.110074579775E-05
   251.327412287      0.960519830155E-06
   257.610597594      0.806251360882E-06
   263.893782902      0.767227957255E-06
   270.176968209      0.656016111736E-06
   276.460153516      0.580811935773E-06
   282.743338823      0.521197285225E-06
   289.026524130      0.464377201650E-06
   295.309709437      0.412188322471E-06
   301.592894745      0.350370491449E-06
   307.876080052      0.317019565183E-06
   314.159265359      0.281052396375E-06
   320.442450666      0.244438091004E-06
   326.725635973      0.221197058233E-06
   333.008821281      0.187385249452E-06
   339.292006588      0.166723858385E-06
   345.575191895      0.140605342266E-06
   351.858377202      0.131166631460E-06
   358.141562509      0.107894192118E-06
   364.424747816      0.995297477630E-07
   370.707933124      0.864130807180E-07
   376.991118431      0.751552276302E-07
   383.274303738      0.653857825338E-07
   389.557489045      0.577476029945E-07
   395.840674352      0.500760095155E-07
   402.123859659      0.427343243458E-07
   408.407044967      0.371286472587E-07
   414.690230274      0.325948813997E-07
   420.973415581      0.276319389860E-07
   427.256600888      0.234871464469E-07
   433.539786195      0.203814642075E-07
   439.822971503      0.172327181618E-07
   446.106156810      0.150306884803E-07
   452.389342117      0.124636078285E-07
   458.672527424      0.109413523280E-07
   464.955712731      0.939079910589E-08
   471.238898038      0.784791200270E-08
   477.522083346      0.676310939487E-08
   483.805268653      0.568114710653E-08
   490.088453960      0.491094095599E-08
   496.371639267      0.415232942888E-08
   502.654824574      0.360917967747E-08
   508.938009882      0.309591973298E-08
   515.221195189      0.262995390598E-08
   521.504380496      0.226704992699E-08
   527.787565803      0.193129658669E-08
   534.070751110      0.163103129088E-08
   540.353936417      0.142204792639E-08
   546.637121725      0.110592982011E-08
   552.920307032      0.867806357797E-09
   559.203492339      0.674261873490E-09
   565.486677646      0.568590813623E-09
   571.769862953      0.453283262942E-09
   578.053048261      0.353186942719E-09
   584.336233568      0.290837886287E-09
   590.619418875      0.230591214249E-09
   596.902604182      0.182487233202E-09
   603.185789489      0.144533103652E-09
   609.468974796      0.118844103902E-09
   615.752160104      0.945862410052E-10
   622.035345411      0.769409561885E-10
   628.318530718      0.589607647695E-10
   634.601716025      0.461807762038E-10
   640.884901332      0.364519762984E-10
   647.168086639      0.293657883365E-10
   653.451271947      0.243998758568E-10
   659.734457254      0.191440224708E-10
   666.017642561      0.153036542124E-10
   672.300827868      0.127656676637E-10
   678.584013175      0.101307359354E-10
   684.867198483      0.793950132747E-11
   691.150383790      0.683082014907E-11
   697.433569097      0.541806153333E-11
   703.716754404      0.411611951428E-11
   709.999939711      0.325781364319E-11
   716.283125018      0.277470420648E-11
   722.566310326      0.211823228276E-11
   728.849495633      0.149514559600E-11
   735.132680940      0.123084091244E-11
   741.415866247      0.920480438755E-12
   747.699051554      0.640760245210E-12
   753.982236862      0.465847069719E-12
   760.265422169      0.328608393895E-12
   766.548607476      0.230424488170E-12
   772.831792783      0.159818206056E-12
   779.114978090      0.119275027490E-12
   785.398163397      0.858418998147E-13
   791.681348705      0.622582253074E-13
   797.964534012      0.421130645791E-13
   804.247719319      0.337030513730E-13
   810.530904626      0.231766218960E-13
   816.814089933      0.163777288175E-13
   823.097275241      0.119368164736E-13
   829.380460548      0.858128021493E-14
   835.663645855      0.607603534449E-14
   841.946831162      0.408079765541E-14
   848.230016469      0.299933219271E-14
   854.513201776      0.208083152409E-14
   860.796387084      0.126315690688E-14
   867.079572391      0.799252703872E-15
   873.362757698      0.635467158842E-15
   879.645943005      0.397149870599E-15
   885.929128312      0.214640949374E-15
   892.212313620      0.967413915537E-16
   898.495498927      0.878314165381E-16
   904.778684234      0.419541092807E-16
   911.061869541      0.175104450735E-16
   917.345054848      0.362243460792E-17
   923.628240155      0.348057289130E-17
   929.911425463      0.415986926796E-18
   936.194610770      0.101225716057E-35
   942.477796077      0.990104511623E-36
   948.760981384      0.974683203638E-36
   955.044166691      0.937560799634E-36
   961.327351998      0.930107432808E-36
   967.610537306      0.900657434841E-36
   973.893722613      0.877583187771E-36
   980.176907920      0.854168084590E-36
   986.460093227      0.827197985258E-36
   992.743278534      0.833948142191E-36
   999.026463842      0.795738982030E-36
   1005.30964915      0.796395866560E-36
   1011.59283446      0.739745291172E-36
   1017.87601976      0.737148462387E-36
   1024.15920507      0.711719590759E-36
   1030.44239038      0.660136182631E-36
   1036.72557568      0.686672877451E-36
   1043.00876099      0.628682636045E-36
   1049.29194630      0.612035386199E-36
   1055.57513161      0.602180995048E-36
   1061.85831691      0.560619427449E-36
   1068.14150222      0.587809743377E-36
   1074.42468753      0.507805544972E-36
   1080.70787283      0.522319930466E-36
   1086.99105814      0.494402776678E-36
   1093.27424345      0.459317882971E-36
   1099.55742876      0.457268596979E-36
   1105.84061406      0.397633016219E-36
   1112.12379937      0.420445625862E-36
   1118.40698468      0.355656955290E-36
   1124.69016999      0.352063221329E-36
   1130.97335529      0.310085803016E-36
   1137.25654060      0.270805292257E-36
   1143.53972591      0.245665171266E-36
   1149.82291121      0.220726708977E-36
   1156.10609652      0.210212856770E-36
   1162.38928183      0.192822836926E-36
   1168.67246714      0.181619043301E-36
   1174.95565244      0.167537472161E-36
   1181.23883775      0.160598524885E-36
   1187.52202306      0.146682185856E-36
   1193.80520836      0.138610838224E-36
   1200.08839367      0.128046368745E-36
   1206.37157898      0.121208555067E-36
   1212.65476429      0.111463446506E-36
   1218.93794959      0.103587702509E-36
   1225.22113490      0.993182473707E-37
   1231.50432021      0.914537276776E-37
   1237.78750551      0.819082185686E-37
   1244.07069082      0.774185813927E-37
   1250.35387613      0.732210029326E-37
   1256.63706144      0.671614683734E-37
   1262.92024674      0.595056980496E-37
   1269.20343205      0.573258904244E-37
   1275.48661736      0.497062385455E-37
   1281.76980266      0.468789095571E-37
   1288.05298797      0.398288533403E-37
   1294.33617328      0.395898338886E-37
   1300.61935859      0.337552273758E-37
   1306.90254389      0.284529034856E-37
   1313.18572920      0.243463773188E-37
   1319.46891451      0.252067098266E-37
   1325.75209981      0.207755804334E-37
   1332.03528512      0.168218854721E-37
   1338.31847043      0.122632566685E-37
   1344.60165574      0.141516267853E-37
   1350.88484104      0.110198687138E-37
   1357.16802635      0.772739112387E-38
   1363.45121166      0.402441380744E-38
   1369.73439697      0.478705442913E-38
   1376.01758227      0.266400941064E-38
   1382.30076758      0.123163886070E-38
   1388.58395289      0.255076915528E-39
   1394.86713819      0.498527816775E-40
   6.28318530718      0.955469668172E-40
   12.5663706144      0.138874142302E-03
   18.8495559215      0.109959129880E-03
   25.1327412287      0.147449884831E-03
   31.4159265359      0.128650791359E-03
   37.6991118431      0.118879600100E-03
   43.9822971503      0.838932396536E-04
   50.2654824574      0.916548566592E-04
   56.5486677646      0.768005204464E-04
   62.8318530718      0.580441012827E-04
   69.1150383790      0.484891128015E-04
   75.3982236862      0.470703692045E-04
   81.6814089933      0.395847991359E-04
   87.9645943005      0.364043687858E-04
   94.2477796077      0.289411392732E-04
   100.530964915      0.244006343636E-04
   106.814150222      0.215757608674E-04
   113.097335529      0.198189378631E-04
   119.380520836      0.162575035182E-04
   125.663706144      0.142715412049E-04
   131.946891451      0.126343094685E-04
   138.230076758      0.117208912771E-04
   144.513262065      0.992251742453E-05
   150.796447372      0.793829629821E-05
   157.079632679      0.690886082809E-05
   163.362817987      0.586255680616E-05
   169.646003294      0.485030980778E-05
   175.929188601      0.465419595199E-05
   182.212373908      0.356811569208E-05
   188.495559215      0.342094047472E-05
   194.778744523      0.285579060418E-05
   201.061929830      0.280414883776E-05
   207.345115137      0.230008108386E-05
   213.628300444      0.203412492702E-05
   219.911485751      0.179039293680E-05
   226.194671058      0.169331900533E-05
   232.477856366      0.146004999881E-05
   238.761041673      0.130313571354E-05
   245.044226980      0.117874336684E-05
   251.327412287      0.104743646939E-05
   257.610597594      0.873455499781E-06
   263.893782902      0.834779406203E-06
   270.176968209      0.720175114522E-06
   276.460153516      0.634962250976E-06
   282.743338823      0.568498123030E-06
   289.026524130      0.504406808044E-06
   295.309709437      0.452395671541E-06
   301.592894745      0.381595766009E-06
   307.876080052      0.339799558409E-06
   314.159265359      0.306988227875E-06
   320.442450666      0.266472713185E-06
   326.725635973      0.238048762194E-06
   333.008821281      0.201422270481E-06
   339.292006588      0.179297007758E-06
   345.575191895      0.151433969042E-06
   351.858377202      0.141856426523E-06
   358.141562509      0.117085961506E-06
   364.424747816      0.107694610400E-06
   370.707933124      0.940529305126E-07
   376.991118431      0.825282101987E-07
   383.274303738      0.720151026992E-07
   389.557489045      0.639055614176E-07
   395.840674352      0.557777706092E-07
   402.123859659      0.479337040087E-07
   408.407044967      0.416697769041E-07
   414.690230274      0.367925261068E-07
   420.973415581      0.313385236147E-07
   427.256600888      0.267257273167E-07
   433.539786195      0.231906264876E-07
   439.822971503      0.197108276384E-07
   446.106156810      0.172144010887E-07
   452.389342117      0.143321836004E-07
   458.672527424      0.125472026939E-07
   464.955712731      0.108851506121E-07
   471.238898038      0.909184240110E-08
   477.522083346      0.788150795001E-08
   483.805268653      0.666703157383E-08
   490.088453960      0.581098659650E-08
   496.371639267      0.491351649951E-08
   502.654824574      0.431709128059E-08
   508.938009882      0.369765611182E-08
   515.221195189      0.318228404770E-08
   521.504380496      0.274815021830E-08
   527.787565803      0.234826314846E-08
   534.070751110      0.200858475652E-08
   540.353936417      0.175384899980E-08
   546.637121725      0.139310224143E-08
   552.920307032      0.110208162176E-08
   559.203492339      0.872746952418E-09
   565.486677646      0.738499768041E-09
   571.769862953      0.595808044791E-09
   578.053048261      0.470635566907E-09
   584.336233568      0.389447223032E-09
   590.619418875      0.315168154157E-09
   596.902604182      0.249134573736E-09
   603.185789489      0.201083290465E-09
   609.468974796      0.164074088919E-09
   615.752160104      0.132650166328E-09
   622.035345411      0.106564094290E-09
   628.318530718      0.836797249626E-10
   634.601716025      0.656795727866E-10
   640.884901332      0.521340746964E-10
   647.168086639      0.423744276488E-10
   653.451271947      0.351216939395E-10
   659.734457254      0.277793435795E-10
   666.017642561      0.222591888728E-10
   672.300827868      0.186393328403E-10
   678.584013175      0.148878233592E-10
   684.867198483      0.117854239524E-10
   691.150383790      0.101088593777E-10
   697.433569097      0.811195250383E-11
   703.716754404      0.625618533567E-11
   709.999939711      0.500750867620E-11
   716.283125018      0.426511660149E-11
   722.566310326      0.329858904871E-11
   728.849495633      0.238675545632E-11
   735.132680940      0.197793290770E-11
   741.415866247      0.150132606206E-11
   747.699051554      0.107763606616E-11
   753.982236862      0.805425629530E-12
   760.265422169      0.583668737234E-12
   766.548607476      0.417821605378E-12
   772.831792783      0.297573058907E-12
   779.114978090      0.225550870107E-12
   785.398163397      0.164691023844E-12
   791.681348705      0.121657328891E-12
   797.964534012      0.832834231729E-13
   804.247719319      0.674089806482E-13
   810.530904626      0.468433427139E-13
   816.814089933      0.333579692977E-13
   823.097275241      0.243956141549E-13
   829.380460548      0.174784014405E-13
   835.663645855      0.125125577424E-13
   841.946831162      0.841313725741E-14
   848.230016469      0.612789372958E-14
   854.513201776      0.420394414183E-14
   860.796387084      0.256014913833E-14
   867.079572391      0.163127770712E-14
   873.362757698      0.125320889477E-14
   879.645943005      0.763828846715E-15
   885.929128312      0.404864492709E-15
   892.212313620      0.183199741074E-15
   898.495498927      0.159257359158E-15
   904.778684234      0.739907693800E-16
   911.061869541      0.299595268779E-16
   917.345054848      0.583791593219E-17
   923.628240155      0.528294397932E-17
   929.911425463      0.520779421025E-18
   936.194610770      0.988466553316E-36
   942.477796077      0.979092578536E-36
   948.760981384      0.966655823234E-36
   955.044166691      0.928923799833E-36
   961.327351998      0.920343264086E-36
   967.610537306      0.890017664515E-36
   973.893722613      0.872386018819E-36
   980.176907920      0.854078564147E-36
   986.460093227      0.831757764165E-36
   992.743278534      0.828611797202E-36
   999.026463842      0.787033460823E-36
   1005.30964915      0.777697729086E-36
   1011.59283446      0.735784002578E-36
   1017.87601976      0.719686106383E-36
   1024.15920507      0.705969616205E-36
   1030.44239038      0.650509802407E-36
   1036.72557568      0.678458300224E-36
   1043.00876099      0.624820220098E-36
   1049.29194630      0.612001398802E-36
   1055.57513161      0.592026865162E-36
   1061.85831691      0.556519512010E-36
   1068.14150222      0.583308076389E-36
   1074.42468753      0.508518964983E-36
   1080.70787283      0.526848586398E-36
   1086.99105814      0.480487519599E-36
   1093.27424345      0.464085956963E-36
   1099.55742876      0.470979127920E-36
   1105.84061406      0.408819011602E-36
   1112.12379937      0.419307401544E-36
   1118.40698468      0.355812661321E-36
   1124.69016999      0.356961986847E-36
   1130.97335529      0.306103667861E-36
   1137.25654060      0.267927597921E-36
   1143.53972591      0.242430565974E-36
   1149.82291121      0.219802122749E-36
   1156.10609652      0.207706810017E-36
   1162.38928183      0.194005735898E-36
   1168.67246714      0.181339374593E-36
   1174.95565244      0.168484151072E-36
   1181.23883775      0.160174551727E-36
   1187.52202306      0.148667164178E-36
   1193.80520836      0.137961563021E-36
   1200.08839367      0.127645630271E-36
   1206.37157898      0.121969746498E-36
   1212.65476429      0.110607406461E-36
   1218.93794959      0.102059167786E-36
   1225.22113490      0.982262988657E-37
   1231.50432021      0.903897658075E-37
   1237.78750551      0.824522495144E-37
   1244.07069082      0.774254352226E-37
   1250.35387613      0.723217394929E-37
   1256.63706144      0.659069610851E-37
   1262.92024674      0.589712256976E-37
   1269.20343205      0.568084802267E-37
   1275.48661736      0.501758919715E-37
   1281.76980266      0.470983202092E-37
   1288.05298797      0.402450947724E-37
   1294.33617328      0.393210101030E-37
   1300.61935859      0.338571679509E-37
   1306.90254389      0.296443621190E-37
   1313.18572920      0.242716671508E-37
   1319.46891451      0.254155253008E-37
   1325.75209981      0.211980391135E-37
   1332.03528512      0.169313460213E-37
   1338.31847043      0.119757560724E-37
   1344.60165574      0.140509238546E-37
   1350.88484104      0.114096480227E-37
   1357.16802635      0.786435158594E-38
   1363.45121166      0.368377237330E-38
   1369.73439697      0.461378355812E-38
   1376.01758227      0.265493812171E-38
   1382.30076758      0.947334954937E-39
   1388.58395289      0.118251215621E-39
   1394.86713819      0.543648990213E-40
   6.28318530718      0.500007858040E-40
   12.5663706144      0.133994245103E-03
   18.8495559215      0.108560521737E-03
   25.1327412287      0.144673020018E-03
   31.4159265359      0.126349699381E-03
   37.6991118431      0.116904123760E-03
   43.9822971503      0.806203114421E-04
   50.2654824574      0.894401652455E-04
   56.5486677646      0.766295860215E-04
   62.8318530718      0.591827228340E-04
   69.1150383790      0.497619684486E-04
   75.3982236862      0.481662510438E-04
   81.6814089933      0.393640597256E-04
   87.9645943005      0.359281198052E-04
   94.2477796077      0.294756915781E-04
   100.530964915      0.245389542315E-04
   106.814150222      0.217622220492E-04
   113.097335529      0.201475336643E-04
   119.380520836      0.165923737649E-04
   125.663706144      0.144681330428E-04
   131.946891451      0.131179973734E-04
   138.230076758      0.120539412847E-04
   144.513262065      0.100732184113E-04
   150.796447372      0.817794523359E-05
   157.079632679      0.708004194147E-05
   163.362817987      0.596062947469E-05
   169.646003294      0.492589295478E-05
   175.929188601      0.492312370375E-05
   182.212373908      0.370639150231E-05
   188.495559215      0.353722193376E-05
   194.778744523      0.298841468029E-05
   201.061929830      0.295552294422E-05
   207.345115137      0.242860957867E-05
   213.628300444      0.211996016507E-05
   219.911485751      0.186059814353E-05
   226.194671058      0.181936439621E-05
   232.477856366      0.156338441808E-05
   238.761041673      0.139026153774E-05
   245.044226980      0.125054404135E-05
   251.327412287      0.113130096730E-05
   257.610597594      0.937713808666E-06
   263.893782902      0.905568954295E-06
   270.176968209      0.788292193309E-06
   276.460153516      0.693805445079E-06
   282.743338823      0.622609367981E-06
   289.026524130      0.544686680763E-06
   295.309709437      0.495239981794E-06
   301.592894745      0.419240990396E-06
   307.876080052      0.366122692091E-06
   314.159265359      0.333284365762E-06
   320.442450666      0.291770204961E-06
   326.725635973      0.257273103293E-06
   333.008821281      0.216754047109E-06
   339.292006588      0.193160724719E-06
   345.575191895      0.164312000862E-06
   351.858377202      0.153513362259E-06
   358.141562509      0.127413003932E-06
   364.424747816      0.116278515062E-06
   370.707933124      0.102058799768E-06
   376.991118431      0.901225485665E-07
   383.274303738      0.787990536350E-07
   389.557489045      0.701179692801E-07
   395.840674352      0.614828111522E-07
   402.123859659      0.532870211481E-07
   408.407044967      0.462269422078E-07
   414.690230274      0.412169263482E-07
   420.973415581      0.352623702632E-07
   427.256600888      0.302403664439E-07
   433.539786195      0.262210192053E-07
   439.822971503      0.224194954547E-07
   446.106156810      0.196370523372E-07
   452.389342117      0.164771331192E-07
   458.672527424      0.144036495399E-07
   464.955712731      0.125367799095E-07
   471.238898038      0.105475742205E-07
   477.522083346      0.917471772543E-08
   483.805268653      0.782237389451E-08
   490.088453960      0.686313969525E-08
   496.371639267      0.581552359462E-08
   502.654824574      0.514618893043E-08
   508.938009882      0.440714762760E-08
   515.221195189      0.384393109755E-08
   521.504380496      0.332826952078E-08
   527.787565803      0.284343414664E-08
   534.070751110      0.246259271520E-08
   540.353936417      0.215874127341E-08
   546.637121725      0.173731273057E-08
   552.920307032      0.138798480367E-08
   559.203492339      0.111734544500E-08
   565.486677646      0.948680366062E-09
   571.769862953      0.772946403772E-09
   578.053048261      0.620074478272E-09
   584.336233568      0.515662447644E-09
   590.619418875      0.424610564622E-09
   596.902604182      0.336621948280E-09
   603.185789489      0.276999031507E-09
   609.468974796      0.224794759738E-09
   615.752160104      0.183704092559E-09
   622.035345411      0.146706042976E-09
   628.318530718      0.117659802124E-09
   634.601716025      0.930510528139E-10
   640.884901332      0.743445581903E-10
   647.168086639      0.609692945703E-10
   653.451271947      0.503935523561E-10
   659.734457254      0.401623778889E-10
   666.017642561      0.322636068384E-10
   672.300827868      0.270709457013E-10
   678.584013175      0.217197838679E-10
   684.867198483      0.173367641022E-10
   691.150383790      0.147763691772E-10
   697.433569097      0.119206998627E-10
   703.716754404      0.932224067119E-11
   709.999939711      0.753947023126E-11
   716.283125018      0.638053805579E-11
   722.566310326      0.498770006362E-11
   728.849495633      0.369746031551E-11
   735.132680940      0.307415516186E-11
   741.415866247      0.235756429782E-11
   747.699051554      0.174292570404E-11
   753.982236862      0.133681938348E-11
   760.265422169      0.995862201222E-12
   766.548607476      0.729885542766E-12
   772.831792783      0.533252989584E-12
   779.114978090      0.410531310753E-12
   785.398163397      0.303906988218E-12
   791.681348705      0.228038506108E-12
   797.964534012      0.158511002109E-12
   804.247719319      0.129325038618E-12
   810.530904626      0.906821970350E-13
   816.814089933      0.652926257893E-13
   823.097275241      0.480721484899E-13
   829.380460548      0.344502977095E-13
   835.663645855      0.250844226817E-13
   841.946831162      0.169652748891E-13
   848.230016469      0.123446447122E-13
   854.513201776      0.844033132650E-14
   860.796387084      0.518458112509E-14
   867.079572391      0.335007002924E-14
   873.362757698      0.249230738698E-14
   879.645943005      0.150515037371E-14
   885.929128312      0.790162968849E-15
   892.212313620      0.363245754115E-15
   898.495498927      0.304438559638E-15
   904.778684234      0.139381111986E-15
   911.061869541      0.558922501097E-16
   917.345054848      0.101603426274E-16
   923.628240155      0.878734357264E-17
   929.911425463      0.754198551690E-18
   936.194610770      0.984250376807E-36
   942.477796077      0.973896636045E-36
   948.760981384      0.948926523812E-36
   955.044166691      0.928477540562E-36
   961.327351998      0.911059159474E-36
   967.610537306      0.881906666841E-36
   973.893722613      0.863386830295E-36
   980.176907920      0.846342026319E-36
   986.460093227      0.819550184884E-36
   992.743278534      0.813050161496E-36
   999.026463842      0.770415266441E-36
   1005.30964915      0.773301973991E-36
   1011.59283446      0.727486591068E-36
   1017.87601976      0.720102610075E-36
   1024.15920507      0.692917120053E-36
   1030.44239038      0.647911207741E-36
   1036.72557568      0.680666619444E-36
   1043.00876099      0.625580890626E-36
   1049.29194630      0.602875736583E-36
   1055.57513161      0.589710749130E-36
   1061.85831691      0.556439824276E-36
   1068.14150222      0.577878546598E-36
   1074.42468753      0.502336227296E-36
   1080.70787283      0.518827342054E-36
   1086.99105814      0.485069558982E-36
   1093.27424345      0.453401218524E-36
   1099.55742876      0.454617636189E-36
   1105.84061406      0.386956025971E-36
   1112.12379937      0.413506572386E-36
   1118.40698468      0.348502760643E-36
   1124.69016999      0.345402634518E-36
   1130.97335529      0.304119961046E-36
   1137.25654060      0.260987970948E-36
   1143.53972591      0.239656133907E-36
   1149.82291121      0.217744790352E-36
   1156.10609652      0.203667368454E-36
   1162.38928183      0.190918453957E-36
   1168.67246714      0.178703499918E-36
   1174.95565244      0.164563888004E-36
   1181.23883775      0.156261297747E-36
   1187.52202306      0.144902169202E-36
   1193.80520836      0.134514742859E-36
   1200.08839367      0.126308374514E-36
   1206.37157898      0.120102233737E-36
   1212.65476429      0.108334310976E-36
   1218.93794959      0.101612224660E-36
   1225.22113490      0.980744893455E-37
   1231.50432021      0.905969996306E-37
   1237.78750551      0.817827610091E-37
   1244.07069082      0.755000371655E-37
   1250.35387613      0.704842919944E-37
   1256.63706144      0.650026106876E-37
   1262.92024674      0.577428002619E-37
   1269.20343205      0.552555090634E-37
   1275.48661736      0.482983267270E-37
   1281.76980266      0.447079997394E-37
   1288.05298797      0.389370030418E-37
   1294.33617328      0.379354790754E-37
   1300.61935859      0.329152485417E-37
   1306.90254389      0.283248736475E-37
   1313.18572920      0.243358829427E-37
   1319.46891451      0.249247842505E-37
   1325.75209981      0.209245868651E-37
   1332.03528512      0.169467761418E-37
   1338.31847043      0.117693346313E-37
   1344.60165574      0.146037732633E-37
   1350.88484104      0.109739179927E-37
   1357.16802635      0.715366946899E-38
   1363.45121166      0.375941775113E-38
   1369.73439697      0.479201068549E-38
   1376.01758227      0.268296708907E-38
   1382.30076758      0.119361172883E-38
   1388.58395289      0.204639938390E-39
   1394.86713819      0.789245097483E-40
   6.28318530718      0.237501300862E-40
   12.5663706144      0.129323625112E-03
   18.8495559215      0.107091854502E-03
   25.1327412287      0.141951374777E-03
   31.4159265359      0.124035007149E-03
   37.6991118431      0.115010921956E-03
   43.9822971503      0.773370846685E-04
   50.2654824574      0.874862123906E-04
   56.5486677646      0.766153248130E-04
   62.8318530718      0.604498155580E-04
   69.1150383790      0.508437619147E-04
   75.3982236862      0.488345513910E-04
   81.6814089933      0.389541339798E-04
   87.9645943005      0.356241289398E-04
   94.2477796077      0.299157622642E-04
   100.530964915      0.244840943705E-04
   106.814150222      0.218098744846E-04
   113.097335529      0.203607279864E-04
   119.380520836      0.170350723712E-04
   125.663706144      0.146269958437E-04
   131.946891451      0.136838424027E-04
   138.230076758      0.123462372735E-04
   144.513262065      0.101674797654E-04
   150.796447372      0.839762967063E-05
   157.079632679      0.731839691736E-05
   163.362817987      0.608500574137E-05
   169.646003294      0.505653814235E-05
   175.929188601      0.519567799342E-05
   182.212373908      0.389344954656E-05
   188.495559215      0.368718693102E-05
   194.778744523      0.311507257723E-05
   201.061929830      0.306707244213E-05
   207.345115137      0.256776499586E-05
   213.628300444      0.224552342612E-05
   219.911485751      0.194182178757E-05
   226.194671058      0.191756567924E-05
   232.477856366      0.166683844518E-05
   238.761041673      0.148480242540E-05
   245.044226980      0.131835073037E-05
   251.327412287      0.120465420525E-05
   257.610597594      0.997773624741E-06
   263.893782902      0.974496183789E-06
   270.176968209      0.855589487170E-06
   276.460153516      0.754453769594E-06
   282.743338823      0.678938901392E-06
   289.026524130      0.584863423136E-06
   295.309709437      0.537060954365E-06
   301.592894745      0.460913422572E-06
   307.876080052      0.397034515412E-06
   314.159265359      0.359178196499E-06
   320.442450666      0.318922401804E-06
   326.725635973      0.279733163551E-06
   333.008821281      0.233416708864E-06
   339.292006588      0.208387678781E-06
   345.575191895      0.179968852249E-06
   351.858377202      0.166257115523E-06
   358.141562509      0.138676027257E-06
   364.424747816      0.125689408913E-06
   370.707933124      0.110837087227E-06
   376.991118431      0.978968343710E-07
   383.274303738      0.857821747614E-07
   389.557489045      0.764518929409E-07
   395.840674352      0.670856210188E-07
   402.123859659      0.586718950416E-07
   408.407044967      0.508206456232E-07
   414.690230274      0.458014919968E-07
   420.973415581      0.393010956984E-07
   427.256600888      0.339825577782E-07
   433.539786195      0.295087960619E-07
   439.822971503      0.253312064482E-07
   446.106156810      0.222933071443E-07
   452.389342117      0.189247748355E-07
   458.672527424      0.165535250775E-07
   464.955712731      0.143819341300E-07
   471.238898038      0.122196252822E-07
   477.522083346      0.106596667084E-07
   483.805268653      0.916402738362E-08
   490.088453960      0.806813009926E-08
   496.371639267      0.686323417642E-08
   502.654824574      0.609698081917E-08
   508.938009882      0.522716473477E-08
   515.221195189      0.460944655077E-08
   521.504380496      0.400997507126E-08
   527.787565803      0.342591522247E-08
   534.070751110      0.299346948922E-08
   540.353936417      0.264082306591E-08
   546.637121725      0.214467167808E-08
   552.920307032      0.173282439387E-08
   559.203492339      0.141219494064E-08
   565.486677646      0.120440019596E-08
   571.769862953      0.988528548882E-09
   578.053048261      0.804860467134E-09
   584.336233568      0.673016750712E-09
   590.619418875      0.562303967961E-09
   596.902604182      0.449236655149E-09
   603.185789489      0.376058464091E-09
   609.468974796      0.305273268101E-09
   615.752160104      0.251340566590E-09
   622.035345411      0.201407536219E-09
   628.318530718      0.164176748765E-09
   634.601716025      0.131567781789E-09
   640.884901332      0.105706358655E-09
   647.168086639      0.873655920276E-10
   653.451271947      0.720462866838E-10
   659.734457254      0.578802342216E-10
   666.017642561      0.466328589496E-10
   672.300827868      0.391016312124E-10
   678.584013175      0.315241202119E-10
   684.867198483      0.252981511989E-10
   691.150383790      0.213803905529E-10
   697.433569097      0.172791528364E-10
   703.716754404      0.136788137594E-10
   709.999939711      0.111417552525E-10
   716.283125018      0.934115650842E-11
   722.566310326      0.736216630395E-11
   728.849495633      0.556697196658E-11
   735.132680940      0.463697131596E-11
   741.415866247      0.358877522745E-11
   747.699051554      0.271252285201E-11
   753.982236862      0.212568335068E-11
   760.265422169      0.162384462222E-11
   766.548607476      0.121598586956E-11
   772.831792783      0.907792029830E-12
   779.114978090      0.708621566500E-12
   785.398163397      0.531318080124E-12
   791.681348705      0.403569872530E-12
   797.964534012      0.285215591568E-12
   804.247719319      0.234162157660E-12
   810.530904626      0.165787780179E-12
   816.814089933      0.121044599195E-12
   823.097275241      0.898537858333E-13
   829.380460548      0.647546140500E-13
   835.663645855      0.478876261052E-13
   841.946831162      0.327315412293E-13
   848.230016469      0.238791173909E-13
   854.513201776      0.163964210891E-13
   860.796387084      0.101718225409E-13
   867.079572391      0.667015633074E-14
   873.362757698      0.488365846829E-14
   879.645943005      0.297108138502E-14
   885.929128312      0.156777102556E-14
   892.212313620      0.736882991712E-15
   898.495498927      0.611814901240E-15
   904.778684234      0.285450897134E-15
   911.061869541      0.117231991938E-15
   917.345054848      0.206794082490E-16
   923.628240155      0.173389891019E-16
   929.911425463      0.125643388993E-17
   936.194610770      0.984922454724E-36
   942.477796077      0.954208146649E-36
   948.760981384      0.944884462670E-36
   955.044166691      0.911927566028E-36
   961.327351998      0.921527688841E-36
   967.610537306      0.889214068400E-36
   973.893722613      0.864154356249E-36
   980.176907920      0.853102441528E-36
   986.460093227      0.813139226984E-36
   992.743278534      0.810897236662E-36
   999.026463842      0.770751183726E-36
   1005.30964915      0.776352679611E-36
   1011.59283446      0.718073222382E-36
   1017.87601976      0.711304383737E-36
   1024.15920507      0.689547863699E-36
   1030.44239038      0.639902756466E-36
   1036.72557568      0.668856349247E-36
   1043.00876099      0.621343579712E-36
   1049.29194630      0.601749606840E-36
   1055.57513161      0.582959095608E-36
   1061.85831691      0.543396716839E-36
   1068.14150222      0.567817615176E-36
   1074.42468753      0.499853695436E-36
   1080.70787283      0.501707896874E-36
   1086.99105814      0.477894736117E-36
   1093.27424345      0.441796859675E-36
   1099.55742876      0.451116195140E-36
   1105.84061406      0.390097892693E-36
   1112.12379937      0.410368099064E-36
   1118.40698468      0.351583921841E-36
   1124.69016999      0.343011362543E-36
   1130.97335529      0.298920211201E-36
   1137.25654060      0.261971137992E-36
   1143.53972591      0.238156693181E-36
   1149.82291121      0.217272841579E-36
   1156.10609652      0.203912564409E-36
   1162.38928183      0.189091371227E-36
   1168.67246714      0.179345500626E-36
   1174.95565244      0.165573730657E-36
   1181.23883775      0.157070820511E-36
   1187.52202306      0.145788352212E-36
   1193.80520836      0.135436665162E-36
   1200.08839367      0.125151872755E-36
   1206.37157898      0.118982700778E-36
   1212.65476429      0.107524563864E-36
   1218.93794959      0.100174488317E-36
   1225.22113490      0.957640722956E-37
   1231.50432021      0.877874981556E-37
   1237.78750551      0.788144197330E-37
   1244.07069082      0.746811908185E-37
   1250.35387613      0.712624438221E-37
   1256.63706144      0.646796783355E-37
   1262.92024674      0.570796760028E-37
   1269.20343205      0.546513881994E-37
   1275.48661736      0.483830530937E-37
   1281.76980266      0.446774128277E-37
   1288.05298797      0.391002608050E-37
   1294.33617328      0.380274713512E-37
   1300.61935859      0.336399692685E-37
   1306.90254389      0.280918831521E-37
   1313.18572920      0.239183356565E-37
   1319.46891451      0.243933887248E-37
   1325.75209981      0.207973053990E-37
   1332.03528512      0.164778423447E-37
   1338.31847043      0.117854779641E-37
   1344.60165574      0.138353395410E-37
   1350.88484104      0.115249973890E-37
   1357.16802635      0.774387218122E-38
   1363.45121166      0.380738191746E-38
   1369.73439697      0.458313285451E-38
   1376.01758227      0.261447606192E-38
   1382.30076758      0.108404676036E-38
   1388.58395289      0.195223363914E-39
   1394.86713819      0.105052341709E-39
   6.28318530718      0.745890083377E-41
   12.5663706144      0.124857746506E-03
   18.8495559215      0.105552693860E-03
   25.1327412287      0.139293437911E-03
   31.4159265359      0.121719095885E-03
   37.6991118431      0.113218712164E-03
   43.9822971503      0.741586834583E-04
   50.2654824574      0.859031824344E-04
   56.5486677646      0.767318861851E-04
   62.8318530718      0.616649018255E-04
   69.1150383790      0.515640245211E-04
   75.3982236862      0.490646148593E-04
   81.6814089933      0.385015762370E-04
   87.9645943005      0.354776785698E-04
   94.2477796077      0.301955608852E-04
   100.530964915      0.242344487273E-04
   106.814150222      0.217247161345E-04
   113.097335529      0.203893184872E-04
   119.380520836      0.176498959722E-04
   125.663706144      0.148540092117E-04
   131.946891451      0.142927849930E-04
   138.230076758      0.125926269666E-04
   144.513262065      0.102387490995E-04
   150.796447372      0.862280425497E-05
   157.079632679      0.760989446077E-05
   163.362817987      0.627235189226E-05
   169.646003294      0.525721137210E-05
   175.929188601      0.542511005925E-05
   182.212373908      0.414163733668E-05
   188.495559215      0.387144380353E-05
   194.778744523      0.323693933038E-05
   201.061929830      0.314811905006E-05
   207.345115137      0.269250632241E-05
   213.628300444      0.240923441322E-05
   219.911485751      0.204995276443E-05
   226.194671058      0.197470592109E-05
   232.477856366      0.176716540009E-05
   238.761041673      0.159536103283E-05
   245.044226980      0.138944927877E-05
   251.327412287      0.126472572260E-05
   257.610597594      0.105663083694E-05
   263.893782902      0.103683150514E-05
   270.176968209      0.916030067395E-06
   276.460153516      0.814103389580E-06
   282.743338823      0.729403316381E-06
   289.026524130      0.624436236741E-06
   295.309709437      0.575297612354E-06
   301.592894745      0.502681736113E-06
   307.876080052      0.431742569709E-06
   314.159265359      0.385168367429E-06
   320.442450666      0.345384936410E-06
   326.725635973      0.305144108608E-06
   333.008821281      0.251932999541E-06
   339.292006588      0.224365575345E-06
   345.575191895      0.198157890839E-06
   351.858377202      0.180316929130E-06
   358.141562509      0.150555784147E-06
   364.424747816      0.136147201094E-06
   370.707933124      0.121017296057E-06
   376.991118431      0.106132922691E-06
   383.274303738      0.932268058977E-07
   389.557489045      0.832237548768E-07
   395.840674352      0.728591899706E-07
   402.123859659      0.642234789807E-07
   408.407044967      0.556961179283E-07
   414.690230274      0.506297235869E-07
   420.973415581      0.434403982321E-07
   427.256600888      0.379051070489E-07
   433.539786195      0.330649323827E-07
   439.822971503      0.284424837920E-07
   446.106156810      0.251499224637E-07
   452.389342117      0.216354472093E-07
   458.672527424      0.189781003562E-07
   464.955712731      0.164725577623E-07
   471.238898038      0.140799831908E-07
   477.522083346      0.123389212375E-07
   483.805268653      0.106929816440E-07
   490.088453960      0.942308465917E-08
   496.371639267      0.804792735595E-08
   502.654824574      0.716346562010E-08
   508.938009882      0.615739946073E-08
   515.221195189      0.547107141354E-08
   521.504380496      0.479135217932E-08
   527.787565803      0.410444823970E-08
   534.070751110      0.360220449737E-08
   540.353936417      0.320344962621E-08
   546.637121725      0.262470390183E-08
   552.920307032      0.214576540574E-08
   559.203492339      0.176407992676E-08
   565.486677646      0.151310831179E-08
   571.769862953      0.124746700558E-08
   578.053048261      0.102911006387E-08
   584.336233568      0.865540449290E-09
   590.619418875      0.732480708191E-09
   596.902604182      0.591542718497E-09
   603.185789489      0.501405837682E-09
   609.468974796      0.409372367187E-09
   615.752160104      0.339056754829E-09
   622.035345411      0.275232878668E-09
   628.318530718      0.226839501523E-09
   634.601716025      0.184840951727E-09
   640.884901332      0.149110963918E-09
   647.168086639      0.124103517829E-09
   653.451271947      0.102321863389E-09
   659.734457254      0.830139350516E-10
   666.017642561      0.671456028705E-10
   672.300827868      0.562211442062E-10
   678.584013175      0.456096981008E-10
   684.867198483      0.368054291550E-10
   691.150383790      0.308499759622E-10
   697.433569097      0.249981722180E-10
   703.716754404      0.199896298210E-10
   709.999939711      0.163813407676E-10
   716.283125018      0.136018517694E-10
   722.566310326      0.108065296379E-10
   728.849495633      0.829390321303E-11
   735.132680940      0.693122714102E-11
   741.415866247      0.541967389741E-11
   747.699051554      0.414872524304E-11
   753.982236862      0.330711548486E-11
   760.265422169      0.257990678634E-11
   766.548607476      0.196423758738E-11
   772.831792783      0.148982236252E-11
   779.114978090      0.117781417086E-11
   785.398163397      0.891970506716E-12
   791.681348705      0.683333578139E-12
   797.964534012      0.490935950438E-12
   804.247719319      0.404693741998E-12
   810.530904626      0.289440533083E-12
   816.814089933      0.214681319147E-12
   823.097275241      0.160501450466E-12
   829.380460548      0.116758769690E-12
   835.663645855      0.872187447831E-13
   841.946831162      0.604108327286E-13
   848.230016469      0.442546508235E-13
   854.513201776      0.307240057581E-13
   860.796387084      0.191686574659E-13
   867.079572391      0.127269081551E-13
   873.362757698      0.934241577388E-14
   879.645943005      0.577038322782E-14
   885.929128312      0.309069592837E-14
   892.212313620      0.147487888451E-14
   898.495498927      0.124799335728E-14
   904.778684234      0.604952180737E-15
   911.061869541      0.257616380176E-15
   917.345054848      0.450863215662E-16
   923.628240155      0.381586862421E-16
   929.911425463      0.285250967131E-17
   936.194610770      0.975649934747E-36
   942.477796077      0.955546011348E-36
   948.760981384      0.934684608199E-36
   955.044166691      0.904581521829E-36
   961.327351998      0.911535446988E-36
   967.610537306      0.882614684353E-36
   973.893722613      0.857974092088E-36
   980.176907920      0.837016958840E-36
   986.460093227      0.810682510851E-36
   992.743278534      0.812491763303E-36
   999.026463842      0.767237633253E-36
   1005.30964915      0.770547746677E-36
   1011.59283446      0.709870104271E-36
   1017.87601976      0.703544567359E-36
   1024.15920507      0.685912870147E-36
   1030.44239038      0.631818056977E-36
   1036.72557568      0.658180787516E-36
   1043.00876099      0.616753202155E-36
   1049.29194630      0.592716142522E-36
   1055.57513161      0.576920664840E-36
   1061.85831691      0.538161069755E-36
   1068.14150222      0.564654600192E-36
   1074.42468753      0.497876312327E-36
   1080.70787283      0.505275092145E-36
   1086.99105814      0.476647723607E-36
   1093.27424345      0.442884028430E-36
   1099.55742876      0.446385743078E-36
   1105.84061406      0.394664278366E-36
   1112.12379937      0.415414790626E-36
   1118.40698468      0.348634326718E-36
   1124.69016999      0.337333235926E-36
   1130.97335529      0.296156604094E-36
   1137.25654060      0.258552817465E-36
   1143.53972591      0.235234396766E-36
   1149.82291121      0.214036356108E-36
   1156.10609652      0.202334742189E-36
   1162.38928183      0.187169703029E-36
   1168.67246714      0.174704643021E-36
   1174.95565244      0.161829375036E-36
   1181.23883775      0.155197305443E-36
   1187.52202306      0.143704447665E-36
   1193.80520836      0.134268719925E-36
   1200.08839367      0.123548104539E-36
   1206.37157898      0.118991315522E-36
   1212.65476429      0.108318797331E-36
   1218.93794959      0.101261807979E-36
   1225.22113490      0.966512612720E-37
   1231.50432021      0.882097187807E-37
   1237.78750551      0.791145530705E-37
   1244.07069082      0.739282457108E-37
   1250.35387613      0.696750020196E-37
   1256.63706144      0.645114621472E-37
   1262.92024674      0.573183591399E-37
   1269.20343205      0.542208804535E-37
   1275.48661736      0.479323919061E-37
   1281.76980266      0.453866495220E-37
   1288.05298797      0.379977209212E-37
   1294.33617328      0.381013154438E-37
   1300.61935859      0.328193246846E-37
   1306.90254389      0.270334762350E-37
   1313.18572920      0.230241688311E-37
   1319.46891451      0.240220854683E-37
   1325.75209981      0.205467478541E-37
   1332.03528512      0.168158727118E-37
   1338.31847043      0.122773160789E-37
   1344.60165574      0.130038149586E-37
   1350.88484104      0.102914496336E-37
   1357.16802635      0.716630417918E-38
   1363.45121166      0.385717286751E-38
   1369.73439697      0.458314424451E-38
   1376.01758227      0.248449920488E-38
   1382.30076758      0.120171359261E-38
   1388.58395289      0.131898272554E-39
   1394.86713819      0.319723279107E-40
   6.28318530718      0.727781027160E-40
   12.5663706144      0.120591342645E-03
   18.8495559215      0.103946726633E-03
   25.1327412287      0.136713188492E-03
   31.4159265359      0.119419230701E-03
   37.6991118431      0.111553641930E-03
   43.9822971503      0.711742044086E-04
   50.2654824574      0.847535941650E-04
   56.5486677646      0.769175753030E-04
   62.8318530718      0.626654062247E-04
   69.1150383790      0.518275522003E-04
   75.3982236862      0.488988790427E-04
   81.6814089933      0.381518130802E-04
   87.9645943005      0.354336334900E-04
   94.2477796077      0.302862702272E-04
   100.530964915      0.238073693559E-04
   106.814150222      0.215705202017E-04
   113.097335529      0.202439217124E-04
   119.380520836      0.184273719771E-04
   125.663706144      0.152446221679E-04
   131.946891451      0.148967972708E-04
   138.230076758      0.127551539182E-04
   144.513262065      0.103117638721E-04
   150.796447372      0.889211229615E-05
   157.079632679      0.792809370381E-05
   163.362817987      0.654199416641E-05
   169.646003294      0.551251888465E-05
   175.929188601      0.558979271244E-05
   182.212373908      0.444220958088E-05
   188.495559215      0.407886374923E-05
   194.778744523      0.336030657133E-05
   201.061929830      0.322579278152E-05
   207.345115137      0.277829128786E-05
   213.628300444      0.258397514486E-05
   219.911485751      0.219682922947E-05
   226.194671058      0.201097221188E-05
   232.477856366      0.186012072199E-05
   238.761041673      0.171662205247E-05
   245.044226980      0.146958555680E-05
   251.327412287      0.131467425016E-05
   257.610597594      0.111629856116E-05
   263.893782902      0.109109016001E-05
   270.176968209      0.964930951561E-06
   276.460153516      0.868838502751E-06
   282.743338823      0.768009676807E-06
   289.026524130      0.662062582802E-06
   295.309709437      0.609103615660E-06
   301.592894745      0.540535778079E-06
   307.876080052      0.467796070540E-06
   314.159265359      0.411719404889E-06
   320.442450666      0.369015506844E-06
   326.725635973      0.331707159575E-06
   333.008821281      0.273161542071E-06
   339.292006588      0.240539021661E-06
   345.575191895      0.217600733252E-06
   351.858377202      0.195896626596E-06
   358.141562509      0.163102765626E-06
   364.424747816      0.147438726061E-06
   370.707933124      0.132799984216E-06
   376.991118431      0.115277882768E-06
   383.274303738      0.101400608506E-06
   389.557489045      0.906942540463E-07
   395.840674352      0.793333411786E-07
   402.123859659      0.703055690027E-07
   408.407044967      0.610937997066E-07
   414.690230274      0.558432768301E-07
   420.973415581      0.477668220355E-07
   427.256600888      0.419526995510E-07
   433.539786195      0.368730058952E-07
   439.822971503      0.317848714370E-07
   446.106156810      0.281783221274E-07
   452.389342117      0.245512358147E-07
   458.672527424      0.216016759735E-07
   464.955712731      0.188416981670E-07
   471.238898038      0.161257675733E-07
   477.522083346      0.142116246799E-07
   483.805268653      0.123917423293E-07
   490.088453960      0.109351277620E-07
   496.371639267      0.937310188089E-08
   502.654824574      0.834396603619E-08
   508.938009882      0.720332513468E-08
   515.221195189      0.643949208062E-08
   521.504380496      0.567833023064E-08
   527.787565803      0.488658068887E-08
   534.070751110      0.429538847514E-08
   540.353936417      0.385507765581E-08
   546.637121725      0.319172435337E-08
   552.920307032      0.263573709825E-08
   559.203492339      0.218183687775E-08
   565.486677646      0.188361217426E-08
   571.769862953      0.155580764484E-08
   578.053048261      0.129791899744E-08
   584.336233568      0.109766040031E-08
   590.619418875      0.939718813116E-09
   596.902604182      0.767496891374E-09
   603.185789489      0.654521390211E-09
   609.468974796      0.539156145725E-09
   615.752160104      0.449341530548E-09
   622.035345411      0.371735825692E-09
   628.318530718      0.308309264899E-09
   634.601716025      0.255434375140E-09
   640.884901332      0.206698506223E-09
   647.168086639      0.173300151122E-09
   653.451271947      0.143266316749E-09
   659.734457254      0.117435388621E-09
   666.017642561      0.954986092801E-10
   672.300827868      0.799783691259E-10
   678.584013175      0.653544783128E-10
   684.867198483      0.531837138102E-10
   691.150383790      0.443952297639E-10
   697.433569097      0.361816445439E-10
   703.716754404      0.291794824501E-10
   709.999939711      0.240877490698E-10
   716.283125018      0.198561381273E-10
   722.566310326      0.159402923092E-10
   728.849495633      0.123770775776E-10
   735.132680940      0.104043171375E-10
   741.415866247      0.822486181054E-11
   747.699051554      0.633357138033E-11
   753.982236862      0.511417657417E-11
   760.265422169      0.405665075064E-11
   766.548607476      0.312567906655E-11
   772.831792783      0.239253350939E-11
   779.114978090      0.191563174115E-11
   785.398163397      0.146098320900E-11
   791.681348705      0.112562865849E-11
   797.964534012      0.821593668969E-12
   804.247719319      0.678609864043E-12
   810.530904626      0.489861297712E-12
   816.814089933      0.369474078711E-12
   823.097275241      0.277679454825E-12
   829.380460548      0.204335820921E-12
   835.663645855      0.153396507505E-12
   841.946831162      0.107780405167E-12
   848.230016469      0.794625157180E-13
   854.513201776      0.560102130174E-13
   860.796387084      0.349872781402E-13
   867.079572391      0.234419086996E-13
   873.362757698      0.175174390223E-13
   879.645943005      0.110093160925E-13
   885.929128312      0.601139467569E-14
   892.212313620      0.287869405159E-14
   898.495498927      0.252811033716E-14
   904.778684234      0.127009656971E-14
   911.061869541      0.555544366864E-15
   917.345054848      0.970824477044E-16
   923.628240155      0.863490299831E-16
   929.911425463      0.846309500922E-17
   936.194610770      0.978352239690E-36
   942.477796077      0.950944372078E-36
   948.760981384      0.934474650516E-36
   955.044166691      0.900321958675E-36
   961.327351998      0.893250933915E-36
   967.610537306      0.880050809429E-36
   973.893722613      0.850123778064E-36
   980.176907920      0.837257319131E-36
   986.460093227      0.806359654987E-36
   992.743278534      0.803416906653E-36
   999.026463842      0.759862927411E-36
   1005.30964915      0.771099438394E-36
   1011.59283446      0.707315439434E-36
   1017.87601976      0.698496864028E-36
   1024.15920507      0.684875068520E-36
   1030.44239038      0.640330111431E-36
   1036.72557568      0.658413920414E-36
   1043.00876099      0.605175219162E-36
   1049.29194630      0.588772597956E-36
   1055.57513161      0.571276630928E-36
   1061.85831691      0.539424547978E-36
   1068.14150222      0.559306139973E-36
   1074.42468753      0.496588721619E-36
   1080.70787283      0.502806677069E-36
   1086.99105814      0.476511447190E-36
   1093.27424345      0.441902724544E-36
   1099.55742876      0.444192124050E-36
   1105.84061406      0.388484013506E-36
   1112.12379937      0.403874934973E-36
   1118.40698468      0.345075216720E-36
   1124.69016999      0.330518323158E-36
   1130.97335529      0.296655792196E-36
   1137.25654060      0.260085041766E-36
   1143.53972591      0.235581062421E-36
   1149.82291121      0.212654636164E-36
   1156.10609652      0.201281625724E-36
   1162.38928183      0.186139999576E-36
   1168.67246714      0.176380887825E-36
   1174.95565244      0.162440815541E-36
   1181.23883775      0.155027256402E-36
   1187.52202306      0.142034113797E-36
   1193.80520836      0.133568000413E-36
   1200.08839367      0.123545665716E-36
   1206.37157898      0.117017850163E-36
   1212.65476429      0.105661085979E-36
   1218.93794959      0.996081096985E-37
   1225.22113490      0.951991464625E-37
   1231.50432021      0.886043924235E-37
   1237.78750551      0.811540644633E-37
   1244.07069082      0.751861547853E-37
   1250.35387613      0.702017151719E-37
   1256.63706144      0.635664682216E-37
   1262.92024674      0.569603509356E-37
   1269.20343205      0.535784064467E-37
   1275.48661736      0.466740795417E-37
   1281.76980266      0.440788439238E-37
   1288.05298797      0.383175412096E-37
   1294.33617328      0.376506859960E-37
   1300.61935859      0.330955264187E-37
   1306.90254389      0.267071234568E-37
   1313.18572920      0.221051251609E-37
   1319.46891451      0.236011544698E-37
   1325.75209981      0.202458729042E-37
   1332.03528512      0.161754272477E-37
   1338.31847043      0.111446178031E-37
   1344.60165574      0.129873273049E-37
   1350.88484104      0.104075556607E-37
   1357.16802635      0.697645246152E-38
   1363.45121166      0.347647618409E-38
   1369.73439697      0.406559929245E-38
   1376.01758227      0.233281056305E-38
   1382.30076758      0.977613225937E-39
   1388.58395289      0.131265506733E-39
   1394.86713819      0.472146160087E-40
   6.28318530718      0.469147996690E-40
   12.5663706144      0.116518906152E-03
   18.8495559215      0.102279802430E-03
   25.1327412287      0.134227410495E-03
   31.4159265359      0.117154988137E-03
   37.6991118431      0.110039910304E-03
   43.9822971503      0.684397329487E-04
   50.2654824574      0.840476789490E-04
   56.5486677646      0.770944981200E-04
   62.8318530718      0.633372911375E-04
   69.1150383790      0.516243141669E-04
   75.3982236862      0.484205717360E-04
   81.6814089933      0.380042334477E-04
   87.9645943005      0.354160269083E-04
   94.2477796077      0.302008533300E-04
   100.530964915      0.232379691506E-04
   106.814150222      0.214373318148E-04
   113.097335529      0.200430705544E-04
   119.380520836      0.192979872261E-04
   125.663706144      0.158390078656E-04
   131.946891451      0.154353944005E-04
   138.230076758      0.127925051007E-04
   144.513262065      0.104000853384E-04
   150.796447372      0.922576049680E-05
   157.079632679      0.825404316577E-05
   163.362817987      0.688529380002E-05
   169.646003294      0.578525643041E-05
   175.929188601      0.571224216151E-05
   182.212373908      0.477209586632E-05
   188.495559215      0.428259501645E-05
   194.778744523      0.348879363880E-05
   201.061929830      0.332252776752E-05
   207.345115137      0.282442696346E-05
   213.628300444      0.274069628353E-05
   219.911485751      0.237814216146E-05
   226.194671058      0.206197749875E-05
   232.477856366      0.194548261529E-05
   238.761041673      0.182942380248E-05
   245.044226980      0.155885980928E-05
   251.327412287      0.136299509999E-05
   257.610597594      0.117655162605E-05
   263.893782902      0.113923096836E-05
   270.176968209      0.100191603598E-05
   276.460153516      0.913752877038E-06
   282.743338823      0.794528194785E-06
   289.026524130      0.696564322739E-06
   295.309709437      0.638664566601E-06
   301.592894745      0.571568021757E-06
   307.876080052      0.502007696765E-06
   314.159265359      0.438440189918E-06
   320.442450666      0.389302286395E-06
   326.725635973      0.356895019901E-06
   333.008821281      0.296913411228E-06
   339.292006588      0.257132153559E-06
   345.575191895      0.236823611259E-06
   351.858377202      0.212570904961E-06
   358.141562509      0.176554773881E-06
   364.424747816      0.159092925147E-06
   370.707933124      0.145571844773E-06
   376.991118431      0.125535136169E-06
   383.274303738      0.110413596958E-06
   389.557489045      0.989068526978E-07
   395.840674352      0.868637943047E-07
   402.123859659      0.772723865325E-07
   408.407044967      0.671455464181E-07
   414.690230274      0.615389028723E-07
   420.973415581      0.524649814995E-07
   427.256600888      0.461145123918E-07
   433.539786195      0.409487776875E-07
   439.822971503      0.354282473137E-07
   446.106156810      0.313908411572E-07
   452.389342117      0.276410851057E-07
   458.672527424      0.243459556554E-07
   464.955712731      0.214763449187E-07
   471.238898038      0.183727355353E-07
   477.522083346      0.162801463422E-07
   483.805268653      0.142407909325E-07
   490.088453960      0.126108656539E-07
   496.371639267      0.108514469614E-07
   502.654824574      0.965234135943E-08
   508.938009882      0.837960212813E-08
   515.221195189      0.754414638905E-08
   521.504380496      0.668557478284E-08
   527.787565803      0.577662104006E-08
   534.070751110      0.508341968798E-08
   540.353936417      0.461063020466E-08
   546.637121725      0.386328168431E-08
   552.920307032      0.321131936832E-08
   559.203492339      0.267531295623E-08
   565.486677646      0.232451325329E-08
   571.769862953      0.192111593281E-08
   578.053048261      0.161759859038E-08
   584.336233568      0.137540187323E-08
   590.619418875      0.118981574687E-08
   596.902604182      0.980010510828E-09
   603.185789489      0.836454372831E-09
   609.468974796      0.696018142610E-09
   615.752160104      0.584690215657E-09
   622.035345411      0.493026415336E-09
   628.318530718      0.410014231346E-09
   634.601716025      0.344300973033E-09
   640.884901332      0.279633518264E-09
   647.168086639      0.236250880622E-09
   653.451271947      0.196340694517E-09
   659.734457254      0.162233407157E-09
   666.017642561      0.132756350340E-09
   672.300827868      0.111440019606E-09
   678.584013175      0.917244247106E-10
   684.867198483      0.754813655531E-10
   691.150383790      0.631460943183E-10
   697.433569097      0.518675819218E-10
   703.716754404      0.421647697024E-10
   709.999939711      0.350795247525E-10
   716.283125018      0.288421452007E-10
   722.566310326      0.234716102264E-10
   728.849495633      0.184105238244E-10
   735.132680940      0.155831951887E-10
   741.415866247      0.124461406872E-10
   747.699051554      0.962399805322E-11
   753.982236862      0.784779476940E-11
   760.265422169      0.630670306837E-11
   766.548607476      0.490921786996E-11
   772.831792783      0.377215631340E-11
   779.114978090      0.306134276659E-11
   785.398163397      0.234925099229E-11
   791.681348705      0.181819895628E-11
   797.964534012      0.134808901529E-11
   804.247719319      0.111520206405E-11
   810.530904626      0.811772239901E-12
   816.814089933      0.622463002364E-12
   823.097275241      0.469991303613E-12
   829.380460548      0.350006064633E-12
   835.663645855      0.263507681019E-12
   841.946831162      0.187938441913E-12
   848.230016469      0.139824105914E-12
   854.513201776      0.100150777256E-12
   860.796387084      0.627001999698E-13
   867.079572391      0.423012574727E-13
   873.362757698      0.325077135099E-13
   879.645943005      0.208090477509E-13
   885.929128312      0.116028352734E-13
   892.212313620      0.555174479743E-14
   898.495498927      0.508157859805E-14
   904.778684234      0.261498579117E-14
   911.061869541      0.116167285338E-14
   917.345054848      0.205811646920E-15
   923.628240155      0.194615661730E-15
   929.911425463      0.243963982357E-16
   936.194610770      0.955351351294E-36
   942.477796077      0.945547766990E-36
   948.760981384      0.909512217540E-36
   955.044166691      0.874575961199E-36
   961.327351998      0.887020807127E-36
   967.610537306      0.866994936683E-36
   973.893722613      0.830340805269E-36
   980.176907920      0.827169999971E-36
   986.460093227      0.793765129418E-36
   992.743278534      0.794034621567E-36
   999.026463842      0.751596415927E-36
   1005.30964915      0.754228483528E-36
   1011.59283446      0.709369801470E-36
   1017.87601976      0.694300226187E-36
   1024.15920507      0.676890793619E-36
   1030.44239038      0.626117469347E-36
   1036.72557568      0.654616566481E-36
   1043.00876099      0.601211348957E-36
   1049.29194630      0.584853350467E-36
   1055.57513161      0.571492555861E-36
   1061.85831691      0.530271322059E-36
   1068.14150222      0.560505487624E-36
   1074.42468753      0.493449708356E-36
   1080.70787283      0.497848280852E-36
   1086.99105814      0.464405424126E-36
   1093.27424345      0.437790233880E-36
   1099.55742876      0.438468829532E-36
   1105.84061406      0.381725883418E-36
   1112.12379937      0.395783033671E-36
   1118.40698468      0.341895812215E-36
   1124.69016999      0.333496703755E-36
   1130.97335529      0.293874049235E-36
   1137.25654060      0.255334830844E-36
   1143.53972591      0.232491328991E-36
   1149.82291121      0.210045886183E-36
   1156.10609652      0.199125912929E-36
   1162.38928183      0.183938410337E-36
   1168.67246714      0.172739376933E-36
   1174.95565244      0.160365136733E-36
   1181.23883775      0.151008567474E-36
   1187.52202306      0.140294639840E-36
   1193.80520836      0.131501722252E-36
   1200.08839367      0.122398819735E-36
   1206.37157898      0.117672688124E-36
   1212.65476429      0.106129055431E-36
   1218.93794959      0.987406312509E-37
   1225.22113490      0.958630214424E-37
   1231.50432021      0.879680205589E-37
   1237.78750551      0.787732826361E-37
   1244.07069082      0.725531930092E-37
   1250.35387613      0.696169472814E-37
   1256.63706144      0.646481209323E-37
   1262.92024674      0.567367637846E-37
   1269.20343205      0.550537639764E-37
   1275.48661736      0.478963548592E-37
   1281.76980266      0.439698029345E-37
   1288.05298797      0.379031835956E-37
   1294.33617328      0.369537054837E-37
   1300.61935859      0.314086384384E-37
   1306.90254389      0.267203440543E-37
   1313.18572920      0.226036152290E-37
   1319.46891451      0.234671073404E-37
   1325.75209981      0.198829777872E-37
   1332.03528512      0.158063601214E-37
   1338.31847043      0.114130136739E-37
   1344.60165574      0.130418685829E-37
   1350.88484104      0.102267468434E-37
   1357.16802635      0.690933190233E-38
   1363.45121166      0.358586924279E-38
   1369.73439697      0.396203939774E-38
   1376.01758227      0.214243474512E-38
   1382.30076758      0.115127141080E-38
   1388.58395289      0.169767592721E-39
   1394.86713819      0.757990272168E-40
   6.28318530718      0.203298729478E-39
   12.5663706144      0.112635223032E-03
   18.8495559215      0.100558874695E-03
   25.1327412287      0.131853181362E-03
   31.4159265359      0.114945456195E-03
   37.6991118431      0.108692846331E-03
   43.9822971503      0.659781397091E-04
   50.2654824574      0.837478860836E-04
   56.5486677646      0.771888930738E-04
   62.8318530718      0.636305896385E-04
   69.1150383790      0.510211120232E-04
   75.3982236862      0.477345919981E-04
   81.6814089933      0.380802610694E-04
   87.9645943005      0.353495117266E-04
   94.2477796077      0.299854346325E-04
   100.530964915      0.225854365667E-04
   106.814150222      0.214015984918E-04
   113.097335529      0.199788386502E-04
   119.380520836      0.201708479689E-04
   125.663706144      0.165993261110E-04
   131.946891451      0.158441241755E-04
   138.230076758      0.126962666461E-04
   144.513262065      0.105175103767E-04
   150.796447372      0.960267115813E-05
   157.079632679      0.857178421994E-05
   163.362817987      0.726394271513E-05
   169.646003294      0.604484448789E-05
   175.929188601      0.584104221832E-05
   182.212373908      0.510125638964E-05
   188.495559215      0.444887230442E-05
   194.778744523      0.361439602865E-05
   201.061929830      0.344195350603E-05
   207.345115137      0.286421609397E-05
   213.628300444      0.287022782690E-05
   219.911485751      0.256903764245E-05
   226.194671058      0.214780351625E-05
   232.477856366      0.202942644446E-05
   238.761041673      0.191741284854E-05
   245.044226980      0.165390658925E-05
   251.327412287      0.141937431377E-05
   257.610597594      0.123721015044E-05
   263.893782902      0.118405422399E-05
   270.176968209      0.103042937519E-05
   276.460153516      0.945985405833E-06
   282.743338823      0.813368134056E-06
   289.026524130      0.728481799275E-06
   295.309709437      0.664329138267E-06
   301.592894745      0.595049127809E-06
   307.876080052      0.531500154343E-06
   314.159265359      0.464607306994E-06
   320.442450666      0.407127170896E-06
   326.725635973      0.378639207815E-06
   333.008821281      0.321109083546E-06
   339.292006588      0.274905025349E-06
   345.575191895      0.254765449556E-06
   351.858377202      0.229012769377E-06
   358.141562509      0.190799786408E-06
   364.424747816      0.170918300463E-06
   370.707933124      0.158346270880E-06
   376.991118431      0.136617248157E-06
   383.274303738      0.120261225544E-06
   389.557489045      0.107779050333E-06
   395.840674352      0.954110936612E-07
   402.123859659      0.851645823299E-07
   408.407044967      0.738877048107E-07
   414.690230274      0.677192982671E-07
   420.973415581      0.577360969106E-07
   427.256600888      0.505125293815E-07
   433.539786195      0.453262354232E-07
   439.822971503      0.394357340887E-07
   446.106156810      0.348393517228E-07
   452.389342117      0.308799529747E-07
   458.672527424      0.271997502489E-07
   464.955712731      0.243376999913E-07
   471.238898038      0.208055984932E-07
   477.522083346      0.185355336918E-07
   483.805268653      0.162367868909E-07
   490.088453960      0.144498216735E-07
   496.371639267      0.124850257371E-07
   502.654824574      0.111096809689E-07
   508.938009882      0.971146410923E-08
   515.221195189      0.880775654984E-08
   521.504380496      0.782367782388E-08
   527.787565803      0.677520396755E-08
   534.070751110      0.597625920520E-08
   540.353936417      0.548143951062E-08
   546.637121725      0.465175125143E-08
   552.920307032      0.387729371874E-08
   559.203492339      0.325183996109E-08
   565.486677646      0.284341762910E-08
   571.769862953      0.235170431273E-08
   578.053048261      0.199602038455E-08
   584.336233568      0.170723921882E-08
   590.619418875      0.149040491946E-08
   596.902604182      0.123072715939E-08
   603.185789489      0.105033917796E-08
   609.468974796      0.883442926494E-09
   615.752160104      0.748449374595E-09
   622.035345411      0.640125428552E-09
   628.318530718      0.532932583168E-09
   634.601716025      0.451662985059E-09
   640.884901332      0.368956647568E-09
   647.168086639      0.314022583896E-09
   653.451271947      0.262783240533E-09
   659.734457254      0.218067479417E-09
   666.017642561      0.179412065968E-09
   672.300827868      0.151122545515E-09
   678.584013175      0.125228535927E-09
   684.867198483      0.104359078878E-09
   691.150383790      0.878743747866E-10
   697.433569097      0.727104131887E-10
   703.716754404      0.595556270381E-10
   709.999939711      0.498922423526E-10
   716.283125018      0.411400728327E-10
   722.566310326      0.339904528248E-10
   728.849495633      0.269035217768E-10
   735.132680940      0.229167900202E-10
   741.415866247      0.184683040596E-10
   747.699051554      0.143620393318E-10
   753.982236862      0.118124463533E-10
   760.265422169      0.958857268394E-11
   766.548607476      0.754531197466E-11
   772.831792783      0.580769273349E-11
   779.114978090      0.477993865465E-11
   785.398163397      0.369590039488E-11
   791.681348705      0.287445418447E-11
   797.964534012      0.216446676952E-11
   804.247719319      0.179666502423E-11
   810.530904626      0.131848119466E-11
   816.814089933      0.102558610164E-11
   823.097275241      0.778817055330E-12
   829.380460548      0.586372566669E-12
   835.663645855      0.443193422132E-12
   841.946831162      0.320995919255E-12
   848.230016469      0.241359286230E-12
   854.513201776      0.175555622912E-12
   860.796387084      0.110856589678E-12
   867.079572391      0.753144889787E-13
   873.362757698      0.597628462708E-13
   879.645943005      0.389647470585E-13
   885.929128312      0.222112097609E-13
   892.212313620      0.106590106904E-13
   898.495498927      0.101003027643E-13
   904.778684234      0.526933852017E-14
   911.061869541      0.237052517557E-14
   917.345054848      0.432437199909E-15
   923.628240155      0.429549738788E-15
   929.911425463      0.617815904522E-16
   936.194610770      0.946976168295E-36
   942.477796077      0.925467192351E-36
   948.760981384      0.913559804775E-36
   955.044166691      0.883865501085E-36
   961.327351998      0.878609416156E-36
   967.610537306      0.856749794403E-36
   973.893722613      0.826101747233E-36
   980.176907920      0.808238011042E-36
   986.460093227      0.788460245892E-36
   992.743278534      0.776076848507E-36
   999.026463842      0.751368190838E-36
   1005.30964915      0.750744826149E-36
   1011.59283446      0.692833488259E-36
   1017.87601976      0.682342243596E-36
   1024.15920507      0.662964450500E-36
   1030.44239038      0.623535947903E-36
   1036.72557568      0.645238928469E-36
   1043.00876099      0.593710222877E-36
   1049.29194630      0.577140215015E-36
   1055.57513161      0.570047096534E-36
   1061.85831691      0.533654703102E-36
   1068.14150222      0.552016305706E-36
   1074.42468753      0.493280360649E-36
   1080.70787283      0.499431162862E-36
   1086.99105814      0.467886347970E-36
   1093.27424345      0.436616700233E-36
   1099.55742876      0.435256186792E-36
   1105.84061406      0.382230427888E-36
   1112.12379937      0.393984830920E-36
   1118.40698468      0.342258994463E-36
   1124.69016999      0.328752399832E-36
   1130.97335529      0.294067667148E-36
   1137.25654060      0.256281981221E-36
   1143.53972591      0.231205675317E-36
   1149.82291121      0.213056376815E-36
   1156.10609652      0.199947707886E-36
   1162.38928183      0.183093535454E-36
   1168.67246714      0.171971929884E-36
   1174.95565244      0.159788108715E-36
   1181.23883775      0.152678445743E-36
   1187.52202306      0.140567340161E-36
   1193.80520836      0.132356221334E-36
   1200.08839367      0.121699334840E-36
   1206.37157898      0.116035061722E-36
   1212.65476429      0.103523470939E-36
   1218.93794959      0.987832478226E-37
   1225.22113490      0.944654782911E-37
   1231.50432021      0.854009474156E-37
   1237.78750551      0.771720547594E-37
   1244.07069082      0.723768623756E-37
   1250.35387613      0.685724589124E-37
   1256.63706144      0.627865019149E-37
   1262.92024674      0.564404684437E-37
   1269.20343205      0.536785199307E-37
   1275.48661736      0.477451698494E-37
   1281.76980266      0.439342776697E-37
   1288.05298797      0.371227898965E-37
   1294.33617328      0.368192145212E-37
   1300.61935859      0.317814180379E-37
   1306.90254389      0.270268079712E-37
   1313.18572920      0.217119396669E-37
   1319.46891451      0.235282203320E-37
   1325.75209981      0.196649455146E-37
   1332.03528512      0.152672885479E-37
   1338.31847043      0.110998273219E-37
   1344.60165574      0.127080382665E-37
   1350.88484104      0.102284277886E-37
   1357.16802635      0.640435974963E-38
   1363.45121166      0.316320864136E-38
   1369.73439697      0.424593958642E-38
   1376.01758227      0.255414262614E-38
   1382.30076758      0.102607958077E-38
   1388.58395289      0.133419912650E-39
   1394.86713819      0.542640217527E-40
