This is pdfTeX, Version 3.141592653-2.6-1.40.25 (MiKTeX 24.1) (preloaded format=pdflatex 2024.8.10)  22 APR 2025 13:39
entering extended mode
 restricted \write18 enabled.
 %&-line parsing enabled.
**./Euler-Voigt.tex
(Euler-Voigt.tex
LaTeX2e <2023-11-01> patch level 1
L3 programming layer <2024-01-04>
(C:\Users\bensl\AppData\Local\Programs\MiKTeX\tex/latex/amscls\amsart.cls
Document Class: amsart 2020/05/29 v2.20.6
\linespacing=\dimen140
\normalparindent=\dimen141
\normaltopskip=\skip48
(C:\Users\bensl\AppData\Local\Programs\MiKTeX\tex/latex/amsmath\amsmath.sty
Package: amsmath 2023/05/13 v2.17o AMS math features
\@mathmargin=\skip49

For additional information on amsmath, use the `?' option.
(C:\Users\bensl\AppData\Local\Programs\MiKTeX\tex/latex/amsmath\amstext.sty
Package: amstext 2021/08/26 v2.01 AMS text

(C:\Users\bensl\AppData\Local\Programs\MiKTeX\tex/latex/amsmath\amsgen.sty
File: amsgen.sty 1999/11/30 v2.0 generic functions
\@emptytoks=\toks17
\ex@=\dimen142
))
(C:\Users\bensl\AppData\Local\Programs\MiKTeX\tex/latex/amsmath\amsbsy.sty
Package: amsbsy 1999/11/29 v1.2d Bold Symbols
\pmbraise@=\dimen143
)
(C:\Users\bensl\AppData\Local\Programs\MiKTeX\tex/latex/amsmath\amsopn.sty
Package: amsopn 2022/04/08 v2.04 operator names
)
\inf@bad=\count187
LaTeX Info: Redefining \frac on input line 234.
\uproot@=\count188
\leftroot@=\count189
LaTeX Info: Redefining \overline on input line 399.
LaTeX Info: Redefining \colon on input line 410.
\classnum@=\count190
\DOTSCASE@=\count191
LaTeX Info: Redefining \ldots on input line 496.
LaTeX Info: Redefining \dots on input line 499.
LaTeX Info: Redefining \cdots on input line 620.
\Mathstrutbox@=\box51
\strutbox@=\box52
LaTeX Info: Redefining \big on input line 722.
LaTeX Info: Redefining \Big on input line 723.
LaTeX Info: Redefining \bigg on input line 724.
LaTeX Info: Redefining \Bigg on input line 725.
\big@size=\dimen144
LaTeX Font Info:    Redeclaring font encoding OML on input line 743.
LaTeX Font Info:    Redeclaring font encoding OMS on input line 744.
\macc@depth=\count192
LaTeX Info: Redefining \bmod on input line 905.
LaTeX Info: Redefining \pmod on input line 910.
LaTeX Info: Redefining \smash on input line 940.
LaTeX Info: Redefining \relbar on input line 970.
LaTeX Info: Redefining \Relbar on input line 971.
\c@MaxMatrixCols=\count193
\dotsspace@=\muskip16
\c@parentequation=\count194
\dspbrk@lvl=\count195
\tag@help=\toks18
\row@=\count196
\column@=\count197
\maxfields@=\count198
\andhelp@=\toks19
\eqnshift@=\dimen145
\alignsep@=\dimen146
\tagshift@=\dimen147
\tagwidth@=\dimen148
\totwidth@=\dimen149
\lineht@=\dimen150
\@envbody=\toks20
\multlinegap=\skip50
\multlinetaggap=\skip51
\mathdisplay@stack=\toks21
LaTeX Info: Redefining \[ on input line 2953.
LaTeX Info: Redefining \] on input line 2954.
)
LaTeX Font Info:    Trying to load font information for U+msa on input line 397
.

(C:\Users\bensl\AppData\Local\Programs\MiKTeX\tex/latex/amsfonts\umsa.fd
File: umsa.fd 2013/01/14 v3.01 AMS symbols A
)
(C:\Users\bensl\AppData\Local\Programs\MiKTeX\tex/latex/amsfonts\amsfonts.sty
Package: amsfonts 2013/01/14 v3.01 Basic AMSFonts support
\symAMSa=\mathgroup4
\symAMSb=\mathgroup5
LaTeX Font Info:    Redeclaring math symbol \hbar on input line 98.
LaTeX Font Info:    Overwriting math alphabet `\mathfrak' in version `bold'
(Font)                  U/euf/m/n --> U/euf/b/n on input line 106.
)
\copyins=\insert199
\abstractbox=\box53
\listisep=\skip52
\c@part=\count266
\c@section=\count267
\c@subsection=\count268
\c@subsubsection=\count269
\c@paragraph=\count270
\c@subparagraph=\count271
\c@figure=\count272
\c@table=\count273
\abovecaptionskip=\skip53
\belowcaptionskip=\skip54
\captionindent=\dimen151
\thm@style=\toks22
\thm@bodyfont=\toks23
\thm@headfont=\toks24
\thm@notefont=\toks25
\thm@headpunct=\toks26
\thm@preskip=\skip55
\thm@postskip=\skip56
\thm@headsep=\skip57
\dth@everypar=\toks27
) (C:\Users\bensl\AppData\Local\Programs\MiKTeX\tex/latex/base\textcomp.sty
Package: textcomp 2020/02/02 v2.0n Standard LaTeX package
LaTeX Font Info:    Changing ? sub-encoding to TS1/0 on input line 78.
)
(C:\Users\bensl\AppData\Local\Programs\MiKTeX\tex/latex/newpx\newpxtext.sty
Package: newpxtext 2025/02/10 v1.541(Michael Sharpe) latex and unicode latex su
pport for TeXGyrePagellaX

`newpxtext' v1.541, 2025/02/10 Text macros taking advantage of TeXGyre Pagella 
and its extensions (msharpe)
(C:\Users\bensl\AppData\Local\Programs\MiKTeX\tex/latex/base\fontenc.sty
Package: fontenc 2021/04/29 v2.0v Standard LaTeX package
)
(C:\Users\bensl\AppData\Local\Programs\MiKTeX\tex/latex/xcolor\xcolor.sty
Package: xcolor 2023/11/15 v3.01 LaTeX color extensions (UK)

(C:\Users\bensl\AppData\Local\Programs\MiKTeX\tex/latex/graphics-cfg\color.cfg
File: color.cfg 2016/01/02 v1.6 sample color configuration
)
Package xcolor Info: Driver file: pdftex.def on input line 274.

(C:\Users\bensl\AppData\Local\Programs\MiKTeX\tex/latex/graphics-def\pdftex.def
File: pdftex.def 2022/09/22 v1.2b Graphics/color driver for pdftex
)
(C:\Users\bensl\AppData\Local\Programs\MiKTeX\tex/latex/graphics\mathcolor.ltx)
Package xcolor Info: Model `cmy' substituted by `cmy0' on input line 1350.
Package xcolor Info: Model `hsb' substituted by `rgb' on input line 1354.
Package xcolor Info: Model `RGB' extended on input line 1366.
Package xcolor Info: Model `HTML' substituted by `rgb' on input line 1368.
Package xcolor Info: Model `Hsb' substituted by `hsb' on input line 1369.
Package xcolor Info: Model `tHsb' substituted by `hsb' on input line 1370.
Package xcolor Info: Model `HSB' substituted by `hsb' on input line 1371.
Package xcolor Info: Model `Gray' substituted by `gray' on input line 1372.
Package xcolor Info: Model `wave' substituted by `hsb' on input line 1373.
) (C:\Users\bensl\AppData\Local\Programs\MiKTeX\tex/latex/xpatch\xpatch.sty
(C:\Users\bensl\AppData\Local\Programs\MiKTeX\tex/latex/l3kernel\expl3.sty
Package: expl3 2024-01-04 L3 programming layer (loader) 

(C:\Users\bensl\AppData\Local\Programs\MiKTeX\tex/latex/l3backend\l3backend-pdf
tex.def
File: l3backend-pdftex.def 2024-01-04 L3 backend support: PDF output (pdfTeX)
\l__color_backend_stack_int=\count274
\l__pdf_internal_box=\box54
))
Package: xpatch 2020/03/25 v0.3a Extending etoolbox patching commands

(C:\Users\bensl\AppData\Local\Programs\MiKTeX\tex/latex/l3packages/xparse\xpars
e.sty
Package: xparse 2023-10-10 L3 Experimental document command parser
)
(C:\Users\bensl\AppData\Local\Programs\MiKTeX\tex/latex/etoolbox\etoolbox.sty
Package: etoolbox 2020/10/05 v2.5k e-TeX tools for LaTeX (JAW)
\etb@tempcnta=\count275
)) (C:\Users\bensl\AppData\Local\Programs\MiKTeX\tex/generic/iftex\iftex.sty
Package: iftex 2022/02/03 v1.0f TeX engine tests
)
(C:\Users\bensl\AppData\Local\Programs\MiKTeX\tex/latex/xkeyval\xkeyval.sty
Package: xkeyval 2022/06/16 v2.9 package option processing (HA)

(C:\Users\bensl\AppData\Local\Programs\MiKTeX\tex/generic/xkeyval\xkeyval.tex
(C:\Users\bensl\AppData\Local\Programs\MiKTeX\tex/generic/xkeyval\xkvutils.tex
\XKV@toks=\toks28
\XKV@tempa@toks=\toks29

(C:\Users\bensl\AppData\Local\Programs\MiKTeX\tex/generic/xkeyval\keyval.tex))
\XKV@depth=\count276
File: xkeyval.tex 2014/12/03 v2.7a key=value parser (HA)
)) (C:\Users\bensl\AppData\Local\Programs\MiKTeX\tex/latex/xstring\xstring.sty
(C:\Users\bensl\AppData\Local\Programs\MiKTeX\tex/generic/xstring\xstring.tex
\xs_counta=\count277
\xs_countb=\count278
)
Package: xstring 2023/08/22 v1.86 String manipulations (CT)
) (C:\Users\bensl\AppData\Local\Programs\MiKTeX\tex/latex/base\ifthen.sty
Package: ifthen 2022/04/13 v1.1d Standard LaTeX ifthen package (DPC)
)
(C:\Users\bensl\AppData\Local\Programs\MiKTeX\tex/latex/carlisle\scalefnt.sty)
LaTeX Font Info:    Setting zplLF sub-encoding to TS1/0 on input line 40.
LaTeX Font Info:    Setting zplTLF sub-encoding to TS1/0 on input line 40.
LaTeX Font Info:    Setting zplOsF sub-encoding to TS1/0 on input line 40.
LaTeX Font Info:    Setting zplTOsF sub-encoding to TS1/0 on input line 40.
\zpl@cnt=\count279

(C:\Users\bensl\AppData\Local\Programs\MiKTeX\tex/latex/fontaxes\fontaxes.sty
Package: fontaxes 2020/07/21 v1.0e Font selection axes
LaTeX Info: Redefining \upshape on input line 29.
LaTeX Info: Redefining \itshape on input line 31.
LaTeX Info: Redefining \slshape on input line 33.
LaTeX Info: Redefining \swshape on input line 35.
LaTeX Info: Redefining \scshape on input line 37.
LaTeX Info: Redefining \sscshape on input line 39.
LaTeX Info: Redefining \ulcshape on input line 41.
LaTeX Info: Redefining \textsw on input line 47.
LaTeX Info: Redefining \textssc on input line 48.
LaTeX Info: Redefining \textulc on input line 49.
)
\zpl@sixem=\dimen152
\zpl@y=\dimen153
\zpl@x=\dimen154
\zpl@tmpdima=\dimen155
\zpl@tmpdimb=\dimen156
\zpl@tmpdimc=\dimen157
\zpl@tmpdimd=\dimen158
\zpl@tmpdime=\dimen159
\zpl@tmpdimf=\dimen160
\zpl@dimA=\dimen161
\zpl@dimAA=\dimen162
\zpl@dimB=\dimen163
\zpl@dimBB=\dimen164
\zpl@dimC=\dimen165
LaTeX Info: Redefining \oldstylenums on input line 807.
LaTeX Font Info:    Trying to load font information for T1+zplLF on input line 
815.

(C:\Users\bensl\AppData\Local\Programs\MiKTeX\tex/latex/newpx\t1zpllf.fd
File: t1zplllf.fd 2021/05/25 v1.0 font definition file for T1/zpl/lf
)
LaTeX Font Info:    Trying to load font information for T1+zplTLF on input line
 816.

(C:\Users\bensl\AppData\Local\Programs\MiKTeX\tex/latex/newpx\t1zpltlf.fd
File: t1zpltlf.fd 2021/05/25 v1.0 font definition file for T1/zpl/tlf
)
LaTeX Font Info:    Trying to load font information for T1+zplOsF on input line
 817.

(C:\Users\bensl\AppData\Local\Programs\MiKTeX\tex/latex/newpx\t1zplosf.fd
File: t1zplosf.fd 2021/05/25 v1.0 font definition file for T1/zpl/osf
)
LaTeX Font Info:    Trying to load font information for T1+zplTOsF on input lin
e 818.

(C:\Users\bensl\AppData\Local\Programs\MiKTeX\tex/latex/newpx\t1zpltosf.fd
File: t1zpltosf.fd 2021/05/25 v1.0 font definition file for T1/zpl/tosf
))
(C:\Users\bensl\AppData\Local\Programs\MiKTeX\tex/latex/psnfss\times.sty
Package: times 2020/03/25 PSNFSS-v9.3 (SPQR) 
)
(C:\Users\bensl\AppData\Local\Programs\MiKTeX\tex/latex/cabin\cabin.sty
Package: cabin 2023/09/25 (Bob Tennent) Supports Cabin fonts for all LaTeX engi
nes.

(C:\Users\bensl\AppData\Local\Programs\MiKTeX\tex/generic/iftex\ifxetex.sty
Package: ifxetex 2019/10/25 v0.7 ifxetex legacy package. Use iftex instead.
)
(C:\Users\bensl\AppData\Local\Programs\MiKTeX\tex/generic/iftex\ifluatex.sty
Package: ifluatex 2019/10/25 v1.5 ifluatex legacy package. Use iftex instead.
)
(C:\Users\bensl\AppData\Local\Programs\MiKTeX\tex/latex/base\fontenc.sty
Package: fontenc 2021/04/29 v2.0v Standard LaTeX package
LaTeX Font Info:    Trying to load font information for T1+ptm on input line 11
2.

(C:\Users\bensl\AppData\Local\Programs\MiKTeX\tex/latex/psnfss\t1ptm.fd
File: t1ptm.fd 2001/06/04 font definitions for T1/ptm.
)))
(C:\Users\bensl\AppData\Local\Programs\MiKTeX\tex/latex/inconsolata\inconsolata
.sty
Package: inconsolata 2019/05/17 v1.12
 `inconsolata-zi4' v1.12, 2019/05/17 Text macros for Inconsolata (msharpe)
\zifour@ocount=\count280
) (C:\Users\bensl\AppData\Local\Programs\MiKTeX\tex/latex/newpx\newpxmath.sty
Package: newpxmath 2025/01/29 v1.540

`newpxmath' v1.540, 2025/01/29 Math macros based on pxfonts (msharpe)
(C:\Users\bensl\AppData\Local\Programs\MiKTeX\tex/generic/binhex\binhex.tex)
(C:\Users\bensl\AppData\Local\Programs\MiKTeX\tex/latex/oberdiek\centernot.sty
Package: centernot 2016/05/16 v1.4 Centers the not symbol horizontally (HO)
)
\px@tA=\toks30
\px@tB=\toks31
\px@su=\read2
\px@Isdigit=\count281
amsthm NOT loaded
LaTeX Font Info:    Redeclaring symbol font `operators' on input line 222.
LaTeX Font Info:    Overwriting symbol font `operators' in version `normal'
(Font)                  OT1/cmr/m/n --> OT1/ptm/m/n on input line 222.
LaTeX Font Info:    Overwriting symbol font `operators' in version `bold'
(Font)                  OT1/cmr/bx/n --> OT1/ptm/m/n on input line 222.
LaTeX Font Info:    Overwriting symbol font `operators' in version `bold'
(Font)                  OT1/ptm/m/n --> OT1/ptm/b/n on input line 223.
LaTeX Font Info:    Redeclaring math alphabet \mathsf on input line 226.
LaTeX Font Info:    Overwriting math alphabet `\mathsf' in version `normal'
(Font)                  OT1/cmss/m/n --> T1/Cabin-TLF/m/n on input line 226.
LaTeX Font Info:    Overwriting math alphabet `\mathsf' in version `bold'
(Font)                  OT1/cmss/bx/n --> T1/Cabin-TLF/m/n on input line 226.
LaTeX Font Info:    Redeclaring math alphabet \mathit on input line 227.
LaTeX Font Info:    Overwriting math alphabet `\mathit' in version `normal'
(Font)                  OT1/cmr/m/it --> OT1/ptm/m/it on input line 227.
LaTeX Font Info:    Overwriting math alphabet `\mathit' in version `bold'
(Font)                  OT1/cmr/bx/it --> OT1/ptm/m/it on input line 227.
LaTeX Font Info:    Redeclaring math alphabet \mathtt on input line 228.
LaTeX Font Info:    Overwriting math alphabet `\mathtt' in version `normal'
(Font)                  OT1/cmtt/m/n --> T1/zi4/m/n on input line 228.
LaTeX Font Info:    Overwriting math alphabet `\mathtt' in version `bold'
(Font)                  OT1/cmtt/m/n --> T1/zi4/m/n on input line 228.
LaTeX Font Info:    Redeclaring math alphabet \mathbf on input line 230.
LaTeX Font Info:    Overwriting math alphabet `\mathbf' in version `normal'
(Font)                  OT1/cmr/bx/n --> OT1/ptm/b/n on input line 230.
LaTeX Font Info:    Overwriting math alphabet `\mathbf' in version `bold'
(Font)                  OT1/cmr/bx/n --> OT1/ptm/b/n on input line 230.
LaTeX Font Info:    Overwriting math alphabet `\mathit' in version `bold'
(Font)                  OT1/ptm/m/it --> OT1/ptm/b/it on input line 231.
LaTeX Font Info:    Overwriting math alphabet `\mathsf' in version `bold'
(Font)                  T1/Cabin-TLF/m/n --> T1/Cabin-TLF/b/n on input line 233
.
LaTeX Font Info:    Overwriting math alphabet `\mathtt' in version `bold'
(Font)                  T1/zi4/m/n --> T1/zi4/b/n on input line 234.
LaTeX Font Info:    Redeclaring symbol font `letters' on input line 245.
LaTeX Font Info:    Overwriting symbol font `letters' in version `normal'
(Font)                  OML/cmm/m/it --> OML/npxmi/m/it on input line 245.
LaTeX Font Info:    Overwriting symbol font `letters' in version `bold'
(Font)                  OML/cmm/b/it --> OML/npxmi/m/it on input line 245.
LaTeX Font Info:    Overwriting symbol font `letters' in version `bold'
(Font)                  OML/npxmi/m/it --> OML/npxmi/b/it on input line 246.
\symlettersA=\mathgroup6
LaTeX Font Info:    Overwriting symbol font `lettersA' in version `bold'
(Font)                  U/npxmia/m/it --> U/npxmia/b/it on input line 264.
LaTeX Font Info:    Redeclaring math alphabet \mathfrak on input line 266.
Now handling font encoding LMS ...
... no UTF-8 mapping file for font encoding LMS
LaTeX Font Info:    Redeclaring symbol font `symbols' on input line 274.
LaTeX Font Info:    Encoding `OMS' has changed to `LMS' for symbol font
(Font)              `symbols' in the math version `normal' on input line 274.
LaTeX Font Info:    Overwriting symbol font `symbols' in version `normal'
(Font)                  OMS/cmsy/m/n --> LMS/npxsy/m/n on input line 274.
LaTeX Font Info:    Encoding `OMS' has changed to `LMS' for symbol font
(Font)              `symbols' in the math version `bold' on input line 274.
LaTeX Font Info:    Overwriting symbol font `symbols' in version `bold'
(Font)                  OMS/cmsy/b/n --> LMS/npxsy/m/n on input line 274.
LaTeX Font Info:    Overwriting symbol font `symbols' in version `bold'
(Font)                  LMS/npxsy/m/n --> LMS/npxsy/b/n on input line 275.
\symAMSm=\mathgroup7
LaTeX Font Info:    Overwriting symbol font `AMSm' in version `bold'
(Font)                  U/npxsym/m/n --> U/npxsym/b/n on input line 295.
\symsymbolsC=\mathgroup8
LaTeX Font Info:    Overwriting symbol font `symbolsC' in version `bold'
(Font)                  U/npxsyc/m/n --> U/npxsyc/b/n on input line 317.
Now handling font encoding LMX ...
... no UTF-8 mapping file for font encoding LMX
LaTeX Font Info:    Redeclaring symbol font `largesymbols' on input line 337.
LaTeX Font Info:    Encoding `OMX' has changed to `LMX' for symbol font
(Font)              `largesymbols' in the math version `normal' on input line 3
37.
LaTeX Font Info:    Overwriting symbol font `largesymbols' in version `normal'
(Font)                  OMX/cmex/m/n --> LMX/npxexx/m/n on input line 337.
LaTeX Font Info:    Encoding `OMX' has changed to `LMX' for symbol font
(Font)              `largesymbols' in the math version `bold' on input line 337
.
LaTeX Font Info:    Overwriting symbol font `largesymbols' in version `bold'
(Font)                  OMX/cmex/m/n --> LMX/npxexx/m/n on input line 337.
LaTeX Font Info:    Overwriting symbol font `largesymbols' in version `bold'
(Font)                  LMX/npxexx/m/n --> LMX/npxexx/b/n on input line 338.
\symlargesymbolsPXA=\mathgroup9
LaTeX Font Info:    Overwriting symbol font `largesymbolsPXA' in version `bold'

(Font)                  U/npxexa/m/n --> U/npxexa/b/n on input line 345.
\px@cntz=\count282
\px@IsAlNum=\count283
\px@sbptoks=\toks32
LaTeX Font Info:    Redeclaring math delimiter \lfloor on input line 500.
LaTeX Font Info:    Redeclaring math delimiter \rfloor on input line 501.
LaTeX Font Info:    Redeclaring math delimiter \lceil on input line 502.
LaTeX Font Info:    Redeclaring math delimiter \rceil on input line 503.
LaTeX Font Info:    Redeclaring math delimiter \lbrace on input line 508.
LaTeX Font Info:    Redeclaring math delimiter \rbrace on input line 509.
LaTeX Font Info:    Redeclaring math delimiter \langle on input line 511.
LaTeX Font Info:    Redeclaring math delimiter \rangle on input line 513.
LaTeX Font Info:    Redeclaring math delimiter \arrowvert on input line 517.
LaTeX Font Info:    Redeclaring math delimiter \vert on input line 518.
LaTeX Font Info:    Redeclaring math symbol \parallel on input line 519.
LaTeX Font Info:    Redeclaring math delimiter \Arrowvert on input line 520.
LaTeX Font Info:    Redeclaring math accent \grave on input line 560.
LaTeX Font Info:    Redeclaring math accent \acute on input line 561.
LaTeX Font Info:    Redeclaring math accent \hat on input line 562.
LaTeX Font Info:    Redeclaring math accent \tilde on input line 563.
LaTeX Font Info:    Redeclaring math accent \bar on input line 564.
LaTeX Font Info:    Redeclaring math accent \breve on input line 565.
LaTeX Font Info:    Redeclaring math accent \mathring on input line 566.
LaTeX Font Info:    Redeclaring math accent \check on input line 567.
LaTeX Font Info:    Redeclaring math accent \dot on input line 571.
LaTeX Font Info:    Redeclaring math accent \ddot on input line 572.
LaTeX Font Info:    Redeclaring math accent \vec on input line 1617.
LaTeX Info: Redefining \Bbbk on input line 2194.
LaTeX Info: Redefining \not on input line 2534.
LaTeX Info: Redefining \textsquare on input line 2549.
LaTeX Info: Redefining \openbox on input line 2551.
)
(C:\Users\bensl\AppData\Local\Programs\MiKTeX\tex/latex/mathalpha\mathalfa.sty)

(C:\Users\bensl\AppData\Local\Programs\MiKTeX\tex/latex/mathalpha\mathalpha.sty
Package: mathalpha 2025/01/17 - 1.145mathalpha (License LPPL) Michael Sharpe
`mathalpha' v1.145, 2025/01/17, a renaming of mathalfa (msharpe)
LaTeX Font Info:    Redeclaring math alphabet \mathcal on input line 464.
LaTeX Font Info:    Overwriting math alphabet `\mathcal' in version `bold'
(Font)                  U/cmsy/m/n --> U/cmsy/b/n on input line 466.
)
(C:\Users\bensl\AppData\Local\Programs\MiKTeX\tex/latex/geometry\geometry.sty
Package: geometry 2020/01/02 v5.9 Page Geometry

(C:\Users\bensl\AppData\Local\Programs\MiKTeX\tex/generic/iftex\ifvtex.sty
Package: ifvtex 2019/10/25 v1.7 ifvtex legacy package. Use iftex instead.
)
\Gm@cnth=\count284
\Gm@cntv=\count285
\c@Gm@tempcnt=\count286
\Gm@bindingoffset=\dimen166
\Gm@wd@mp=\dimen167
\Gm@odd@mp=\dimen168
\Gm@even@mp=\dimen169
\Gm@layoutwidth=\dimen170
\Gm@layoutheight=\dimen171
\Gm@layouthoffset=\dimen172
\Gm@layoutvoffset=\dimen173
\Gm@dimlist=\toks33

(C:\Users\bensl\AppData\Local\Programs\MiKTeX\tex/latex/geometry\geometry.cfg))
(C:\Users\bensl\AppData\Local\Programs\MiKTeX\tex/latex/savesym\savesym.sty
Package: savesym 2013/09/02 v1.2 Saves and restores symbols (JG)
)
(C:\Users\bensl\AppData\Local\Programs\MiKTeX\tex/latex/mathabx\mathabx.sty
Package: mathabx 2003/07/29 v0.0 Non-standard LaTeX package mathabx
\symmatha=\mathgroup10
\symmathb=\mathgroup11
\symmathx=\mathgroup12

(C:\Users\bensl\AppData\Local\Programs\MiKTeX\tex/generic/mathabx\mathabx.dcl
LaTeX Font Info:    Redeclaring math symbol \cdotp on input line 25.
LaTeX Font Info:    Redeclaring math symbol \times on input line 33.
LaTeX Font Info:    Redeclaring math symbol \div on input line 34.
LaTeX Font Info:    Redeclaring math symbol \cdot on input line 35.
LaTeX Font Info:    Redeclaring math symbol \circ on input line 36.
LaTeX Font Info:    Redeclaring math symbol \ast on input line 38.
LaTeX Font Info:    Redeclaring math symbol \pm on input line 41.
LaTeX Font Info:    Redeclaring math symbol \mp on input line 42.
LaTeX Font Info:    Redeclaring math symbol \ltimes on input line 43.
LaTeX Font Info:    Redeclaring math symbol \rtimes on input line 44.
LaTeX Font Info:    Redeclaring math symbol \diamond on input line 45.
LaTeX Font Info:    Redeclaring math symbol \bullet on input line 46.
LaTeX Font Info:    Redeclaring math symbol \star on input line 47.
LaTeX Font Info:    Redeclaring math symbol \amalg on input line 51.
LaTeX Font Info:    Redeclaring math symbol \dotplus on input line 58.
LaTeX Font Info:    Redeclaring math symbol \square on input line 63.
LaTeX Font Info:    Redeclaring math symbol \divideontimes on input line 71.
LaTeX Font Info:    Redeclaring math symbol \bigstar on input line 75.
LaTeX Font Info:    Redeclaring math symbol \equiv on input line 83.
LaTeX Font Info:    Redeclaring math symbol \sim on input line 84.
LaTeX Font Info:    Redeclaring math symbol \approx on input line 85.
LaTeX Font Info:    Redeclaring math symbol \simeq on input line 86.
LaTeX Font Info:    Redeclaring math symbol \asymp on input line 89.
LaTeX Font Info:    Redeclaring math symbol \nsim on input line 97.
LaTeX Font Info:    Redeclaring math symbol \napprox on input line 98.
LaTeX Font Info:    Redeclaring math symbol \nsimeq on input line 99.
LaTeX Font Info:    Redeclaring math symbol \ncong on input line 100.
LaTeX Font Info:    Redeclaring math symbol \risingdotseq on input line 118.
LaTeX Font Info:    Redeclaring math symbol \fallingdotseq on input line 119.
LaTeX Font Info:    Redeclaring math symbol \coloneq on input line 120.
LaTeX Font Info:    Redeclaring math symbol \eqcolon on input line 121.
LaTeX Font Info:    Redeclaring math symbol \circeq on input line 125.
LaTeX Font Info:    Redeclaring math symbol \eqcirc on input line 126.
LaTeX Font Info:    Redeclaring math symbol \triangleq on input line 127.
LaTeX Font Info:    Redeclaring math symbol \neg on input line 134.
LaTeX Font Info:    Redeclaring math symbol \ll on input line 136.
LaTeX Font Info:    Redeclaring math symbol \gg on input line 137.
LaTeX Font Info:    Redeclaring math symbol \vdash on input line 139.
LaTeX Font Info:    Redeclaring math symbol \dashv on input line 140.
LaTeX Font Info:    Redeclaring math symbol \nvdash on input line 141.
LaTeX Font Info:    Redeclaring math symbol \vDash on input line 143.
LaTeX Font Info:    Redeclaring math symbol \nvDash on input line 145.
LaTeX Font Info:    Redeclaring math symbol \Vdash on input line 147.
LaTeX Font Info:    Redeclaring math symbol \nVdash on input line 149.
LaTeX Font Info:    Redeclaring math symbol \flat on input line 158.
LaTeX Font Info:    Redeclaring math symbol \natural on input line 159.
LaTeX Font Info:    Redeclaring math symbol \sharp on input line 160.
LaTeX Font Info:    Redeclaring math symbol \infty on input line 161.
LaTeX Font Info:    Redeclaring math symbol \propto on input line 162.
LaTeX Font Info:    Redeclaring math symbol \dagger on input line 163.
LaTeX Font Info:    Redeclaring math symbol \ddagger on input line 164.
LaTeX Font Info:    Redeclaring math symbol \between on input line 170.
LaTeX Font Info:    Redeclaring math symbol \smile on input line 171.
LaTeX Font Info:    Redeclaring math symbol \frown on input line 172.
LaTeX Font Info:    Redeclaring math symbol \leftthreetimes on input line 174.
LaTeX Font Info:    Redeclaring math symbol \rightthreetimes on input line 175.

LaTeX Font Info:    Redeclaring math symbol \pitchfork on input line 176.
LaTeX Font Info:    Redeclaring math symbol \VDash on input line 180.
LaTeX Font Info:    Redeclaring math symbol \nVDash on input line 182.
LaTeX Font Info:    Redeclaring math symbol \Vvdash on input line 184.
LaTeX Font Info:    Redeclaring math symbol \therefore on input line 189.
LaTeX Font Info:    Redeclaring math symbol \because on input line 190.
LaTeX Font Info:    Redeclaring math accent \dot on input line 193.
LaTeX Font Info:    Redeclaring math accent \ddot on input line 195.
LaTeX Font Info:    Redeclaring math accent \dddot on input line 197.
LaTeX Font Info:    Redeclaring math accent \ddddot on input line 199.
LaTeX Font Info:    Redeclaring math symbol \measuredangle on input line 202.
LaTeX Font Info:    Redeclaring math symbol \sphericalangle on input line 203.
LaTeX Font Info:    Redeclaring math symbol \setminus on input line 218.
LaTeX Font Info:    Redeclaring math symbol \mid on input line 222.
LaTeX Font Info:    Redeclaring math symbol \forall on input line 279.
LaTeX Font Info:    Redeclaring math symbol \complement on input line 280.
LaTeX Font Info:    Redeclaring math symbol \partial on input line 281.
LaTeX Font Info:    Redeclaring math symbol \exists on input line 284.
LaTeX Font Info:    Redeclaring math symbol \nexists on input line 285.
LaTeX Font Info:    Redeclaring math symbol \Finv on input line 286.
LaTeX Font Info:    Redeclaring math symbol \Game on input line 287.
LaTeX Font Info:    Redeclaring math symbol \emptyset on input line 288.
LaTeX Font Info:    Redeclaring math symbol \top on input line 290.
LaTeX Font Info:    Redeclaring math symbol \bot on input line 291.
LaTeX Font Info:    Redeclaring math symbol \perp on input line 292.
LaTeX Font Info:    Redeclaring math symbol \curlywedge on input line 296.
LaTeX Font Info:    Redeclaring math symbol \curlyvee on input line 297.
LaTeX Font Info:    Redeclaring math symbol \in on input line 299.
LaTeX Font Info:    Redeclaring math symbol \owns on input line 300.
LaTeX Font Info:    Redeclaring math symbol \cap on input line 312.
LaTeX Font Info:    Redeclaring math symbol \cup on input line 313.
LaTeX Font Info:    Redeclaring math symbol \uplus on input line 314.
LaTeX Font Info:    Redeclaring math symbol \sqcap on input line 315.
LaTeX Font Info:    Redeclaring math symbol \sqcup on input line 316.
LaTeX Font Info:    Redeclaring math symbol \wedge on input line 318.
LaTeX Font Info:    Redeclaring math symbol \vee on input line 320.
LaTeX Font Info:    Redeclaring math symbol \barwedge on input line 327.
LaTeX Font Info:    Redeclaring math symbol \veebar on input line 328.
LaTeX Font Info:    Redeclaring math symbol \doublebarwedge on input line 329.
LaTeX Font Info:    Redeclaring math symbol \doublecap on input line 331.
LaTeX Font Info:    Redeclaring math symbol \doublecup on input line 333.
LaTeX Font Info:    Redeclaring math symbol \subset on input line 344.
LaTeX Font Info:    Redeclaring math symbol \supset on input line 345.
LaTeX Font Info:    Redeclaring math symbol \nsubset on input line 346.
LaTeX Font Info:    Redeclaring math symbol \nsupset on input line 347.
LaTeX Font Info:    Redeclaring math symbol \subseteq on input line 348.
LaTeX Font Info:    Redeclaring math symbol \supseteq on input line 349.
LaTeX Font Info:    Redeclaring math symbol \nsubseteq on input line 350.
LaTeX Font Info:    Redeclaring math symbol \nsupseteq on input line 351.
LaTeX Font Info:    Redeclaring math symbol \subsetneq on input line 352.
LaTeX Font Info:    Redeclaring math symbol \supsetneq on input line 353.
LaTeX Font Info:    Redeclaring math symbol \varsubsetneq on input line 354.
LaTeX Font Info:    Redeclaring math symbol \varsupsetneq on input line 355.
LaTeX Font Info:    Redeclaring math symbol \subseteqq on input line 357.
LaTeX Font Info:    Redeclaring math symbol \supseteqq on input line 358.
LaTeX Font Info:    Redeclaring math symbol \nsubseteqq on input line 359.
LaTeX Font Info:    Redeclaring math symbol \nsupseteqq on input line 360.
LaTeX Font Info:    Redeclaring math symbol \subsetneqq on input line 361.
LaTeX Font Info:    Redeclaring math symbol \supsetneqq on input line 362.
LaTeX Font Info:    Redeclaring math symbol \varsubsetneqq on input line 363.
LaTeX Font Info:    Redeclaring math symbol \varsupsetneqq on input line 364.
LaTeX Font Info:    Redeclaring math symbol \Subset on input line 366.
LaTeX Font Info:    Redeclaring math symbol \Supset on input line 367.
LaTeX Font Info:    Redeclaring math symbol \nSubset on input line 368.
LaTeX Font Info:    Redeclaring math symbol \nSupset on input line 369.
LaTeX Font Info:    Redeclaring math symbol \nsqsubset on input line 378.
LaTeX Font Info:    Redeclaring math symbol \nsqsupset on input line 379.
LaTeX Font Info:    Redeclaring math symbol \sqsubseteq on input line 380.
LaTeX Font Info:    Redeclaring math symbol \sqsupseteq on input line 381.
LaTeX Font Info:    Redeclaring math symbol \nsqsubseteq on input line 382.
LaTeX Font Info:    Redeclaring math symbol \nsqsupseteq on input line 383.
LaTeX Font Info:    Redeclaring math symbol \triangleleft on input line 407.
LaTeX Font Info:    Redeclaring math symbol \vartriangleleft on input line 408.

LaTeX Font Info:    Redeclaring math symbol \triangleright on input line 409.
LaTeX Font Info:    Redeclaring math symbol \vartriangleright on input line 410
.
LaTeX Font Info:    Redeclaring math symbol \ntriangleleft on input line 411.
LaTeX Font Info:    Redeclaring math symbol \ntriangleright on input line 412.
LaTeX Font Info:    Redeclaring math symbol \trianglelefteq on input line 413.
LaTeX Font Info:    Redeclaring math symbol \trianglerighteq on input line 414.

LaTeX Font Info:    Redeclaring math symbol \ntrianglelefteq on input line 415.

LaTeX Font Info:    Redeclaring math symbol \ntrianglerighteq on input line 416
.
LaTeX Font Info:    Redeclaring math symbol \blacktriangledown on input line 42
7.
LaTeX Font Info:    Redeclaring math symbol \blacktriangleleft on input line 42
8.
LaTeX Font Info:    Redeclaring math symbol \blacktriangleright on input line 4
29.
LaTeX Font Info:    Redeclaring math symbol \nless on input line 437.
LaTeX Font Info:    Redeclaring math symbol \ngtr on input line 438.
LaTeX Font Info:    Redeclaring math symbol \leq on input line 439.
LaTeX Font Info:    Redeclaring math symbol \geq on input line 441.
LaTeX Font Info:    Redeclaring math symbol \nleq on input line 443.
LaTeX Font Info:    Redeclaring math symbol \ngeq on input line 445.
LaTeX Font Info:    Redeclaring math symbol \lneq on input line 451.
LaTeX Font Info:    Redeclaring math symbol \gneq on input line 452.
LaTeX Font Info:    Redeclaring math symbol \leqq on input line 453.
LaTeX Font Info:    Redeclaring math symbol \geqq on input line 454.
LaTeX Font Info:    Redeclaring math symbol \nleqq on input line 455.
LaTeX Font Info:    Redeclaring math symbol \ngeqq on input line 456.
LaTeX Font Info:    Redeclaring math symbol \lneqq on input line 457.
LaTeX Font Info:    Redeclaring math symbol \gneqq on input line 458.
LaTeX Font Info:    Redeclaring math symbol \lvertneqq on input line 459.
LaTeX Font Info:    Redeclaring math symbol \gvertneqq on input line 460.
LaTeX Font Info:    Redeclaring math symbol \eqslantless on input line 461.
LaTeX Font Info:    Redeclaring math symbol \eqslantgtr on input line 462.
LaTeX Font Info:    Redeclaring math symbol \lessgtr on input line 465.
LaTeX Font Info:    Redeclaring math symbol \gtrless on input line 466.
LaTeX Font Info:    Redeclaring math symbol \lesseqgtr on input line 467.
LaTeX Font Info:    Redeclaring math symbol \gtreqless on input line 468.
LaTeX Font Info:    Redeclaring math symbol \lesseqqgtr on input line 469.
LaTeX Font Info:    Redeclaring math symbol \gtreqqless on input line 470.
LaTeX Font Info:    Redeclaring math symbol \lesssim on input line 472.
LaTeX Font Info:    Redeclaring math symbol \gtrsim on input line 473.
LaTeX Font Info:    Redeclaring math symbol \nlesssim on input line 474.
LaTeX Font Info:    Redeclaring math symbol \ngtrsim on input line 475.
LaTeX Font Info:    Redeclaring math symbol \lnsim on input line 476.
LaTeX Font Info:    Redeclaring math symbol \gnsim on input line 477.
LaTeX Font Info:    Redeclaring math symbol \lessapprox on input line 478.
LaTeX Font Info:    Redeclaring math symbol \gtrapprox on input line 479.
LaTeX Font Info:    Redeclaring math symbol \nlessapprox on input line 480.
LaTeX Font Info:    Redeclaring math symbol \ngtrapprox on input line 481.
LaTeX Font Info:    Redeclaring math symbol \lnapprox on input line 482.
LaTeX Font Info:    Redeclaring math symbol \gnapprox on input line 483.
LaTeX Font Info:    Redeclaring math symbol \lessdot on input line 485.
LaTeX Font Info:    Redeclaring math symbol \gtrdot on input line 486.
LaTeX Font Info:    Redeclaring math symbol \lll on input line 488.
LaTeX Font Info:    Redeclaring math symbol \ggg on input line 489.
LaTeX Font Info:    Redeclaring math symbol \prec on input line 498.
LaTeX Font Info:    Redeclaring math symbol \succ on input line 499.
LaTeX Font Info:    Redeclaring math symbol \nprec on input line 500.
LaTeX Font Info:    Redeclaring math symbol \nsucc on input line 501.
LaTeX Font Info:    Redeclaring math symbol \preccurlyeq on input line 502.
LaTeX Font Info:    Redeclaring math symbol \succcurlyeq on input line 503.
LaTeX Font Info:    Redeclaring math symbol \npreccurlyeq on input line 504.
LaTeX Font Info:    Redeclaring math symbol \nsucccurlyeq on input line 505.
LaTeX Font Info:    Redeclaring math symbol \preceq on input line 506.
LaTeX Font Info:    Redeclaring math symbol \succeq on input line 507.
LaTeX Font Info:    Redeclaring math symbol \npreceq on input line 508.
LaTeX Font Info:    Redeclaring math symbol \nsucceq on input line 509.
LaTeX Font Info:    Redeclaring math symbol \curlyeqprec on input line 512.
LaTeX Font Info:    Redeclaring math symbol \curlyeqsucc on input line 513.
LaTeX Font Info:    Redeclaring math symbol \precsim on input line 517.
LaTeX Font Info:    Redeclaring math symbol \succsim on input line 518.
LaTeX Font Info:    Redeclaring math symbol \nprecsim on input line 519.
LaTeX Font Info:    Redeclaring math symbol \nsuccsim on input line 520.
LaTeX Font Info:    Redeclaring math symbol \precnsim on input line 521.
LaTeX Font Info:    Redeclaring math symbol \succnsim on input line 522.
LaTeX Font Info:    Redeclaring math symbol \precapprox on input line 523.
LaTeX Font Info:    Redeclaring math symbol \succapprox on input line 524.
LaTeX Font Info:    Redeclaring math symbol \nprecapprox on input line 525.
LaTeX Font Info:    Redeclaring math symbol \nsuccapprox on input line 526.
LaTeX Font Info:    Redeclaring math symbol \precnapprox on input line 527.
LaTeX Font Info:    Redeclaring math symbol \succnapprox on input line 528.
LaTeX Font Info:    Redeclaring math symbol \leftarrow on input line 540.
LaTeX Font Info:    Redeclaring math symbol \rightarrow on input line 542.
LaTeX Font Info:    Redeclaring math symbol \nwarrow on input line 546.
LaTeX Font Info:    Redeclaring math symbol \nearrow on input line 547.
LaTeX Font Info:    Redeclaring math symbol \swarrow on input line 548.
LaTeX Font Info:    Redeclaring math symbol \searrow on input line 549.
LaTeX Font Info:    Redeclaring math symbol \leftrightarrow on input line 550.
LaTeX Font Info:    Redeclaring math symbol \nleftarrow on input line 552.
LaTeX Font Info:    Redeclaring math symbol \nrightarrow on input line 553.
LaTeX Font Info:    Redeclaring math symbol \nleftrightarrow on input line 554.

LaTeX Font Info:    Redeclaring math symbol \mapstochar on input line 557.
LaTeX Font Info:    Redeclaring math symbol \leftharpoonup on input line 560.
LaTeX Font Info:    Redeclaring math symbol \rightharpoonup on input line 561.
LaTeX Font Info:    Redeclaring math symbol \leftharpoondown on input line 562.

LaTeX Font Info:    Redeclaring math symbol \rightharpoondown on input line 563
.
LaTeX Font Info:    Redeclaring math symbol \upharpoonleft on input line 564.
LaTeX Font Info:    Redeclaring math symbol \downharpoonleft on input line 565.

LaTeX Font Info:    Redeclaring math symbol \upharpoonright on input line 566.
LaTeX Font Info:    Redeclaring math symbol \restriction on input line 567.
LaTeX Font Info:    Redeclaring math symbol \downharpoonright on input line 568
.
LaTeX Font Info:    Redeclaring math symbol \leftrightharpoons on input line 56
9.
LaTeX Font Info:    Redeclaring math symbol \Leftarrow on input line 575.
LaTeX Font Info:    Redeclaring math symbol \Rightarrow on input line 576.
LaTeX Font Info:    Redeclaring math symbol \Leftrightarrow on input line 579.
LaTeX Font Info:    Redeclaring math symbol \nLeftarrow on input line 581.
LaTeX Font Info:    Redeclaring math symbol \nRightarrow on input line 582.
LaTeX Font Info:    Redeclaring math symbol \nLeftrightarrow on input line 583.

LaTeX Font Info:    Redeclaring math symbol \Mapstochar on input line 586.
LaTeX Font Info:    Redeclaring math symbol \leftleftarrows on input line 593.
LaTeX Font Info:    Redeclaring math symbol \rightrightarrows on input line 594
.
LaTeX Font Info:    Redeclaring math symbol \upuparrows on input line 595.
LaTeX Font Info:    Redeclaring math symbol \downdownarrows on input line 596.
LaTeX Font Info:    Redeclaring math symbol \leftrightarrows on input line 597.

LaTeX Font Info:    Redeclaring math symbol \rightleftarrows on input line 598.

LaTeX Font Info:    Redeclaring math symbol \rhook on input line 612.
LaTeX Font Info:    Redeclaring math symbol \lhook on input line 613.
LaTeX Font Info:    Redeclaring math symbol \diagup on input line 614.
LaTeX Font Info:    Redeclaring math symbol \diagdown on input line 615.
LaTeX Font Info:    Redeclaring math symbol \Lsh on input line 617.
LaTeX Font Info:    Redeclaring math symbol \Rsh on input line 619.
LaTeX Font Info:    Redeclaring math symbol \looparrowleft on input line 624.
LaTeX Font Info:    Redeclaring math symbol \looparrowright on input line 626.
LaTeX Font Info:    Redeclaring math symbol \curvearrowleft on input line 631.
LaTeX Font Info:    Redeclaring math symbol \curvearrowright on input line 633.

LaTeX Font Info:    Redeclaring math symbol \circlearrowleft on input line 641.

LaTeX Font Info:    Redeclaring math symbol \circlearrowright on input line 642
.
LaTeX Font Info:    Redeclaring math symbol \leftsquigarrow on input line 644.
LaTeX Font Info:    Redeclaring math symbol \rightsquigarrow on input line 645.

LaTeX Font Info:    Redeclaring math symbol \leftrightsquigarrow on input line 
646.
LaTeX Font Info:    Redeclaring math symbol \oplus on input line 658.
LaTeX Font Info:    Redeclaring math symbol \ominus on input line 659.
LaTeX Font Info:    Redeclaring math symbol \otimes on input line 661.
LaTeX Font Info:    Redeclaring math symbol \odot on input line 663.
LaTeX Font Info:    Redeclaring math symbol \oslash on input line 675.
LaTeX Font Info:    Redeclaring math symbol \boxplus on input line 683.
LaTeX Font Info:    Redeclaring math symbol \boxminus on input line 684.
LaTeX Font Info:    Redeclaring math symbol \boxtimes on input line 686.
LaTeX Font Info:    Redeclaring math symbol \boxdot on input line 688.
LaTeX Font Info:    Redeclaring math symbol \boxleft on input line 694.
LaTeX Font Info:    Redeclaring math symbol \boxright on input line 695.
LaTeX Font Info:    Redeclaring math symbol \boxslash on input line 702.
\mayacnter=\count287
\mayacnta=\count288
\mayacntb=\count289
\mayacntc=\count290
\mayawidth=\dimen174
LaTeX Font Info:    Redeclaring math symbol \intop on input line 753.
LaTeX Font Info:    Redeclaring math symbol \iintop on input line 754.
LaTeX Font Info:    Redeclaring math symbol \iiintop on input line 757.
LaTeX Font Info:    Redeclaring math symbol \ointop on input line 760.
LaTeX Font Info:    Redeclaring math symbol \oiintop on input line 762.
LaTeX Font Info:    Redeclaring math delimiter \lbrace on input line 842.
LaTeX Info: Redefining \{ on input line 846.
LaTeX Font Info:    Redeclaring math delimiter \rbrace on input line 848.
LaTeX Info: Redefining \} on input line 852.
LaTeX Font Info:    Redeclaring math delimiter \langle on input line 858.
LaTeX Font Info:    Redeclaring math delimiter \rangle on input line 859.
LaTeX Font Info:    Redeclaring math delimiter \vert on input line 863.
LaTeX Font Info:    Redeclaring math delimiter \Vert on input line 865.
LaTeX Font Info:    Redeclaring math delimiter \uparrow on input line 868.
LaTeX Font Info:    Redeclaring math delimiter \downarrow on input line 869.
LaTeX Font Info:    Redeclaring math delimiter \updownarrow on input line 870.
LaTeX Font Info:    Redeclaring math delimiter \Uparrow on input line 871.
LaTeX Font Info:    Redeclaring math delimiter \Downarrow on input line 872.
LaTeX Font Info:    Redeclaring math delimiter \Updownarrow on input line 873.
LaTeX Font Info:    Redeclaring math delimiter \lgroup on input line 880.
LaTeX Font Info:    Redeclaring math delimiter \rgroup on input line 881.
LaTeX Font Info:    Redeclaring math delimiter \lceil on input line 882.
LaTeX Font Info:    Redeclaring math delimiter \rceil on input line 883.
LaTeX Font Info:    Redeclaring math delimiter \lfloor on input line 884.
LaTeX Font Info:    Redeclaring math delimiter \rfloor on input line 885.
LaTeX Font Info:    Redeclaring math symbol \braceld on input line 903.
LaTeX Font Info:    Redeclaring math symbol \bracerd on input line 905.
LaTeX Font Info:    Redeclaring math symbol \bracelu on input line 907.
LaTeX Font Info:    Redeclaring math symbol \braceru on input line 909.
LaTeX Font Info:    Redeclaring math accent \widehat on input line 944.
LaTeX Font Info:    Redeclaring math accent \widetilde on input line 946.
)) (C:\Users\bensl\AppData\Local\Programs\MiKTeX\tex/latex/hyperref\hyperref.st
y
Package: hyperref 2023-11-26 v7.01g Hypertext links for LaTeX

(C:\Users\bensl\AppData\Local\Programs\MiKTeX\tex/generic/infwarerr\infwarerr.s
ty
Package: infwarerr 2019/12/03 v1.5 Providing info/warning/error messages (HO)
)
(C:\Users\bensl\AppData\Local\Programs\MiKTeX\tex/latex/kvsetkeys\kvsetkeys.sty
Package: kvsetkeys 2022-10-05 v1.19 Key value parser (HO)
)
(C:\Users\bensl\AppData\Local\Programs\MiKTeX\tex/generic/kvdefinekeys\kvdefine
keys.sty
Package: kvdefinekeys 2019-12-19 v1.6 Define keys (HO)
)
(C:\Users\bensl\AppData\Local\Programs\MiKTeX\tex/generic/pdfescape\pdfescape.s
ty
Package: pdfescape 2019/12/09 v1.15 Implements pdfTeX's escape features (HO)

(C:\Users\bensl\AppData\Local\Programs\MiKTeX\tex/generic/ltxcmds\ltxcmds.sty
Package: ltxcmds 2023-12-04 v1.26 LaTeX kernel commands for general use (HO)
)
(C:\Users\bensl\AppData\Local\Programs\MiKTeX\tex/generic/pdftexcmds\pdftexcmds
.sty
Package: pdftexcmds 2020-06-27 v0.33 Utility functions of pdfTeX for LuaTeX (HO
)
Package pdftexcmds Info: \pdf@primitive is available.
Package pdftexcmds Info: \pdf@ifprimitive is available.
Package pdftexcmds Info: \pdfdraftmode found.
))
(C:\Users\bensl\AppData\Local\Programs\MiKTeX\tex/latex/hycolor\hycolor.sty
Package: hycolor 2020-01-27 v1.10 Color options for hyperref/bookmark (HO)
)
(C:\Users\bensl\AppData\Local\Programs\MiKTeX\tex/latex/letltxmacro\letltxmacro
.sty
Package: letltxmacro 2019/12/03 v1.6 Let assignment for LaTeX macros (HO)
)
(C:\Users\bensl\AppData\Local\Programs\MiKTeX\tex/latex/auxhook\auxhook.sty
Package: auxhook 2019-12-17 v1.6 Hooks for auxiliary files (HO)
)
(C:\Users\bensl\AppData\Local\Programs\MiKTeX\tex/latex/hyperref\nameref.sty
Package: nameref 2023-11-26 v2.56 Cross-referencing by name of section

(C:\Users\bensl\AppData\Local\Programs\MiKTeX\tex/latex/refcount\refcount.sty
Package: refcount 2019/12/15 v3.6 Data extraction from label references (HO)
)
(C:\Users\bensl\AppData\Local\Programs\MiKTeX\tex/generic/gettitlestring\gettit
lestring.sty
Package: gettitlestring 2019/12/15 v1.6 Cleanup title references (HO)

(C:\Users\bensl\AppData\Local\Programs\MiKTeX\tex/latex/kvoptions\kvoptions.sty
Package: kvoptions 2022-06-15 v3.15 Key value format for package options (HO)
))
\c@section@level=\count291
)
\@linkdim=\dimen175
\Hy@linkcounter=\count292
\Hy@pagecounter=\count293
 (C:\Users\bensl\AppData\Local\Programs\MiKTeX\tex/latex/hyperref\pd1enc.def
File: pd1enc.def 2023-11-26 v7.01g Hyperref: PDFDocEncoding definition (HO)
Now handling font encoding PD1 ...
... no UTF-8 mapping file for font encoding PD1
) (C:\Users\bensl\AppData\Local\Programs\MiKTeX\tex/generic/intcalc\intcalc.sty
Package: intcalc 2019/12/15 v1.3 Expandable calculations with integers (HO)
)
\Hy@SavedSpaceFactor=\count294
 (C:\Users\bensl\AppData\Local\Programs\MiKTeX\tex/latex/hyperref\puenc.def
File: puenc.def 2023-11-26 v7.01g Hyperref: PDF Unicode definition (HO)
Now handling font encoding PU ...
... no UTF-8 mapping file for font encoding PU
)
Package hyperref Info: Hyper figures OFF on input line 4181.
Package hyperref Info: Link nesting OFF on input line 4186.
Package hyperref Info: Hyper index ON on input line 4189.
Package hyperref Info: Plain pages OFF on input line 4196.
Package hyperref Info: Backreferencing OFF on input line 4201.
Package hyperref Info: Implicit mode ON; LaTeX internals redefined.
Package hyperref Info: Bookmarks ON on input line 4448.
\c@Hy@tempcnt=\count295

(C:\Users\bensl\AppData\Local\Programs\MiKTeX\tex/latex/url\url.sty
\Urlmuskip=\muskip17
Package: url 2013/09/16  ver 3.4  Verb mode for urls, etc.
)
LaTeX Info: Redefining \url on input line 4786.
\XeTeXLinkMargin=\dimen176

(C:\Users\bensl\AppData\Local\Programs\MiKTeX\tex/generic/bitset\bitset.sty
Package: bitset 2019/12/09 v1.3 Handle bit-vector datatype (HO)

(C:\Users\bensl\AppData\Local\Programs\MiKTeX\tex/generic/bigintcalc\bigintcalc
.sty
Package: bigintcalc 2019/12/15 v1.5 Expandable calculations on big integers (HO
)
))
\Fld@menulength=\count296
\Field@Width=\dimen177
\Fld@charsize=\dimen178
Package hyperref Info: Hyper figures OFF on input line 6065.
Package hyperref Info: Link nesting OFF on input line 6070.
Package hyperref Info: Hyper index ON on input line 6073.
Package hyperref Info: backreferencing OFF on input line 6080.
Package hyperref Info: Link coloring OFF on input line 6085.
Package hyperref Info: Link coloring with OCG OFF on input line 6090.
Package hyperref Info: PDF/A mode OFF on input line 6095.

(C:\Users\bensl\AppData\Local\Programs\MiKTeX\tex/latex/base\atbegshi-ltx.sty
Package: atbegshi-ltx 2021/01/10 v1.0c Emulation of the original atbegshi
package with kernel methods
)
\Hy@abspage=\count297
\c@Item=\count298
\c@Hfootnote=\count299
)
Package hyperref Info: Driver (autodetected): hpdftex.
(C:\Users\bensl\AppData\Local\Programs\MiKTeX\tex/latex/hyperref\hpdftex.def
File: hpdftex.def 2023-11-26 v7.01g Hyperref driver for pdfTeX

(C:\Users\bensl\AppData\Local\Programs\MiKTeX\tex/latex/base\atveryend-ltx.sty
Package: atveryend-ltx 2020/08/19 v1.0a Emulation of the original atveryend pac
kage
with kernel methods
)
\Fld@listcount=\count300
\c@bookmark@seq@number=\count301

(C:\Users\bensl\AppData\Local\Programs\MiKTeX\tex/latex/rerunfilecheck\rerunfil
echeck.sty
Package: rerunfilecheck 2022-07-10 v1.10 Rerun checks for auxiliary files (HO)

(C:\Users\bensl\AppData\Local\Programs\MiKTeX\tex/generic/uniquecounter\uniquec
ounter.sty
Package: uniquecounter 2019/12/15 v1.4 Provide unlimited unique counter (HO)
)
Package uniquecounter Info: New unique counter `rerunfilecheck' on input line 2
85.
)
\Hy@SectionHShift=\skip58
)
Package hyperref Info: Option `colorlinks' set `true' on input line 29.

(C:\Users\bensl\AppData\Local\Programs\MiKTeX\tex/latex/pgf/frontendlayer\tikz.
sty
(C:\Users\bensl\AppData\Local\Programs\MiKTeX\tex/latex/pgf/basiclayer\pgf.sty
(C:\Users\bensl\AppData\Local\Programs\MiKTeX\tex/latex/pgf/utilities\pgfrcs.st
y
(C:\Users\bensl\AppData\Local\Programs\MiKTeX\tex/generic/pgf/utilities\pgfutil
-common.tex
\pgfutil@everybye=\toks34
\pgfutil@tempdima=\dimen179
\pgfutil@tempdimb=\dimen180
)
(C:\Users\bensl\AppData\Local\Programs\MiKTeX\tex/generic/pgf/utilities\pgfutil
-latex.def
\pgfutil@abb=\box55
)
(C:\Users\bensl\AppData\Local\Programs\MiKTeX\tex/generic/pgf/utilities\pgfrcs.
code.tex
(C:\Users\bensl\AppData\Local\Programs\MiKTeX\tex/generic/pgf\pgf.revision.tex)
Package: pgfrcs 2023-01-15 v3.1.10 (3.1.10)
))
Package: pgf 2023-01-15 v3.1.10 (3.1.10)

(C:\Users\bensl\AppData\Local\Programs\MiKTeX\tex/latex/pgf/basiclayer\pgfcore.
sty
(C:\Users\bensl\AppData\Local\Programs\MiKTeX\tex/latex/graphics\graphicx.sty
Package: graphicx 2021/09/16 v1.2d Enhanced LaTeX Graphics (DPC,SPQR)

(C:\Users\bensl\AppData\Local\Programs\MiKTeX\tex/latex/graphics\graphics.sty
Package: graphics 2022/03/10 v1.4e Standard LaTeX Graphics (DPC,SPQR)

(C:\Users\bensl\AppData\Local\Programs\MiKTeX\tex/latex/graphics\trig.sty
Package: trig 2021/08/11 v1.11 sin cos tan (DPC)
)
(C:\Users\bensl\AppData\Local\Programs\MiKTeX\tex/latex/graphics-cfg\graphics.c
fg
File: graphics.cfg 2016/06/04 v1.11 sample graphics configuration
)
Package graphics Info: Driver file: pdftex.def on input line 107.
)
\Gin@req@height=\dimen181
\Gin@req@width=\dimen182
)
(C:\Users\bensl\AppData\Local\Programs\MiKTeX\tex/latex/pgf/systemlayer\pgfsys.
sty
(C:\Users\bensl\AppData\Local\Programs\MiKTeX\tex/generic/pgf/systemlayer\pgfsy
s.code.tex
Package: pgfsys 2023-01-15 v3.1.10 (3.1.10)

(C:\Users\bensl\AppData\Local\Programs\MiKTeX\tex/generic/pgf/utilities\pgfkeys
.code.tex
\pgfkeys@pathtoks=\toks35
\pgfkeys@temptoks=\toks36

(C:\Users\bensl\AppData\Local\Programs\MiKTeX\tex/generic/pgf/utilities\pgfkeys
libraryfiltered.code.tex
\pgfkeys@tmptoks=\toks37
))
\pgf@x=\dimen183
\pgf@y=\dimen184
\pgf@xa=\dimen185
\pgf@ya=\dimen186
\pgf@xb=\dimen187
\pgf@yb=\dimen188
\pgf@xc=\dimen189
\pgf@yc=\dimen190
\pgf@xd=\dimen191
\pgf@yd=\dimen192
\w@pgf@writea=\write3
\r@pgf@reada=\read3
\c@pgf@counta=\count302
\c@pgf@countb=\count303
\c@pgf@countc=\count304
\c@pgf@countd=\count305
\t@pgf@toka=\toks38
\t@pgf@tokb=\toks39
\t@pgf@tokc=\toks40
\pgf@sys@id@count=\count306

(C:\Users\bensl\AppData\Local\Programs\MiKTeX\tex/generic/pgf/systemlayer\pgf.c
fg
File: pgf.cfg 2023-01-15 v3.1.10 (3.1.10)
)
Driver file for pgf: pgfsys-pdftex.def

(C:\Users\bensl\AppData\Local\Programs\MiKTeX\tex/generic/pgf/systemlayer\pgfsy
s-pdftex.def
File: pgfsys-pdftex.def 2023-01-15 v3.1.10 (3.1.10)

(C:\Users\bensl\AppData\Local\Programs\MiKTeX\tex/generic/pgf/systemlayer\pgfsy
s-common-pdf.def
File: pgfsys-common-pdf.def 2023-01-15 v3.1.10 (3.1.10)
)))
(C:\Users\bensl\AppData\Local\Programs\MiKTeX\tex/generic/pgf/systemlayer\pgfsy
ssoftpath.code.tex
File: pgfsyssoftpath.code.tex 2023-01-15 v3.1.10 (3.1.10)
\pgfsyssoftpath@smallbuffer@items=\count307
\pgfsyssoftpath@bigbuffer@items=\count308
)
(C:\Users\bensl\AppData\Local\Programs\MiKTeX\tex/generic/pgf/systemlayer\pgfsy
sprotocol.code.tex
File: pgfsysprotocol.code.tex 2023-01-15 v3.1.10 (3.1.10)
))
(C:\Users\bensl\AppData\Local\Programs\MiKTeX\tex/generic/pgf/basiclayer\pgfcor
e.code.tex
Package: pgfcore 2023-01-15 v3.1.10 (3.1.10)

(C:\Users\bensl\AppData\Local\Programs\MiKTeX\tex/generic/pgf/math\pgfmath.code
.tex
(C:\Users\bensl\AppData\Local\Programs\MiKTeX\tex/generic/pgf/math\pgfmathutil.
code.tex)
(C:\Users\bensl\AppData\Local\Programs\MiKTeX\tex/generic/pgf/math\pgfmathparse
r.code.tex
\pgfmath@dimen=\dimen193
\pgfmath@count=\count309
\pgfmath@box=\box56
\pgfmath@toks=\toks41
\pgfmath@stack@operand=\toks42
\pgfmath@stack@operation=\toks43
)
(C:\Users\bensl\AppData\Local\Programs\MiKTeX\tex/generic/pgf/math\pgfmathfunct
ions.code.tex)
(C:\Users\bensl\AppData\Local\Programs\MiKTeX\tex/generic/pgf/math\pgfmathfunct
ions.basic.code.tex)
(C:\Users\bensl\AppData\Local\Programs\MiKTeX\tex/generic/pgf/math\pgfmathfunct
ions.trigonometric.code.tex)
(C:\Users\bensl\AppData\Local\Programs\MiKTeX\tex/generic/pgf/math\pgfmathfunct
ions.random.code.tex)
(C:\Users\bensl\AppData\Local\Programs\MiKTeX\tex/generic/pgf/math\pgfmathfunct
ions.comparison.code.tex)
(C:\Users\bensl\AppData\Local\Programs\MiKTeX\tex/generic/pgf/math\pgfmathfunct
ions.base.code.tex)
(C:\Users\bensl\AppData\Local\Programs\MiKTeX\tex/generic/pgf/math\pgfmathfunct
ions.round.code.tex)
(C:\Users\bensl\AppData\Local\Programs\MiKTeX\tex/generic/pgf/math\pgfmathfunct
ions.misc.code.tex)
(C:\Users\bensl\AppData\Local\Programs\MiKTeX\tex/generic/pgf/math\pgfmathfunct
ions.integerarithmetics.code.tex)
(C:\Users\bensl\AppData\Local\Programs\MiKTeX\tex/generic/pgf/math\pgfmathcalc.
code.tex)
(C:\Users\bensl\AppData\Local\Programs\MiKTeX\tex/generic/pgf/math\pgfmathfloat
.code.tex
\c@pgfmathroundto@lastzeros=\count310
))
(C:\Users\bensl\AppData\Local\Programs\MiKTeX\tex/generic/pgf/math\pgfint.code.
tex)
(C:\Users\bensl\AppData\Local\Programs\MiKTeX\tex/generic/pgf/basiclayer\pgfcor
epoints.code.tex
File: pgfcorepoints.code.tex 2023-01-15 v3.1.10 (3.1.10)
\pgf@picminx=\dimen194
\pgf@picmaxx=\dimen195
\pgf@picminy=\dimen196
\pgf@picmaxy=\dimen197
\pgf@pathminx=\dimen198
\pgf@pathmaxx=\dimen256
\pgf@pathminy=\dimen257
\pgf@pathmaxy=\dimen258
\pgf@xx=\dimen259
\pgf@xy=\dimen260
\pgf@yx=\dimen261
\pgf@yy=\dimen262
\pgf@zx=\dimen263
\pgf@zy=\dimen264
)
(C:\Users\bensl\AppData\Local\Programs\MiKTeX\tex/generic/pgf/basiclayer\pgfcor
epathconstruct.code.tex
File: pgfcorepathconstruct.code.tex 2023-01-15 v3.1.10 (3.1.10)
\pgf@path@lastx=\dimen265
\pgf@path@lasty=\dimen266
)
(C:\Users\bensl\AppData\Local\Programs\MiKTeX\tex/generic/pgf/basiclayer\pgfcor
epathusage.code.tex
File: pgfcorepathusage.code.tex 2023-01-15 v3.1.10 (3.1.10)
\pgf@shorten@end@additional=\dimen267
\pgf@shorten@start@additional=\dimen268
)
(C:\Users\bensl\AppData\Local\Programs\MiKTeX\tex/generic/pgf/basiclayer\pgfcor
escopes.code.tex
File: pgfcorescopes.code.tex 2023-01-15 v3.1.10 (3.1.10)
\pgfpic=\box57
\pgf@hbox=\box58
\pgf@layerbox@main=\box59
\pgf@picture@serial@count=\count311
)
(C:\Users\bensl\AppData\Local\Programs\MiKTeX\tex/generic/pgf/basiclayer\pgfcor
egraphicstate.code.tex
File: pgfcoregraphicstate.code.tex 2023-01-15 v3.1.10 (3.1.10)
\pgflinewidth=\dimen269
)
(C:\Users\bensl\AppData\Local\Programs\MiKTeX\tex/generic/pgf/basiclayer\pgfcor
etransformations.code.tex
File: pgfcoretransformations.code.tex 2023-01-15 v3.1.10 (3.1.10)
\pgf@pt@x=\dimen270
\pgf@pt@y=\dimen271
\pgf@pt@temp=\dimen272
)
(C:\Users\bensl\AppData\Local\Programs\MiKTeX\tex/generic/pgf/basiclayer\pgfcor
equick.code.tex
File: pgfcorequick.code.tex 2023-01-15 v3.1.10 (3.1.10)
)
(C:\Users\bensl\AppData\Local\Programs\MiKTeX\tex/generic/pgf/basiclayer\pgfcor
eobjects.code.tex
File: pgfcoreobjects.code.tex 2023-01-15 v3.1.10 (3.1.10)
)
(C:\Users\bensl\AppData\Local\Programs\MiKTeX\tex/generic/pgf/basiclayer\pgfcor
epathprocessing.code.tex
File: pgfcorepathprocessing.code.tex 2023-01-15 v3.1.10 (3.1.10)
)
(C:\Users\bensl\AppData\Local\Programs\MiKTeX\tex/generic/pgf/basiclayer\pgfcor
earrows.code.tex
File: pgfcorearrows.code.tex 2023-01-15 v3.1.10 (3.1.10)
\pgfarrowsep=\dimen273
)
(C:\Users\bensl\AppData\Local\Programs\MiKTeX\tex/generic/pgf/basiclayer\pgfcor
eshade.code.tex
File: pgfcoreshade.code.tex 2023-01-15 v3.1.10 (3.1.10)
\pgf@max=\dimen274
\pgf@sys@shading@range@num=\count312
\pgf@shadingcount=\count313
)
(C:\Users\bensl\AppData\Local\Programs\MiKTeX\tex/generic/pgf/basiclayer\pgfcor
eimage.code.tex
File: pgfcoreimage.code.tex 2023-01-15 v3.1.10 (3.1.10)
)
(C:\Users\bensl\AppData\Local\Programs\MiKTeX\tex/generic/pgf/basiclayer\pgfcor
eexternal.code.tex
File: pgfcoreexternal.code.tex 2023-01-15 v3.1.10 (3.1.10)
\pgfexternal@startupbox=\box60
)
(C:\Users\bensl\AppData\Local\Programs\MiKTeX\tex/generic/pgf/basiclayer\pgfcor
elayers.code.tex
File: pgfcorelayers.code.tex 2023-01-15 v3.1.10 (3.1.10)
)
(C:\Users\bensl\AppData\Local\Programs\MiKTeX\tex/generic/pgf/basiclayer\pgfcor
etransparency.code.tex
File: pgfcoretransparency.code.tex 2023-01-15 v3.1.10 (3.1.10)
)
(C:\Users\bensl\AppData\Local\Programs\MiKTeX\tex/generic/pgf/basiclayer\pgfcor
epatterns.code.tex
File: pgfcorepatterns.code.tex 2023-01-15 v3.1.10 (3.1.10)
)
(C:\Users\bensl\AppData\Local\Programs\MiKTeX\tex/generic/pgf/basiclayer\pgfcor
erdf.code.tex
File: pgfcorerdf.code.tex 2023-01-15 v3.1.10 (3.1.10)
)))
(C:\Users\bensl\AppData\Local\Programs\MiKTeX\tex/generic/pgf/modules\pgfmodule
shapes.code.tex
File: pgfmoduleshapes.code.tex 2023-01-15 v3.1.10 (3.1.10)
\pgfnodeparttextbox=\box61
)
(C:\Users\bensl\AppData\Local\Programs\MiKTeX\tex/generic/pgf/modules\pgfmodule
plot.code.tex
File: pgfmoduleplot.code.tex 2023-01-15 v3.1.10 (3.1.10)
)
(C:\Users\bensl\AppData\Local\Programs\MiKTeX\tex/latex/pgf/compatibility\pgfco
mp-version-0-65.sty
Package: pgfcomp-version-0-65 2023-01-15 v3.1.10 (3.1.10)
\pgf@nodesepstart=\dimen275
\pgf@nodesepend=\dimen276
)
(C:\Users\bensl\AppData\Local\Programs\MiKTeX\tex/latex/pgf/compatibility\pgfco
mp-version-1-18.sty
Package: pgfcomp-version-1-18 2023-01-15 v3.1.10 (3.1.10)
))
(C:\Users\bensl\AppData\Local\Programs\MiKTeX\tex/latex/pgf/utilities\pgffor.st
y
(C:\Users\bensl\AppData\Local\Programs\MiKTeX\tex/latex/pgf/utilities\pgfkeys.s
ty
(C:\Users\bensl\AppData\Local\Programs\MiKTeX\tex/generic/pgf/utilities\pgfkeys
.code.tex))
(C:\Users\bensl\AppData\Local\Programs\MiKTeX\tex/latex/pgf/math\pgfmath.sty
(C:\Users\bensl\AppData\Local\Programs\MiKTeX\tex/generic/pgf/math\pgfmath.code
.tex))
(C:\Users\bensl\AppData\Local\Programs\MiKTeX\tex/generic/pgf/utilities\pgffor.
code.tex
Package: pgffor 2023-01-15 v3.1.10 (3.1.10)
\pgffor@iter=\dimen277
\pgffor@skip=\dimen278
\pgffor@stack=\toks44
\pgffor@toks=\toks45
))
(C:\Users\bensl\AppData\Local\Programs\MiKTeX\tex/generic/pgf/frontendlayer/tik
z\tikz.code.tex
Package: tikz 2023-01-15 v3.1.10 (3.1.10)

(C:\Users\bensl\AppData\Local\Programs\MiKTeX\tex/generic/pgf/libraries\pgflibr
aryplothandlers.code.tex
File: pgflibraryplothandlers.code.tex 2023-01-15 v3.1.10 (3.1.10)
\pgf@plot@mark@count=\count314
\pgfplotmarksize=\dimen279
)
\tikz@lastx=\dimen280
\tikz@lasty=\dimen281
\tikz@lastxsaved=\dimen282
\tikz@lastysaved=\dimen283
\tikz@lastmovetox=\dimen284
\tikz@lastmovetoy=\dimen285
\tikzleveldistance=\dimen286
\tikzsiblingdistance=\dimen287
\tikz@figbox=\box62
\tikz@figbox@bg=\box63
\tikz@tempbox=\box64
\tikz@tempbox@bg=\box65
\tikztreelevel=\count315
\tikznumberofchildren=\count316
\tikznumberofcurrentchild=\count317
\tikz@fig@count=\count318

(C:\Users\bensl\AppData\Local\Programs\MiKTeX\tex/generic/pgf/modules\pgfmodule
matrix.code.tex
File: pgfmodulematrix.code.tex 2023-01-15 v3.1.10 (3.1.10)
\pgfmatrixcurrentrow=\count319
\pgfmatrixcurrentcolumn=\count320
\pgf@matrix@numberofcolumns=\count321
)
\tikz@expandcount=\count322

(C:\Users\bensl\AppData\Local\Programs\MiKTeX\tex/generic/pgf/frontendlayer/tik
z/libraries\tikzlibrarytopaths.code.tex
File: tikzlibrarytopaths.code.tex 2023-01-15 v3.1.10 (3.1.10)
)))
(C:\Users\bensl\AppData\Local\Programs\MiKTeX\tex/generic/pgf/frontendlayer/tik
z/libraries\tikzlibrarydecorations.markings.code.tex
(C:\Users\bensl\AppData\Local\Programs\MiKTeX\tex/generic/pgf/frontendlayer/tik
z/libraries\tikzlibrarydecorations.code.tex
(C:\Users\bensl\AppData\Local\Programs\MiKTeX\tex/generic/pgf/modules\pgfmodule
decorations.code.tex
\pgfdecoratedcompleteddistance=\dimen288
\pgfdecoratedremainingdistance=\dimen289
\pgfdecoratedinputsegmentcompleteddistance=\dimen290
\pgfdecoratedinputsegmentremainingdistance=\dimen291
\pgf@decorate@distancetomove=\dimen292
\pgf@decorate@repeatstate=\count323
\pgfdecorationsegmentamplitude=\dimen293
\pgfdecorationsegmentlength=\dimen294
)
\tikz@lib@dec@box=\box66
)
(C:\Users\bensl\AppData\Local\Programs\MiKTeX\tex/generic/pgf/libraries/decorat
ions\pgflibrarydecorations.markings.code.tex))
(C:\Users\bensl\AppData\Local\Programs\MiKTeX\tex/latex/jknappen\mathrsfs.sty
Package: mathrsfs 1996/01/01 Math RSFS package v1.0 (jk)
\symrsfs=\mathgroup13
)
(C:\Users\bensl\AppData\Local\Programs\MiKTeX\tex/generic/xypic\xy.sty
(C:\Users\bensl\AppData\Local\Programs\MiKTeX\tex/generic/xypic\xy.tex
Bootstrap'ing: catcodes, docmode,
(C:\Users\bensl\AppData\Local\Programs\MiKTeX\tex/generic/xypic\xyrecat.tex)
(C:\Users\bensl\AppData\Local\Programs\MiKTeX\tex/generic/xypic\xyidioms.tex)

 Xy-pic version 3.8.9 <2013/10/06>
 Copyright (c) 1991-2013 by Kristoffer H. Rose <krisrose@tug.org> and others
 Xy-pic is free software: see the User's Guide for details.

Loading kernel: messages; fonts; allocations: state,
\X@c=\dimen295
\Y@c=\dimen296
\U@c=\dimen297
\D@c=\dimen298
\L@c=\dimen299
\R@c=\dimen300
\Edge@c=\toks46
\X@p=\dimen301
\Y@p=\dimen302
\U@p=\dimen303
\D@p=\dimen304
\L@p=\dimen305
\R@p=\dimen306
\Edge@p=\toks47
\X@origin=\dimen307
\Y@origin=\dimen308
\X@xbase=\dimen309
\Y@xbase=\dimen310
\X@ybase=\dimen311
\Y@ybase=\dimen312
\X@min=\dimen313
\Y@min=\dimen314
\X@max=\dimen315
\Y@max=\dimen316
\lastobjectbox@=\box67
\zerodotbox@=\box68
\almostz@=\dimen317
 direction,
\d@X=\dimen318
\d@Y=\dimen319
\K@=\count324
\KK@=\count325
\Direction=\count326
\K@dXdY=\dimen320
\K@dYdX=\dimen321
\xyread@=\read4
\xywrite@=\write4
\csp@=\count327
\quotPTK@=\dimen322

utility macros; pictures: \xy, positions,
\swaptoks@@=\toks48
\connectobjectbox@@=\box69
 objects,
\styletoks@=\toks49
 decorations;
kernel objects: directionals, circles, text; options; algorithms: directions,
edges, connections;  Xy-pic loaded)
(C:\Users\bensl\AppData\Local\Programs\MiKTeX\tex/generic/iftex\ifpdf.sty
Package: ifpdf 2019/10/25 v3.4 ifpdf legacy package. Use iftex instead.
)
Package: xy 2013/10/06 Xy-pic version 3.8.9

(C:\Users\bensl\AppData\Local\Programs\MiKTeX\tex/generic/xypic\xycmtip.tex
 Xy-pic option: Computer Modern tip extension v.3.7
(C:\Users\bensl\AppData\Local\Programs\MiKTeX\tex/generic/xypic\xytips.tex
 Xy-pic option: More Tips extension v.3.11 loaded) loaded)
(C:\Users\bensl\AppData\Local\Programs\MiKTeX\tex/generic/xypic\xyall.tex
 Xy-pic option: All features v.3.8
(C:\Users\bensl\AppData\Local\Programs\MiKTeX\tex/generic/xypic\xycurve.tex
 Xy-pic option: Curve and Spline extension v.3.12 curve,
\crv@cnt@=\count328
\crvpts@=\toks50
\splinebox@=\box70
\splineval@=\dimen323
\splinedepth@=\dimen324
\splinetol@=\dimen325
\splinelength@=\dimen326
 circles,
\L@=\dimen327
 loaded)
(C:\Users\bensl\AppData\Local\Programs\MiKTeX\tex/generic/xypic\xyframe.tex
 Xy-pic option: Frame and Bracket extension v.3.14 loaded)
(C:\Users\bensl\AppData\Local\Programs\MiKTeX\tex/generic/xypic\xyline.tex
 Xy-pic option: Line styles extension v.3.10
\xylinethick@=\dimen328
 loaded)
(C:\Users\bensl\AppData\Local\Programs\MiKTeX\tex/generic/xypic\xyrotate.tex
 Xy-pic option: Rotate and Scale extension v.3.8 loaded)
(C:\Users\bensl\AppData\Local\Programs\MiKTeX\tex/generic/xypic\xycolor.tex
 Xy-pic option: Colour extension v.3.11 loaded)
(C:\Users\bensl\AppData\Local\Programs\MiKTeX\tex/generic/xypic\xymatrix.tex
 Xy-pic option: Matrix feature v.3.14
\Row=\count329
\Col=\count330
\queue@=\toks51
\queue@@=\toks52
\qcount@=\count331
\qcount@@=\count332
\matrixsize@=\count333
 loaded)
(C:\Users\bensl\AppData\Local\Programs\MiKTeX\tex/generic/xypic\xyarrow.tex
 Xy-pic option: Arrow and Path feature v.3.9 path, \ar, loaded)
(C:\Users\bensl\AppData\Local\Programs\MiKTeX\tex/generic/xypic\xygraph.tex
 Xy-pic option: Graph feature v.3.11 loaded) loaded)
(C:\Users\bensl\AppData\Local\Programs\MiKTeX\tex/generic/xypic\xypdf.tex
 Xy-pic option: PDF driver v.1.7 Xy-pic pdf driver: `color' extension support
(C:\Users\bensl\AppData\Local\Programs\MiKTeX\tex/generic/xypic\xypdf-co.tex
loaded) Xy-pic pdf driver: `curve' extension support
(C:\Users\bensl\AppData\Local\Programs\MiKTeX\tex/generic/xypic\xypdf-cu.tex
loaded) Xy-pic pdf driver: `frame' extension support
(C:\Users\bensl\AppData\Local\Programs\MiKTeX\tex/generic/xypic\xypdf-fr.tex
loaded) Xy-pic pdf driver: `line' extension support
(C:\Users\bensl\AppData\Local\Programs\MiKTeX\tex/generic/xypic\xypdf-li.tex
loaded) Xy-pic pdf driver: `rotate' extension support
(C:\Users\bensl\AppData\Local\Programs\MiKTeX\tex/generic/xypic\xypdf-ro.tex
loaded) loaded))
(C:\Users\bensl\AppData\Local\Programs\MiKTeX\tex/generic/mleftright\mleftright
.sty
Package: mleftright 2019/12/03 v1.2 Math left/right delim. as open/close (HO)
)
(C:\Users\bensl\AppData\Local\Programs\MiKTeX\tex/latex/booktabs\booktabs.sty
Package: booktabs 2020/01/12 v1.61803398 Publication quality tables
\heavyrulewidth=\dimen329
\lightrulewidth=\dimen330
\cmidrulewidth=\dimen331
\belowrulesep=\dimen332
\belowbottomsep=\dimen333
\aboverulesep=\dimen334
\abovetopsep=\dimen335
\cmidrulesep=\dimen336
\cmidrulekern=\dimen337
\defaultaddspace=\dimen338
\@cmidla=\count334
\@cmidlb=\count335
\@aboverulesep=\dimen339
\@belowrulesep=\dimen340
\@thisruleclass=\count336
\@lastruleclass=\count337
\@thisrulewidth=\dimen341
)
(C:\Users\bensl\AppData\Local\Programs\MiKTeX\tex/latex/cite\cite.sty
LaTeX Info: Redefining \cite on input line 302.
LaTeX Info: Redefining \nocite on input line 332.
Package: cite 2015/02/27  v 5.5
)
(C:\Users\bensl\AppData\Local\Programs\MiKTeX\tex/latex/enumitem\enumitem.sty
Package: enumitem 2019/06/20 v3.9 Customized lists
\enitkv@toks@=\toks53
\labelindent=\skip59
\enit@outerparindent=\dimen342
\enit@toks=\toks54
\enit@inbox=\box71
\enit@count@id=\count338
\enitdp@description=\count339
)
(C:\Users\bensl\AppData\Local\Programs\MiKTeX\tex/latex/subfigure\subfigure.sty
Package: subfigure 2002/07/30 v2.1.4 subfigure package
\subfigtopskip=\skip60
\subfigcapskip=\skip61
\subfigcaptopadj=\dimen343
\subfigbottomskip=\skip62
\subfigcapmargin=\dimen344
\subfiglabelskip=\skip63
\c@subfigure=\count340
\c@lofdepth=\count341
\c@subtable=\count342
\c@lotdepth=\count343
****************************************
* Local config file subfigure.cfg used *
****************************************

(C:\Users\bensl\AppData\Local\Programs\MiKTeX\tex/latex/subfigure\subfigure.cfg
)
\subfig@top=\skip64
\subfig@bottom=\skip65
)
(C:\Users\bensl\AppData\Local\Programs\MiKTeX\tex/latex/epstopdf-pkg\epstopdf.s
ty
Package: epstopdf 2020-01-24 v2.11 Conversion with epstopdf on the fly (HO)
 (C:\Users\bensl\AppData\Local\Programs\MiKTeX\tex/latex/grfext\grfext.sty
Package: grfext 2019/12/03 v1.3 Manage graphics extensions (HO)
)
(C:\Users\bensl\AppData\Local\Programs\MiKTeX\tex/latex/epstopdf-pkg\epstopdf-b
ase.sty
Package: epstopdf-base 2020-01-24 v2.11 Base part for package epstopdf
Package epstopdf-base Info: Redefining graphics rule for `.eps' on input line 4
85.
Package grfext Info: Graphics extension search list:
(grfext)             [.pdf,.png,.jpg,.mps,.jpeg,.jbig2,.jb2,.PDF,.PNG,.JPG,.JPE
G,.JBIG2,.JB2,.eps]
(grfext)             \AppendGraphicsExtensions on input line 504.

(C:\Users\bensl\AppData\Local\Programs\MiKTeX\tex/latex/00miktex\epstopdf-sys.c
fg
File: epstopdf-sys.cfg 2021/03/18 v2.0 Configuration of epstopdf for MiKTeX
)))
(C:\Users\bensl\AppData\Local\Programs\MiKTeX\tex/latex/caption\caption.sty
Package: caption 2023/08/05 v3.6o Customizing captions (AR)

(C:\Users\bensl\AppData\Local\Programs\MiKTeX\tex/latex/caption\caption3.sty
Package: caption3 2023/07/31 v2.4d caption3 kernel (AR)
\caption@tempdima=\dimen345
\captionmargin=\dimen346
\caption@leftmargin=\dimen347
\caption@rightmargin=\dimen348
\caption@width=\dimen349
\caption@indent=\dimen350
\caption@parindent=\dimen351
\caption@hangindent=\dimen352
Package caption Info: AMS or SMF document class detected.

(C:\Users\bensl\AppData\Local\Programs\MiKTeX\tex/latex/caption\caption-ams-smf
.sto
File: caption-ams-smf.sto 2020/08/22 v2.0 Adaption of the caption package to th
e AMS and SMF document classes (AR)
))
\c@caption@flags=\count344
\c@continuedfloat=\count345
Package caption Info: hyperref package is loaded.
Package caption Info: subfigure package is loaded.
)
(C:\Users\bensl\AppData\Local\Programs\MiKTeX\tex/latex/placeins\placeins.sty
Package: placeins 2005/04/18  v 2.2
)
(C:\Users\bensl\AppData\Local\Programs\MiKTeX\tex/latex/comment\comment.sty
\CommentStream=\write5

Excluding comment 'comment')
\c@thm=\count346
LaTeX Font Info:    Font shape `T1/zpltlf/m/n' will be
(Font)              scaled to size 10.0pt on input line 168.
 (Euler-Voigt.aux)
\openout1 = `Euler-Voigt.aux'.

LaTeX Font Info:    Checking defaults for OML/npxmi/m/it on input line 168.
LaTeX Font Info:    Trying to load font information for OML+npxmi on input line
 168.

(C:\Users\bensl\AppData\Local\Programs\MiKTeX\tex/latex/newpx\omlnpxmi.fd
File: omlnpxmi.fd 2013/03/21 Fontinst v1.933 font definitions for OML/npxmi.
)
LaTeX Font Info:    ... okay on input line 168.
LaTeX Font Info:    Checking defaults for OMS/cmsy/m/n on input line 168.
LaTeX Font Info:    ... okay on input line 168.
LaTeX Font Info:    Checking defaults for OT1/cmr/m/n on input line 168.
LaTeX Font Info:    ... okay on input line 168.
LaTeX Font Info:    Checking defaults for T1/cmr/m/n on input line 168.
LaTeX Font Info:    ... okay on input line 168.
LaTeX Font Info:    Checking defaults for TS1/cmr/m/n on input line 168.
LaTeX Font Info:    ... okay on input line 168.
LaTeX Font Info:    Checking defaults for OMX/cmex/m/n on input line 168.
LaTeX Font Info:    ... okay on input line 168.
LaTeX Font Info:    Checking defaults for U/mathx/m/n on input line 168.
LaTeX Font Info:    ... okay on input line 168.
LaTeX Font Info:    Checking defaults for LMS/npxsy/m/n on input line 168.
LaTeX Font Info:    Trying to load font information for LMS+npxsy on input line
 168.

(C:\Users\bensl\AppData\Local\Programs\MiKTeX\tex/latex/newpx\lmsnpxsy.fd
File: lmsnpxsy.fd 2016/07/04 Fontinst v1.933 font definitions for LMS/npxsy.
)
LaTeX Font Info:    ... okay on input line 168.
LaTeX Font Info:    Checking defaults for LMX/npxexx/m/n on input line 168.
LaTeX Font Info:    Trying to load font information for LMX+npxexx on input lin
e 168.

(C:\Users\bensl\AppData\Local\Programs\MiKTeX\tex/latex/newpx\lmxnpxexx.fd
File: lmxnpxexx.fd 2016/07/04 Fontinst v1.933 font definitions for LMX/npxexx.
)
LaTeX Font Info:    ... okay on input line 168.
LaTeX Font Info:    Checking defaults for PD1/pdf/m/n on input line 168.
LaTeX Font Info:    ... okay on input line 168.
LaTeX Font Info:    Checking defaults for PU/pdf/m/n on input line 168.
LaTeX Font Info:    ... okay on input line 168.
LaTeX Font Info:    Font shape `T1/zpltlf/m/n' will be
(Font)              scaled to size 8.0pt on input line 168.
LaTeX Font Info:    Trying to load font information for OT1+ptm on input line 1
68.

(C:\Users\bensl\AppData\Local\Programs\MiKTeX\tex/latex/psnfss\ot1ptm.fd
File: ot1ptm.fd 2001/06/04 font definitions for OT1/ptm.
)
LaTeX Font Info:    Trying to load font information for U+msa on input line 168
.

(C:\Users\bensl\AppData\Local\Programs\MiKTeX\tex/latex/amsfonts\umsa.fd
File: umsa.fd 2013/01/14 v3.01 AMS symbols A
)
LaTeX Font Info:    Trying to load font information for U+msb on input line 168
.

(C:\Users\bensl\AppData\Local\Programs\MiKTeX\tex/latex/amsfonts\umsb.fd
File: umsb.fd 2013/01/14 v3.01 AMS symbols B
)
LaTeX Font Info:    Trying to load font information for U+npxmia on input line 
168.

(C:\Users\bensl\AppData\Local\Programs\MiKTeX\tex/latex/newpx\unpxmia.fd
File: unpxmia.fd 2013/03/24 Fontinst v1.933 font definitions for U/npxmia.
)
LaTeX Font Info:    Trying to load font information for U+npxsym on input line 
168.

(C:\Users\bensl\AppData\Local\Programs\MiKTeX\tex/latex/newpx\unpxsym.fd
File: unpxsym.fd 2023/08/16 Fontinst v1.933 font definitions for U/npxsym.
)
LaTeX Font Info:    Trying to load font information for U+npxsyc on input line 
168.

(C:\Users\bensl\AppData\Local\Programs\MiKTeX\tex/latex/newpx\unpxsyc.fd
File: unpxsyc.fd 2013/03/24 Fontinst v1.933 font definitions for U/npxsyc.
)
LaTeX Font Info:    Trying to load font information for U+npxexa on input line 
168.

(C:\Users\bensl\AppData\Local\Programs\MiKTeX\tex/latex/newpx\unpxexa.fd
File: unpxexa.fd 2013/03/24 Fontinst v1.933 font definitions for U/npxexa.
)

LaTeX Font Warning: Font shape `U/matha/m/n' in size <5.5> not available
(Font)              size <5> substituted on input line 168.


LaTeX Font Warning: Font shape `U/mathb/m/n' in size <5.5> not available
(Font)              size <5> substituted on input line 168.


LaTeX Font Warning: Font shape `U/mathx/m/n' in size <5.5> not available
(Font)              size <5> substituted on input line 168.

LaTeX Font Info:    Trying to load font information for U+rsfs on input line 16
8.
(C:\Users\bensl\AppData\Local\Programs\MiKTeX\tex/latex/jknappen\ursfs.fd
File: ursfs.fd 1998/03/24 rsfs font definition file (jk)
)

LaTeX Font Warning: Font shape `U/rsfs/m/n' in size <5.5> not available
(Font)              size <5> substituted on input line 168.

LaTeX Info: Command `\dddot' is already robust on input line 168.
LaTeX Info: Command `\ddddot' is already robust on input line 168.

(C:\Users\bensl\AppData\Local\Programs\MiKTeX\tex/context/base/mkii\supp-pdf.mk
ii
[Loading MPS to PDF converter (version 2006.09.02).]
\scratchcounter=\count347
\scratchdimen=\dimen353
\scratchbox=\box72
\nofMPsegments=\count348
\nofMParguments=\count349
\everyMPshowfont=\toks55
\MPscratchCnt=\count350
\MPscratchDim=\dimen354
\MPnumerator=\count351
\makeMPintoPDFobject=\count352
\everyMPtoPDFconversion=\toks56
)
\c@mv@tabular=\count353
\c@mv@boldtabular=\count354
 (C:\Users\bensl\AppData\Local\Programs\MiKTeX\tex/latex/upquote\upquote.sty
Package: upquote 2012/04/19 v1.3 upright-quote and grave-accent glyphs in verba
tim
)
*geometry* driver: auto-detecting
*geometry* detected driver: pdftex
*geometry* verbose mode - [ preamble ] result:
* driver: pdftex
* paper: a4paper
* layout: <same size as paper>
* layoutoffset:(h,v)=(0.0pt,0.0pt)
* modes: twoside 
* h-part:(L,W,R)=(90.3375pt, 416.83289pt, 90.3375pt)
* v-part:(T,H,B)=(79.49744pt, 675.21191pt, 90.3375pt)
* \paperwidth=597.50787pt
* \paperheight=845.04684pt
* \textwidth=416.83289pt
* \textheight=675.21191pt
* \oddsidemargin=18.0675pt
* \evensidemargin=18.0675pt
* \topmargin=-14.77255pt
* \headheight=8.0pt
* \headsep=14.0pt
* \topskip=10.0pt
* \footskip=20.0pt
* \marginparwidth=90.0pt
* \marginparsep=11.0pt
* \columnsep=10.0pt
* \skip\footins=7.0pt plus 11.0pt
* \hoffset=0.0pt
* \voffset=0.0pt
* \mag=1000
* \@twocolumnfalse
* \@twosidetrue
* \@mparswitchtrue
* \@reversemarginfalse
* (1in=72.27pt=25.4mm, 1cm=28.453pt)

Package hyperref Info: Link coloring ON on input line 168.
(Euler-Voigt.out) (Euler-Voigt.out)
\@outlinefile=\write6
\openout6 = `Euler-Voigt.out'.

Package xypdf Info: Line width: 0.59pt on input line 168.
Package caption Info: Begin \AtBeginDocument code.
Package caption Info: End \AtBeginDocument code.


Class amsart Warning: Unknown edition () of Mathematics Subject Classification;
 using '2020'. on input line 174.

LaTeX Font Info:    Font shape `T1/zpltlf/b/n' will be
(Font)              scaled to size 10.0pt on input line 179.
LaTeX Font Info:    Font shape `T1/zpltlf/m/sc' will be
(Font)              scaled to size 10.0pt on input line 181.
LaTeX Font Info:    Freeze math alphabet allocation in version normal.
(Font)              Allocated math groups: 14 (local: 2) on input line 185.
LaTeX Font Info:    Font shape `U/esstixbb/m/n' will be
(Font)              scaled to size 10.50003pt on input line 185.
LaTeX Font Info:    Font shape `U/esstixbb/m/n' will be
(Font)              scaled to size 7.66502pt on input line 185.
LaTeX Font Info:    Font shape `U/esstixbb/m/n' will be
(Font)              scaled to size 5.77501pt on input line 185.
LaTeX Font Info:    Undo math alphabet allocation in version normal on input li
ne 185.
LaTeX Font Info:    No math alphabet change to frozen version normal on input l
ine 187.
LaTeX Font Info:    No math alphabet change to frozen version normal on input l
ine 187.
LaTeX Font Info:    No math alphabet change to frozen version normal on input l
ine 187.
LaTeX Font Info:    No math alphabet change to frozen version normal on input l
ine 187.
LaTeX Font Info:    No math alphabet change to frozen version normal on input l
ine 189.
LaTeX Font Info:    No math alphabet change to frozen version normal on input l
ine 189.
LaTeX Font Info:    No math alphabet change to frozen version normal on input l
ine 189.
LaTeX Font Info:    No math alphabet change to frozen version normal on input l
ine 189.
LaTeX Font Info:    No math alphabet change to frozen version normal on input l
ine 189.
LaTeX Font Info:    No math alphabet change to frozen version normal on input l
ine 189.
LaTeX Font Info:    No math alphabet change to frozen version normal on input l
ine 189.
LaTeX Font Info:    No math alphabet change to frozen version normal on input l
ine 189.
LaTeX Font Info:    No math alphabet change to frozen version normal on input l
ine 189.
LaTeX Font Info:    No math alphabet change to frozen version normal on input l
ine 189.
LaTeX Font Info:    No math alphabet change to frozen version normal on input l
ine 189.
LaTeX Font Info:    No math alphabet change to frozen version normal on input l
ine 189.
LaTeX Font Info:    No math alphabet change to frozen version normal on input l
ine 189.
LaTeX Font Info:    No math alphabet change to frozen version normal on input l
ine 189.
LaTeX Font Info:    No math alphabet change to frozen version normal on input l
ine 189.
LaTeX Font Info:    No math alphabet change to frozen version normal on input l
ine 189.
LaTeX Font Info:    No math alphabet change to frozen version normal on input l
ine 189.
LaTeX Font Info:    No math alphabet change to frozen version normal on input l
ine 189.
LaTeX Font Info:    No math alphabet change to frozen version normal on input l
ine 189.
LaTeX Font Info:    No math alphabet change to frozen version normal on input l
ine 189.
LaTeX Font Info:    No math alphabet change to frozen version normal on input l
ine 189.
LaTeX Font Info:    No math alphabet change to frozen version normal on input l
ine 189.
LaTeX Font Info:    No math alphabet change to frozen version normal on input l
ine 189.
LaTeX Font Info:    No math alphabet change to frozen version normal on input l
ine 189.
LaTeX Font Info:    No math alphabet change to frozen version normal on input l
ine 189.
LaTeX Font Info:    No math alphabet change to frozen version normal on input l
ine 189.
LaTeX Font Info:    No math alphabet change to frozen version normal on input l
ine 189.
LaTeX Font Info:    No math alphabet change to frozen version normal on input l
ine 190.
LaTeX Font Info:    No math alphabet change to frozen version normal on input l
ine 190.
LaTeX Font Info:    No math alphabet change to frozen version normal on input l
ine 190.
LaTeX Font Info:    No math alphabet change to frozen version normal on input l
ine 190.
LaTeX Font Info:    No math alphabet change to frozen version normal on input l
ine 190.
LaTeX Font Info:    No math alphabet change to frozen version normal on input l
ine 190.
LaTeX Font Info:    No math alphabet change to frozen version normal on input l
ine 190.
LaTeX Font Info:    No math alphabet change to frozen version normal on input l
ine 190.
LaTeX Font Info:    No math alphabet change to frozen version normal on input l
ine 191.
LaTeX Font Info:    No math alphabet change to frozen version normal on input l
ine 191.
LaTeX Font Info:    No math alphabet change to frozen version normal on input l
ine 191.
LaTeX Font Info:    No math alphabet change to frozen version normal on input l
ine 191.
LaTeX Font Info:    No math alphabet change to frozen version normal on input l
ine 191.
LaTeX Font Info:    No math alphabet change to frozen version normal on input l
ine 191.
LaTeX Font Info:    No math alphabet change to frozen version normal on input l
ine 191.
LaTeX Font Info:    No math alphabet change to frozen version normal on input l
ine 191.
LaTeX Font Info:    No math alphabet change to frozen version normal on input l
ine 191.
LaTeX Font Info:    No math alphabet change to frozen version normal on input l
ine 191.
LaTeX Font Info:    No math alphabet change to frozen version normal on input l
ine 191.
LaTeX Font Info:    No math alphabet change to frozen version normal on input l
ine 191.
LaTeX Font Info:    No math alphabet change to frozen version normal on input l
ine 191.
LaTeX Font Info:    No math alphabet change to frozen version normal on input l
ine 191.
LaTeX Font Info:    No math alphabet change to frozen version normal on input l
ine 191.
LaTeX Font Info:    No math alphabet change to frozen version normal on input l
ine 191.
LaTeX Font Info:    No math alphabet change to frozen version normal on input l
ine 191.
LaTeX Font Info:    No math alphabet change to frozen version normal on input l
ine 191.
LaTeX Font Info:    No math alphabet change to frozen version normal on input l
ine 191.
LaTeX Font Info:    No math alphabet change to frozen version normal on input l
ine 192.
LaTeX Font Info:    No math alphabet change to frozen version normal on input l
ine 193.
LaTeX Font Info:    No math alphabet change to frozen version normal on input l
ine 193.
LaTeX Font Info:    No math alphabet change to frozen version normal on input l
ine 195.
LaTeX Font Info:    No math alphabet change to frozen version normal on input l
ine 198.
LaTeX Font Info:    No math alphabet change to frozen version normal on input l
ine 198.
LaTeX Font Info:    No math alphabet change to frozen version normal on input l
ine 198.
LaTeX Font Info:    No math alphabet change to frozen version normal on input l
ine 198.
LaTeX Font Info:    No math alphabet change to frozen version normal on input l
ine 200.
LaTeX Font Info:    No math alphabet change to frozen version normal on input l
ine 200.
LaTeX Font Info:    No math alphabet change to frozen version normal on input l
ine 200.
LaTeX Font Info:    No math alphabet change to frozen version normal on input l
ine 200.
LaTeX Font Info:    No math alphabet change to frozen version normal on input l
ine 200.
LaTeX Font Info:    No math alphabet change to frozen version normal on input l
ine 200.
LaTeX Font Info:    No math alphabet change to frozen version normal on input l
ine 200.
LaTeX Font Info:    No math alphabet change to frozen version normal on input l
ine 200.
LaTeX Font Info:    No math alphabet change to frozen version normal on input l
ine 200.
LaTeX Font Info:    No math alphabet change to frozen version normal on input l
ine 200.
LaTeX Font Info:    No math alphabet change to frozen version normal on input l
ine 200.
LaTeX Font Info:    No math alphabet change to frozen version normal on input l
ine 200.
LaTeX Font Info:    No math alphabet change to frozen version normal on input l
ine 200.
LaTeX Font Info:    No math alphabet change to frozen version normal on input l
ine 200.
LaTeX Font Info:    No math alphabet change to frozen version normal on input l
ine 200.
LaTeX Font Info:    No math alphabet change to frozen version normal on input l
ine 200.
LaTeX Font Info:    No math alphabet change to frozen version normal on input l
ine 200.
LaTeX Font Info:    No math alphabet change to frozen version normal on input l
ine 200.
LaTeX Font Info:    No math alphabet change to frozen version normal on input l
ine 200.
LaTeX Font Info:    No math alphabet change to frozen version normal on input l
ine 200.
LaTeX Font Info:    No math alphabet change to frozen version normal on input l
ine 200.
LaTeX Font Info:    No math alphabet change to frozen version normal on input l
ine 201.
LaTeX Font Info:    No math alphabet change to frozen version normal on input l
ine 201.
LaTeX Font Info:    No math alphabet change to frozen version normal on input l
ine 201.
LaTeX Font Info:    No math alphabet change to frozen version normal on input l
ine 201.
LaTeX Font Info:    No math alphabet change to frozen version normal on input l
ine 201.
LaTeX Font Info:    No math alphabet change to frozen version normal on input l
ine 201.
LaTeX Font Info:    No math alphabet change to frozen version normal on input l
ine 201.
LaTeX Font Info:    No math alphabet change to frozen version normal on input l
ine 201.
LaTeX Font Info:    No math alphabet change to frozen version normal on input l
ine 202.
LaTeX Font Info:    No math alphabet change to frozen version normal on input l
ine 202.
LaTeX Font Info:    No math alphabet change to frozen version normal on input l
ine 202.
LaTeX Font Info:    No math alphabet change to frozen version normal on input l
ine 202.
LaTeX Font Info:    No math alphabet change to frozen version normal on input l
ine 202.
LaTeX Font Info:    No math alphabet change to frozen version normal on input l
ine 202.
LaTeX Font Info:    No math alphabet change to frozen version normal on input l
ine 202.
LaTeX Font Info:    No math alphabet change to frozen version normal on input l
ine 202.
LaTeX Font Info:    No math alphabet change to frozen version normal on input l
ine 202.
LaTeX Font Info:    No math alphabet change to frozen version normal on input l
ine 202.
LaTeX Font Info:    No math alphabet change to frozen version normal on input l
ine 202.
LaTeX Font Info:    No math alphabet change to frozen version normal on input l
ine 202.
LaTeX Font Info:    No math alphabet change to frozen version normal on input l
ine 202.
LaTeX Font Info:    No math alphabet change to frozen version normal on input l
ine 202.
LaTeX Font Info:    No math alphabet change to frozen version normal on input l
ine 202.
LaTeX Font Info:    No math alphabet change to frozen version normal on input l
ine 202.
LaTeX Font Info:    No math alphabet change to frozen version normal on input l
ine 202.
LaTeX Font Info:    No math alphabet change to frozen version normal on input l
ine 202.
LaTeX Font Info:    No math alphabet change to frozen version normal on input l
ine 202.
LaTeX Font Info:    No math alphabet change to frozen version normal on input l
ine 203.
LaTeX Font Info:    No math alphabet change to frozen version normal on input l
ine 204.
LaTeX Font Info:    No math alphabet change to frozen version normal on input l
ine 204.
LaTeX Font Info:    No math alphabet change to frozen version normal on input l
ine 208.
LaTeX Font Info:    No math alphabet change to frozen version normal on input l
ine 208.
LaTeX Font Info:    No math alphabet change to frozen version normal on input l
ine 208.
LaTeX Font Info:    No math alphabet change to frozen version normal on input l
ine 208.
LaTeX Font Info:    No math alphabet change to frozen version normal on input l
ine 209.
LaTeX Font Info:    No math alphabet change to frozen version normal on input l
ine 209.
LaTeX Font Info:    No math alphabet change to frozen version normal on input l
ine 209.
LaTeX Font Info:    No math alphabet change to frozen version normal on input l
ine 209.
LaTeX Font Info:    No math alphabet change to frozen version normal on input l
ine 209.
LaTeX Font Info:    No math alphabet change to frozen version normal on input l
ine 209.
LaTeX Font Info:    No math alphabet change to frozen version normal on input l
ine 209.
LaTeX Font Info:    No math alphabet change to frozen version normal on input l
ine 209.
LaTeX Font Info:    No math alphabet change to frozen version normal on input l
ine 209.
LaTeX Font Info:    No math alphabet change to frozen version normal on input l
ine 209.
LaTeX Font Info:    No math alphabet change to frozen version normal on input l
ine 209.
LaTeX Font Info:    No math alphabet change to frozen version normal on input l
ine 209.
LaTeX Font Info:    No math alphabet change to frozen version normal on input l
ine 209.
LaTeX Font Info:    No math alphabet change to frozen version normal on input l
ine 209.
LaTeX Font Info:    No math alphabet change to frozen version normal on input l
ine 209.
LaTeX Font Info:    No math alphabet change to frozen version normal on input l
ine 209.
LaTeX Font Info:    No math alphabet change to frozen version normal on input l
ine 209.
LaTeX Font Info:    No math alphabet change to frozen version normal on input l
ine 209.
LaTeX Font Info:    No math alphabet change to frozen version normal on input l
ine 209.
LaTeX Font Info:    No math alphabet change to frozen version normal on input l
ine 209.
LaTeX Font Info:    No math alphabet change to frozen version normal on input l
ine 209.
LaTeX Font Info:    No math alphabet change to frozen version normal on input l
ine 209.
LaTeX Font Info:    No math alphabet change to frozen version normal on input l
ine 209.
LaTeX Font Info:    No math alphabet change to frozen version normal on input l
ine 209.
LaTeX Font Info:    No math alphabet change to frozen version normal on input l
ine 210.
LaTeX Font Info:    No math alphabet change to frozen version normal on input l
ine 210.
LaTeX Font Info:    No math alphabet change to frozen version normal on input l
ine 213.
LaTeX Font Info:    No math alphabet change to frozen version normal on input l
ine 213.
LaTeX Font Info:    No math alphabet change to frozen version normal on input l
ine 215.
LaTeX Font Info:    No math alphabet change to frozen version normal on input l
ine 215.
LaTeX Font Info:    No math alphabet change to frozen version normal on input l
ine 215.
LaTeX Font Info:    No math alphabet change to frozen version normal on input l
ine 215.
LaTeX Font Info:    No math alphabet change to frozen version normal on input l
ine 216.
LaTeX Font Info:    No math alphabet change to frozen version normal on input l
ine 216.
LaTeX Font Info:    No math alphabet change to frozen version normal on input l
ine 216.
LaTeX Font Info:    No math alphabet change to frozen version normal on input l
ine 216.
LaTeX Font Info:    No math alphabet change to frozen version normal on input l
ine 216.
LaTeX Font Info:    No math alphabet change to frozen version normal on input l
ine 216.
LaTeX Font Info:    No math alphabet change to frozen version normal on input l
ine 216.
LaTeX Font Info:    No math alphabet change to frozen version normal on input l
ine 216.
LaTeX Font Info:    No math alphabet change to frozen version normal on input l
ine 216.
LaTeX Font Info:    No math alphabet change to frozen version normal on input l
ine 216.
LaTeX Font Info:    No math alphabet change to frozen version normal on input l
ine 216.
LaTeX Font Info:    No math alphabet change to frozen version normal on input l
ine 216.
LaTeX Font Info:    No math alphabet change to frozen version normal on input l
ine 217.
LaTeX Font Info:    No math alphabet change to frozen version normal on input l
ine 217.
LaTeX Font Info:    No math alphabet change to frozen version normal on input l
ine 220.
LaTeX Font Info:    Font shape `T1/zpltlf/m/it' will be
(Font)              scaled to size 10.0pt on input line 222.
LaTeX Font Info:    No math alphabet change to frozen version normal on input l
ine 223.
LaTeX Font Info:    No math alphabet change to frozen version normal on input l
ine 223.
LaTeX Font Info:    No math alphabet change to frozen version normal on input l
ine 223.
LaTeX Font Info:    No math alphabet change to frozen version normal on input l
ine 223.
LaTeX Font Info:    No math alphabet change to frozen version normal on input l
ine 223.
LaTeX Font Info:    No math alphabet change to frozen version normal on input l
ine 223.
LaTeX Font Info:    No math alphabet change to frozen version normal on input l
ine 223.
LaTeX Font Info:    No math alphabet change to frozen version normal on input l
ine 223.
LaTeX Font Info:    No math alphabet change to frozen version normal on input l
ine 223.
LaTeX Font Info:    No math alphabet change to frozen version normal on input l
ine 223.
LaTeX Font Info:    No math alphabet change to frozen version normal on input l
ine 223.
LaTeX Font Info:    No math alphabet change to frozen version normal on input l
ine 223.
LaTeX Font Info:    No math alphabet change to frozen version normal on input l
ine 223.
LaTeX Font Info:    No math alphabet change to frozen version normal on input l
ine 223.
LaTeX Font Info:    No math alphabet change to frozen version normal on input l
ine 223.
LaTeX Font Info:    No math alphabet change to frozen version normal on input l
ine 223.
LaTeX Font Info:    No math alphabet change to frozen version normal on input l
ine 223.
LaTeX Font Info:    No math alphabet change to frozen version normal on input l
ine 223.
LaTeX Font Info:    No math alphabet change to frozen version normal on input l
ine 223.
LaTeX Font Info:    No math alphabet change to frozen version normal on input l
ine 223.
LaTeX Font Info:    No math alphabet change to frozen version normal on input l
ine 223.
LaTeX Font Info:    No math alphabet change to frozen version normal on input l
ine 223.
LaTeX Font Info:    No math alphabet change to frozen version normal on input l
ine 225.
LaTeX Font Info:    No math alphabet change to frozen version normal on input l
ine 225.
LaTeX Font Info:    No math alphabet change to frozen version normal on input l
ine 225.
LaTeX Font Info:    No math alphabet change to frozen version normal on input l
ine 225.
LaTeX Font Info:    No math alphabet change to frozen version normal on input l
ine 226.
LaTeX Font Info:    No math alphabet change to frozen version normal on input l
ine 226.
LaTeX Font Info:    No math alphabet change to frozen version normal on input l
ine 226.
LaTeX Font Info:    No math alphabet change to frozen version normal on input l
ine 226.
LaTeX Font Info:    No math alphabet change to frozen version normal on input l
ine 226.
LaTeX Font Info:    No math alphabet change to frozen version normal on input l
ine 226.
LaTeX Font Info:    No math alphabet change to frozen version normal on input l
ine 227.
LaTeX Font Info:    No math alphabet change to frozen version normal on input l
ine 227.
LaTeX Font Info:    No math alphabet change to frozen version normal on input l
ine 229.
LaTeX Font Info:    No math alphabet change to frozen version normal on input l
ine 229.
LaTeX Font Info:    No math alphabet change to frozen version normal on input l
ine 229.
LaTeX Font Info:    No math alphabet change to frozen version normal on input l
ine 229.
LaTeX Font Info:    No math alphabet change to frozen version normal on input l
ine 229.
LaTeX Font Info:    No math alphabet change to frozen version normal on input l
ine 229.
LaTeX Font Info:    No math alphabet change to frozen version normal on input l
ine 229.
LaTeX Font Info:    No math alphabet change to frozen version normal on input l
ine 229.
LaTeX Font Info:    No math alphabet change to frozen version normal on input l
ine 236.
LaTeX Font Info:    No math alphabet change to frozen version normal on input l
ine 236.
LaTeX Font Info:    No math alphabet change to frozen version normal on input l
ine 236.
LaTeX Font Info:    No math alphabet change to frozen version normal on input l
ine 236.
LaTeX Font Info:    No math alphabet change to frozen version normal on input l
ine 236.
LaTeX Font Info:    No math alphabet change to frozen version normal on input l
ine 236.
LaTeX Font Info:    No math alphabet change to frozen version normal on input l
ine 236.
LaTeX Font Info:    No math alphabet change to frozen version normal on input l
ine 236.
LaTeX Font Info:    No math alphabet change to frozen version normal on input l
ine 236.
LaTeX Font Info:    No math alphabet change to frozen version normal on input l
ine 236.
LaTeX Font Info:    No math alphabet change to frozen version normal on input l
ine 236.
LaTeX Font Info:    No math alphabet change to frozen version normal on input l
ine 236.
LaTeX Font Info:    No math alphabet change to frozen version normal on input l
ine 236.
LaTeX Font Info:    Undo math alphabet allocation in version normal on input li
ne 236.
LaTeX Font Info:    No math alphabet change to frozen version normal on input l
ine 236.
LaTeX Font Info:    No math alphabet change to frozen version normal on input l
ine 236.
LaTeX Font Info:    No math alphabet change to frozen version normal on input l
ine 236.
LaTeX Font Info:    No math alphabet change to frozen version normal on input l
ine 236.
LaTeX Font Info:    No math alphabet change to frozen version normal on input l
ine 236.
LaTeX Font Info:    No math alphabet change to frozen version normal on input l
ine 236.
LaTeX Font Info:    No math alphabet change to frozen version normal on input l
ine 236.
LaTeX Font Info:    No math alphabet change to frozen version normal on input l
ine 236.
LaTeX Font Info:    No math alphabet change to frozen version normal on input l
ine 236.
LaTeX Font Info:    No math alphabet change to frozen version normal on input l
ine 236.
LaTeX Font Info:    No math alphabet change to frozen version normal on input l
ine 236.
LaTeX Font Info:    No math alphabet change to frozen version normal on input l
ine 236.
LaTeX Font Info:    No math alphabet change to frozen version normal on input l
ine 236.
LaTeX Font Info:    Undo math alphabet allocation in version normal on input li
ne 236.
LaTeX Font Info:    No math alphabet change to frozen version normal on input l
ine 237.
LaTeX Font Info:    No math alphabet change to frozen version normal on input l
ine 237.
LaTeX Font Info:    No math alphabet change to frozen version normal on input l
ine 237.
LaTeX Font Info:    No math alphabet change to frozen version normal on input l
ine 239.
LaTeX Font Info:    No math alphabet change to frozen version normal on input l
ine 239.
LaTeX Font Info:    No math alphabet change to frozen version normal on input l
ine 239.
LaTeX Font Info:    No math alphabet change to frozen version normal on input l
ine 239.
LaTeX Font Info:    No math alphabet change to frozen version normal on input l
ine 241.
LaTeX Font Info:    No math alphabet change to frozen version normal on input l
ine 241.
LaTeX Font Info:    No math alphabet change to frozen version normal on input l
ine 241.
LaTeX Font Info:    No math alphabet change to frozen version normal on input l
ine 241.
LaTeX Font Info:    No math alphabet change to frozen version normal on input l
ine 241.
LaTeX Font Info:    No math alphabet change to frozen version normal on input l
ine 241.
LaTeX Font Info:    No math alphabet change to frozen version normal on input l
ine 241.
LaTeX Font Info:    No math alphabet change to frozen version normal on input l
ine 241.
LaTeX Font Info:    No math alphabet change to frozen version normal on input l
ine 241.
LaTeX Font Info:    No math alphabet change to frozen version normal on input l
ine 241.
LaTeX Font Info:    No math alphabet change to frozen version normal on input l
ine 241.
LaTeX Font Info:    No math alphabet change to frozen version normal on input l
ine 241.
LaTeX Font Info:    No math alphabet change to frozen version normal on input l
ine 241.
LaTeX Font Info:    No math alphabet change to frozen version normal on input l
ine 242.
LaTeX Font Info:    No math alphabet change to frozen version normal on input l
ine 242.
LaTeX Font Info:    No math alphabet change to frozen version normal on input l
ine 242.
LaTeX Font Info:    No math alphabet change to frozen version normal on input l
ine 242.
LaTeX Font Info:    No math alphabet change to frozen version normal on input l
ine 242.
LaTeX Font Info:    No math alphabet change to frozen version normal on input l
ine 242.
LaTeX Font Info:    No math alphabet change to frozen version normal on input l
ine 242.
LaTeX Font Info:    No math alphabet change to frozen version normal on input l
ine 242.
LaTeX Font Info:    No math alphabet change to frozen version normal on input l
ine 242.
LaTeX Font Info:    No math alphabet change to frozen version normal on input l
ine 242.
LaTeX Font Info:    No math alphabet change to frozen version normal on input l
ine 242.
LaTeX Font Info:    No math alphabet change to frozen version normal on input l
ine 242.
LaTeX Font Info:    No math alphabet change to frozen version normal on input l
ine 242.
LaTeX Font Info:    No math alphabet change to frozen version normal on input l
ine 242.
LaTeX Font Info:    No math alphabet change to frozen version normal on input l
ine 243.
LaTeX Font Info:    No math alphabet change to frozen version normal on input l
ine 243.
LaTeX Font Info:    No math alphabet change to frozen version normal on input l
ine 243.
LaTeX Font Info:    No math alphabet change to frozen version normal on input l
ine 243.
LaTeX Font Info:    No math alphabet change to frozen version normal on input l
ine 243.
LaTeX Font Info:    No math alphabet change to frozen version normal on input l
ine 243.
LaTeX Font Info:    No math alphabet change to frozen version normal on input l
ine 243.
LaTeX Font Info:    No math alphabet change to frozen version normal on input l
ine 243.
LaTeX Font Info:    No math alphabet change to frozen version normal on input l
ine 243.
LaTeX Font Info:    No math alphabet change to frozen version normal on input l
ine 243.
LaTeX Font Info:    No math alphabet change to frozen version normal on input l
ine 243.
LaTeX Font Info:    No math alphabet change to frozen version normal on input l
ine 243.
LaTeX Font Info:    No math alphabet change to frozen version normal on input l
ine 243.
LaTeX Font Info:    No math alphabet change to frozen version normal on input l
ine 244.
LaTeX Font Info:    No math alphabet change to frozen version normal on input l
ine 244.
LaTeX Font Info:    No math alphabet change to frozen version normal on input l
ine 244.
LaTeX Font Info:    No math alphabet change to frozen version normal on input l
ine 244.
LaTeX Font Info:    No math alphabet change to frozen version normal on input l
ine 244.
LaTeX Font Info:    No math alphabet change to frozen version normal on input l
ine 244.
LaTeX Font Info:    No math alphabet change to frozen version normal on input l
ine 244.
LaTeX Font Info:    No math alphabet change to frozen version normal on input l
ine 244.
LaTeX Font Info:    No math alphabet change to frozen version normal on input l
ine 244.
LaTeX Font Info:    No math alphabet change to frozen version normal on input l
ine 244.
LaTeX Font Info:    No math alphabet change to frozen version normal on input l
ine 244.
LaTeX Font Info:    No math alphabet change to frozen version normal on input l
ine 244.
LaTeX Font Info:    No math alphabet change to frozen version normal on input l
ine 246.
LaTeX Font Info:    No math alphabet change to frozen version normal on input l
ine 247.
LaTeX Font Info:    No math alphabet change to frozen version normal on input l
ine 247.
LaTeX Font Info:    No math alphabet change to frozen version normal on input l
ine 252.
LaTeX Font Info:    No math alphabet change to frozen version normal on input l
ine 252.
LaTeX Font Info:    No math alphabet change to frozen version normal on input l
ine 252.
LaTeX Font Info:    No math alphabet change to frozen version normal on input l
ine 252.
LaTeX Font Info:    No math alphabet change to frozen version normal on input l
ine 253.
LaTeX Font Info:    No math alphabet change to frozen version normal on input l
ine 253.
LaTeX Font Info:    No math alphabet change to frozen version normal on input l
ine 253.
LaTeX Font Info:    No math alphabet change to frozen version normal on input l
ine 253.
LaTeX Font Info:    No math alphabet change to frozen version normal on input l
ine 253.
LaTeX Font Info:    No math alphabet change to frozen version normal on input l
ine 253.
LaTeX Font Info:    No math alphabet change to frozen version normal on input l
ine 253.
LaTeX Font Info:    No math alphabet change to frozen version normal on input l
ine 253.
LaTeX Font Info:    No math alphabet change to frozen version normal on input l
ine 253.
LaTeX Font Info:    No math alphabet change to frozen version normal on input l
ine 253.
LaTeX Font Info:    No math alphabet change to frozen version normal on input l
ine 253.
LaTeX Font Info:    No math alphabet change to frozen version normal on input l
ine 253.
LaTeX Font Info:    No math alphabet change to frozen version normal on input l
ine 254.
LaTeX Font Info:    No math alphabet change to frozen version normal on input l
ine 254.
LaTeX Font Info:    No math alphabet change to frozen version normal on input l
ine 254.
LaTeX Font Info:    No math alphabet change to frozen version normal on input l
ine 254.
LaTeX Font Info:    No math alphabet change to frozen version normal on input l
ine 254.
LaTeX Font Info:    No math alphabet change to frozen version normal on input l
ine 254.
LaTeX Font Info:    No math alphabet change to frozen version normal on input l
ine 254.
LaTeX Font Info:    No math alphabet change to frozen version normal on input l
ine 254.
LaTeX Font Info:    No math alphabet change to frozen version normal on input l
ine 254.
LaTeX Font Info:    No math alphabet change to frozen version normal on input l
ine 254.
LaTeX Font Info:    No math alphabet change to frozen version normal on input l
ine 254.
LaTeX Font Info:    No math alphabet change to frozen version normal on input l
ine 254.
LaTeX Font Info:    Font shape `T1/zpltlf/m/n' will be
(Font)              scaled to size 7.3pt on input line 254.
LaTeX Font Info:    Font shape `T1/zpltlf/m/n' will be
(Font)              scaled to size 5.5pt on input line 254.
LaTeX Font Info:    No math alphabet change to frozen version normal on input l
ine 254.
LaTeX Font Info:    No math alphabet change to frozen version normal on input l
ine 255.
LaTeX Font Info:    No math alphabet change to frozen version normal on input l
ine 255.
LaTeX Font Info:    No math alphabet change to frozen version normal on input l
ine 257.
LaTeX Font Info:    No math alphabet change to frozen version normal on input l
ine 259.
LaTeX Font Info:    No math alphabet change to frozen version normal on input l
ine 259.
LaTeX Font Info:    No math alphabet change to frozen version normal on input l
ine 259.
LaTeX Font Info:    No math alphabet change to frozen version normal on input l
ine 259.
LaTeX Font Info:    No math alphabet change to frozen version normal on input l
ine 260.
LaTeX Font Info:    No math alphabet change to frozen version normal on input l
ine 260.
LaTeX Font Info:    No math alphabet change to frozen version normal on input l
ine 260.
LaTeX Font Info:    No math alphabet change to frozen version normal on input l
ine 260.
LaTeX Font Info:    No math alphabet change to frozen version normal on input l
ine 260.
LaTeX Font Info:    No math alphabet change to frozen version normal on input l
ine 260.
LaTeX Font Info:    No math alphabet change to frozen version normal on input l
ine 260.
LaTeX Font Info:    No math alphabet change to frozen version normal on input l
ine 260.
LaTeX Font Info:    No math alphabet change to frozen version normal on input l
ine 260.
LaTeX Font Info:    No math alphabet change to frozen version normal on input l
ine 260.
LaTeX Font Info:    No math alphabet change to frozen version normal on input l
ine 260.
LaTeX Font Info:    No math alphabet change to frozen version normal on input l
ine 260.
LaTeX Font Info:    No math alphabet change to frozen version normal on input l
ine 261.
LaTeX Font Info:    No math alphabet change to frozen version normal on input l
ine 261.
LaTeX Font Info:    No math alphabet change to frozen version normal on input l
ine 261.
LaTeX Font Info:    No math alphabet change to frozen version normal on input l
ine 261.
LaTeX Font Info:    No math alphabet change to frozen version normal on input l
ine 261.
LaTeX Font Info:    No math alphabet change to frozen version normal on input l
ine 261.
LaTeX Font Info:    No math alphabet change to frozen version normal on input l
ine 261.
LaTeX Font Info:    No math alphabet change to frozen version normal on input l
ine 261.
LaTeX Font Info:    No math alphabet change to frozen version normal on input l
ine 261.
LaTeX Font Info:    No math alphabet change to frozen version normal on input l
ine 261.
LaTeX Font Info:    No math alphabet change to frozen version normal on input l
ine 261.
LaTeX Font Info:    No math alphabet change to frozen version normal on input l
ine 261.
LaTeX Font Info:    No math alphabet change to frozen version normal on input l
ine 262.
LaTeX Font Info:    No math alphabet change to frozen version normal on input l
ine 262.
LaTeX Font Info:    No math alphabet change to frozen version normal on input l
ine 264.
LaTeX Font Info:    No math alphabet change to frozen version normal on input l
ine 264.
LaTeX Font Info:    No math alphabet change to frozen version normal on input l
ine 264.
LaTeX Font Info:    No math alphabet change to frozen version normal on input l
ine 264.
LaTeX Font Info:    No math alphabet change to frozen version normal on input l
ine 264.
LaTeX Font Info:    No math alphabet change to frozen version normal on input l
ine 264.
LaTeX Font Info:    No math alphabet change to frozen version normal on input l
ine 264.
LaTeX Font Info:    No math alphabet change to frozen version normal on input l
ine 265.
LaTeX Font Info:    No math alphabet change to frozen version normal on input l
ine 265.
LaTeX Font Info:    No math alphabet change to frozen version normal on input l
ine 265.
LaTeX Font Info:    No math alphabet change to frozen version normal on input l
ine 265.
LaTeX Font Info:    No math alphabet change to frozen version normal on input l
ine 265.
LaTeX Font Info:    No math alphabet change to frozen version normal on input l
ine 265.
LaTeX Font Info:    No math alphabet change to frozen version normal on input l
ine 265.
LaTeX Font Info:    No math alphabet change to frozen version normal on input l
ine 265.
LaTeX Font Info:    No math alphabet change to frozen version normal on input l
ine 265.
LaTeX Font Info:    No math alphabet change to frozen version normal on input l
ine 265.
LaTeX Font Info:    No math alphabet change to frozen version normal on input l
ine 265.
LaTeX Font Info:    No math alphabet change to frozen version normal on input l
ine 265.
LaTeX Font Info:    No math alphabet change to frozen version normal on input l
ine 265.
LaTeX Font Info:    No math alphabet change to frozen version normal on input l
ine 265.
LaTeX Font Info:    Font shape `T1/zpltlf/m/n' will be
(Font)              scaled to size 7.0pt on input line 270.
[1{C:/Users/bensl/AppData/Local/MiKTeX/fonts/map/pdftex/pdftex.map}{C:/Users/be
nsl/AppData/Local/Programs/MiKTeX/fonts/enc/dvips/newtx/ntx-ec-tlf.enc}{C:/User
s/bensl/AppData/Local/Programs/MiKTeX/fonts/enc/dvips/newtx/ntx-ec-tlf-pc.enc}{
C:/Users/bensl/AppData/Local/Programs/MiKTeX/fonts/enc/dvips/base/8r.enc}{C:/Us
ers/bensl/AppData/Local/Programs/MiKTeX/fonts/enc/dvips/newpx/px-lms.enc}]
LaTeX Font Info:    No math alphabet change to frozen version normal on input l
ine 270.
LaTeX Font Info:    No math alphabet change to frozen version normal on input l
ine 270.
LaTeX Font Info:    No math alphabet change to frozen version normal on input l
ine 270.
LaTeX Font Info:    No math alphabet change to frozen version normal on input l
ine 270.
LaTeX Font Info:    No math alphabet change to frozen version normal on input l
ine 270.
LaTeX Font Info:    No math alphabet change to frozen version normal on input l
ine 270.
LaTeX Font Info:    No math alphabet change to frozen version normal on input l
ine 270.
LaTeX Font Info:    No math alphabet change to frozen version normal on input l
ine 270.
LaTeX Font Info:    No math alphabet change to frozen version normal on input l
ine 270.
LaTeX Font Info:    No math alphabet change to frozen version normal on input l
ine 270.
LaTeX Font Info:    No math alphabet change to frozen version normal on input l
ine 270.
LaTeX Font Info:    No math alphabet change to frozen version normal on input l
ine 270.
LaTeX Font Info:    No math alphabet change to frozen version normal on input l
ine 270.
LaTeX Font Info:    Undo math alphabet allocation in version normal on input li
ne 270.
LaTeX Font Info:    No math alphabet change to frozen version normal on input l
ine 270.
LaTeX Font Info:    No math alphabet change to frozen version normal on input l
ine 272.
LaTeX Font Info:    No math alphabet change to frozen version normal on input l
ine 272.
LaTeX Font Info:    No math alphabet change to frozen version normal on input l
ine 272.
LaTeX Font Info:    No math alphabet change to frozen version normal on input l
ine 272.
LaTeX Font Info:    No math alphabet change to frozen version normal on input l
ine 273.
LaTeX Font Info:    No math alphabet change to frozen version normal on input l
ine 273.
LaTeX Font Info:    No math alphabet change to frozen version normal on input l
ine 273.
LaTeX Font Info:    No math alphabet change to frozen version normal on input l
ine 273.
LaTeX Font Info:    No math alphabet change to frozen version normal on input l
ine 273.
LaTeX Font Info:    No math alphabet change to frozen version normal on input l
ine 273.
LaTeX Font Info:    No math alphabet change to frozen version normal on input l
ine 273.
LaTeX Font Info:    No math alphabet change to frozen version normal on input l
ine 273.
LaTeX Font Info:    No math alphabet change to frozen version normal on input l
ine 273.
LaTeX Font Info:    No math alphabet change to frozen version normal on input l
ine 273.
LaTeX Font Info:    No math alphabet change to frozen version normal on input l
ine 273.
LaTeX Font Info:    No math alphabet change to frozen version normal on input l
ine 273.
LaTeX Font Info:    No math alphabet change to frozen version normal on input l
ine 274.
LaTeX Font Info:    No math alphabet change to frozen version normal on input l
ine 274.
LaTeX Font Info:    No math alphabet change to frozen version normal on input l
ine 274.
LaTeX Font Info:    No math alphabet change to frozen version normal on input l
ine 274.
LaTeX Font Info:    No math alphabet change to frozen version normal on input l
ine 274.
LaTeX Font Info:    No math alphabet change to frozen version normal on input l
ine 274.
LaTeX Font Info:    No math alphabet change to frozen version normal on input l
ine 274.
LaTeX Font Info:    No math alphabet change to frozen version normal on input l
ine 274.
LaTeX Font Info:    No math alphabet change to frozen version normal on input l
ine 274.
LaTeX Font Info:    No math alphabet change to frozen version normal on input l
ine 274.
LaTeX Font Info:    No math alphabet change to frozen version normal on input l
ine 274.
LaTeX Font Info:    No math alphabet change to frozen version normal on input l
ine 274.
LaTeX Font Info:    Font shape `T1/zpltlf/m/it' will be
(Font)              scaled to size 7.3pt on input line 274.
LaTeX Font Info:    Font shape `T1/zpltlf/m/it' will be
(Font)              scaled to size 5.5pt on input line 274.
LaTeX Font Info:    No math alphabet change to frozen version normal on input l
ine 274.
LaTeX Font Info:    No math alphabet change to frozen version normal on input l
ine 275.
LaTeX Font Info:    No math alphabet change to frozen version normal on input l
ine 275.
LaTeX Font Info:    No math alphabet change to frozen version normal on input l
ine 277.
LaTeX Font Info:    No math alphabet change to frozen version normal on input l
ine 277.
LaTeX Font Info:    No math alphabet change to frozen version normal on input l
ine 277.
LaTeX Font Info:    No math alphabet change to frozen version normal on input l
ine 277.
LaTeX Font Info:    No math alphabet change to frozen version normal on input l
ine 277.
LaTeX Font Info:    No math alphabet change to frozen version normal on input l
ine 277.
LaTeX Font Info:    No math alphabet change to frozen version normal on input l
ine 277.
LaTeX Font Info:    No math alphabet change to frozen version normal on input l
ine 277.
LaTeX Font Info:    No math alphabet change to frozen version normal on input l
ine 277.
LaTeX Font Info:    No math alphabet change to frozen version normal on input l
ine 277.
LaTeX Font Info:    No math alphabet change to frozen version normal on input l
ine 277.
LaTeX Font Info:    No math alphabet change to frozen version normal on input l
ine 277.
LaTeX Font Info:    Undo math alphabet allocation in version normal on input li
ne 277.
LaTeX Font Info:    No math alphabet change to frozen version normal on input l
ine 279.
LaTeX Font Info:    No math alphabet change to frozen version normal on input l
ine 279.
LaTeX Font Info:    No math alphabet change to frozen version normal on input l
ine 279.
LaTeX Font Info:    No math alphabet change to frozen version normal on input l
ine 279.
LaTeX Font Info:    No math alphabet change to frozen version normal on input l
ine 279.
LaTeX Font Info:    No math alphabet change to frozen version normal on input l
ine 279.
LaTeX Font Info:    No math alphabet change to frozen version normal on input l
ine 279.
LaTeX Font Info:    No math alphabet change to frozen version normal on input l
ine 279.
LaTeX Font Info:    No math alphabet change to frozen version normal on input l
ine 281.
LaTeX Font Info:    No math alphabet change to frozen version normal on input l
ine 281.
LaTeX Font Info:    No math alphabet change to frozen version normal on input l
ine 281.
LaTeX Font Info:    No math alphabet change to frozen version normal on input l
ine 281.
LaTeX Font Info:    No math alphabet change to frozen version normal on input l
ine 282.
LaTeX Font Info:    No math alphabet change to frozen version normal on input l
ine 282.
LaTeX Font Info:    No math alphabet change to frozen version normal on input l
ine 282.
LaTeX Font Info:    No math alphabet change to frozen version normal on input l
ine 282.
LaTeX Font Info:    No math alphabet change to frozen version normal on input l
ine 282.
LaTeX Font Info:    No math alphabet change to frozen version normal on input l
ine 282.
LaTeX Font Info:    No math alphabet change to frozen version normal on input l
ine 283.
LaTeX Font Info:    No math alphabet change to frozen version normal on input l
ine 283.
LaTeX Font Info:    No math alphabet change to frozen version normal on input l
ine 285.
LaTeX Font Info:    No math alphabet change to frozen version normal on input l
ine 285.
LaTeX Font Info:    No math alphabet change to frozen version normal on input l
ine 285.
LaTeX Font Info:    No math alphabet change to frozen version normal on input l
ine 285.
LaTeX Font Info:    No math alphabet change to frozen version normal on input l
ine 285.
LaTeX Font Info:    No math alphabet change to frozen version normal on input l
ine 285.
LaTeX Font Info:    No math alphabet change to frozen version normal on input l
ine 285.
LaTeX Font Info:    No math alphabet change to frozen version normal on input l
ine 285.
LaTeX Font Info:    No math alphabet change to frozen version normal on input l
ine 290.
LaTeX Font Info:    No math alphabet change to frozen version normal on input l
ine 290.
LaTeX Font Info:    No math alphabet change to frozen version normal on input l
ine 290.
LaTeX Font Info:    No math alphabet change to frozen version normal on input l
ine 290.
LaTeX Font Info:    No math alphabet change to frozen version normal on input l
ine 290.
LaTeX Font Info:    No math alphabet change to frozen version normal on input l
ine 290.
LaTeX Font Info:    No math alphabet change to frozen version normal on input l
ine 290.
LaTeX Font Info:    No math alphabet change to frozen version normal on input l
ine 290.
LaTeX Font Info:    No math alphabet change to frozen version normal on input l
ine 290.
LaTeX Font Info:    No math alphabet change to frozen version normal on input l
ine 290.
LaTeX Font Info:    No math alphabet change to frozen version normal on input l
ine 290.
LaTeX Font Info:    No math alphabet change to frozen version normal on input l
ine 290.
LaTeX Font Info:    No math alphabet change to frozen version normal on input l
ine 290.
LaTeX Font Info:    No math alphabet change to frozen version normal on input l
ine 290.
LaTeX Font Info:    No math alphabet change to frozen version normal on input l
ine 291.
LaTeX Font Info:    No math alphabet change to frozen version normal on input l
ine 294.
LaTeX Font Info:    No math alphabet change to frozen version normal on input l
ine 294.
LaTeX Font Info:    No math alphabet change to frozen version normal on input l
ine 294.
LaTeX Font Info:    No math alphabet change to frozen version normal on input l
ine 294.
LaTeX Font Info:    No math alphabet change to frozen version normal on input l
ine 295.
LaTeX Font Info:    No math alphabet change to frozen version normal on input l
ine 295.
LaTeX Font Info:    No math alphabet change to frozen version normal on input l
ine 295.
LaTeX Font Info:    No math alphabet change to frozen version normal on input l
ine 295.
LaTeX Font Info:    No math alphabet change to frozen version normal on input l
ine 295.
LaTeX Font Info:    No math alphabet change to frozen version normal on input l
ine 295.
LaTeX Font Info:    No math alphabet change to frozen version normal on input l
ine 295.
LaTeX Font Info:    No math alphabet change to frozen version normal on input l
ine 295.
LaTeX Font Info:    No math alphabet change to frozen version normal on input l
ine 295.
LaTeX Font Info:    No math alphabet change to frozen version normal on input l
ine 295.
LaTeX Font Info:    No math alphabet change to frozen version normal on input l
ine 295.
LaTeX Font Info:    No math alphabet change to frozen version normal on input l
ine 295.
LaTeX Font Info:    No math alphabet change to frozen version normal on input l
ine 296.
LaTeX Font Info:    No math alphabet change to frozen version normal on input l
ine 296.
LaTeX Font Info:    No math alphabet change to frozen version normal on input l
ine 296.
LaTeX Font Info:    No math alphabet change to frozen version normal on input l
ine 296.
LaTeX Font Info:    No math alphabet change to frozen version normal on input l
ine 296.
LaTeX Font Info:    No math alphabet change to frozen version normal on input l
ine 296.
LaTeX Font Info:    No math alphabet change to frozen version normal on input l
ine 296.
LaTeX Font Info:    No math alphabet change to frozen version normal on input l
ine 296.
LaTeX Font Info:    No math alphabet change to frozen version normal on input l
ine 296.
LaTeX Font Info:    No math alphabet change to frozen version normal on input l
ine 296.
LaTeX Font Info:    No math alphabet change to frozen version normal on input l
ine 296.
LaTeX Font Info:    No math alphabet change to frozen version normal on input l
ine 296.
LaTeX Font Info:    No math alphabet change to frozen version normal on input l
ine 297.
LaTeX Font Info:    No math alphabet change to frozen version normal on input l
ine 297.
LaTeX Font Info:    No math alphabet change to frozen version normal on input l
ine 301.
LaTeX Font Info:    No math alphabet change to frozen version normal on input l
ine 301.
LaTeX Font Info:    No math alphabet change to frozen version normal on input l
ine 301.
LaTeX Font Info:    No math alphabet change to frozen version normal on input l
ine 301.
LaTeX Font Info:    No math alphabet change to frozen version normal on input l
ine 302.
LaTeX Font Info:    No math alphabet change to frozen version normal on input l
ine 302.
LaTeX Font Info:    No math alphabet change to frozen version normal on input l
ine 302.
LaTeX Font Info:    No math alphabet change to frozen version normal on input l
ine 302.
LaTeX Font Info:    No math alphabet change to frozen version normal on input l
ine 302.
LaTeX Font Info:    No math alphabet change to frozen version normal on input l
ine 302.
LaTeX Font Info:    No math alphabet change to frozen version normal on input l
ine 303.
LaTeX Font Info:    No math alphabet change to frozen version normal on input l
ine 303.
LaTeX Font Info:    No math alphabet change to frozen version normal on input l
ine 303.
LaTeX Font Info:    No math alphabet change to frozen version normal on input l
ine 303.
LaTeX Font Info:    No math alphabet change to frozen version normal on input l
ine 303.
LaTeX Font Info:    No math alphabet change to frozen version normal on input l
ine 303.
LaTeX Font Info:    No math alphabet change to frozen version normal on input l
ine 303.
LaTeX Font Info:    No math alphabet change to frozen version normal on input l
ine 303.
LaTeX Font Info:    No math alphabet change to frozen version normal on input l
ine 303.
LaTeX Font Info:    No math alphabet change to frozen version normal on input l
ine 303.
LaTeX Font Info:    No math alphabet change to frozen version normal on input l
ine 303.
LaTeX Font Info:    No math alphabet change to frozen version normal on input l
ine 303.
LaTeX Font Info:    No math alphabet change to frozen version normal on input l
ine 303.
LaTeX Font Info:    No math alphabet change to frozen version normal on input l
ine 303.
LaTeX Font Info:    No math alphabet change to frozen version normal on input l
ine 303.
LaTeX Font Info:    No math alphabet change to frozen version normal on input l
ine 303.
LaTeX Font Info:    No math alphabet change to frozen version normal on input l
ine 303.
LaTeX Font Info:    No math alphabet change to frozen version normal on input l
ine 303.
LaTeX Font Info:    No math alphabet change to frozen version normal on input l
ine 304.
LaTeX Font Info:    No math alphabet change to frozen version normal on input l
ine 304.
LaTeX Font Info:    No math alphabet change to frozen version normal on input l
ine 306.
LaTeX Font Info:    No math alphabet change to frozen version normal on input l
ine 308.
LaTeX Font Info:    No math alphabet change to frozen version normal on input l
ine 308.
LaTeX Font Info:    No math alphabet change to frozen version normal on input l
ine 308.
LaTeX Font Info:    No math alphabet change to frozen version normal on input l
ine 308.
LaTeX Font Info:    No math alphabet change to frozen version normal on input l
ine 309.
LaTeX Font Info:    No math alphabet change to frozen version normal on input l
ine 309.
LaTeX Font Info:    No math alphabet change to frozen version normal on input l
ine 309.
LaTeX Font Info:    No math alphabet change to frozen version normal on input l
ine 309.
LaTeX Font Info:    No math alphabet change to frozen version normal on input l
ine 309.
LaTeX Font Info:    No math alphabet change to frozen version normal on input l
ine 309.
LaTeX Font Info:    No math alphabet change to frozen version normal on input l
ine 310.
LaTeX Font Info:    No math alphabet change to frozen version normal on input l
ine 310.
LaTeX Font Info:    No math alphabet change to frozen version normal on input l
ine 310.
LaTeX Font Info:    No math alphabet change to frozen version normal on input l
ine 310.
LaTeX Font Info:    No math alphabet change to frozen version normal on input l
ine 310.
LaTeX Font Info:    No math alphabet change to frozen version normal on input l
ine 310.
LaTeX Font Info:    No math alphabet change to frozen version normal on input l
ine 310.
LaTeX Font Info:    No math alphabet change to frozen version normal on input l
ine 310.
LaTeX Font Info:    No math alphabet change to frozen version normal on input l
ine 310.
LaTeX Font Info:    No math alphabet change to frozen version normal on input l
ine 310.
LaTeX Font Info:    No math alphabet change to frozen version normal on input l
ine 310.
LaTeX Font Info:    No math alphabet change to frozen version normal on input l
ine 310.
LaTeX Font Info:    No math alphabet change to frozen version normal on input l
ine 310.
LaTeX Font Info:    No math alphabet change to frozen version normal on input l
ine 310.
LaTeX Font Info:    No math alphabet change to frozen version normal on input l
ine 310.
LaTeX Font Info:    No math alphabet change to frozen version normal on input l
ine 310.
LaTeX Font Info:    No math alphabet change to frozen version normal on input l
ine 310.
LaTeX Font Info:    No math alphabet change to frozen version normal on input l
ine 310.
LaTeX Font Info:    No math alphabet change to frozen version normal on input l
ine 311.
LaTeX Font Info:    No math alphabet change to frozen version normal on input l
ine 311.
LaTeX Font Info:    No math alphabet change to frozen version normal on input l
ine 313.
LaTeX Font Info:    No math alphabet change to frozen version normal on input l
ine 313.
LaTeX Font Info:    No math alphabet change to frozen version normal on input l
ine 315.
LaTeX Font Info:    No math alphabet change to frozen version normal on input l
ine 315.
LaTeX Font Info:    No math alphabet change to frozen version normal on input l
ine 315.
LaTeX Font Info:    No math alphabet change to frozen version normal on input l
ine 315.
LaTeX Font Info:    No math alphabet change to frozen version normal on input l
ine 317.
LaTeX Font Info:    No math alphabet change to frozen version normal on input l
ine 317.
LaTeX Font Info:    No math alphabet change to frozen version normal on input l
ine 317.
LaTeX Font Info:    No math alphabet change to frozen version normal on input l
ine 317.
LaTeX Font Info:    No math alphabet change to frozen version normal on input l
ine 317.
LaTeX Font Info:    No math alphabet change to frozen version normal on input l
ine 317.
LaTeX Font Info:    No math alphabet change to frozen version normal on input l
ine 318.
LaTeX Font Info:    No math alphabet change to frozen version normal on input l
ine 318.
LaTeX Font Info:    No math alphabet change to frozen version normal on input l
ine 318.
LaTeX Font Info:    No math alphabet change to frozen version normal on input l
ine 318.
LaTeX Font Info:    No math alphabet change to frozen version normal on input l
ine 318.
LaTeX Font Info:    No math alphabet change to frozen version normal on input l
ine 318.
LaTeX Font Info:    No math alphabet change to frozen version normal on input l
ine 318.
LaTeX Font Info:    No math alphabet change to frozen version normal on input l
ine 318.
LaTeX Font Info:    No math alphabet change to frozen version normal on input l
ine 318.
LaTeX Font Info:    No math alphabet change to frozen version normal on input l
ine 318.
LaTeX Font Info:    No math alphabet change to frozen version normal on input l
ine 318.
LaTeX Font Info:    No math alphabet change to frozen version normal on input l
ine 318.
LaTeX Font Info:    No math alphabet change to frozen version normal on input l
ine 318.
LaTeX Font Info:    No math alphabet change to frozen version normal on input l
ine 318.
LaTeX Font Info:    No math alphabet change to frozen version normal on input l
ine 318.
LaTeX Font Info:    No math alphabet change to frozen version normal on input l
ine 318.
LaTeX Font Info:    No math alphabet change to frozen version normal on input l
ine 318.
LaTeX Font Info:    No math alphabet change to frozen version normal on input l
ine 318.
LaTeX Font Info:    No math alphabet change to frozen version normal on input l
ine 318.
LaTeX Font Info:    No math alphabet change to frozen version normal on input l
ine 318.
LaTeX Font Info:    No math alphabet change to frozen version normal on input l
ine 318.
LaTeX Font Info:    No math alphabet change to frozen version normal on input l
ine 319.
LaTeX Font Info:    No math alphabet change to frozen version normal on input l
ine 319.
LaTeX Font Info:    No math alphabet change to frozen version normal on input l
ine 319.
LaTeX Font Info:    No math alphabet change to frozen version normal on input l
ine 319.
LaTeX Font Info:    No math alphabet change to frozen version normal on input l
ine 319.
LaTeX Font Info:    No math alphabet change to frozen version normal on input l
ine 319.
LaTeX Font Info:    No math alphabet change to frozen version normal on input l
ine 319.
LaTeX Font Info:    No math alphabet change to frozen version normal on input l
ine 319.
LaTeX Font Info:    No math alphabet change to frozen version normal on input l
ine 319.
LaTeX Font Info:    No math alphabet change to frozen version normal on input l
ine 319.
LaTeX Font Info:    No math alphabet change to frozen version normal on input l
ine 319.
LaTeX Font Info:    No math alphabet change to frozen version normal on input l
ine 319.
LaTeX Font Info:    No math alphabet change to frozen version normal on input l
ine 319.
LaTeX Font Info:    No math alphabet change to frozen version normal on input l
ine 320.
LaTeX Font Info:    No math alphabet change to frozen version normal on input l
ine 321.
LaTeX Font Info:    No math alphabet change to frozen version normal on input l
ine 321.
LaTeX Font Info:    No math alphabet change to frozen version normal on input l
ine 323.
LaTeX Font Info:    No math alphabet change to frozen version normal on input l
ine 324.
LaTeX Font Info:    No math alphabet change to frozen version normal on input l
ine 324.
LaTeX Font Info:    No math alphabet change to frozen version normal on input l
ine 324.
LaTeX Font Info:    No math alphabet change to frozen version normal on input l
ine 324.
LaTeX Font Info:    No math alphabet change to frozen version normal on input l
ine 324.
LaTeX Font Info:    No math alphabet change to frozen version normal on input l
ine 324.
LaTeX Font Info:    No math alphabet change to frozen version normal on input l
ine 324.
LaTeX Font Info:    No math alphabet change to frozen version normal on input l
ine 324.
LaTeX Font Info:    No math alphabet change to frozen version normal on input l
ine 324.
LaTeX Font Info:    No math alphabet change to frozen version normal on input l
ine 324.
LaTeX Font Info:    No math alphabet change to frozen version normal on input l
ine 324.
LaTeX Font Info:    No math alphabet change to frozen version normal on input l
ine 324.
LaTeX Font Info:    No math alphabet change to frozen version normal on input l
ine 324.
LaTeX Font Info:    No math alphabet change to frozen version normal on input l
ine 326.
LaTeX Font Info:    No math alphabet change to frozen version normal on input l
ine 326.
LaTeX Font Info:    No math alphabet change to frozen version normal on input l
ine 326.
LaTeX Font Info:    No math alphabet change to frozen version normal on input l
ine 326.
LaTeX Font Info:    No math alphabet change to frozen version normal on input l
ine 327.
LaTeX Font Info:    No math alphabet change to frozen version normal on input l
ine 327.
LaTeX Font Info:    No math alphabet change to frozen version normal on input l
ine 327.
LaTeX Font Info:    No math alphabet change to frozen version normal on input l
ine 327.
LaTeX Font Info:    No math alphabet change to frozen version normal on input l
ine 327.
LaTeX Font Info:    No math alphabet change to frozen version normal on input l
ine 327.
LaTeX Font Info:    No math alphabet change to frozen version normal on input l
ine 328.
LaTeX Font Info:    No math alphabet change to frozen version normal on input l
ine 328.
LaTeX Font Info:    No math alphabet change to frozen version normal on input l
ine 346.
LaTeX Font Info:    No math alphabet change to frozen version normal on input l
ine 346.
LaTeX Font Info:    No math alphabet change to frozen version normal on input l
ine 346.
LaTeX Font Info:    No math alphabet change to frozen version normal on input l
ine 346.
LaTeX Font Info:    No math alphabet change to frozen version normal on input l
ine 347.
LaTeX Font Info:    No math alphabet change to frozen version normal on input l
ine 347.
LaTeX Font Info:    No math alphabet change to frozen version normal on input l
ine 347.
LaTeX Font Info:    No math alphabet change to frozen version normal on input l
ine 347.
LaTeX Font Info:    No math alphabet change to frozen version normal on input l
ine 347.
LaTeX Font Info:    No math alphabet change to frozen version normal on input l
ine 347.
LaTeX Font Info:    Undo math alphabet allocation in version normal on input li
ne 347.
LaTeX Font Info:    No math alphabet change to frozen version normal on input l
ine 347.
LaTeX Font Info:    No math alphabet change to frozen version normal on input l
ine 347.
LaTeX Font Info:    No math alphabet change to frozen version normal on input l
ine 347.
LaTeX Font Info:    No math alphabet change to frozen version normal on input l
ine 347.
LaTeX Font Info:    No math alphabet change to frozen version normal on input l
ine 347.
LaTeX Font Info:    No math alphabet change to frozen version normal on input l
ine 347.
LaTeX Font Info:    No math alphabet change to frozen version normal on input l
ine 347.
LaTeX Font Info:    No math alphabet change to frozen version normal on input l
ine 347.
LaTeX Font Info:    No math alphabet change to frozen version normal on input l
ine 347.
LaTeX Font Info:    No math alphabet change to frozen version normal on input l
ine 347.
LaTeX Font Info:    No math alphabet change to frozen version normal on input l
ine 347.
LaTeX Font Info:    No math alphabet change to frozen version normal on input l
ine 347.
LaTeX Font Info:    No math alphabet change to frozen version normal on input l
ine 347.
LaTeX Font Info:    No math alphabet change to frozen version normal on input l
ine 347.
LaTeX Font Info:    No math alphabet change to frozen version normal on input l
ine 347.
LaTeX Font Info:    No math alphabet change to frozen version normal on input l
ine 347.
LaTeX Font Info:    No math alphabet change to frozen version normal on input l
ine 347.
LaTeX Font Info:    No math alphabet change to frozen version normal on input l
ine 349.
LaTeX Font Info:    No math alphabet change to frozen version normal on input l
ine 349.
LaTeX Font Info:    No math alphabet change to frozen version normal on input l
ine 351.
LaTeX Font Info:    No math alphabet change to frozen version normal on input l
ine 351.
LaTeX Font Info:    No math alphabet change to frozen version normal on input l
ine 351.
LaTeX Font Info:    No math alphabet change to frozen version normal on input l
ine 351.
LaTeX Font Info:    No math alphabet change to frozen version normal on input l
ine 353.
LaTeX Font Info:    No math alphabet change to frozen version normal on input l
ine 353.
LaTeX Font Info:    No math alphabet change to frozen version normal on input l
ine 353.
LaTeX Font Info:    No math alphabet change to frozen version normal on input l
ine 353.
LaTeX Font Info:    No math alphabet change to frozen version normal on input l
ine 353.
LaTeX Font Info:    No math alphabet change to frozen version normal on input l
ine 353.
LaTeX Font Info:    No math alphabet change to frozen version normal on input l
ine 353.
LaTeX Font Info:    No math alphabet change to frozen version normal on input l
ine 353.
LaTeX Font Info:    No math alphabet change to frozen version normal on input l
ine 353.
LaTeX Font Info:    No math alphabet change to frozen version normal on input l
ine 353.
LaTeX Font Info:    No math alphabet change to frozen version normal on input l
ine 353.
LaTeX Font Info:    No math alphabet change to frozen version normal on input l
ine 353.
LaTeX Font Info:    No math alphabet change to frozen version normal on input l
ine 354.
LaTeX Font Info:    No math alphabet change to frozen version normal on input l
ine 354.
LaTeX Font Info:    No math alphabet change to frozen version normal on input l
ine 354.
LaTeX Font Info:    No math alphabet change to frozen version normal on input l
ine 354.
LaTeX Font Info:    No math alphabet change to frozen version normal on input l
ine 354.
LaTeX Font Info:    No math alphabet change to frozen version normal on input l
ine 354.
LaTeX Font Info:    No math alphabet change to frozen version normal on input l
ine 354.
LaTeX Font Info:    No math alphabet change to frozen version normal on input l
ine 354.
LaTeX Font Info:    No math alphabet change to frozen version normal on input l
ine 354.
LaTeX Font Info:    No math alphabet change to frozen version normal on input l
ine 354.
LaTeX Font Info:    No math alphabet change to frozen version normal on input l
ine 354.
LaTeX Font Info:    No math alphabet change to frozen version normal on input l
ine 354.
LaTeX Font Info:    No math alphabet change to frozen version normal on input l
ine 355.
LaTeX Font Info:    No math alphabet change to frozen version normal on input l
ine 355.
LaTeX Font Info:    No math alphabet change to frozen version normal on input l
ine 355.
LaTeX Font Info:    No math alphabet change to frozen version normal on input l
ine 355.
LaTeX Font Info:    No math alphabet change to frozen version normal on input l
ine 355.
LaTeX Font Info:    No math alphabet change to frozen version normal on input l
ine 355.
LaTeX Font Info:    No math alphabet change to frozen version normal on input l
ine 355.
LaTeX Font Info:    No math alphabet change to frozen version normal on input l
ine 356.
LaTeX Font Info:    No math alphabet change to frozen version normal on input l
ine 356.
LaTeX Font Info:    No math alphabet change to frozen version normal on input l
ine 356.
LaTeX Font Info:    No math alphabet change to frozen version normal on input l
ine 356.
LaTeX Font Info:    No math alphabet change to frozen version normal on input l
ine 356.
LaTeX Font Info:    No math alphabet change to frozen version normal on input l
ine 356.
LaTeX Font Info:    No math alphabet change to frozen version normal on input l
ine 356.
LaTeX Font Info:    No math alphabet change to frozen version normal on input l
ine 356.
LaTeX Font Info:    No math alphabet change to frozen version normal on input l
ine 356.
LaTeX Font Info:    No math alphabet change to frozen version normal on input l
ine 356.
LaTeX Font Info:    No math alphabet change to frozen version normal on input l
ine 356.
LaTeX Font Info:    No math alphabet change to frozen version normal on input l
ine 356.
LaTeX Font Info:    No math alphabet change to frozen version normal on input l
ine 356.
LaTeX Font Info:    No math alphabet change to frozen version normal on input l
ine 356.
LaTeX Font Info:    No math alphabet change to frozen version normal on input l
ine 356.
LaTeX Font Info:    No math alphabet change to frozen version normal on input l
ine 356.
LaTeX Font Info:    No math alphabet change to frozen version normal on input l
ine 356.
LaTeX Font Info:    No math alphabet change to frozen version normal on input l
ine 356.
LaTeX Font Info:    No math alphabet change to frozen version normal on input l
ine 356.
LaTeX Font Info:    No math alphabet change to frozen version normal on input l
ine 356.
LaTeX Font Info:    No math alphabet change to frozen version normal on input l
ine 356.
LaTeX Font Info:    No math alphabet change to frozen version normal on input l
ine 356.
LaTeX Font Info:    No math alphabet change to frozen version normal on input l
ine 356.
LaTeX Font Info:    No math alphabet change to frozen version normal on input l
ine 356.
LaTeX Font Info:    No math alphabet change to frozen version normal on input l
ine 356.
LaTeX Font Info:    No math alphabet change to frozen version normal on input l
ine 356.
LaTeX Font Info:    No math alphabet change to frozen version normal on input l
ine 356.
LaTeX Font Info:    No math alphabet change to frozen version normal on input l
ine 356.
LaTeX Font Info:    No math alphabet change to frozen version normal on input l
ine 356.
LaTeX Font Info:    No math alphabet change to frozen version normal on input l
ine 356.
LaTeX Font Info:    No math alphabet change to frozen version normal on input l
ine 356.
LaTeX Font Info:    No math alphabet change to frozen version normal on input l
ine 356.
LaTeX Font Info:    No math alphabet change to frozen version normal on input l
ine 356.
LaTeX Font Info:    No math alphabet change to frozen version normal on input l
ine 356.
LaTeX Font Info:    No math alphabet change to frozen version normal on input l
ine 356.
LaTeX Font Info:    No math alphabet change to frozen version normal on input l
ine 356.
LaTeX Font Info:    No math alphabet change to frozen version normal on input l
ine 356.
LaTeX Font Info:    No math alphabet change to frozen version normal on input l
ine 356.
LaTeX Font Info:    No math alphabet change to frozen version normal on input l
ine 357.
LaTeX Font Info:    No math alphabet change to frozen version normal on input l
ine 357.
LaTeX Font Info:    No math alphabet change to frozen version normal on input l
ine 357.
LaTeX Font Info:    No math alphabet change to frozen version normal on input l
ine 357.
LaTeX Font Info:    No math alphabet change to frozen version normal on input l
ine 357.
LaTeX Font Info:    No math alphabet change to frozen version normal on input l
ine 357.
LaTeX Font Info:    No math alphabet change to frozen version normal on input l
ine 357.
LaTeX Font Info:    No math alphabet change to frozen version normal on input l
ine 357.
LaTeX Font Info:    No math alphabet change to frozen version normal on input l
ine 357.
LaTeX Font Info:    No math alphabet change to frozen version normal on input l
ine 357.
LaTeX Font Info:    No math alphabet change to frozen version normal on input l
ine 357.
LaTeX Font Info:    No math alphabet change to frozen version normal on input l
ine 357.
LaTeX Font Info:    No math alphabet change to frozen version normal on input l
ine 357.
LaTeX Font Info:    No math alphabet change to frozen version normal on input l
ine 357.
LaTeX Font Info:    No math alphabet change to frozen version normal on input l
ine 357.
LaTeX Font Info:    No math alphabet change to frozen version normal on input l
ine 357.
LaTeX Font Info:    No math alphabet change to frozen version normal on input l
ine 357.
LaTeX Font Info:    No math alphabet change to frozen version normal on input l
ine 357.
LaTeX Font Info:    No math alphabet change to frozen version normal on input l
ine 357.
LaTeX Font Info:    No math alphabet change to frozen version normal on input l
ine 358.
LaTeX Font Info:    No math alphabet change to frozen version normal on input l
ine 359.
LaTeX Font Info:    No math alphabet change to frozen version normal on input l
ine 359.
LaTeX Font Info:    No math alphabet change to frozen version normal on input l
ine 360.
LaTeX Font Info:    No math alphabet change to frozen version normal on input l
ine 361.
LaTeX Font Info:    No math alphabet change to frozen version normal on input l
ine 363.
LaTeX Font Info:    No math alphabet change to frozen version normal on input l
ine 363.
LaTeX Font Info:    No math alphabet change to frozen version normal on input l
ine 363.
LaTeX Font Info:    No math alphabet change to frozen version normal on input l
ine 363.
LaTeX Font Info:    No math alphabet change to frozen version normal on input l
ine 364.
LaTeX Font Info:    No math alphabet change to frozen version normal on input l
ine 364.
LaTeX Font Info:    No math alphabet change to frozen version normal on input l
ine 364.
LaTeX Font Info:    No math alphabet change to frozen version normal on input l
ine 364.
LaTeX Font Info:    No math alphabet change to frozen version normal on input l
ine 364.
LaTeX Font Info:    No math alphabet change to frozen version normal on input l
ine 364.
LaTeX Font Info:    No math alphabet change to frozen version normal on input l
ine 364.
LaTeX Font Info:    No math alphabet change to frozen version normal on input l
ine 364.
LaTeX Font Info:    No math alphabet change to frozen version normal on input l
ine 364.
LaTeX Font Info:    No math alphabet change to frozen version normal on input l
ine 364.
LaTeX Font Info:    No math alphabet change to frozen version normal on input l
ine 364.
LaTeX Font Info:    No math alphabet change to frozen version normal on input l
ine 364.
LaTeX Font Info:    No math alphabet change to frozen version normal on input l
ine 364.
LaTeX Font Info:    No math alphabet change to frozen version normal on input l
ine 364.
LaTeX Font Info:    No math alphabet change to frozen version normal on input l
ine 364.
LaTeX Font Info:    No math alphabet change to frozen version normal on input l
ine 364.
LaTeX Font Info:    No math alphabet change to frozen version normal on input l
ine 364.
LaTeX Font Info:    No math alphabet change to frozen version normal on input l
ine 364.
LaTeX Font Info:    No math alphabet change to frozen version normal on input l
ine 364.
LaTeX Font Info:    No math alphabet change to frozen version normal on input l
ine 364.
LaTeX Font Info:    No math alphabet change to frozen version normal on input l
ine 364.
LaTeX Font Info:    No math alphabet change to frozen version normal on input l
ine 364.
LaTeX Font Info:    No math alphabet change to frozen version normal on input l
ine 364.
LaTeX Font Info:    No math alphabet change to frozen version normal on input l
ine 364.
LaTeX Font Info:    No math alphabet change to frozen version normal on input l
ine 364.
LaTeX Font Info:    No math alphabet change to frozen version normal on input l
ine 364.
LaTeX Font Info:    No math alphabet change to frozen version normal on input l
ine 364.
LaTeX Font Info:    No math alphabet change to frozen version normal on input l
ine 364.
LaTeX Font Info:    No math alphabet change to frozen version normal on input l
ine 364.
LaTeX Font Info:    No math alphabet change to frozen version normal on input l
ine 364.
LaTeX Font Info:    No math alphabet change to frozen version normal on input l
ine 365.
LaTeX Font Info:    No math alphabet change to frozen version normal on input l
ine 365.
LaTeX Font Info:    No math alphabet change to frozen version normal on input l
ine 365.
LaTeX Font Info:    No math alphabet change to frozen version normal on input l
ine 365.
LaTeX Font Info:    No math alphabet change to frozen version normal on input l
ine 365.
LaTeX Font Info:    No math alphabet change to frozen version normal on input l
ine 365.
LaTeX Font Info:    No math alphabet change to frozen version normal on input l
ine 365.
LaTeX Font Info:    No math alphabet change to frozen version normal on input l
ine 365.
LaTeX Font Info:    No math alphabet change to frozen version normal on input l
ine 365.
LaTeX Font Info:    No math alphabet change to frozen version normal on input l
ine 365.
LaTeX Font Info:    No math alphabet change to frozen version normal on input l
ine 365.
LaTeX Font Info:    No math alphabet change to frozen version normal on input l
ine 365.
LaTeX Font Info:    No math alphabet change to frozen version normal on input l
ine 365.
LaTeX Font Info:    No math alphabet change to frozen version normal on input l
ine 365.
LaTeX Font Info:    No math alphabet change to frozen version normal on input l
ine 365.
LaTeX Font Info:    No math alphabet change to frozen version normal on input l
ine 365.
LaTeX Font Info:    No math alphabet change to frozen version normal on input l
ine 365.
LaTeX Font Info:    No math alphabet change to frozen version normal on input l
ine 365.
LaTeX Font Info:    No math alphabet change to frozen version normal on input l
ine 365.
LaTeX Font Info:    No math alphabet change to frozen version normal on input l
ine 365.
LaTeX Font Info:    No math alphabet change to frozen version normal on input l
ine 365.
LaTeX Font Info:    No math alphabet change to frozen version normal on input l
ine 365.
LaTeX Font Info:    No math alphabet change to frozen version normal on input l
ine 365.
LaTeX Font Info:    No math alphabet change to frozen version normal on input l
ine 365.
LaTeX Font Info:    No math alphabet change to frozen version normal on input l
ine 365.
LaTeX Font Info:    No math alphabet change to frozen version normal on input l
ine 365.
LaTeX Font Info:    No math alphabet change to frozen version normal on input l
ine 365.
LaTeX Font Info:    No math alphabet change to frozen version normal on input l
ine 365.
LaTeX Font Info:    No math alphabet change to frozen version normal on input l
ine 365.
LaTeX Font Info:    No math alphabet change to frozen version normal on input l
ine 365.
LaTeX Font Info:    No math alphabet change to frozen version normal on input l
ine 367.
LaTeX Font Info:    No math alphabet change to frozen version normal on input l
ine 367.
LaTeX Font Info:    No math alphabet change to frozen version normal on input l
ine 369.
LaTeX Font Info:    No math alphabet change to frozen version normal on input l
ine 369.
LaTeX Font Info:    No math alphabet change to frozen version normal on input l
ine 369.
LaTeX Font Info:    No math alphabet change to frozen version normal on input l
ine 369.
LaTeX Font Info:    No math alphabet change to frozen version normal on input l
ine 369.
LaTeX Font Info:    No math alphabet change to frozen version normal on input l
ine 369.
LaTeX Font Info:    No math alphabet change to frozen version normal on input l
ine 369.
LaTeX Font Info:    No math alphabet change to frozen version normal on input l
ine 369.
LaTeX Font Info:    No math alphabet change to frozen version normal on input l
ine 369.
LaTeX Font Info:    No math alphabet change to frozen version normal on input l
ine 369.
LaTeX Font Info:    No math alphabet change to frozen version normal on input l
ine 369.
LaTeX Font Info:    No math alphabet change to frozen version normal on input l
ine 369.
LaTeX Font Info:    No math alphabet change to frozen version normal on input l
ine 369.

[2]
LaTeX Font Info:    No math alphabet change to frozen version normal on input l
ine 373.
LaTeX Font Info:    No math alphabet change to frozen version normal on input l
ine 373.
LaTeX Font Info:    No math alphabet change to frozen version normal on input l
ine 373.
LaTeX Font Info:    No math alphabet change to frozen version normal on input l
ine 373.
LaTeX Font Info:    No math alphabet change to frozen version normal on input l
ine 374.
LaTeX Font Info:    No math alphabet change to frozen version normal on input l
ine 374.
LaTeX Font Info:    No math alphabet change to frozen version normal on input l
ine 374.
LaTeX Font Info:    No math alphabet change to frozen version normal on input l
ine 374.
LaTeX Font Info:    No math alphabet change to frozen version normal on input l
ine 374.
LaTeX Font Info:    No math alphabet change to frozen version normal on input l
ine 374.
LaTeX Font Info:    No math alphabet change to frozen version normal on input l
ine 375.
LaTeX Font Info:    No math alphabet change to frozen version normal on input l
ine 375.
LaTeX Font Info:    No math alphabet change to frozen version normal on input l
ine 375.
LaTeX Font Info:    No math alphabet change to frozen version normal on input l
ine 375.
LaTeX Font Info:    No math alphabet change to frozen version normal on input l
ine 375.
LaTeX Font Info:    No math alphabet change to frozen version normal on input l
ine 375.
LaTeX Font Info:    No math alphabet change to frozen version normal on input l
ine 375.
LaTeX Font Info:    No math alphabet change to frozen version normal on input l
ine 375.
LaTeX Font Info:    No math alphabet change to frozen version normal on input l
ine 375.
LaTeX Font Info:    No math alphabet change to frozen version normal on input l
ine 375.
LaTeX Font Info:    No math alphabet change to frozen version normal on input l
ine 375.
LaTeX Font Info:    No math alphabet change to frozen version normal on input l
ine 375.
LaTeX Font Info:    No math alphabet change to frozen version normal on input l
ine 375.
LaTeX Font Info:    No math alphabet change to frozen version normal on input l
ine 375.
LaTeX Font Info:    No math alphabet change to frozen version normal on input l
ine 375.
LaTeX Font Info:    No math alphabet change to frozen version normal on input l
ine 375.
LaTeX Font Info:    No math alphabet change to frozen version normal on input l
ine 375.
LaTeX Font Info:    No math alphabet change to frozen version normal on input l
ine 375.
LaTeX Font Info:    No math alphabet change to frozen version normal on input l
ine 375.
LaTeX Font Info:    No math alphabet change to frozen version normal on input l
ine 375.
LaTeX Font Info:    No math alphabet change to frozen version normal on input l
ine 375.
LaTeX Font Info:    No math alphabet change to frozen version normal on input l
ine 375.
LaTeX Font Info:    No math alphabet change to frozen version normal on input l
ine 375.
LaTeX Font Info:    No math alphabet change to frozen version normal on input l
ine 375.
LaTeX Font Info:    No math alphabet change to frozen version normal on input l
ine 375.
LaTeX Font Info:    No math alphabet change to frozen version normal on input l
ine 375.
LaTeX Font Info:    No math alphabet change to frozen version normal on input l
ine 375.
LaTeX Font Info:    No math alphabet change to frozen version normal on input l
ine 375.
LaTeX Font Info:    No math alphabet change to frozen version normal on input l
ine 375.
LaTeX Font Info:    No math alphabet change to frozen version normal on input l
ine 375.
LaTeX Font Info:    No math alphabet change to frozen version normal on input l
ine 376.
LaTeX Font Info:    No math alphabet change to frozen version normal on input l
ine 376.
LaTeX Font Info:    No math alphabet change to frozen version normal on input l
ine 378.
LaTeX Font Info:    No math alphabet change to frozen version normal on input l
ine 380.
LaTeX Font Info:    No math alphabet change to frozen version normal on input l
ine 380.
LaTeX Font Info:    No math alphabet change to frozen version normal on input l
ine 380.
LaTeX Font Info:    No math alphabet change to frozen version normal on input l
ine 380.
LaTeX Font Info:    No math alphabet change to frozen version normal on input l
ine 381.
LaTeX Font Info:    No math alphabet change to frozen version normal on input l
ine 381.
LaTeX Font Info:    No math alphabet change to frozen version normal on input l
ine 381.
LaTeX Font Info:    No math alphabet change to frozen version normal on input l
ine 381.
LaTeX Font Info:    No math alphabet change to frozen version normal on input l
ine 381.
LaTeX Font Info:    No math alphabet change to frozen version normal on input l
ine 381.
LaTeX Font Info:    No math alphabet change to frozen version normal on input l
ine 381.
LaTeX Font Info:    No math alphabet change to frozen version normal on input l
ine 381.
LaTeX Font Info:    No math alphabet change to frozen version normal on input l
ine 381.
LaTeX Font Info:    No math alphabet change to frozen version normal on input l
ine 381.
LaTeX Font Info:    No math alphabet change to frozen version normal on input l
ine 381.
LaTeX Font Info:    No math alphabet change to frozen version normal on input l
ine 381.
LaTeX Font Info:    No math alphabet change to frozen version normal on input l
ine 381.
LaTeX Font Info:    No math alphabet change to frozen version normal on input l
ine 381.
LaTeX Font Info:    No math alphabet change to frozen version normal on input l
ine 381.
LaTeX Font Info:    No math alphabet change to frozen version normal on input l
ine 381.
LaTeX Font Info:    No math alphabet change to frozen version normal on input l
ine 381.
LaTeX Font Info:    No math alphabet change to frozen version normal on input l
ine 381.
LaTeX Font Info:    No math alphabet change to frozen version normal on input l
ine 382.
LaTeX Font Info:    No math alphabet change to frozen version normal on input l
ine 382.
LaTeX Font Info:    No math alphabet change to frozen version normal on input l
ine 382.
LaTeX Font Info:    No math alphabet change to frozen version normal on input l
ine 382.
LaTeX Font Info:    No math alphabet change to frozen version normal on input l
ine 382.
LaTeX Font Info:    No math alphabet change to frozen version normal on input l
ine 382.
LaTeX Font Info:    No math alphabet change to frozen version normal on input l
ine 382.
LaTeX Font Info:    No math alphabet change to frozen version normal on input l
ine 382.
LaTeX Font Info:    No math alphabet change to frozen version normal on input l
ine 382.
LaTeX Font Info:    No math alphabet change to frozen version normal on input l
ine 382.
LaTeX Font Info:    No math alphabet change to frozen version normal on input l
ine 382.
LaTeX Font Info:    No math alphabet change to frozen version normal on input l
ine 382.
LaTeX Font Info:    No math alphabet change to frozen version normal on input l
ine 383.
LaTeX Font Info:    No math alphabet change to frozen version normal on input l
ine 383.
LaTeX Font Info:    No math alphabet change to frozen version normal on input l
ine 385.
LaTeX Font Info:    No math alphabet change to frozen version normal on input l
ine 385.
LaTeX Font Info:    No math alphabet change to frozen version normal on input l
ine 385.
LaTeX Font Info:    No math alphabet change to frozen version normal on input l
ine 385.
LaTeX Font Info:    No math alphabet change to frozen version normal on input l
ine 385.
LaTeX Font Info:    No math alphabet change to frozen version normal on input l
ine 385.
LaTeX Font Info:    No math alphabet change to frozen version normal on input l
ine 385.
LaTeX Font Info:    No math alphabet change to frozen version normal on input l
ine 385.
LaTeX Font Info:    No math alphabet change to frozen version normal on input l
ine 385.
LaTeX Font Info:    No math alphabet change to frozen version normal on input l
ine 385.
LaTeX Font Info:    No math alphabet change to frozen version normal on input l
ine 385.
LaTeX Font Info:    No math alphabet change to frozen version normal on input l
ine 385.
LaTeX Font Info:    No math alphabet change to frozen version normal on input l
ine 385.
LaTeX Font Info:    No math alphabet change to frozen version normal on input l
ine 386.
LaTeX Font Info:    No math alphabet change to frozen version normal on input l
ine 386.
LaTeX Font Info:    No math alphabet change to frozen version normal on input l
ine 386.
LaTeX Font Info:    No math alphabet change to frozen version normal on input l
ine 386.
LaTeX Font Info:    No math alphabet change to frozen version normal on input l
ine 386.
LaTeX Font Info:    No math alphabet change to frozen version normal on input l
ine 386.
LaTeX Font Info:    No math alphabet change to frozen version normal on input l
ine 386.
LaTeX Font Info:    No math alphabet change to frozen version normal on input l
ine 386.
LaTeX Font Info:    No math alphabet change to frozen version normal on input l
ine 390.
LaTeX Font Info:    Font shape `U/cmsy/m/n' will be
(Font)              scaled to size 10.0pt on input line 391.
LaTeX Font Info:    Font shape `U/cmsy/m/n' will be
(Font)              scaled to size 7.3pt on input line 391.
LaTeX Font Info:    Font shape `U/cmsy/m/n' will be
(Font)              scaled to size 5.5pt on input line 391.
LaTeX Font Info:    Undo math alphabet allocation in version normal on input li
ne 391.
LaTeX Font Info:    No math alphabet change to frozen version normal on input l
ine 392.
LaTeX Font Info:    No math alphabet change to frozen version normal on input l
ine 392.
LaTeX Font Info:    No math alphabet change to frozen version normal on input l
ine 392.
LaTeX Font Info:    No math alphabet change to frozen version normal on input l
ine 392.
LaTeX Font Info:    Undo math alphabet allocation in version normal on input li
ne 393.
LaTeX Font Info:    No math alphabet change to frozen version normal on input l
ine 393.
LaTeX Font Info:    No math alphabet change to frozen version normal on input l
ine 393.
LaTeX Font Info:    No math alphabet change to frozen version normal on input l
ine 393.
LaTeX Font Info:    No math alphabet change to frozen version normal on input l
ine 393.
LaTeX Font Info:    No math alphabet change to frozen version normal on input l
ine 393.
LaTeX Font Info:    No math alphabet change to frozen version normal on input l
ine 393.
LaTeX Font Info:    No math alphabet change to frozen version normal on input l
ine 393.
LaTeX Font Info:    No math alphabet change to frozen version normal on input l
ine 393.
LaTeX Font Info:    No math alphabet change to frozen version normal on input l
ine 393.
LaTeX Font Info:    No math alphabet change to frozen version normal on input l
ine 393.
LaTeX Font Info:    No math alphabet change to frozen version normal on input l
ine 393.
LaTeX Font Info:    No math alphabet change to frozen version normal on input l
ine 394.
LaTeX Font Info:    No math alphabet change to frozen version normal on input l
ine 394.
LaTeX Font Info:    Undo math alphabet allocation in version normal on input li
ne 398.
LaTeX Font Info:    No math alphabet change to frozen version normal on input l
ine 400.
LaTeX Font Info:    No math alphabet change to frozen version normal on input l
ine 400.
LaTeX Font Info:    No math alphabet change to frozen version normal on input l
ine 400.
LaTeX Font Info:    No math alphabet change to frozen version normal on input l
ine 400.
LaTeX Font Info:    No math alphabet change to frozen version normal on input l
ine 401.
LaTeX Font Info:    No math alphabet change to frozen version normal on input l
ine 401.
LaTeX Font Info:    No math alphabet change to frozen version normal on input l
ine 401.
LaTeX Font Info:    No math alphabet change to frozen version normal on input l
ine 401.
LaTeX Font Info:    No math alphabet change to frozen version normal on input l
ine 401.
LaTeX Font Info:    No math alphabet change to frozen version normal on input l
ine 401.
LaTeX Font Info:    No math alphabet change to frozen version normal on input l
ine 401.
LaTeX Font Info:    No math alphabet change to frozen version normal on input l
ine 401.
LaTeX Font Info:    No math alphabet change to frozen version normal on input l
ine 401.
LaTeX Font Info:    No math alphabet change to frozen version normal on input l
ine 401.
LaTeX Font Info:    No math alphabet change to frozen version normal on input l
ine 401.
LaTeX Font Info:    No math alphabet change to frozen version normal on input l
ine 401.
LaTeX Font Info:    Undo math alphabet allocation in version normal on input li
ne 401.
LaTeX Font Info:    No math alphabet change to frozen version normal on input l
ine 401.
LaTeX Font Info:    No math alphabet change to frozen version normal on input l
ine 401.
LaTeX Font Info:    No math alphabet change to frozen version normal on input l
ine 401.
LaTeX Font Info:    No math alphabet change to frozen version normal on input l
ine 401.
LaTeX Font Info:    No math alphabet change to frozen version normal on input l
ine 401.
LaTeX Font Info:    No math alphabet change to frozen version normal on input l
ine 402.
LaTeX Font Info:    No math alphabet change to frozen version normal on input l
ine 402.
LaTeX Font Info:    No math alphabet change to frozen version normal on input l
ine 405.
LaTeX Font Info:    No math alphabet change to frozen version normal on input l
ine 405.
LaTeX Font Info:    No math alphabet change to frozen version normal on input l
ine 411.
LaTeX Font Info:    No math alphabet change to frozen version normal on input l
ine 411.
LaTeX Font Info:    No math alphabet change to frozen version normal on input l
ine 411.
LaTeX Font Info:    No math alphabet change to frozen version normal on input l
ine 411.
LaTeX Font Info:    No math alphabet change to frozen version normal on input l
ine 411.
LaTeX Font Info:    No math alphabet change to frozen version normal on input l
ine 411.
LaTeX Font Info:    No math alphabet change to frozen version normal on input l
ine 411.
LaTeX Font Info:    No math alphabet change to frozen version normal on input l
ine 415.
LaTeX Font Info:    No math alphabet change to frozen version normal on input l
ine 415.
LaTeX Font Info:    No math alphabet change to frozen version normal on input l
ine 415.
LaTeX Font Info:    No math alphabet change to frozen version normal on input l
ine 415.
LaTeX Font Info:    No math alphabet change to frozen version normal on input l
ine 415.
LaTeX Font Info:    No math alphabet change to frozen version normal on input l
ine 415.
LaTeX Font Info:    No math alphabet change to frozen version normal on input l
ine 415.
LaTeX Font Info:    No math alphabet change to frozen version normal on input l
ine 415.
LaTeX Font Info:    No math alphabet change to frozen version normal on input l
ine 415.
LaTeX Font Info:    No math alphabet change to frozen version normal on input l
ine 415.
LaTeX Font Info:    No math alphabet change to frozen version normal on input l
ine 415.
LaTeX Font Info:    No math alphabet change to frozen version normal on input l
ine 415.
LaTeX Font Info:    Undo math alphabet allocation in version normal on input li
ne 416.
LaTeX Font Info:    No math alphabet change to frozen version normal on input l
ine 418.
LaTeX Font Info:    No math alphabet change to frozen version normal on input l
ine 418.
LaTeX Font Info:    No math alphabet change to frozen version normal on input l
ine 418.
LaTeX Font Info:    No math alphabet change to frozen version normal on input l
ine 418.
LaTeX Font Info:    No math alphabet change to frozen version normal on input l
ine 420.
LaTeX Font Info:    No math alphabet change to frozen version normal on input l
ine 420.
LaTeX Font Info:    No math alphabet change to frozen version normal on input l
ine 420.
LaTeX Font Info:    No math alphabet change to frozen version normal on input l
ine 420.
LaTeX Font Info:    No math alphabet change to frozen version normal on input l
ine 420.
LaTeX Font Info:    No math alphabet change to frozen version normal on input l
ine 420.
LaTeX Font Info:    No math alphabet change to frozen version normal on input l
ine 420.
LaTeX Font Info:    No math alphabet change to frozen version normal on input l
ine 420.
LaTeX Font Info:    No math alphabet change to frozen version normal on input l
ine 420.
LaTeX Font Info:    No math alphabet change to frozen version normal on input l
ine 420.
LaTeX Font Info:    No math alphabet change to frozen version normal on input l
ine 420.
LaTeX Font Info:    No math alphabet change to frozen version normal on input l
ine 420.
LaTeX Font Info:    No math alphabet change to frozen version normal on input l
ine 420.
LaTeX Font Info:    No math alphabet change to frozen version normal on input l
ine 421.
LaTeX Font Info:    No math alphabet change to frozen version normal on input l
ine 421.
LaTeX Font Info:    No math alphabet change to frozen version normal on input l
ine 421.
LaTeX Font Info:    No math alphabet change to frozen version normal on input l
ine 421.
LaTeX Font Info:    No math alphabet change to frozen version normal on input l
ine 421.
LaTeX Font Info:    No math alphabet change to frozen version normal on input l
ine 421.
LaTeX Font Info:    No math alphabet change to frozen version normal on input l
ine 421.
LaTeX Font Info:    No math alphabet change to frozen version normal on input l
ine 421.
LaTeX Font Info:    No math alphabet change to frozen version normal on input l
ine 421.
LaTeX Font Info:    No math alphabet change to frozen version normal on input l
ine 421.
LaTeX Font Info:    No math alphabet change to frozen version normal on input l
ine 421.
LaTeX Font Info:    No math alphabet change to frozen version normal on input l
ine 421.
LaTeX Font Info:    No math alphabet change to frozen version normal on input l
ine 421.
LaTeX Font Info:    No math alphabet change to frozen version normal on input l
ine 421.
LaTeX Font Info:    No math alphabet change to frozen version normal on input l
ine 421.
LaTeX Font Info:    No math alphabet change to frozen version normal on input l
ine 421.
LaTeX Font Info:    No math alphabet change to frozen version normal on input l
ine 421.
LaTeX Font Info:    No math alphabet change to frozen version normal on input l
ine 421.
LaTeX Font Info:    No math alphabet change to frozen version normal on input l
ine 421.
LaTeX Font Info:    No math alphabet change to frozen version normal on input l
ine 421.
LaTeX Font Info:    No math alphabet change to frozen version normal on input l
ine 422.
LaTeX Font Info:    No math alphabet change to frozen version normal on input l
ine 422.
LaTeX Font Info:    No math alphabet change to frozen version normal on input l
ine 422.
LaTeX Font Info:    No math alphabet change to frozen version normal on input l
ine 422.
LaTeX Font Info:    No math alphabet change to frozen version normal on input l
ine 422.
LaTeX Font Info:    No math alphabet change to frozen version normal on input l
ine 422.
LaTeX Font Info:    No math alphabet change to frozen version normal on input l
ine 422.
LaTeX Font Info:    No math alphabet change to frozen version normal on input l
ine 422.
LaTeX Font Info:    No math alphabet change to frozen version normal on input l
ine 422.
LaTeX Font Info:    No math alphabet change to frozen version normal on input l
ine 422.
LaTeX Font Info:    No math alphabet change to frozen version normal on input l
ine 422.
LaTeX Font Info:    No math alphabet change to frozen version normal on input l
ine 422.
LaTeX Font Info:    No math alphabet change to frozen version normal on input l
ine 422.
LaTeX Font Info:    No math alphabet change to frozen version normal on input l
ine 423.
LaTeX Font Info:    No math alphabet change to frozen version normal on input l
ine 424.
LaTeX Font Info:    No math alphabet change to frozen version normal on input l
ine 424.
LaTeX Font Info:    No math alphabet change to frozen version normal on input l
ine 425.
LaTeX Font Info:    No math alphabet change to frozen version normal on input l
ine 425.
LaTeX Font Info:    No math alphabet change to frozen version normal on input l
ine 425.
LaTeX Font Info:    No math alphabet change to frozen version normal on input l
ine 425.
LaTeX Font Info:    No math alphabet change to frozen version normal on input l
ine 425.
LaTeX Font Info:    No math alphabet change to frozen version normal on input l
ine 425.
LaTeX Font Info:    No math alphabet change to frozen version normal on input l
ine 425.
LaTeX Font Info:    No math alphabet change to frozen version normal on input l
ine 425.
LaTeX Font Info:    No math alphabet change to frozen version normal on input l
ine 425.
LaTeX Font Info:    No math alphabet change to frozen version normal on input l
ine 425.
LaTeX Font Info:    No math alphabet change to frozen version normal on input l
ine 425.
LaTeX Font Info:    No math alphabet change to frozen version normal on input l
ine 425.
LaTeX Font Info:    No math alphabet change to frozen version normal on input l
ine 425.
LaTeX Font Info:    No math alphabet change to frozen version normal on input l
ine 426.
LaTeX Font Info:    No math alphabet change to frozen version normal on input l
ine 426.
LaTeX Font Info:    No math alphabet change to frozen version normal on input l
ine 426.
LaTeX Font Info:    No math alphabet change to frozen version normal on input l
ine 426.
LaTeX Font Info:    No math alphabet change to frozen version normal on input l
ine 426.
LaTeX Font Info:    No math alphabet change to frozen version normal on input l
ine 426.
LaTeX Font Info:    No math alphabet change to frozen version normal on input l
ine 426.
LaTeX Font Info:    No math alphabet change to frozen version normal on input l
ine 426.
LaTeX Font Info:    No math alphabet change to frozen version normal on input l
ine 426.
LaTeX Font Info:    No math alphabet change to frozen version normal on input l
ine 426.
LaTeX Font Info:    No math alphabet change to frozen version normal on input l
ine 426.
LaTeX Font Info:    No math alphabet change to frozen version normal on input l
ine 426.
LaTeX Font Info:    No math alphabet change to frozen version normal on input l
ine 427.
LaTeX Font Info:    No math alphabet change to frozen version normal on input l
ine 427.
LaTeX Font Info:    No math alphabet change to frozen version normal on input l
ine 427.
LaTeX Font Info:    No math alphabet change to frozen version normal on input l
ine 427.
LaTeX Font Info:    No math alphabet change to frozen version normal on input l
ine 427.
LaTeX Font Info:    No math alphabet change to frozen version normal on input l
ine 427.
LaTeX Font Info:    No math alphabet change to frozen version normal on input l
ine 427.
LaTeX Font Info:    No math alphabet change to frozen version normal on input l
ine 429.
LaTeX Font Info:    No math alphabet change to frozen version normal on input l
ine 429.
LaTeX Font Info:    No math alphabet change to frozen version normal on input l
ine 429.
LaTeX Font Info:    No math alphabet change to frozen version normal on input l
ine 429.
LaTeX Font Info:    Undo math alphabet allocation in version normal on input li
ne 432.
LaTeX Font Info:    No math alphabet change to frozen version normal on input l
ine 432.
LaTeX Font Info:    No math alphabet change to frozen version normal on input l
ine 432.
LaTeX Font Info:    No math alphabet change to frozen version normal on input l
ine 432.
LaTeX Font Info:    No math alphabet change to frozen version normal on input l
ine 432.
LaTeX Font Info:    No math alphabet change to frozen version normal on input l
ine 432.
LaTeX Font Info:    No math alphabet change to frozen version normal on input l
ine 432.
LaTeX Font Info:    No math alphabet change to frozen version normal on input l
ine 432.
LaTeX Font Info:    No math alphabet change to frozen version normal on input l
ine 432.
LaTeX Font Info:    No math alphabet change to frozen version normal on input l
ine 433.
LaTeX Font Info:    No math alphabet change to frozen version normal on input l
ine 435.
LaTeX Font Info:    No math alphabet change to frozen version normal on input l
ine 435.
LaTeX Font Info:    No math alphabet change to frozen version normal on input l
ine 435.
LaTeX Font Info:    No math alphabet change to frozen version normal on input l
ine 435.
LaTeX Font Info:    No math alphabet change to frozen version normal on input l
ine 435.
LaTeX Font Info:    No math alphabet change to frozen version normal on input l
ine 435.
LaTeX Font Info:    No math alphabet change to frozen version normal on input l
ine 435.
LaTeX Font Info:    No math alphabet change to frozen version normal on input l
ine 435.
LaTeX Font Info:    No math alphabet change to frozen version normal on input l
ine 435.
LaTeX Font Info:    No math alphabet change to frozen version normal on input l
ine 435.
LaTeX Font Info:    No math alphabet change to frozen version normal on input l
ine 435.
LaTeX Font Info:    No math alphabet change to frozen version normal on input l
ine 435.
LaTeX Font Info:    No math alphabet change to frozen version normal on input l
ine 435.
LaTeX Font Info:    No math alphabet change to frozen version normal on input l
ine 435.
LaTeX Font Info:    No math alphabet change to frozen version normal on input l
ine 435.
LaTeX Font Info:    No math alphabet change to frozen version normal on input l
ine 435.
LaTeX Font Info:    No math alphabet change to frozen version normal on input l
ine 435.
LaTeX Font Info:    No math alphabet change to frozen version normal on input l
ine 435.
LaTeX Font Info:    No math alphabet change to frozen version normal on input l
ine 435.
LaTeX Font Info:    No math alphabet change to frozen version normal on input l
ine 435.
LaTeX Font Info:    No math alphabet change to frozen version normal on input l
ine 435.
LaTeX Font Info:    No math alphabet change to frozen version normal on input l
ine 435.
LaTeX Font Info:    No math alphabet change to frozen version normal on input l
ine 435.
LaTeX Font Info:    No math alphabet change to frozen version normal on input l
ine 435.
LaTeX Font Info:    No math alphabet change to frozen version normal on input l
ine 435.
LaTeX Font Info:    No math alphabet change to frozen version normal on input l
ine 435.
LaTeX Font Info:    No math alphabet change to frozen version normal on input l
ine 435.
LaTeX Font Info:    No math alphabet change to frozen version normal on input l
ine 435.
LaTeX Font Info:    No math alphabet change to frozen version normal on input l
ine 435.
LaTeX Font Info:    No math alphabet change to frozen version normal on input l
ine 435.
LaTeX Font Info:    No math alphabet change to frozen version normal on input l
ine 435.
LaTeX Font Info:    No math alphabet change to frozen version normal on input l
ine 435.
LaTeX Font Info:    No math alphabet change to frozen version normal on input l
ine 435.
LaTeX Font Info:    No math alphabet change to frozen version normal on input l
ine 435.
LaTeX Font Info:    No math alphabet change to frozen version normal on input l
ine 435.
LaTeX Font Info:    No math alphabet change to frozen version normal on input l
ine 435.
LaTeX Font Info:    No math alphabet change to frozen version normal on input l
ine 435.
LaTeX Font Info:    No math alphabet change to frozen version normal on input l
ine 435.
LaTeX Font Info:    No math alphabet change to frozen version normal on input l
ine 435.
LaTeX Font Info:    No math alphabet change to frozen version normal on input l
ine 435.
LaTeX Font Info:    No math alphabet change to frozen version normal on input l
ine 435.
LaTeX Font Info:    No math alphabet change to frozen version normal on input l
ine 435.
LaTeX Font Info:    No math alphabet change to frozen version normal on input l
ine 435.
LaTeX Font Info:    No math alphabet change to frozen version normal on input l
ine 435.
LaTeX Font Info:    No math alphabet change to frozen version normal on input l
ine 435.
LaTeX Font Info:    No math alphabet change to frozen version normal on input l
ine 435.
LaTeX Font Info:    No math alphabet change to frozen version normal on input l
ine 435.
LaTeX Font Info:    No math alphabet change to frozen version normal on input l
ine 435.
LaTeX Font Info:    No math alphabet change to frozen version normal on input l
ine 435.
LaTeX Font Info:    No math alphabet change to frozen version normal on input l
ine 435.
LaTeX Font Info:    No math alphabet change to frozen version normal on input l
ine 436.
LaTeX Font Info:    No math alphabet change to frozen version normal on input l
ine 436.
LaTeX Font Info:    No math alphabet change to frozen version normal on input l
ine 436.
LaTeX Font Info:    No math alphabet change to frozen version normal on input l
ine 436.
LaTeX Font Info:    No math alphabet change to frozen version normal on input l
ine 436.
LaTeX Font Info:    No math alphabet change to frozen version normal on input l
ine 436.
LaTeX Font Info:    No math alphabet change to frozen version normal on input l
ine 436.
LaTeX Font Info:    No math alphabet change to frozen version normal on input l
ine 436.
LaTeX Font Info:    No math alphabet change to frozen version normal on input l
ine 436.
LaTeX Font Info:    No math alphabet change to frozen version normal on input l
ine 436.
LaTeX Font Info:    No math alphabet change to frozen version normal on input l
ine 436.
LaTeX Font Info:    No math alphabet change to frozen version normal on input l
ine 436.
LaTeX Font Info:    No math alphabet change to frozen version normal on input l
ine 437.
LaTeX Font Info:    No math alphabet change to frozen version normal on input l
ine 439.
LaTeX Font Info:    No math alphabet change to frozen version normal on input l
ine 439.
LaTeX Font Info:    No math alphabet change to frozen version normal on input l
ine 439.
LaTeX Font Info:    No math alphabet change to frozen version normal on input l
ine 439.
LaTeX Font Info:    No math alphabet change to frozen version normal on input l
ine 439.
LaTeX Font Info:    No math alphabet change to frozen version normal on input l
ine 439.
LaTeX Font Info:    No math alphabet change to frozen version normal on input l
ine 439.
LaTeX Font Info:    No math alphabet change to frozen version normal on input l
ine 439.
LaTeX Font Info:    No math alphabet change to frozen version normal on input l
ine 441.
LaTeX Font Info:    No math alphabet change to frozen version normal on input l
ine 441.
LaTeX Font Info:    No math alphabet change to frozen version normal on input l
ine 441.
LaTeX Font Info:    No math alphabet change to frozen version normal on input l
ine 442.
LaTeX Font Info:    No math alphabet change to frozen version normal on input l
ine 442.
LaTeX Font Info:    No math alphabet change to frozen version normal on input l
ine 442.
LaTeX Font Info:    No math alphabet change to frozen version normal on input l
ine 442.
LaTeX Font Info:    No math alphabet change to frozen version normal on input l
ine 442.
LaTeX Font Info:    No math alphabet change to frozen version normal on input l
ine 442.
LaTeX Font Info:    No math alphabet change to frozen version normal on input l
ine 442.
LaTeX Font Info:    No math alphabet change to frozen version normal on input l
ine 442.
LaTeX Font Info:    No math alphabet change to frozen version normal on input l
ine 442.
LaTeX Font Info:    No math alphabet change to frozen version normal on input l
ine 442.
LaTeX Font Info:    No math alphabet change to frozen version normal on input l
ine 442.
LaTeX Font Info:    No math alphabet change to frozen version normal on input l
ine 442.
LaTeX Font Info:    No math alphabet change to frozen version normal on input l
ine 442.
LaTeX Font Info:    No math alphabet change to frozen version normal on input l
ine 442.
LaTeX Font Info:    No math alphabet change to frozen version normal on input l
ine 442.
LaTeX Font Info:    No math alphabet change to frozen version normal on input l
ine 442.
LaTeX Font Info:    No math alphabet change to frozen version normal on input l
ine 442.
LaTeX Font Info:    No math alphabet change to frozen version normal on input l
ine 442.
LaTeX Font Info:    No math alphabet change to frozen version normal on input l
ine 442.
LaTeX Font Info:    No math alphabet change to frozen version normal on input l
ine 442.
LaTeX Font Info:    No math alphabet change to frozen version normal on input l
ine 442.
LaTeX Font Info:    No math alphabet change to frozen version normal on input l
ine 442.
LaTeX Font Info:    No math alphabet change to frozen version normal on input l
ine 442.
LaTeX Font Info:    No math alphabet change to frozen version normal on input l
ine 442.
LaTeX Font Info:    No math alphabet change to frozen version normal on input l
ine 442.
LaTeX Font Info:    No math alphabet change to frozen version normal on input l
ine 443.
LaTeX Font Info:    No math alphabet change to frozen version normal on input l
ine 444.
LaTeX Font Info:    No math alphabet change to frozen version normal on input l
ine 444.
LaTeX Font Info:    No math alphabet change to frozen version normal on input l
ine 446.
LaTeX Font Info:    No math alphabet change to frozen version normal on input l
ine 446.
LaTeX Font Info:    No math alphabet change to frozen version normal on input l
ine 446.
LaTeX Font Info:    No math alphabet change to frozen version normal on input l
ine 446.
LaTeX Font Info:    No math alphabet change to frozen version normal on input l
ine 446.
LaTeX Font Info:    No math alphabet change to frozen version normal on input l
ine 446.
LaTeX Font Info:    No math alphabet change to frozen version normal on input l
ine 446.
LaTeX Font Info:    No math alphabet change to frozen version normal on input l
ine 447.
LaTeX Font Info:    No math alphabet change to frozen version normal on input l
ine 447.
LaTeX Font Info:    No math alphabet change to frozen version normal on input l
ine 447.
LaTeX Font Info:    No math alphabet change to frozen version normal on input l
ine 447.
LaTeX Font Info:    No math alphabet change to frozen version normal on input l
ine 447.
LaTeX Font Info:    No math alphabet change to frozen version normal on input l
ine 447.
LaTeX Font Info:    No math alphabet change to frozen version normal on input l
ine 447.
LaTeX Font Info:    No math alphabet change to frozen version normal on input l
ine 448.
LaTeX Font Info:    No math alphabet change to frozen version normal on input l
ine 448.
LaTeX Font Info:    No math alphabet change to frozen version normal on input l
ine 448.
LaTeX Font Info:    No math alphabet change to frozen version normal on input l
ine 448.
LaTeX Font Info:    No math alphabet change to frozen version normal on input l
ine 448.
LaTeX Font Info:    No math alphabet change to frozen version normal on input l
ine 448.
LaTeX Font Info:    Undo math alphabet allocation in version normal on input li
ne 449.

Overfull \hbox (12.31627pt too wide) in paragraph at lines 444--452
\T1/zpltlf/m/n/10 per-tur-ba-tion. We fur-ther in-tro-duce the ad-joint states 
$[]$
 []

LaTeX Font Info:    No math alphabet change to frozen version normal on input l
ine 452.
LaTeX Font Info:    No math alphabet change to frozen version normal on input l
ine 452.
LaTeX Font Info:    No math alphabet change to frozen version normal on input l
ine 452.
LaTeX Font Info:    No math alphabet change to frozen version normal on input l
ine 452.
LaTeX Font Info:    Undo math alphabet allocation in version normal on input li
ne 455.
LaTeX Font Info:    No math alphabet change to frozen version normal on input l
ine 455.
LaTeX Font Info:    No math alphabet change to frozen version normal on input l
ine 455.
LaTeX Font Info:    No math alphabet change to frozen version normal on input l
ine 455.
LaTeX Font Info:    No math alphabet change to frozen version normal on input l
ine 455.
LaTeX Font Info:    No math alphabet change to frozen version normal on input l
ine 455.
LaTeX Font Info:    No math alphabet change to frozen version normal on input l
ine 455.
LaTeX Font Info:    No math alphabet change to frozen version normal on input l
ine 455.
LaTeX Font Info:    No math alphabet change to frozen version normal on input l
ine 455.
LaTeX Font Info:    No math alphabet change to frozen version normal on input l
ine 456.
LaTeX Font Info:    No math alphabet change to frozen version normal on input l
ine 456.
LaTeX Font Info:    No math alphabet change to frozen version normal on input l
ine 456.
LaTeX Font Info:    No math alphabet change to frozen version normal on input l
ine 456.
LaTeX Font Info:    No math alphabet change to frozen version normal on input l
ine 456.
LaTeX Font Info:    No math alphabet change to frozen version normal on input l
ine 456.
LaTeX Font Info:    No math alphabet change to frozen version normal on input l
ine 456.
LaTeX Font Info:    No math alphabet change to frozen version normal on input l
ine 456.
LaTeX Font Info:    No math alphabet change to frozen version normal on input l
ine 456.
LaTeX Font Info:    No math alphabet change to frozen version normal on input l
ine 457.
LaTeX Font Info:    Undo math alphabet allocation in version normal on input li
ne 459.
LaTeX Font Info:    No math alphabet change to frozen version normal on input l
ine 459.
LaTeX Font Info:    No math alphabet change to frozen version normal on input l
ine 459.
LaTeX Font Info:    No math alphabet change to frozen version normal on input l
ine 459.
LaTeX Font Info:    No math alphabet change to frozen version normal on input l
ine 459.
LaTeX Font Info:    No math alphabet change to frozen version normal on input l
ine 459.
LaTeX Font Info:    No math alphabet change to frozen version normal on input l
ine 459.
LaTeX Font Info:    No math alphabet change to frozen version normal on input l
ine 459.
LaTeX Font Info:    No math alphabet change to frozen version normal on input l
ine 459.
LaTeX Font Info:    No math alphabet change to frozen version normal on input l
ine 460.
LaTeX Font Info:    No math alphabet change to frozen version normal on input l
ine 460.
LaTeX Font Info:    No math alphabet change to frozen version normal on input l
ine 460.
LaTeX Font Info:    No math alphabet change to frozen version normal on input l
ine 460.
LaTeX Font Info:    No math alphabet change to frozen version normal on input l
ine 460.
LaTeX Font Info:    No math alphabet change to frozen version normal on input l
ine 460.
LaTeX Font Info:    No math alphabet change to frozen version normal on input l
ine 460.
LaTeX Font Info:    No math alphabet change to frozen version normal on input l
ine 460.
LaTeX Font Info:    No math alphabet change to frozen version normal on input l
ine 460.
LaTeX Font Info:    No math alphabet change to frozen version normal on input l
ine 461.
LaTeX Font Info:    No math alphabet change to frozen version normal on input l
ine 461.
LaTeX Font Info:    No math alphabet change to frozen version normal on input l
ine 461.
LaTeX Font Info:    No math alphabet change to frozen version normal on input l
ine 461.
LaTeX Font Info:    No math alphabet change to frozen version normal on input l
ine 461.
LaTeX Font Info:    No math alphabet change to frozen version normal on input l
ine 461.
LaTeX Font Info:    No math alphabet change to frozen version normal on input l
ine 461.
LaTeX Font Info:    No math alphabet change to frozen version normal on input l
ine 461.
LaTeX Font Info:    No math alphabet change to frozen version normal on input l
ine 462.
LaTeX Font Info:    No math alphabet change to frozen version normal on input l
ine 463.
LaTeX Font Info:    No math alphabet change to frozen version normal on input l
ine 463.
LaTeX Font Info:    No math alphabet change to frozen version normal on input l
ine 463.
LaTeX Font Info:    No math alphabet change to frozen version normal on input l
ine 463.
LaTeX Font Info:    No math alphabet change to frozen version normal on input l
ine 463.
LaTeX Font Info:    No math alphabet change to frozen version normal on input l
ine 463.
LaTeX Font Info:    No math alphabet change to frozen version normal on input l
ine 463.
LaTeX Font Info:    No math alphabet change to frozen version normal on input l
ine 463.
LaTeX Font Info:    No math alphabet change to frozen version normal on input l
ine 463.
LaTeX Font Info:    No math alphabet change to frozen version normal on input l
ine 464.
LaTeX Font Info:    No math alphabet change to frozen version normal on input l
ine 464.
LaTeX Font Info:    No math alphabet change to frozen version normal on input l
ine 464.
LaTeX Font Info:    No math alphabet change to frozen version normal on input l
ine 464.
LaTeX Font Info:    No math alphabet change to frozen version normal on input l
ine 464.
LaTeX Font Info:    No math alphabet change to frozen version normal on input l
ine 464.
LaTeX Font Info:    No math alphabet change to frozen version normal on input l
ine 464.
LaTeX Font Info:    No math alphabet change to frozen version normal on input l
ine 464.
LaTeX Font Info:    No math alphabet change to frozen version normal on input l
ine 464.
LaTeX Font Info:    No math alphabet change to frozen version normal on input l
ine 466.
LaTeX Font Info:    No math alphabet change to frozen version normal on input l
ine 466.
LaTeX Font Info:    No math alphabet change to frozen version normal on input l
ine 466.
LaTeX Font Info:    No math alphabet change to frozen version normal on input l
ine 466.
LaTeX Font Info:    No math alphabet change to frozen version normal on input l
ine 466.
LaTeX Font Info:    No math alphabet change to frozen version normal on input l
ine 466.
LaTeX Font Info:    No math alphabet change to frozen version normal on input l
ine 466.
LaTeX Font Info:    No math alphabet change to frozen version normal on input l
ine 466.
LaTeX Font Info:    No math alphabet change to frozen version normal on input l
ine 466.
LaTeX Font Info:    No math alphabet change to frozen version normal on input l
ine 466.
LaTeX Font Info:    No math alphabet change to frozen version normal on input l
ine 466.
LaTeX Font Info:    No math alphabet change to frozen version normal on input l
ine 466.
LaTeX Font Info:    No math alphabet change to frozen version normal on input l
ine 466.
LaTeX Font Info:    No math alphabet change to frozen version normal on input l
ine 466.
LaTeX Font Info:    No math alphabet change to frozen version normal on input l
ine 466.
LaTeX Font Info:    No math alphabet change to frozen version normal on input l
ine 466.
LaTeX Font Info:    No math alphabet change to frozen version normal on input l
ine 466.
LaTeX Font Info:    No math alphabet change to frozen version normal on input l
ine 466.
LaTeX Font Info:    No math alphabet change to frozen version normal on input l
ine 466.
LaTeX Font Info:    No math alphabet change to frozen version normal on input l
ine 466.
LaTeX Font Info:    No math alphabet change to frozen version normal on input l
ine 466.
LaTeX Font Info:    No math alphabet change to frozen version normal on input l
ine 466.
LaTeX Font Info:    No math alphabet change to frozen version normal on input l
ine 466.
LaTeX Font Info:    No math alphabet change to frozen version normal on input l
ine 466.
LaTeX Font Info:    No math alphabet change to frozen version normal on input l
ine 466.
LaTeX Font Info:    No math alphabet change to frozen version normal on input l
ine 466.
LaTeX Font Info:    No math alphabet change to frozen version normal on input l
ine 466.
LaTeX Font Info:    No math alphabet change to frozen version normal on input l
ine 466.
LaTeX Font Info:    No math alphabet change to frozen version normal on input l
ine 466.
LaTeX Font Info:    No math alphabet change to frozen version normal on input l
ine 466.
LaTeX Font Info:    No math alphabet change to frozen version normal on input l
ine 466.
LaTeX Font Info:    No math alphabet change to frozen version normal on input l
ine 467.
LaTeX Font Info:    No math alphabet change to frozen version normal on input l
ine 467.
LaTeX Font Info:    No math alphabet change to frozen version normal on input l
ine 467.
LaTeX Font Info:    No math alphabet change to frozen version normal on input l
ine 467.
LaTeX Font Info:    No math alphabet change to frozen version normal on input l
ine 467.
LaTeX Font Info:    No math alphabet change to frozen version normal on input l
ine 467.
LaTeX Font Info:    No math alphabet change to frozen version normal on input l
ine 467.
LaTeX Font Info:    No math alphabet change to frozen version normal on input l
ine 467.
LaTeX Font Info:    No math alphabet change to frozen version normal on input l
ine 467.
LaTeX Font Info:    No math alphabet change to frozen version normal on input l
ine 467.
LaTeX Font Info:    No math alphabet change to frozen version normal on input l
ine 467.
LaTeX Font Info:    No math alphabet change to frozen version normal on input l
ine 467.
LaTeX Font Info:    No math alphabet change to frozen version normal on input l
ine 467.
LaTeX Font Info:    No math alphabet change to frozen version normal on input l
ine 467.
LaTeX Font Info:    No math alphabet change to frozen version normal on input l
ine 467.
LaTeX Font Info:    No math alphabet change to frozen version normal on input l
ine 467.
LaTeX Font Info:    No math alphabet change to frozen version normal on input l
ine 467.
LaTeX Font Info:    No math alphabet change to frozen version normal on input l
ine 467.
LaTeX Font Info:    No math alphabet change to frozen version normal on input l
ine 467.
LaTeX Font Info:    No math alphabet change to frozen version normal on input l
ine 467.
LaTeX Font Info:    No math alphabet change to frozen version normal on input l
ine 467.
LaTeX Font Info:    No math alphabet change to frozen version normal on input l
ine 467.
LaTeX Font Info:    No math alphabet change to frozen version normal on input l
ine 467.
LaTeX Font Info:    No math alphabet change to frozen version normal on input l
ine 467.
LaTeX Font Info:    No math alphabet change to frozen version normal on input l
ine 467.
LaTeX Font Info:    No math alphabet change to frozen version normal on input l
ine 467.
LaTeX Font Info:    No math alphabet change to frozen version normal on input l
ine 467.
LaTeX Font Info:    No math alphabet change to frozen version normal on input l
ine 467.
LaTeX Font Info:    No math alphabet change to frozen version normal on input l
ine 467.
LaTeX Font Info:    No math alphabet change to frozen version normal on input l
ine 467.
LaTeX Font Info:    No math alphabet change to frozen version normal on input l
ine 467.
LaTeX Font Info:    No math alphabet change to frozen version normal on input l
ine 467.
LaTeX Font Info:    No math alphabet change to frozen version normal on input l
ine 468.
LaTeX Font Info:    No math alphabet change to frozen version normal on input l
ine 469.
LaTeX Font Info:    No math alphabet change to frozen version normal on input l
ine 470.
LaTeX Font Info:    No math alphabet change to frozen version normal on input l
ine 470.
LaTeX Font Info:    No math alphabet change to frozen version normal on input l
ine 472.
LaTeX Font Info:    No math alphabet change to frozen version normal on input l
ine 473.
LaTeX Font Info:    No math alphabet change to frozen version normal on input l
ine 473.
LaTeX Font Info:    No math alphabet change to frozen version normal on input l
ine 478.
LaTeX Font Info:    No math alphabet change to frozen version normal on input l
ine 478.
LaTeX Font Info:    No math alphabet change to frozen version normal on input l
ine 478.
LaTeX Font Info:    No math alphabet change to frozen version normal on input l
ine 478.
LaTeX Font Info:    No math alphabet change to frozen version normal on input l
ine 480.
LaTeX Font Info:    No math alphabet change to frozen version normal on input l
ine 480.
LaTeX Font Info:    No math alphabet change to frozen version normal on input l
ine 480.
LaTeX Font Info:    No math alphabet change to frozen version normal on input l
ine 480.
LaTeX Font Info:    No math alphabet change to frozen version normal on input l
ine 480.
LaTeX Font Info:    No math alphabet change to frozen version normal on input l
ine 480.
LaTeX Font Info:    No math alphabet change to frozen version normal on input l
ine 480.
LaTeX Font Info:    No math alphabet change to frozen version normal on input l
ine 480.
LaTeX Font Info:    No math alphabet change to frozen version normal on input l
ine 480.
LaTeX Font Info:    No math alphabet change to frozen version normal on input l
ine 480.
LaTeX Font Info:    No math alphabet change to frozen version normal on input l
ine 482.
LaTeX Font Info:    No math alphabet change to frozen version normal on input l
ine 482.
LaTeX Font Info:    No math alphabet change to frozen version normal on input l
ine 482.
LaTeX Font Info:    No math alphabet change to frozen version normal on input l
ine 482.
LaTeX Font Info:    No math alphabet change to frozen version normal on input l
ine 482.
LaTeX Font Info:    No math alphabet change to frozen version normal on input l
ine 482.
LaTeX Font Info:    No math alphabet change to frozen version normal on input l
ine 482.
LaTeX Font Info:    No math alphabet change to frozen version normal on input l
ine 482.
LaTeX Font Info:    No math alphabet change to frozen version normal on input l
ine 482.
LaTeX Font Info:    No math alphabet change to frozen version normal on input l
ine 482.
LaTeX Font Info:    No math alphabet change to frozen version normal on input l
ine 482.
LaTeX Font Info:    No math alphabet change to frozen version normal on input l
ine 482.
LaTeX Font Info:    No math alphabet change to frozen version normal on input l
ine 482.
LaTeX Font Info:    No math alphabet change to frozen version normal on input l
ine 482.
LaTeX Font Info:    No math alphabet change to frozen version normal on input l
ine 482.
LaTeX Font Info:    No math alphabet change to frozen version normal on input l
ine 482.
LaTeX Font Info:    No math alphabet change to frozen version normal on input l
ine 482.
LaTeX Font Info:    No math alphabet change to frozen version normal on input l
ine 482.
LaTeX Font Info:    No math alphabet change to frozen version normal on input l
ine 483.
LaTeX Font Info:    No math alphabet change to frozen version normal on input l
ine 483.
LaTeX Font Info:    No math alphabet change to frozen version normal on input l
ine 483.
LaTeX Font Info:    No math alphabet change to frozen version normal on input l
ine 483.
LaTeX Font Info:    No math alphabet change to frozen version normal on input l
ine 483.
LaTeX Font Info:    No math alphabet change to frozen version normal on input l
ine 483.
LaTeX Font Info:    No math alphabet change to frozen version normal on input l
ine 483.
LaTeX Font Info:    No math alphabet change to frozen version normal on input l
ine 483.
LaTeX Font Info:    No math alphabet change to frozen version normal on input l
ine 483.
LaTeX Font Info:    No math alphabet change to frozen version normal on input l
ine 483.
LaTeX Font Info:    No math alphabet change to frozen version normal on input l
ine 483.
LaTeX Font Info:    No math alphabet change to frozen version normal on input l
ine 483.
LaTeX Font Info:    No math alphabet change to frozen version normal on input l
ine 483.
LaTeX Font Info:    No math alphabet change to frozen version normal on input l
ine 483.
LaTeX Font Info:    No math alphabet change to frozen version normal on input l
ine 483.
LaTeX Font Info:    No math alphabet change to frozen version normal on input l
ine 483.
LaTeX Font Info:    No math alphabet change to frozen version normal on input l
ine 483.
LaTeX Font Info:    No math alphabet change to frozen version normal on input l
ine 483.
LaTeX Font Info:    No math alphabet change to frozen version normal on input l
ine 483.
LaTeX Font Info:    No math alphabet change to frozen version normal on input l
ine 483.
LaTeX Font Info:    No math alphabet change to frozen version normal on input l
ine 483.
LaTeX Font Info:    No math alphabet change to frozen version normal on input l
ine 483.
LaTeX Font Info:    No math alphabet change to frozen version normal on input l
ine 483.
LaTeX Font Info:    No math alphabet change to frozen version normal on input l
ine 483.
LaTeX Font Info:    No math alphabet change to frozen version normal on input l
ine 483.
LaTeX Font Info:    No math alphabet change to frozen version normal on input l
ine 483.
LaTeX Font Info:    No math alphabet change to frozen version normal on input l
ine 484.
LaTeX Font Info:    No math alphabet change to frozen version normal on input l
ine 484.
LaTeX Font Info:    No math alphabet change to frozen version normal on input l
ine 484.
LaTeX Font Info:    No math alphabet change to frozen version normal on input l
ine 484.
LaTeX Font Info:    No math alphabet change to frozen version normal on input l
ine 484.
LaTeX Font Info:    No math alphabet change to frozen version normal on input l
ine 484.
LaTeX Font Info:    No math alphabet change to frozen version normal on input l
ine 484.
LaTeX Font Info:    No math alphabet change to frozen version normal on input l
ine 484.
LaTeX Font Info:    No math alphabet change to frozen version normal on input l
ine 484.
LaTeX Font Info:    No math alphabet change to frozen version normal on input l
ine 484.
LaTeX Font Info:    No math alphabet change to frozen version normal on input l
ine 484.
LaTeX Font Info:    No math alphabet change to frozen version normal on input l
ine 484.
LaTeX Font Info:    No math alphabet change to frozen version normal on input l
ine 485.
LaTeX Font Info:    No math alphabet change to frozen version normal on input l
ine 487.
LaTeX Font Info:    No math alphabet change to frozen version normal on input l
ine 487.
LaTeX Font Info:    No math alphabet change to frozen version normal on input l
ine 487.
LaTeX Font Info:    No math alphabet change to frozen version normal on input l
ine 487.
LaTeX Font Info:    No math alphabet change to frozen version normal on input l
ine 487.
LaTeX Font Info:    No math alphabet change to frozen version normal on input l
ine 487.
LaTeX Font Info:    No math alphabet change to frozen version normal on input l
ine 487.
LaTeX Font Info:    No math alphabet change to frozen version normal on input l
ine 487.
LaTeX Font Info:    No math alphabet change to frozen version normal on input l
ine 489.
LaTeX Font Info:    No math alphabet change to frozen version normal on input l
ine 489.
LaTeX Font Info:    No math alphabet change to frozen version normal on input l
ine 489.
LaTeX Font Info:    No math alphabet change to frozen version normal on input l
ine 490.
LaTeX Font Info:    No math alphabet change to frozen version normal on input l
ine 490.
LaTeX Font Info:    No math alphabet change to frozen version normal on input l
ine 490.
LaTeX Font Info:    No math alphabet change to frozen version normal on input l
ine 490.
LaTeX Font Info:    No math alphabet change to frozen version normal on input l
ine 490.
LaTeX Font Info:    No math alphabet change to frozen version normal on input l
ine 490.
LaTeX Font Info:    No math alphabet change to frozen version normal on input l
ine 490.
LaTeX Font Info:    No math alphabet change to frozen version normal on input l
ine 490.
LaTeX Font Info:    No math alphabet change to frozen version normal on input l
ine 490.
LaTeX Font Info:    No math alphabet change to frozen version normal on input l
ine 490.
LaTeX Font Info:    No math alphabet change to frozen version normal on input l
ine 490.
LaTeX Font Info:    No math alphabet change to frozen version normal on input l
ine 490.
LaTeX Font Info:    No math alphabet change to frozen version normal on input l
ine 490.
LaTeX Font Info:    No math alphabet change to frozen version normal on input l
ine 490.
LaTeX Font Info:    No math alphabet change to frozen version normal on input l
ine 490.
LaTeX Font Info:    No math alphabet change to frozen version normal on input l
ine 490.
LaTeX Font Info:    No math alphabet change to frozen version normal on input l
ine 490.
LaTeX Font Info:    No math alphabet change to frozen version normal on input l
ine 490.
LaTeX Font Info:    No math alphabet change to frozen version normal on input l
ine 490.
LaTeX Font Info:    No math alphabet change to frozen version normal on input l
ine 490.
LaTeX Font Info:    No math alphabet change to frozen version normal on input l
ine 490.
LaTeX Font Info:    No math alphabet change to frozen version normal on input l
ine 490.
LaTeX Font Info:    No math alphabet change to frozen version normal on input l
ine 490.
LaTeX Font Info:    No math alphabet change to frozen version normal on input l
ine 490.
LaTeX Font Info:    No math alphabet change to frozen version normal on input l
ine 490.
LaTeX Font Info:    No math alphabet change to frozen version normal on input l
ine 491.
[3{C:/Users/bensl/AppData/Local/Programs/MiKTeX/fonts/enc/dvips/newpx/pxb-lms.e
nc}]
LaTeX Font Info:    No math alphabet change to frozen version normal on input l
ine 492.
LaTeX Font Info:    No math alphabet change to frozen version normal on input l
ine 492.
LaTeX Font Info:    No math alphabet change to frozen version normal on input l
ine 496.
LaTeX Font Info:    No math alphabet change to frozen version normal on input l
ine 496.
LaTeX Font Info:    No math alphabet change to frozen version normal on input l
ine 496.
LaTeX Font Info:    No math alphabet change to frozen version normal on input l
ine 496.
LaTeX Font Info:    No math alphabet change to frozen version normal on input l
ine 497.
LaTeX Font Info:    No math alphabet change to frozen version normal on input l
ine 497.
LaTeX Font Info:    No math alphabet change to frozen version normal on input l
ine 497.
LaTeX Font Info:    No math alphabet change to frozen version normal on input l
ine 497.
LaTeX Font Info:    No math alphabet change to frozen version normal on input l
ine 497.
LaTeX Font Info:    No math alphabet change to frozen version normal on input l
ine 497.
LaTeX Font Info:    No math alphabet change to frozen version normal on input l
ine 497.
LaTeX Font Info:    No math alphabet change to frozen version normal on input l
ine 497.
LaTeX Font Info:    No math alphabet change to frozen version normal on input l
ine 497.
LaTeX Font Info:    No math alphabet change to frozen version normal on input l
ine 497.
LaTeX Font Info:    No math alphabet change to frozen version normal on input l
ine 497.
LaTeX Font Info:    No math alphabet change to frozen version normal on input l
ine 497.
LaTeX Font Info:    No math alphabet change to frozen version normal on input l
ine 497.
LaTeX Font Info:    No math alphabet change to frozen version normal on input l
ine 497.
LaTeX Font Info:    No math alphabet change to frozen version normal on input l
ine 497.
LaTeX Font Info:    No math alphabet change to frozen version normal on input l
ine 497.
LaTeX Font Info:    No math alphabet change to frozen version normal on input l
ine 497.
LaTeX Font Info:    No math alphabet change to frozen version normal on input l
ine 497.
LaTeX Font Info:    No math alphabet change to frozen version normal on input l
ine 497.
LaTeX Font Info:    No math alphabet change to frozen version normal on input l
ine 497.
LaTeX Font Info:    No math alphabet change to frozen version normal on input l
ine 497.
LaTeX Font Info:    No math alphabet change to frozen version normal on input l
ine 497.
LaTeX Font Info:    No math alphabet change to frozen version normal on input l
ine 497.
LaTeX Font Info:    No math alphabet change to frozen version normal on input l
ine 497.
LaTeX Font Info:    No math alphabet change to frozen version normal on input l
ine 497.
LaTeX Font Info:    No math alphabet change to frozen version normal on input l
ine 497.
LaTeX Font Info:    No math alphabet change to frozen version normal on input l
ine 497.
LaTeX Font Info:    No math alphabet change to frozen version normal on input l
ine 497.
LaTeX Font Info:    No math alphabet change to frozen version normal on input l
ine 497.
LaTeX Font Info:    No math alphabet change to frozen version normal on input l
ine 497.
LaTeX Font Info:    No math alphabet change to frozen version normal on input l
ine 497.
LaTeX Font Info:    No math alphabet change to frozen version normal on input l
ine 497.
LaTeX Font Info:    No math alphabet change to frozen version normal on input l
ine 497.
LaTeX Font Info:    No math alphabet change to frozen version normal on input l
ine 497.
LaTeX Font Info:    No math alphabet change to frozen version normal on input l
ine 497.
LaTeX Font Info:    No math alphabet change to frozen version normal on input l
ine 497.
LaTeX Font Info:    No math alphabet change to frozen version normal on input l
ine 498.
LaTeX Font Info:    No math alphabet change to frozen version normal on input l
ine 498.
 (Euler-Voigt.bbl
LaTeX Font Info:    Font shape `T1/zpltlf/m/it' will be
(Font)              scaled to size 8.0pt on input line 7.
)
LaTeX Font Info:    Font shape `T1/zpltlf/m/sc' will be
(Font)              scaled to size 8.0pt on input line 513.
 [4] (Euler-Voigt.aux)
 ***********
LaTeX2e <2023-11-01> patch level 1
L3 programming layer <2020/03/25>
 ***********


LaTeX Font Warning: Size substitutions with differences
(Font)              up to 0.5pt have occurred.


LaTeX Warning: Label(s) may have changed. Rerun to get cross-references right.


Package rerunfilecheck Warning: File `Euler-Voigt.out' has changed.
(rerunfilecheck)                Rerun to get outlines right
(rerunfilecheck)                or use package `bookmark'.

Package rerunfilecheck Info: Checksums for `Euler-Voigt.out':
(rerunfilecheck)             Before: EF29E228C2E20BC69D7BBCF498521D73;822
(rerunfilecheck)             After:  3455AA4390BCEF03167DDF596C810C4E;789.
 ) 
Here is how much of TeX's memory you used:
 31154 strings out of 474486
 548990 string characters out of 5743755
 1953542 words of memory out of 5000000
 52578 multiletter control sequences out of 15000+600000
 645659 words of font info for 182 fonts, out of 8000000 for 9000
 1302 hyphenation exceptions out of 8191
 102i,18n,117p,3247b,576s stack positions out of 10000i,1000n,20000p,200000b,200000s
 <C:\Users\bensl\AppData\Local\MiKTeX\fonts/pk/ljfour/public/mathabx/dpi600\m
athb10.pk> <C:\Users\bensl\AppData\Local\MiKTeX\fonts/pk/ljfour/public/mathabx/
dpi600\mathb7.pk> <C:\Users\bensl\AppData\Local\MiKTeX\fonts/pk/ljfour/public/m
athabx/dpi600\mathx10.pk> <C:\Users\bensl\AppData\Local\MiKTeX\fonts/pk/ljfour/
public/mathabx/dpi600\matha5.pk> <C:\Users\bensl\AppData\Local\MiKTeX\fonts/pk/
ljfour/public/mathabx/dpi600\matha7.pk> <C:\Users\bensl\AppData\Local\MiKTeX\fo
nts/pk/ljfour/public/mathabx/dpi600\matha10.pk><C:/Users/bensl/AppData/Local/Pr
ograms/MiKTeX/fonts/type1/public/esstix/ESSTIX14.pfb><C:/Users/bensl/AppData/Lo
cal/Programs/MiKTeX/fonts/type1/public/newpx/NewPXBMI.pfb><C:/Users/bensl/AppDa
ta/Local/Programs/MiKTeX/fonts/type1/public/newpx/NewPXBMI_gnu.pfb><C:/Users/be
nsl/AppData/Local/Programs/MiKTeX/fonts/type1/public/newpx/NewPXMI.pfb><C:/User
s/bensl/AppData/Local/Programs/MiKTeX/fonts/type1/public/newpx/NewPXMI_gnu.pfb>
<C:/Users/bensl/AppData/Local/Programs/MiKTeX/fonts/type1/public/amsfonts/cm/cm
sy10.pfb><C:/Users/bensl/AppData/Local/Programs/MiKTeX/fonts/type1/public/amsfo
nts/cm/cmsy7.pfb><C:/Users/bensl/AppData/Local/Programs/MiKTeX/fonts/type1/publ
ic/newpx/pxbsys.pfb><C:/Users/bensl/AppData/Local/Programs/MiKTeX/fonts/type1/p
ublic/newpx/pxmiaX.pfb><C:/Users/bensl/AppData/Local/Programs/MiKTeX/fonts/type
1/public/newpx/pxsys.pfb><C:/Users/bensl/AppData/Local/Programs/MiKTeX/fonts/ty
pe1/public/newtx/txsym.pfb><C:/Users/bensl/AppData/Local/Programs/MiKTeX/fonts/
type1/urw/times/utmb8a.pfb><C:/Users/bensl/AppData/Local/Programs/MiKTeX/fonts/
type1/urw/times/utmr8a.pfb><C:/Users/bensl/AppData/Local/Programs/MiKTeX/fonts/
type1/public/newpx/zplb.pfb><C:/Users/bensl/AppData/Local/Programs/MiKTeX/fonts
/type1/public/newpx/zplr.pfb><C:/Users/bensl/AppData/Local/Programs/MiKTeX/font
s/type1/public/newpx/zplri.pfb>
Output written on Euler-Voigt.pdf (4 pages, 265204 bytes).
PDF statistics:
 294 PDF objects out of 1000 (max. 8388607)
 44 named destinations out of 1000 (max. 500000)
 53 words of extra memory for PDF output out of 10000 (max. 10000000)

