   6.28318530718       0.00000000000    
   12.5663706144      0.195637347869E-02
   18.8495559215      0.423113537947E-03
   25.1327412287      0.106491899650E-03
   31.4159265359      0.205938033493E-04
   37.6991118431      0.311522337146E-05
   43.9822971503      0.486886483666E-06
   50.2654824574      0.109603777496E-05
   56.5486677646      0.377244376161E-06
   62.8318530718      0.178759264106E-06
   69.1150383790      0.288067732082E-07
   75.3982236862      0.140817410158E-07
   81.6814089933      0.256605468519E-08
   87.9645943005      0.183840724282E-08
   94.2477796077      0.252651887226E-09
   100.530964915      0.167847350134E-09
   106.814150222      0.242497830895E-10
   113.097335529      0.221005886794E-10
   119.380520836      0.351903649874E-11
   125.663706144      0.290308584641E-11
   131.946891451      0.444272297159E-12
   138.230076758      0.453939582508E-12
   144.513262065      0.616202606759E-13
   150.796447372      0.727287907576E-13
   157.079632679      0.113184258014E-13
   163.362817987      0.117975802879E-13
   169.646003294      0.158947488210E-14
   175.929188601      0.191306337578E-14
   182.212373908      0.296213864188E-15
   188.495559215      0.295669682454E-15
   194.778744523      0.476689586046E-16
   201.061929830      0.456932656084E-16
   207.345115137      0.824581577586E-17
   213.628300444      0.641199339092E-17
   219.911485751      0.147168482833E-17
   226.194671058      0.848701103555E-18
   232.477856366      0.234187355580E-18
   238.761041673      0.120794176509E-18
   245.044226980      0.371494315883E-19
   251.327412287      0.174112466104E-19
   257.610597594      0.540592207083E-20
   263.893782902      0.249213573257E-20
   270.176968209      0.722635586427E-21
   276.460153516      0.356171649452E-21
   282.743338823      0.108335202475E-21
   289.026524130      0.474672050746E-22
   295.309709437      0.160627618570E-22
   301.592894745      0.693603695313E-23
   307.876080052      0.229813648729E-23
   314.159265359      0.103351222925E-23
   320.442450666      0.356871300921E-24
   326.725635973      0.150088231227E-24
   333.008821281      0.544124894560E-25
   339.292006588      0.231862360638E-25
   345.575191895      0.851098304677E-26
   351.858377202      0.371198845581E-26
   358.141562509      0.138418644876E-26
   364.424747816      0.610916209479E-27
   370.707933124      0.238517819898E-27
   376.991118431      0.989318004389E-28
   383.274303738      0.404293749098E-28
   389.557489045      0.169619409424E-28
   395.840674352      0.693757032398E-29
   402.123859659      0.293631930295E-29
   408.407044967      0.121396884691E-29
   414.690230274      0.517805309944E-30
   420.973415581      0.211464783042E-30
   427.256600888      0.907054622812E-31
   433.539786195      0.376570216331E-31
   439.822971503      0.161286544766E-31
   446.106156810      0.672414639047E-32
   452.389342117      0.296854372641E-32
   458.672527424      0.131140463296E-32
   464.955712731      0.629504504749E-33
   471.238898038      0.321580426775E-33
   477.522083346      0.203850119709E-33
   483.805268653      0.150822334547E-33
   490.088453960      0.129172726393E-33
   496.371639267      0.108522490318E-33
   502.654824574      0.119084621517E-33
   508.938009882      0.109410119494E-33
   515.221195189      0.111070432507E-33
   521.504380496      0.103490405880E-33
   527.787565803      0.102344367322E-33
   534.070751110      0.100204846478E-33
   540.353936417      0.993609837201E-34
   546.637121725      0.929416228802E-34
   552.920307032      0.900439613546E-34
   559.203492339      0.846658832341E-34
   565.486677646      0.819170809210E-34
   571.769862953      0.731011232490E-34
   578.053048261      0.685708604474E-34
   584.336233568      0.671687245541E-34
   590.619418875      0.651301706162E-34
   596.902604182      0.570701343002E-34
   603.185789489      0.545118629486E-34
   609.468974796      0.535455154949E-34
   615.752160104      0.494740171099E-34
   622.035345411      0.432117238680E-34
   628.318530718      0.432899558952E-34
   634.601716025      0.429735622782E-34
   640.884901332      0.393732677494E-34
   647.168086639      0.377421971821E-34
   653.451271947      0.372581412447E-34
   659.734457254      0.343141657685E-34
   666.017642561      0.324183341355E-34
   672.300827868      0.316545894643E-34
   678.584013175      0.289122237769E-34
   684.867198483      0.276770389105E-34
   691.150383790      0.249166861040E-34
   697.433569097      0.233516531488E-34
   703.716754404      0.219587981847E-34
   709.999939711      0.195704577423E-34
   716.283125018      0.187659475136E-34
   722.566310326      0.175575549506E-34
   728.849495633      0.151198997128E-34
   735.132680940      0.141412201134E-34
   741.415866247      0.129396325106E-34
   747.699051554      0.115994233104E-34
   753.982236862      0.102469593693E-34
   760.265422169      0.894246255033E-35
   766.548607476      0.785330425864E-35
   772.831792783      0.672555942946E-35
   779.114978090      0.630539461762E-35
   785.398163397      0.564664567007E-35
   791.681348705      0.498786345383E-35
   797.964534012      0.425861261359E-35
   804.247719319      0.415490693869E-35
   810.530904626      0.358301605331E-35
   816.814089933      0.309780920938E-35
   823.097275241      0.264712400111E-35
   829.380460548      0.233723921413E-35
   835.663645855      0.203092281912E-35
   841.946831162      0.163308386638E-35
   848.230016469      0.148993076271E-35
   854.513201776      0.128218966069E-35
   860.796387084      0.969063976086E-36
   867.079572391      0.759528163422E-36
   873.362757698      0.701165187063E-36
   879.645943005      0.554148184095E-36
   885.929128312      0.414883981853E-36
   892.212313620      0.234882667444E-36
   898.495498927      0.279575119193E-36
   904.778684234      0.188158693149E-36
   911.061869541      0.103318463558E-36
   917.345054848      0.187950266150E-37
   923.628240155      0.241191627230E-37
   929.911425463      0.306723606887E-38
   936.194610770       0.00000000000    
   942.477796077       0.00000000000    
   948.760981384       0.00000000000    
   955.044166691       0.00000000000    
   961.327351998       0.00000000000    
   967.610537306       0.00000000000    
   973.893722613       0.00000000000    
   980.176907920       0.00000000000    
   986.460093227       0.00000000000    
   992.743278534       0.00000000000    
   999.026463842       0.00000000000    
   1005.30964915       0.00000000000    
   1011.59283446       0.00000000000    
   1017.87601976       0.00000000000    
   1024.15920507       0.00000000000    
   1030.44239038       0.00000000000    
   1036.72557568       0.00000000000    
   1043.00876099       0.00000000000    
   1049.29194630       0.00000000000    
   1055.57513161       0.00000000000    
   1061.85831691       0.00000000000    
   1068.14150222       0.00000000000    
   1074.42468753       0.00000000000    
   1080.70787283       0.00000000000    
   1086.99105814       0.00000000000    
   1093.27424345       0.00000000000    
   1099.55742876       0.00000000000    
   1105.84061406       0.00000000000    
   1112.12379937       0.00000000000    
   1118.40698468       0.00000000000    
   1124.69016999       0.00000000000    
   1130.97335529       0.00000000000    
   1137.25654060       0.00000000000    
   1143.53972591       0.00000000000    
   1149.82291121       0.00000000000    
   1156.10609652       0.00000000000    
   1162.38928183       0.00000000000    
   1168.67246714       0.00000000000    
   1174.95565244       0.00000000000    
   1181.23883775       0.00000000000    
   1187.52202306       0.00000000000    
   1193.80520836       0.00000000000    
   1200.08839367       0.00000000000    
   1206.37157898       0.00000000000    
   1212.65476429       0.00000000000    
   1218.93794959       0.00000000000    
   1225.22113490       0.00000000000    
   1231.50432021       0.00000000000    
   1237.78750551       0.00000000000    
   1244.07069082       0.00000000000    
   1250.35387613       0.00000000000    
   1256.63706144       0.00000000000    
   1262.92024674       0.00000000000    
   1269.20343205       0.00000000000    
   1275.48661736       0.00000000000    
   1281.76980266       0.00000000000    
   1288.05298797       0.00000000000    
   1294.33617328       0.00000000000    
   1300.61935859       0.00000000000    
   1306.90254389       0.00000000000    
   1313.18572920       0.00000000000    
   1319.46891451       0.00000000000    
   1325.75209981       0.00000000000    
   1332.03528512       0.00000000000    
   1338.31847043       0.00000000000    
   1344.60165574       0.00000000000    
   1350.88484104       0.00000000000    
   1357.16802635       0.00000000000    
   1363.45121166       0.00000000000    
   1369.73439697       0.00000000000    
   1376.01758227       0.00000000000    
   1382.30076758       0.00000000000    
   1388.58395289       0.00000000000    
   1394.86713819       0.00000000000    
   6.28318530718      0.117550152877E-39
   12.5663706144      0.193856245788E-02
   18.8495559215      0.428281851374E-03
   25.1327412287      0.114370163963E-03
   31.4159265359      0.222999250655E-04
   37.6991118431      0.419036701364E-05
   43.9822971503      0.593433580665E-06
   50.2654824574      0.116052375721E-05
   56.5486677646      0.389210339136E-06
   62.8318530718      0.170822305720E-06
   69.1150383790      0.255734873697E-07
   75.3982236862      0.133470639100E-07
   81.6814089933      0.244279978816E-08
   87.9645943005      0.163565485371E-08
   94.2477796077      0.230124385819E-09
   100.530964915      0.157764458880E-09
   106.814150222      0.228033073932E-10
   113.097335529      0.211758003027E-10
   119.380520836      0.332243627095E-11
   125.663706144      0.285376201817E-11
   131.946891451      0.425920135078E-12
   138.230076758      0.447050375083E-12
   144.513262065      0.606781144137E-13
   150.796447372      0.718518266204E-13
   157.079632679      0.110713157130E-13
   163.362817987      0.115555484973E-13
   169.646003294      0.157446644814E-14
   175.929188601      0.185033380469E-14
   182.212373908      0.289407137120E-15
   188.495559215      0.284305791601E-15
   194.778744523      0.463013729126E-16
   201.061929830      0.437975301459E-16
   207.345115137      0.801133591026E-17
   213.628300444      0.616124769625E-17
   219.911485751      0.142139156731E-17
   226.194671058      0.817035856209E-18
   232.477856366      0.227521563597E-18
   238.761041673      0.116134813678E-18
   245.044226980      0.359870412442E-19
   251.327412287      0.167595950367E-19
   257.610597594      0.524733759808E-20
   263.893782902      0.239890034900E-20
   270.176968209      0.699756691237E-21
   276.460153516      0.342597640707E-21
   282.743338823      0.104664445548E-21
   289.026524130      0.456546339527E-22
   295.309709437      0.154570976000E-22
   301.592894745      0.665130226577E-23
   307.876080052      0.220960040876E-23
   314.159265359      0.993854856797E-24
   320.442450666      0.345123710768E-24
   326.725635973      0.145772083443E-24
   333.008821281      0.539307371730E-25
   339.292006588      0.229435720821E-25
   345.575191895      0.838160052395E-26
   351.858377202      0.368562728981E-26
   358.141562509      0.137439691727E-26
   364.424747816      0.612479403032E-27
   370.707933124      0.237911568464E-27
   376.991118431      0.989318697008E-28
   383.274303738      0.404294537104E-28
   389.557489045      0.169619495268E-28
   395.840674352      0.693753737055E-29
   402.123859659      0.293631692546E-29
   408.407044967      0.121392233000E-29
   414.690230274      0.517831501417E-30
   420.973415581      0.211428563519E-30
   427.256600888      0.907023398060E-31
   433.539786195      0.376525232894E-31
   439.822971503      0.161309220820E-31
   446.106156810      0.673068031493E-32
   452.389342117      0.297357445895E-32
   458.672527424      0.131442213517E-32
   464.955712731      0.635475840820E-33
   471.238898038      0.324630979527E-33
   477.522083346      0.207659203528E-33
   483.805268653      0.153630572325E-33
   490.088453960      0.134252914010E-33
   496.371639267      0.111581591040E-33
   502.654824574      0.125412864146E-33
   508.938009882      0.113126750257E-33
   515.221195189      0.118791897186E-33
   521.504380496      0.107076280157E-33
   527.787565803      0.106978990336E-33
   534.070751110      0.103331676397E-33
   540.353936417      0.103608713361E-33
   546.637121725      0.957993368505E-34
   552.920307032      0.935722755837E-34
   559.203492339      0.873292215702E-34
   565.486677646      0.862065149946E-34
   571.769862953      0.756900771778E-34
   578.053048261      0.716179533725E-34
   584.336233568      0.699631456044E-34
   590.619418875      0.682342420528E-34
   596.902604182      0.599335051587E-34
   603.185789489      0.628422789471E-34
   609.468974796      0.561981213946E-34
   615.752160104      0.573175073918E-34
   622.035345411      0.461464094807E-34
   628.318530718      0.462773043896E-34
   634.601716025      0.455489914685E-34
   640.884901332      0.422982520451E-34
   647.168086639      0.403047168075E-34
   653.451271947      0.406270769951E-34
   659.734457254      0.372068745721E-34
   666.017642561      0.368001806013E-34
   672.300827868      0.344197477503E-34
   678.584013175      0.320929256322E-34
   684.867198483      0.302753123294E-34
   691.150383790      0.279870111049E-34
   697.433569097      0.259465451499E-34
   703.716754404      0.275065391030E-34
   709.999939711      0.224186535463E-34
   716.283125018      0.263324678113E-34
   722.566310326      0.205186628664E-34
   728.849495633      0.181557999247E-34
   735.132680940      0.166078568770E-34
   741.415866247      0.158748520963E-34
   747.699051554      0.142376771672E-34
   753.982236862      0.134866402085E-34
   760.265422169      0.115439522953E-34
   766.548607476      0.112925240425E-34
   772.831792783      0.944041003396E-35
   779.114978090      0.921665835288E-35
   785.398163397      0.817041346694E-35
   791.681348705      0.819178283765E-35
   797.964534012      0.756530721771E-35
   804.247719319      0.172145953118E-34
   810.530904626      0.706447355037E-35
   816.814089933      0.570686860359E-35
   823.097275241      0.522269184761E-35
   829.380460548      0.476952477920E-35
   835.663645855      0.448088714561E-35
   841.946831162      0.384832602509E-35
   848.230016469      0.355691899206E-35
   854.513201776      0.343522185333E-35
   860.796387084      0.300291977320E-35
   867.079572391      0.281530858127E-35
   873.362757698      0.268362649431E-35
   879.645943005      0.254130298514E-35
   885.929128312      0.247837515050E-35
   892.212313620      0.207105447031E-35
   898.495498927      0.212470434541E-35
   904.778684234      0.200793827398E-35
   911.061869541      0.174752537058E-35
   917.345054848      0.171698640564E-35
   923.628240155      0.161229418515E-35
   929.911425463      0.163367561832E-35
   936.194610770      0.154659025666E-35
   942.477796077      0.149589898679E-35
   948.760981384      0.144330898472E-35
   955.044166691      0.138892463543E-35
   961.327351998      0.141504254632E-35
   967.610537306      0.135657702020E-35
   973.893722613      0.132236056241E-35
   980.176907920      0.134039060767E-35
   986.460093227      0.129736816620E-35
   992.743278534      0.124166877231E-35
   999.026463842      0.124668544530E-35
   1005.30964915      0.128752663417E-35
   1011.59283446      0.111414373874E-35
   1017.87601976      0.112638202400E-35
   1024.15920507      0.104360385788E-35
   1030.44239038      0.959907544743E-36
   1036.72557568      0.103890476685E-35
   1043.00876099      0.924365645272E-36
   1049.29194630      0.950713664749E-36
   1055.57513161      0.898484464746E-36
   1061.85831691      0.843816944263E-36
   1068.14150222      0.936062925402E-36
   1074.42468753      0.772353397090E-36
   1080.70787283      0.784073028126E-36
   1086.99105814      0.745767704856E-36
   1093.27424345      0.688502215836E-36
   1099.55742876      0.708593522715E-36
   1105.84061406      0.653403299303E-36
   1112.12379937      0.659903750371E-36
   1118.40698468      0.536835512582E-36
   1124.69016999      0.591602883584E-36
   1130.97335529      0.524016188513E-36
   1137.25654060      0.440451863856E-36
   1143.53972591      0.404293191983E-36
   1149.82291121      0.352597060160E-36
   1156.10609652      0.338732108302E-36
   1162.38928183      0.301668770425E-36
   1168.67246714      0.290729813903E-36
   1174.95565244      0.261831755523E-36
   1181.23883775      0.259478907412E-36
   1187.52202306      0.233872783452E-36
   1193.80520836      0.219881967721E-36
   1200.08839367      0.202955589829E-36
   1206.37157898      0.187025862408E-36
   1212.65476429      0.174479632073E-36
   1218.93794959      0.165984864562E-36
   1225.22113490      0.146654094445E-36
   1231.50432021      0.144143462806E-36
   1237.78750551      0.123370319095E-36
   1244.07069082      0.127218594435E-36
   1250.35387613      0.117747010645E-36
   1256.63706144      0.107881146410E-36
   1262.92024674      0.944147256233E-37
   1269.20343205      0.946092198224E-37
   1275.48661736      0.770908780301E-37
   1281.76980266      0.752564907124E-37
   1288.05298797      0.674283435976E-37
   1294.33617328      0.631701815819E-37
   1300.61935859      0.551390403288E-37
   1306.90254389      0.477234376133E-37
   1313.18572920      0.484974324663E-37
   1319.46891451      0.421115937541E-37
   1325.75209981      0.349960786792E-37
   1332.03528512      0.261079816792E-37
   1338.31847043      0.206390667948E-37
   1344.60165574      0.249238623867E-37
   1350.88484104      0.215293759994E-37
   1357.16802635      0.137689922066E-37
   1363.45121166      0.816300853879E-38
   1369.73439697      0.109685931099E-37
   1376.01758227      0.801431492849E-38
   1382.30076758      0.443077872467E-38
   1388.58395289      0.103608812025E-38
   1394.86713819      0.390080757598E-39
   6.28318530718      0.309761854958E-40
   12.5663706144      0.191263518616E-02
   18.8495559215      0.434986281464E-03
   25.1327412287      0.125138012890E-03
   31.4159265359      0.255881662438E-04
   37.6991118431      0.628745361553E-05
   43.9822971503      0.886312997216E-06
   50.2654824574      0.126811352528E-05
   56.5486677646      0.414297659721E-06
   62.8318530718      0.167532829047E-06
   69.1150383790      0.246390147890E-07
   75.3982236862      0.130825223687E-07
   81.6814089933      0.244637503639E-08
   87.9645943005      0.149462717686E-08
   94.2477796077      0.224482169244E-09
   100.530964915      0.152750165591E-09
   106.814150222      0.223790719198E-10
   113.097335529      0.207538456424E-10
   119.380520836      0.320789670230E-11
   125.663706144      0.283627366685E-11
   131.946891451      0.414218076821E-12
   138.230076758      0.442864731005E-12
   144.513262065      0.603611223749E-13
   150.796447372      0.710019756179E-13
   157.079632679      0.108919392773E-13
   163.362817987      0.113022809635E-13
   169.646003294      0.156439962513E-14
   175.929188601      0.178662491002E-14
   182.212373908      0.282895629179E-15
   188.495559215      0.272972351877E-15
   194.778744523      0.449190070029E-16
   201.061929830      0.418977472081E-16
   207.345115137      0.776107468851E-17
   213.628300444      0.590318711478E-17
   219.911485751      0.136607427498E-17
   226.194671058      0.783523333311E-18
   232.477856366      0.219475723770E-18
   238.761041673      0.111055157945E-18
   245.044226980      0.345610388558E-19
   251.327412287      0.160179881637E-19
   257.610597594      0.504322353202E-20
   263.893782902      0.228966716539E-20
   270.176968209      0.670449957552E-21
   276.460153516      0.326409194474E-21
   282.743338823      0.100001051303E-21
   289.026524130      0.434804183557E-22
   295.309709437      0.147137744270E-22
   301.592894745      0.632502361980E-23
   307.876080052      0.210483281018E-23
   314.159265359      0.948870721077E-24
   320.442450666      0.333293271725E-24
   326.725635973      0.141855676941E-24
   333.008821281      0.537033784285E-25
   339.292006588      0.228805265875E-25
   345.575191895      0.830415008239E-26
   351.858377202      0.367708013520E-26
   358.141562509      0.136695574326E-26
   364.424747816      0.614542892007E-27
   370.707933124      0.237476258055E-27
   376.991118431      0.989317904349E-28
   383.274303738      0.404296203532E-28
   389.557489045      0.169618684263E-28
   395.840674352      0.693745221232E-29
   402.123859659      0.293637467535E-29
   408.407044967      0.121399030752E-29
   414.690230274      0.517845840163E-30
   420.973415581      0.211397396738E-30
   427.256600888      0.907001087391E-31
   433.539786195      0.376560575797E-31
   439.822971503      0.161307994771E-31
   446.106156810      0.673258104955E-32
   452.389342117      0.297668033627E-32
   458.672527424      0.131761859974E-32
   464.955712731      0.639702330493E-33
   471.238898038      0.327529031286E-33
   477.522083346      0.210184379330E-33
   483.805268653      0.155381546493E-33
   490.088453960      0.137506073752E-33
   496.371639267      0.113681614615E-33
   502.654824574      0.130322838229E-33
   508.938009882      0.114997450772E-33
   515.221195189      0.126521764138E-33
   521.504380496      0.108712564187E-33
   527.787565803      0.109913445931E-33
   534.070751110      0.104655237037E-33
   540.353936417      0.105528667140E-33
   546.637121725      0.968589634644E-34
   552.920307032      0.950007220037E-34
   559.203492339      0.884603545370E-34
   565.486677646      0.885599946236E-34
   571.769862953      0.768457022416E-34
   578.053048261      0.727657494195E-34
   584.336233568      0.705333254270E-34
   590.619418875      0.687899169922E-34
   596.902604182      0.610585459539E-34
   603.185789489      0.632142883733E-34
   609.468974796      0.570897293655E-34
   615.752160104      0.583629405284E-34
   622.035345411      0.468747908864E-34
   628.318530718      0.470978315016E-34
   634.601716025      0.462711633512E-34
   640.884901332      0.431757208102E-34
   647.168086639      0.407039867949E-34
   653.451271947      0.416546053503E-34
   659.734457254      0.373770481339E-34
   666.017642561      0.370563465033E-34
   672.300827868      0.349058144377E-34
   678.584013175      0.321588866112E-34
   684.867198483      0.305044351553E-34
   691.150383790      0.285928495503E-34
   697.433569097      0.262686568919E-34
   703.716754404      0.285442102585E-34
   709.999939711      0.226188946186E-34
   716.283125018      0.262469970228E-34
   722.566310326      0.205979402817E-34
   728.849495633      0.184394924268E-34
   735.132680940      0.170171043789E-34
   741.415866247      0.163562257089E-34
   747.699051554      0.143533364008E-34
   753.982236862      0.143759352025E-34
   760.265422169      0.116853014685E-34
   766.548607476      0.118797350258E-34
   772.831792783      0.949739755918E-35
   779.114978090      0.936928850900E-35
   785.398163397      0.820258794586E-35
   791.681348705      0.881982626560E-35
   797.964534012      0.768384816618E-35
   804.247719319      0.242469466917E-34
   810.530904626      0.657340443746E-35
   816.814089933      0.570057377221E-35
   823.097275241      0.527242565570E-35
   829.380460548      0.468799619014E-35
   835.663645855      0.451895310649E-35
   841.946831162      0.394820887595E-35
   848.230016469      0.354506961653E-35
   854.513201776      0.350592700445E-35
   860.796387084      0.298248126765E-35
   867.079572391      0.286468926872E-35
   873.362757698      0.269187968646E-35
   879.645943005      0.247629644244E-35
   885.929128312      0.248430981772E-35
   892.212313620      0.215648425645E-35
   898.495498927      0.214582220516E-35
   904.778684234      0.197266209033E-35
   911.061869541      0.170528878469E-35
   917.345054848      0.174350378576E-35
   923.628240155      0.160592323961E-35
   929.911425463      0.161875020048E-35
   936.194610770      0.150220039560E-35
   942.477796077      0.153761331890E-35
   948.760981384      0.148777215386E-35
   955.044166691      0.148914528136E-35
   961.327351998      0.142193016495E-35
   967.610537306      0.135753423652E-35
   973.893722613      0.132651075505E-35
   980.176907920      0.127675033033E-35
   986.460093227      0.137286449220E-35
   992.743278534      0.127379596027E-35
   999.026463842      0.126428300263E-35
   1005.30964915      0.128890766333E-35
   1011.59283446      0.108633483228E-35
   1017.87601976      0.113461720652E-35
   1024.15920507      0.108796722515E-35
   1030.44239038      0.997183567792E-36
   1036.72557568      0.108275725397E-35
   1043.00876099      0.956164873853E-36
   1049.29194630      0.934819413422E-36
   1055.57513161      0.927739571251E-36
   1061.85831691      0.888626864119E-36
   1068.14150222      0.932756676179E-36
   1074.42468753      0.772755823688E-36
   1080.70787283      0.831386997199E-36
   1086.99105814      0.765426148656E-36
   1093.27424345      0.688049447905E-36
   1099.55742876      0.773636207482E-36
   1105.84061406      0.646148825647E-36
   1112.12379937      0.672120053496E-36
   1118.40698468      0.577426152756E-36
   1124.69016999      0.605041227130E-36
   1130.97335529      0.520526379196E-36
   1137.25654060      0.456044758116E-36
   1143.53972591      0.409263515367E-36
   1149.82291121      0.349714765581E-36
   1156.10609652      0.338525937033E-36
   1162.38928183      0.305456878525E-36
   1168.67246714      0.296977656057E-36
   1174.95565244      0.272538909169E-36
   1181.23883775      0.257999220254E-36
   1187.52202306      0.234363433559E-36
   1193.80520836      0.222669487279E-36
   1200.08839367      0.205568622523E-36
   1206.37157898      0.187673532667E-36
   1212.65476429      0.170950741673E-36
   1218.93794959      0.169221615537E-36
   1225.22113490      0.153966747290E-36
   1231.50432021      0.145552891622E-36
   1237.78750551      0.125079780861E-36
   1244.07069082      0.125425008477E-36
   1250.35387613      0.117809566404E-36
   1256.63706144      0.105278444665E-36
   1262.92024674      0.952212094643E-37
   1269.20343205      0.920575078896E-37
   1275.48661736      0.811437982674E-37
   1281.76980266      0.794960705921E-37
   1288.05298797      0.652173194709E-37
   1294.33617328      0.624476402149E-37
   1300.61935859      0.517449809968E-37
   1306.90254389      0.419390959199E-37
   1313.18572920      0.425201892428E-37
   1319.46891451      0.419082943591E-37
   1325.75209981      0.359262342889E-37
   1332.03528512      0.279658237536E-37
   1338.31847043      0.203011388247E-37
   1344.60165574      0.220012287089E-37
   1350.88484104      0.205379389414E-37
   1357.16802635      0.142038348418E-37
   1363.45121166      0.952933633612E-38
   1369.73439697      0.104354185245E-37
   1376.01758227      0.580447933822E-38
   1382.30076758      0.402961828987E-38
   1388.58395289      0.143766704447E-38
   1394.86713819      0.241255942713E-39
   6.28318530718      0.647606939978E-41
   12.5663706144      0.187914148323E-02
   18.8495559215      0.442773567938E-03
   25.1327412287      0.138202165830E-03
   31.4159265359      0.305445331555E-04
   37.6991118431      0.955944074811E-05
   43.9822971503      0.147627644103E-05
   50.2654824574      0.146799720598E-05
   56.5486677646      0.470745807206E-06
   62.8318530718      0.173636894094E-06
   69.1150383790      0.265990531053E-07
   75.3982236862      0.135129391906E-07
   81.6814089933      0.261995695122E-08
   87.9645943005      0.142707431200E-08
   94.2477796077      0.231629225184E-09
   100.530964915      0.152386951334E-09
   106.814150222      0.225284239501E-10
   113.097335529      0.208222593566E-10
   119.380520836      0.314277431654E-11
   125.663706144      0.284453920002E-11
   131.946891451      0.407871835572E-12
   138.230076758      0.440007778155E-12
   144.513262065      0.604020285746E-13
   150.796447372      0.700063913492E-13
   157.079632679      0.107472026786E-13
   163.362817987      0.110185015757E-13
   169.646003294      0.155487183962E-14
   175.929188601      0.171995773279E-14
   182.212373908      0.275980171657E-15
   188.495559215      0.261351692069E-15
   194.778744523      0.434317655495E-16
   201.061929830      0.399442675499E-16
   207.345115137      0.748308598099E-17
   213.628300444      0.563061437020E-17
   219.911485751      0.130478161673E-17
   226.194671058      0.747179137073E-18
   232.477856366      0.209958913313E-18
   238.761041673      0.105459249991E-18
   245.044226980      0.328717502643E-19
   251.327412287      0.151780353674E-19
   257.610597594      0.479406102251E-20
   263.893782902      0.216392035500E-20
   270.176968209      0.634953613589E-21
   276.460153516      0.307642137866E-21
   282.743338823      0.943746686508E-22
   289.026524130      0.409525120695E-22
   295.309709437      0.138380061450E-22
   301.592894745      0.595593972510E-23
   307.876080052      0.198462521507E-23
   314.159265359      0.899064935507E-24
   320.442450666      0.320478403894E-24
   326.725635973      0.138262549800E-24
   333.008821281      0.535036181026E-25
   339.292006588      0.230645377084E-25
   345.575191895      0.829125554846E-26
   351.858377202      0.368999001431E-26
   358.141562509      0.136329560194E-26
   364.424747816      0.617295923402E-27
   370.707933124      0.237105908681E-27
   376.991118431      0.989320149660E-28
   383.274303738      0.404296872015E-28
   389.557489045      0.169618895988E-28
   395.840674352      0.693750963495E-29
   402.123859659      0.293636106936E-29
   408.407044967      0.121402523333E-29
   414.690230274      0.517850116280E-30
   420.973415581      0.211391620937E-30
   427.256600888      0.906949017254E-31
   433.539786195      0.376608070413E-31
   439.822971503      0.161328656333E-31
   446.106156810      0.673467746396E-32
   452.389342117      0.297981373725E-32
   458.672527424      0.131859911225E-32
   464.955712731      0.644922037734E-33
   471.238898038      0.328861324250E-33
   477.522083346      0.211444786728E-33
   483.805268653      0.155835771271E-33
   490.088453960      0.140498894113E-33
   496.371639267      0.114958987818E-33
   502.654824574      0.136487809041E-33
   508.938009882      0.116134554083E-33
   515.221195189      0.130861211075E-33
   521.504380496      0.111967057728E-33
   527.787565803      0.113514142445E-33
   534.070751110      0.106247817339E-33
   540.353936417      0.107858569376E-33
   546.637121725      0.981718790270E-34
   552.920307032      0.970505202474E-34
   559.203492339      0.896128382494E-34
   565.486677646      0.885791668099E-34
   571.769862953      0.776692130865E-34
   578.053048261      0.738890021732E-34
   584.336233568      0.713992514186E-34
   590.619418875      0.693017883322E-34
   596.902604182      0.621824883116E-34
   603.185789489      0.631611905913E-34
   609.468974796      0.578595620784E-34
   615.752160104      0.576198638278E-34
   622.035345411      0.477866969342E-34
   628.318530718      0.483355289604E-34
   634.601716025      0.470494176916E-34
   640.884901332      0.442737353281E-34
   647.168086639      0.415165314960E-34
   653.451271947      0.422879257354E-34
   659.734457254      0.378270730735E-34
   666.017642561      0.376256077423E-34
   672.300827868      0.355674847139E-34
   678.584013175      0.327132460132E-34
   684.867198483      0.310961119532E-34
   691.150383790      0.287065806903E-34
   697.433569097      0.266580837652E-34
   703.716754404      0.280082878979E-34
   709.999939711      0.227083718285E-34
   716.283125018      0.260032285204E-34
   722.566310326      0.212739577578E-34
   728.849495633      0.184566771805E-34
   735.132680940      0.171710542498E-34
   741.415866247      0.162963464348E-34
   747.699051554      0.144100847968E-34
   753.982236862      0.139243844317E-34
   760.265422169      0.116447918040E-34
   766.548607476      0.113908920691E-34
   772.831792783      0.945366702332E-35
   779.114978090      0.935919523076E-35
   785.398163397      0.821127500507E-35
   791.681348705      0.837568013618E-35
   797.964534012      0.753445860098E-35
   804.247719319      0.182075436113E-34
   810.530904626      0.685435948951E-35
   816.814089933      0.581855484729E-35
   823.097275241      0.526220834259E-35
   829.380460548      0.475192602963E-35
   835.663645855      0.442778065180E-35
   841.946831162      0.393683311222E-35
   848.230016469      0.363161651152E-35
   854.513201776      0.346331483250E-35
   860.796387084      0.297431696213E-35
   867.079572391      0.275252635310E-35
   873.362757698      0.268641861681E-35
   879.645943005      0.246965100484E-35
   885.929128312      0.241183735376E-35
   892.212313620      0.205727929719E-35
   898.495498927      0.207014069238E-35
   904.778684234      0.195997103805E-35
   911.061869541      0.171607229500E-35
   917.345054848      0.179405842697E-35
   923.628240155      0.165111636812E-35
   929.911425463      0.157490031902E-35
   936.194610770      0.151336270857E-35
   942.477796077      0.151982949412E-35
   948.760981384      0.145968584684E-35
   955.044166691      0.142810612644E-35
   961.327351998      0.141362705312E-35
   967.610537306      0.134833461401E-35
   973.893722613      0.134093400780E-35
   980.176907920      0.133118472945E-35
   986.460093227      0.127264403713E-35
   992.743278534      0.123933306664E-35
   999.026463842      0.125484271082E-35
   1005.30964915      0.122968208975E-35
   1011.59283446      0.110606012119E-35
   1017.87601976      0.115199122668E-35
   1024.15920507      0.106425913741E-35
   1030.44239038      0.966510682651E-36
   1036.72557568      0.107449710929E-35
   1043.00876099      0.932077977388E-36
   1049.29194630      0.964448211701E-36
   1055.57513161      0.880353660194E-36
   1061.85831691      0.871380358603E-36
   1068.14150222      0.891484185301E-36
   1074.42468753      0.779085158020E-36
   1080.70787283      0.767165264058E-36
   1086.99105814      0.723930068080E-36
   1093.27424345      0.715103761379E-36
   1099.55742876      0.707778331774E-36
   1105.84061406      0.641600412074E-36
   1112.12379937      0.673432730920E-36
   1118.40698468      0.549899391732E-36
   1124.69016999      0.652943195547E-36
   1130.97335529      0.520948852240E-36
   1137.25654060      0.445328383083E-36
   1143.53972591      0.405031052448E-36
   1149.82291121      0.341981217664E-36
   1156.10609652      0.332325387757E-36
   1162.38928183      0.304918515015E-36
   1168.67246714      0.287500843270E-36
   1174.95565244      0.257105931555E-36
   1181.23883775      0.247957679511E-36
   1187.52202306      0.224656768701E-36
   1193.80520836      0.214754501055E-36
   1200.08839367      0.202905547809E-36
   1206.37157898      0.190828413464E-36
   1212.65476429      0.172303667841E-36
   1218.93794959      0.166719855964E-36
   1225.22113490      0.151517546916E-36
   1231.50432021      0.141573904750E-36
   1237.78750551      0.117960321661E-36
   1244.07069082      0.119984967877E-36
   1250.35387613      0.114097085894E-36
   1256.63706144      0.106342197919E-36
   1262.92024674      0.957037919030E-37
   1269.20343205      0.927091667894E-37
   1275.48661736      0.762611660979E-37
   1281.76980266      0.718681918293E-37
   1288.05298797      0.599543652232E-37
   1294.33617328      0.599295129297E-37
   1300.61935859      0.546166354848E-37
   1306.90254389      0.451353711570E-37
   1313.18572920      0.450542979221E-37
   1319.46891451      0.416265292708E-37
   1325.75209981      0.361392374644E-37
   1332.03528512      0.287060655413E-37
   1338.31847043      0.230312172250E-37
   1344.60165574      0.248007477397E-37
   1350.88484104      0.193323422682E-37
   1357.16802635      0.131528469760E-37
   1363.45121166      0.824200763509E-38
   1369.73439697      0.900532394288E-38
   1376.01758227      0.606386120973E-38
   1382.30076758      0.315936602105E-38
   1388.58395289      0.564673300641E-39
   1394.86713819      0.178292853436E-39
   6.28318530718      0.255757519023E-40
   12.5663706144      0.183879515943E-02
   18.8495559215      0.451227848622E-03
   25.1327412287      0.153002383964E-03
   31.4159265359      0.370366541043E-04
   37.6991118431      0.140711712445E-04
   43.9822971503      0.249042671837E-05
   50.2654824574      0.184216958909E-05
   56.5486677646      0.594760635594E-06
   62.8318530718      0.201249610077E-06
   69.1150383790      0.344804812718E-07
   75.3982236862      0.157670912254E-07
   81.6814089933      0.331508892483E-08
   87.9645943005      0.153822852267E-08
   94.2477796077      0.278610036873E-09
   100.530964915      0.166015173256E-09
   106.814150222      0.254845425481E-10
   113.097335529      0.222678362046E-10
   119.380520836      0.327940876552E-11
   125.663706144      0.294964791465E-11
   131.946891451      0.417398852279E-12
   138.230076758      0.442612365156E-12
   144.513262065      0.613957516519E-13
   150.796447372      0.691321088083E-13
   157.079632679      0.106780011107E-13
   163.362817987      0.107197289394E-13
   169.646003294      0.154824941957E-14
   175.929188601      0.165120467860E-14
   182.212373908      0.268705665700E-15
   188.495559215      0.249440423191E-15
   194.778744523      0.418612983542E-16
   201.061929830      0.379253702832E-16
   207.345115137      0.718069699150E-17
   213.628300444      0.534221039213E-17
   219.911485751      0.123860931575E-17
   226.194671058      0.707881418583E-18
   232.477856366      0.199181504844E-18
   238.761041673      0.993739367306E-19
   245.044226980      0.309619236162E-19
   251.327412287      0.142496391243E-19
   257.610597594      0.450650548374E-20
   263.893782902      0.202372991513E-20
   270.176968209      0.594320441540E-21
   276.460153516      0.286657752682E-21
   282.743338823      0.879367846546E-22
   289.026524130      0.381199162325E-22
   295.309709437      0.128527341129E-22
   301.592894745      0.554416900920E-23
   307.876080052      0.185119519740E-23
   314.159265359      0.843892652243E-24
   320.442450666      0.305858830755E-24
   326.725635973      0.134477145581E-24
   333.008821281      0.533005919946E-25
   339.292006588      0.234880979770E-25
   345.575191895      0.833366169820E-26
   351.858377202      0.372728299249E-26
   358.141562509      0.136301316007E-26
   364.424747816      0.621182798616E-27
   370.707933124      0.236675291579E-27
   376.991118431      0.989321660393E-28
   383.274303738      0.404298061496E-28
   389.557489045      0.169618250381E-28
   395.840674352      0.693753854205E-29
   402.123859659      0.293634884433E-29
   408.407044967      0.121402533047E-29
   414.690230274      0.517843663503E-30
   420.973415581      0.211385596392E-30
   427.256600888      0.906893997136E-31
   433.539786195      0.376602728907E-31
   439.822971503      0.161336851940E-31
   446.106156810      0.673758245725E-32
   452.389342117      0.298089822999E-32
   458.672527424      0.132093197079E-32
   464.955712731      0.647964768397E-33
   471.238898038      0.329710312718E-33
   477.522083346      0.214267710915E-33
   483.805268653      0.157542805379E-33
   490.088453960      0.144053308316E-33
   496.371639267      0.116676800164E-33
   502.654824574      0.140592395139E-33
   508.938009882      0.117740399899E-33
   515.221195189      0.130221224024E-33
   521.504380496      0.113932775603E-33
   527.787565803      0.116520155958E-33
   534.070751110      0.107605989208E-33
   540.353936417      0.110683667601E-33
   546.637121725      0.993277616170E-34
   552.920307032      0.982060134094E-34
   559.203492339      0.906194319404E-34
   565.486677646      0.902918839698E-34
   571.769862953      0.785024472526E-34
   578.053048261      0.746612819259E-34
   584.336233568      0.722459496701E-34
   590.619418875      0.708073267530E-34
   596.902604182      0.634934834006E-34
   603.185789489      0.630241582564E-34
   609.468974796      0.585011431461E-34
   615.752160104      0.591196035371E-34
   622.035345411      0.486955686298E-34
   628.318530718      0.486094946150E-34
   634.601716025      0.476927373954E-34
   640.884901332      0.449746900098E-34
   647.168086639      0.421527837644E-34
   653.451271947      0.424615654112E-34
   659.734457254      0.384771896643E-34
   666.017642561      0.381608153880E-34
   672.300827868      0.360978612600E-34
   678.584013175      0.329955561888E-34
   684.867198483      0.314590376046E-34
   691.150383790      0.291473723042E-34
   697.433569097      0.269732113683E-34
   703.716754404      0.285343841723E-34
   709.999939711      0.230575380010E-34
   716.283125018      0.247444716867E-34
   722.566310326      0.214188643942E-34
   728.849495633      0.189151615069E-34
   735.132680940      0.173003271694E-34
   741.415866247      0.166198314133E-34
   747.699051554      0.148775517195E-34
   753.982236862      0.148305904898E-34
   760.265422169      0.117966165774E-34
   766.548607476      0.115591557904E-34
   772.831792783      0.964304064719E-35
   779.114978090      0.957332446948E-35
   785.398163397      0.836458824470E-35
   791.681348705      0.839011125027E-35
   797.964534012      0.842378260158E-35
   804.247719319      0.160984866240E-34
   810.530904626      0.680801682698E-35
   816.814089933      0.572672452168E-35
   823.097275241      0.535818685225E-35
   829.380460548      0.475940460011E-35
   835.663645855      0.449920249610E-35
   841.946831162      0.399282622435E-35
   848.230016469      0.354983201105E-35
   854.513201776      0.355280264960E-35
   860.796387084      0.301069873035E-35
   867.079572391      0.283549588207E-35
   873.362757698      0.265439289927E-35
   879.645943005      0.243206106691E-35
   885.929128312      0.244509326330E-35
   892.212313620      0.210812550704E-35
   898.495498927      0.209703763754E-35
   904.778684234      0.196359449948E-35
   911.061869541      0.171834063609E-35
   917.345054848      0.172061424258E-35
   923.628240155      0.165769821892E-35
   929.911425463      0.155904391058E-35
   936.194610770      0.149383006692E-35
   942.477796077      0.153218503511E-35
   948.760981384      0.146325945087E-35
   955.044166691      0.144645861481E-35
   961.327351998      0.144040889047E-35
   967.610537306      0.140187361067E-35
   973.893722613      0.134729232009E-35
   980.176907920      0.133107299450E-35
   986.460093227      0.127464077089E-35
   992.743278534      0.125877654573E-35
   999.026463842      0.123601361822E-35
   1005.30964915      0.124887739137E-35
   1011.59283446      0.108432693732E-35
   1017.87601976      0.110239565985E-35
   1024.15920507      0.109233389247E-35
   1030.44239038      0.953586632349E-36
   1036.72557568      0.106365457450E-35
   1043.00876099      0.900207190276E-36
   1049.29194630      0.959713574093E-36
   1055.57513161      0.914323462475E-36
   1061.85831691      0.864357474413E-36
   1068.14150222      0.923897835215E-36
   1074.42468753      0.768764950792E-36
   1080.70787283      0.762368083918E-36
   1086.99105814      0.751741059049E-36
   1093.27424345      0.726354626469E-36
   1099.55742876      0.715053360584E-36
   1105.84061406      0.636477799734E-36
   1112.12379937      0.661367405838E-36
   1118.40698468      0.557766543847E-36
   1124.69016999      0.595592574611E-36
   1130.97335529      0.505605677399E-36
   1137.25654060      0.454999399281E-36
   1143.53972591      0.404428073400E-36
   1149.82291121      0.347201287403E-36
   1156.10609652      0.330103763006E-36
   1162.38928183      0.301799849157E-36
   1168.67246714      0.294740913505E-36
   1174.95565244      0.261802254659E-36
   1181.23883775      0.252063906188E-36
   1187.52202306      0.230854840337E-36
   1193.80520836      0.213560488199E-36
   1200.08839367      0.195396712526E-36
   1206.37157898      0.188615082987E-36
   1212.65476429      0.174570971409E-36
   1218.93794959      0.167290147032E-36
   1225.22113490      0.152369353581E-36
   1231.50432021      0.140515003429E-36
   1237.78750551      0.120952645130E-36
   1244.07069082      0.120290175254E-36
   1250.35387613      0.118718804756E-36
   1256.63706144      0.111294296818E-36
   1262.92024674      0.928065108644E-37
   1269.20343205      0.861320528644E-37
   1275.48661736      0.727851804312E-37
   1281.76980266      0.750003378514E-37
   1288.05298797      0.686565424141E-37
   1294.33617328      0.677946730068E-37
   1300.61935859      0.575106138020E-37
   1306.90254389      0.462148957077E-37
   1313.18572920      0.486467804017E-37
   1319.46891451      0.399540273547E-37
   1325.75209981      0.344251840544E-37
   1332.03528512      0.272120600320E-37
   1338.31847043      0.207277996450E-37
   1344.60165574      0.213974910798E-37
   1350.88484104      0.192641106304E-37
   1357.16802635      0.137330188680E-37
   1363.45121166      0.873498836436E-38
   1369.73439697      0.104450915999E-37
   1376.01758227      0.627936574666E-38
   1382.30076758      0.375285553127E-38
   1388.58395289      0.775412172216E-39
   1394.86713819      0.282199626227E-39
   6.28318530718      0.896010492086E-40
   12.5663706144      0.179243557401E-02
   18.8495559215      0.459964353954E-03
   25.1327412287      0.169078708928E-03
   31.4159265359      0.447573932831E-04
   37.6991118431      0.197760608296E-04
   43.9822971503      0.403703076228E-05
   50.2654824574      0.249397564412E-05
   56.5486677646      0.841380943043E-06
   62.8318530718      0.273845921048E-06
   69.1150383790      0.566372995426E-07
   75.3982236862      0.232883629467E-07
   81.6814089933      0.582864824072E-08
   87.9645943005      0.231348605644E-08
   94.2477796077      0.530206911080E-09
   100.530964915      0.252310882451E-09
   106.814150222      0.507113455266E-10
   113.097335529      0.322332068480E-10
   119.380520836      0.566288147260E-11
   125.663706144      0.387734860092E-11
   131.946891451      0.644758075351E-12
   138.230076758      0.517214762636E-12
   144.513262065      0.815429364342E-13
   150.796447372      0.745625922662E-13
   157.079632679      0.123388431087E-13
   163.362817987      0.109537790184E-13
   169.646003294      0.169077806315E-14
   175.929188601      0.162405129113E-14
   182.212373908      0.273376128335E-15
   188.495559215      0.240886092848E-15
   194.778744523      0.413194094601E-16
   201.061929830      0.361170256115E-16
   207.345115137      0.695099244705E-17
   213.628300444      0.506466092184E-17
   219.911485751      0.117691072022E-17
   226.194671058      0.668313300496E-18
   232.477856366      0.188194869830E-18
   238.761041673      0.930898881040E-19
   245.044226980      0.289565856699E-19
   251.327412287      0.132727206870E-19
   257.610597594      0.419702412660E-20
   263.893782902      0.187492962034E-20
   270.176968209      0.550793481143E-21
   276.460153516      0.264291585982E-21
   282.743338823      0.810024111574E-22
   289.026524130      0.350847368563E-22
   295.309709437      0.117895954684E-22
   301.592894745      0.510345391749E-23
   307.876080052      0.170903704583E-23
   314.159265359      0.784750570699E-24
   320.442450666      0.289907022122E-24
   326.725635973      0.130526460136E-24
   333.008821281      0.532670996300E-25
   339.292006588      0.240543569901E-25
   345.575191895      0.842878334380E-26
   351.858377202      0.379081648982E-26
   358.141562509      0.136415410359E-26
   364.424747816      0.626583232131E-27
   370.707933124      0.236311412630E-27
   376.991118431      0.989320447059E-28
   383.274303738      0.404298590496E-28
   389.557489045      0.169617733412E-28
   395.840674352      0.693747125870E-29
   402.123859659      0.293638663144E-29
   408.407044967      0.121408910685E-29
   414.690230274      0.517847023434E-30
   420.973415581      0.211360195158E-30
   427.256600888      0.906854448632E-31
   433.539786195      0.376663927440E-31
   439.822971503      0.161382228277E-31
   446.106156810      0.673952047477E-32
   452.389342117      0.298468092943E-32
   458.672527424      0.132151444562E-32
   464.955712731      0.649702267517E-33
   471.238898038      0.331649806000E-33
   477.522083346      0.215506444187E-33
   483.805268653      0.159360450304E-33
   490.088453960      0.146840400339E-33
   496.371639267      0.119375506289E-33
   502.654824574      0.152079785058E-33
   508.938009882      0.119253387160E-33
   515.221195189      0.138820102535E-33
   521.504380496      0.116795598106E-33
   527.787565803      0.120238549335E-33
   534.070751110      0.109519487694E-33
   540.353936417      0.112644040876E-33
   546.637121725      0.100598832551E-33
   552.920307032      0.992473870904E-34
   559.203492339      0.917170261904E-34
   565.486677646      0.914385258858E-34
   571.769862953      0.794341681773E-34
   578.053048261      0.760326589131E-34
   584.336233568      0.728585715076E-34
   590.619418875      0.715049705766E-34
   596.902604182      0.644315813313E-34
   603.185789489      0.640023773206E-34
   609.468974796      0.592747522791E-34
   615.752160104      0.589360403561E-34
   622.035345411      0.490614369361E-34
   628.318530718      0.492778339680E-34
   634.601716025      0.484563309677E-34
   640.884901332      0.452956133752E-34
   647.168086639      0.424854765913E-34
   653.451271947      0.429732714641E-34
   659.734457254      0.389489769638E-34
   666.017642561      0.385357147663E-34
   672.300827868      0.364817286256E-34
   678.584013175      0.335333986126E-34
   684.867198483      0.317985990779E-34
   691.150383790      0.293147663011E-34
   697.433569097      0.271436948013E-34
   703.716754404      0.284021727572E-34
   709.999939711      0.230429489804E-34
   716.283125018      0.262076918525E-34
   722.566310326      0.216234211638E-34
   728.849495633      0.192150359890E-34
   735.132680940      0.175358434378E-34
   741.415866247      0.166723321626E-34
   747.699051554      0.147922809596E-34
   753.982236862      0.141280715779E-34
   760.265422169      0.117686376165E-34
   766.548607476      0.118943374065E-34
   772.831792783      0.970868260577E-35
   779.114978090      0.952665368934E-35
   785.398163397      0.848448184482E-35
   791.681348705      0.847271127954E-35
   797.964534012      0.809858244788E-35
   804.247719319      0.189975305452E-34
   810.530904626      0.675973271583E-35
   816.814089933      0.581206671090E-35
   823.097275241      0.535530023007E-35
   829.380460548      0.476993246170E-35
   835.663645855      0.454744810587E-35
   841.946831162      0.393124625778E-35
   848.230016469      0.364105899091E-35
   854.513201776      0.351148901679E-35
   860.796387084      0.312732445547E-35
   867.079572391      0.282100239287E-35
   873.362757698      0.272356644900E-35
   879.645943005      0.252069256117E-35
   885.929128312      0.247244969299E-35
   892.212313620      0.201939216533E-35
   898.495498927      0.205623507525E-35
   904.778684234      0.194981361494E-35
   911.061869541      0.178961874954E-35
   917.345054848      0.173622134702E-35
   923.628240155      0.157357613910E-35
   929.911425463      0.155660858990E-35
   936.194610770      0.161351562596E-35
   942.477796077      0.152181872234E-35
   948.760981384      0.145809884985E-35
   955.044166691      0.133945824663E-35
   961.327351998      0.143080074882E-35
   967.610537306      0.136072014082E-35
   973.893722613      0.133893008148E-35
   980.176907920      0.133436759179E-35
   986.460093227      0.128074169178E-35
   992.743278534      0.124645710860E-35
   999.026463842      0.121251515545E-35
   1005.30964915      0.121996557502E-35
   1011.59283446      0.109686366195E-35
   1017.87601976      0.111828494053E-35
   1024.15920507      0.105321543068E-35
   1030.44239038      0.960466979604E-36
   1036.72557568      0.108862230691E-35
   1043.00876099      0.904317653548E-36
   1049.29194630      0.986374355253E-36
   1055.57513161      0.885214927342E-36
   1061.85831691      0.842725943985E-36
   1068.14150222      0.886972174424E-36
   1074.42468753      0.734517028536E-36
   1080.70787283      0.771884976612E-36
   1086.99105814      0.724524159532E-36
   1093.27424345      0.702372024277E-36
   1099.55742876      0.705507814044E-36
   1105.84061406      0.609710901611E-36
   1112.12379937      0.650012278485E-36
   1118.40698468      0.562876027079E-36
   1124.69016999      0.601257752198E-36
   1130.97335529      0.499538003956E-36
   1137.25654060      0.457687339322E-36
   1143.53972591      0.398247678681E-36
   1149.82291121      0.341398495417E-36
   1156.10609652      0.325955771466E-36
   1162.38928183      0.304317942791E-36
   1168.67246714      0.300076948358E-36
   1174.95565244      0.261659643821E-36
   1181.23883775      0.253394455080E-36
   1187.52202306      0.225870299171E-36
   1193.80520836      0.211482458926E-36
   1200.08839367      0.193056641278E-36
   1206.37157898      0.189518706303E-36
   1212.65476429      0.170287900065E-36
   1218.93794959      0.154376519892E-36
   1225.22113490      0.144852488365E-36
   1231.50432021      0.135725882556E-36
   1237.78750551      0.117726476627E-36
   1244.07069082      0.121243422566E-36
   1250.35387613      0.114115014737E-36
   1256.63706144      0.103485994694E-36
   1262.92024674      0.927787533093E-37
   1269.20343205      0.934021656507E-37
   1275.48661736      0.771230966887E-37
   1281.76980266      0.767968199242E-37
   1288.05298797      0.663427341365E-37
   1294.33617328      0.635189547984E-37
   1300.61935859      0.546295128562E-37
   1306.90254389      0.467415894996E-37
   1313.18572920      0.446409212543E-37
   1319.46891451      0.384739911533E-37
   1325.75209981      0.314067792726E-37
   1332.03528512      0.265644469981E-37
   1338.31847043      0.211016486545E-37
   1344.60165574      0.230384509075E-37
   1350.88484104      0.196130217179E-37
   1357.16802635      0.131667501316E-37
   1363.45121166      0.768999370722E-38
   1369.73439697      0.881092232627E-38
   1376.01758227      0.707395859239E-38
   1382.30076758      0.365660308949E-38
   1388.58395289      0.883395293121E-39
   1394.86713819      0.369016172197E-39
   6.28318530718      0.119566595655E-39
   12.5663706144      0.174098020984E-02
   18.8495559215      0.468618609829E-03
   25.1327412287      0.186096596806E-03
   31.4159265359      0.533160596649E-04
   37.6991118431      0.265205127372E-04
   43.9822971503      0.617845694776E-05
   50.2654824574      0.352311621312E-05
   56.5486677646      0.127420198752E-05
   62.8318530718      0.426080090525E-06
   69.1150383790      0.108793032240E-06
   75.3982236862      0.436282900787E-07
   81.6814089933      0.135096503765E-07
   87.9645943005      0.524845294148E-08
   94.2477796077      0.159534298757E-08
   100.530964915      0.661523414694E-09
   106.814150222      0.198599178704E-09
   113.097335529      0.911080282036E-10
   119.380520836      0.249661723671E-10
   125.663706144      0.111281952955E-10
   131.946891451      0.305911342628E-11
   138.230076758      0.136027191093E-11
   144.513262065      0.359859651688E-12
   150.796447372      0.171161002726E-12
   157.079632679      0.441378004471E-13
   163.362817987      0.216793187973E-13
   169.646003294      0.520414906640E-14
   175.929188601      0.269964094806E-14
   182.212373908      0.638873481668E-15
   188.495559215      0.351168917660E-15
   194.778744523      0.793357953862E-16
   201.061929830      0.465232433381E-16
   207.345115137      0.107707761605E-16
   213.628300444      0.606681181267E-17
   219.911485751      0.153251341503E-17
   226.194671058      0.760662056241E-18
   232.477856366      0.219671025326E-18
   238.761041673      0.100237741961E-18
   245.044226980      0.311680337536E-19
   251.327412287      0.136416968199E-19
   257.610597594      0.431138500015E-20
   263.893782902      0.186014261371E-20
   270.176968209      0.549653213439E-21
   276.460153516      0.255314845069E-21
   282.743338823      0.782213614240E-22
   289.026524130      0.333647320452E-22
   295.309709437      0.111157955746E-22
   301.592894745      0.478674600649E-23
   307.876080052      0.160167423815E-23
   314.159265359      0.735399763208E-24
   320.442450666      0.273384792373E-24
   326.725635973      0.125891895656E-24
   333.008821281      0.524295108288E-25
   339.292006588      0.243904984418E-25
   345.575191895      0.851801389620E-26
   351.858377202      0.387523424851E-26
   358.141562509      0.137065268959E-26
   364.424747816      0.633838216701E-27
   370.707933124      0.236102581528E-27
   376.991118431      0.989461891054E-28
   383.274303738      0.404301280165E-28
   389.557489045      0.169615829673E-28
   395.840674352      0.693746350313E-29
   402.123859659      0.293639629469E-29
   408.407044967      0.121410881179E-29
   414.690230274      0.517845439790E-30
   420.973415581      0.211325951225E-30
   427.256600888      0.906800697452E-31
   433.539786195      0.376682012752E-31
   439.822971503      0.161382552282E-31
   446.106156810      0.674093123127E-32
   452.389342117      0.298974144084E-32
   458.672527424      0.132294065699E-32
   464.955712731      0.655134053137E-33
   471.238898038      0.334334739201E-33
   477.522083346      0.217534770124E-33
   483.805268653      0.160750650934E-33
   490.088453960      0.151133145329E-33
   496.371639267      0.121619825083E-33
   502.654824574      0.155663747177E-33
   508.938009882      0.121523657957E-33
   515.221195189      0.144005516881E-33
   521.504380496      0.118777061702E-33
   527.787565803      0.126041471451E-33
   534.070751110      0.112018912461E-33
   540.353936417      0.116174423662E-33
   546.637121725      0.101685629040E-33
   552.920307032      0.100512749382E-33
   559.203492339      0.926202290146E-34
   565.486677646      0.927687883714E-34
   571.769862953      0.806679858308E-34
   578.053048261      0.771425678553E-34
   584.336233568      0.737127922234E-34
   590.619418875      0.724552835242E-34
   596.902604182      0.662221939540E-34
   603.185789489      0.659340380903E-34
   609.468974796      0.600453029890E-34
   615.752160104      0.629442916475E-34
   622.035345411      0.500719139037E-34
   628.318530718      0.500481308062E-34
   634.601716025      0.494774464403E-34
   640.884901332      0.462510603387E-34
   647.168086639      0.432754718470E-34
   653.451271947      0.433606918079E-34
   659.734457254      0.397703497178E-34
   666.017642561      0.393794669541E-34
   672.300827868      0.369855410853E-34
   678.584013175      0.339694432170E-34
   684.867198483      0.322506510380E-34
   691.150383790      0.300756468090E-34
   697.433569097      0.275677830823E-34
   703.716754404      0.287421779083E-34
   709.999939711      0.234684938974E-34
   716.283125018      0.251899498745E-34
   722.566310326      0.219776281649E-34
   728.849495633      0.195216285836E-34
   735.132680940      0.180289177636E-34
   741.415866247      0.172551014702E-34
   747.699051554      0.151632152050E-34
   753.982236862      0.142921760810E-34
   760.265422169      0.119656540024E-34
   766.548607476      0.115811128910E-34
   772.831792783      0.989106866654E-35
   779.114978090      0.986136641402E-35
   785.398163397      0.857776425022E-35
   791.681348705      0.909722675095E-35
   797.964534012      0.905444869390E-35
   804.247719319      0.259940604265E-34
   810.530904626      0.696356768441E-35
   816.814089933      0.582925399396E-35
   823.097275241      0.538353398260E-35
   829.380460548      0.493778520518E-35
   835.663645855      0.468988220563E-35
   841.946831162      0.401422953807E-35
   848.230016469      0.365380711618E-35
   854.513201776      0.361634709464E-35
   860.796387084      0.305038643352E-35
   867.079572391      0.284649463443E-35
   873.362757698      0.274856107720E-35
   879.645943005      0.251724317210E-35
   885.929128312      0.244615961836E-35
   892.212313620      0.210208427622E-35
   898.495498927      0.215405184055E-35
   904.778684234      0.201314292498E-35
   911.061869541      0.180866705282E-35
   917.345054848      0.174725836185E-35
   923.628240155      0.166956232889E-35
   929.911425463      0.159447046639E-35
   936.194610770      0.156459522261E-35
   942.477796077      0.152381356832E-35
   948.760981384      0.142810295196E-35
   955.044166691      0.139274299747E-35
   961.327351998      0.139678411006E-35
   967.610537306      0.135446450778E-35
   973.893722613      0.128600113644E-35
   980.176907920      0.131930990361E-35
   986.460093227      0.129492058313E-35
   992.743278534      0.125558396445E-35
   999.026463842      0.118150594524E-35
   1005.30964915      0.123918710958E-35
   1011.59283446      0.107921319690E-35
   1017.87601976      0.115723038417E-35
   1024.15920507      0.108748492442E-35
   1030.44239038      0.954561728392E-36
   1036.72557568      0.108963473170E-35
   1043.00876099      0.929012509148E-36
   1049.29194630      0.913428009131E-36
   1055.57513161      0.885771333271E-36
   1061.85831691      0.824700458445E-36
   1068.14150222      0.922446168145E-36
   1074.42468753      0.733429521162E-36
   1080.70787283      0.774871259166E-36
   1086.99105814      0.745890561873E-36
   1093.27424345      0.714638366067E-36
   1099.55742876      0.714450813220E-36
   1105.84061406      0.598166468488E-36
   1112.12379937      0.676978483509E-36
   1118.40698468      0.555207687599E-36
   1124.69016999      0.610107074529E-36
   1130.97335529      0.523492273699E-36
   1137.25654060      0.411836507819E-36
   1143.53972591      0.385521429587E-36
   1149.82291121      0.344644102170E-36
   1156.10609652      0.330440916785E-36
   1162.38928183      0.295968378216E-36
   1168.67246714      0.290569860936E-36
   1174.95565244      0.258122503612E-36
   1181.23883775      0.247970357089E-36
   1187.52202306      0.221342557868E-36
   1193.80520836      0.207385641097E-36
   1200.08839367      0.195945806706E-36
   1206.37157898      0.186812530002E-36
   1212.65476429      0.164492762448E-36
   1218.93794959      0.156854375241E-36
   1225.22113490      0.142741305353E-36
   1231.50432021      0.134724328267E-36
   1237.78750551      0.121059510572E-36
   1244.07069082      0.124726691893E-36
   1250.35387613      0.117617566611E-36
   1256.63706144      0.104053993893E-36
   1262.92024674      0.944068459421E-37
   1269.20343205      0.919215384351E-37
   1275.48661736      0.757860017834E-37
   1281.76980266      0.767297031132E-37
   1288.05298797      0.626902353536E-37
   1294.33617328      0.580949270597E-37
   1300.61935859      0.497496425026E-37
   1306.90254389      0.410305928266E-37
   1313.18572920      0.415747325015E-37
   1319.46891451      0.390195827083E-37
   1325.75209981      0.298627391863E-37
   1332.03528512      0.241538511087E-37
   1338.31847043      0.188354185577E-37
   1344.60165574      0.219069938154E-37
   1350.88484104      0.190980674051E-37
   1357.16802635      0.137147299825E-37
   1363.45121166      0.100543432466E-37
   1369.73439697      0.138067974383E-37
   1376.01758227      0.648496569567E-38
   1382.30076758      0.253645083403E-38
   1388.58395289      0.673395476212E-39
   1394.86713819      0.131092436019E-39
   6.28318530718      0.957761876250E-40
   12.5663706144      0.168537479033E-02
   18.8495559215      0.476836497495E-03
   25.1327412287      0.203831596459E-03
   31.4159265359      0.623418127218E-04
   37.6991118431      0.340710025475E-04
   43.9822971503      0.892692232935E-05
   50.2654824574      0.500106974356E-05
   56.5486677646      0.194734183203E-05
   62.8318530718      0.697349547245E-06
   69.1150383790      0.213086809441E-06
   75.3982236862      0.890891891384E-07
   81.6814089933      0.326588756219E-07
   87.9645943005      0.136073275689E-07
   94.2477796077      0.504102504579E-08
   100.530964915      0.213888545149E-08
   106.814150222      0.814806851000E-09
   113.097335529      0.355269279996E-09
   119.380520836      0.128541154560E-09
   125.663706144      0.530477293787E-10
   131.946891451      0.194147043508E-10
   138.230076758      0.766420441433E-11
   144.513262065      0.275145785438E-11
   150.796447372      0.109000945534E-11
   157.079632679      0.386750415060E-12
   163.362817987      0.151615441654E-12
   169.646003294      0.523541030464E-13
   175.929188601      0.198352277656E-13
   182.212373908      0.690101256854E-14
   188.495559215      0.262963183006E-14
   194.778744523      0.901135836111E-15
   201.061929830      0.340337818150E-15
   207.345115137      0.117481438344E-15
   213.628300444      0.439087454900E-16
   219.911485751      0.151458615539E-16
   226.194671058      0.556475756685E-17
   232.477856366      0.193755281717E-17
   238.761041673      0.708918441196E-18
   245.044226980      0.245763165596E-18
   251.327412287      0.895982075471E-19
   257.610597594      0.312645915340E-19
   263.893782902      0.113374810737E-19
   270.176968209      0.388335110000E-20
   276.460153516      0.142786955404E-20
   282.743338823      0.490640787514E-21
   289.026524130      0.178329652241E-21
   295.309709437      0.617155231727E-22
   301.592894745      0.225418959371E-22
   307.876080052      0.784078331704E-23
   314.159265359      0.291359046349E-23
   320.442450666      0.103316505379E-23
   326.725635973      0.388094537185E-24
   333.008821281      0.141380782519E-24
   339.292006588      0.543215053355E-25
   345.575191895      0.183333481220E-25
   351.858377202      0.689746938906E-26
   358.141562509      0.224220710418E-26
   364.424747816      0.837171286306E-27
   370.707933124      0.277231064778E-27
   376.991118431      0.110908104152E-27
   383.274303738      0.448766349435E-28
   389.557489045      0.183679966865E-28
   395.840674352      0.722723381535E-29
   402.123859659      0.298023931166E-29
   408.407044967      0.121783156845E-29
   414.690230274      0.519158482220E-30
   420.973415581      0.211320781300E-30
   427.256600888      0.906682405072E-31
   433.539786195      0.376658147825E-31
   439.822971503      0.161384892588E-31
   446.106156810      0.674455342398E-32
   452.389342117      0.299263341951E-32
   458.672527424      0.132424547929E-32
   464.955712731      0.661099462195E-33
   471.238898038      0.335346437389E-33
   477.522083346      0.221315294005E-33
   483.805268653      0.163168468878E-33
   490.088453960      0.157546422266E-33
   496.371639267      0.123115128469E-33
   502.654824574      0.158644141973E-33
   508.938009882      0.123105820959E-33
   515.221195189      0.145602990380E-33
   521.504380496      0.122212481472E-33
   527.787565803      0.131585119767E-33
   534.070751110      0.113514901883E-33
   540.353936417      0.119138155213E-33
   546.637121725      0.102678690020E-33
   552.920307032      0.102196752233E-33
   559.203492339      0.937236556039E-34
   565.486677646      0.943025075930E-34
   571.769862953      0.814207173240E-34
   578.053048261      0.779208799681E-34
   584.336233568      0.745108110384E-34
   590.619418875      0.730994826496E-34
   596.902604182      0.674471681917E-34
   603.185789489      0.681428921553E-34
   609.468974796      0.611084580446E-34
   615.752160104      0.627125337523E-34
   622.035345411      0.504439025630E-34
   628.318530718      0.507961061043E-34
   634.601716025      0.500676052335E-34
   640.884901332      0.461807170497E-34
   647.168086639      0.440001446423E-34
   653.451271947      0.439303046683E-34
   659.734457254      0.403681459571E-34
   666.017642561      0.405689028388E-34
   672.300827868      0.376098006973E-34
   678.584013175      0.346200036627E-34
   684.867198483      0.324989063774E-34
   691.150383790      0.302550848786E-34
   697.433569097      0.279182444958E-34
   703.716754404      0.286831410813E-34
   709.999939711      0.237186465921E-34
   716.283125018      0.260606430656E-34
   722.566310326      0.221606579523E-34
   728.849495633      0.200766226275E-34
   735.132680940      0.183237239339E-34
   741.415866247      0.176291814620E-34
   747.699051554      0.151529524950E-34
   753.982236862      0.149587390807E-34
   760.265422169      0.120999660215E-34
   766.548607476      0.116423520353E-34
   772.831792783      0.100443015547E-34
   779.114978090      0.999051270835E-35
   785.398163397      0.866953830554E-35
   791.681348705      0.885597197292E-35
   797.964534012      0.935095300265E-35
   804.247719319      0.169397422905E-34
   810.530904626      0.709312615843E-35
   816.814089933      0.593176627247E-35
   823.097275241      0.548040619230E-35
   829.380460548      0.491566528696E-35
   835.663645855      0.461974516863E-35
   841.946831162      0.399554967564E-35
   848.230016469      0.367970240878E-35
   854.513201776      0.361130945017E-35
   860.796387084      0.313295836515E-35
   867.079572391      0.286053903726E-35
   873.362757698      0.273319634668E-35
   879.645943005      0.254558059203E-35
   885.929128312      0.251976839385E-35
   892.212313620      0.205276437197E-35
   898.495498927      0.218311862278E-35
   904.778684234      0.202158903989E-35
   911.061869541      0.179032806587E-35
   917.345054848      0.177377588286E-35
   923.628240155      0.170839938085E-35
   929.911425463      0.163874941838E-35
   936.194610770      0.158349545942E-35
   942.477796077      0.157963895937E-35
   948.760981384      0.152621847871E-35
   955.044166691      0.143447331546E-35
   961.327351998      0.146695926379E-35
   967.610537306      0.140144512615E-35
   973.893722613      0.137348203061E-35
   980.176907920      0.128837215249E-35
   986.460093227      0.130326518752E-35
   992.743278534      0.123515909684E-35
   999.026463842      0.124664038977E-35
   1005.30964915      0.123598682390E-35
   1011.59283446      0.110068407562E-35
   1017.87601976      0.111154720010E-35
   1024.15920507      0.105341024322E-35
   1030.44239038      0.956391531601E-36
   1036.72557568      0.106062873481E-35
   1043.00876099      0.938977889011E-36
   1049.29194630      0.950623002418E-36
   1055.57513161      0.891652184524E-36
   1061.85831691      0.851382440479E-36
   1068.14150222      0.920427431531E-36
   1074.42468753      0.756078277771E-36
   1080.70787283      0.806407970225E-36
   1086.99105814      0.793846769142E-36
   1093.27424345      0.686258879424E-36
   1099.55742876      0.699457630587E-36
   1105.84061406      0.666460152113E-36
   1112.12379937      0.702222755082E-36
   1118.40698468      0.587342138664E-36
   1124.69016999      0.621227097388E-36
   1130.97335529      0.519453539685E-36
   1137.25654060      0.436584273194E-36
   1143.53972591      0.397064046337E-36
   1149.82291121      0.353320464859E-36
   1156.10609652      0.332830269400E-36
   1162.38928183      0.295791572643E-36
   1168.67246714      0.290871463604E-36
   1174.95565244      0.257074730796E-36
   1181.23883775      0.250325180044E-36
   1187.52202306      0.226759223817E-36
   1193.80520836      0.217749825171E-36
   1200.08839367      0.195984800390E-36
   1206.37157898      0.187975588872E-36
   1212.65476429      0.170590459116E-36
   1218.93794959      0.165512161004E-36
   1225.22113490      0.151756627704E-36
   1231.50432021      0.142232633385E-36
   1237.78750551      0.124065104842E-36
   1244.07069082      0.126329317498E-36
   1250.35387613      0.112786080489E-36
   1256.63706144      0.104583216993E-36
   1262.92024674      0.935176672305E-37
   1269.20343205      0.905057100023E-37
   1275.48661736      0.733698082940E-37
   1281.76980266      0.727206559119E-37
   1288.05298797      0.637228193052E-37
   1294.33617328      0.648694059549E-37
   1300.61935859      0.528559594524E-37
   1306.90254389      0.434156260702E-37
   1313.18572920      0.419263450554E-37
   1319.46891451      0.393396164103E-37
   1325.75209981      0.326257892662E-37
   1332.03528512      0.277672775869E-37
   1338.31847043      0.207109832988E-37
   1344.60165574      0.241378056534E-37
   1350.88484104      0.201162756768E-37
   1357.16802635      0.125977150502E-37
   1363.45121166      0.872846257402E-38
   1369.73439697      0.113315356091E-37
   1376.01758227      0.801616296133E-38
   1382.30076758      0.431613091278E-38
   1388.58395289      0.936898142596E-39
   1394.86713819      0.185344155808E-39
   6.28318530718      0.175088208312E-41
   12.5663706144      0.162654774168E-02
   18.8495559215      0.484269864492E-03
   25.1327412287      0.222125350413E-03
   31.4159265359      0.715654917863E-04
   37.6991118431      0.421546249164E-04
   43.9822971503      0.122610145812E-04
   50.2654824574      0.695960361233E-05
   56.5486677646      0.288808183766E-05
   62.8318530718      0.112170180166E-05
   69.1150383790      0.394267604734E-06
   75.3982236862      0.174943911594E-06
   81.6814089933      0.721426739458E-07
   87.9645943005      0.326519096176E-07
   94.2477796077      0.138101256999E-07
   100.530964915      0.628732227538E-08
   106.814150222      0.274119565743E-08
   113.097335529      0.125268002013E-08
   119.380520836      0.528158282564E-09
   125.663706144      0.229767321844E-09
   131.946891451      0.962801646347E-10
   138.230076758      0.403160343599E-10
   144.513262065      0.165034383032E-10
   150.796447372      0.686632255325E-11
   157.079632679      0.276555287790E-11
   163.362817987      0.113565163346E-11
   169.646003294      0.446689307894E-12
   175.929188601      0.178255185746E-12
   182.212373908      0.702397249627E-13
   188.495559215      0.279174667734E-13
   194.778744523      0.108811382313E-13
   201.061929830      0.427791302788E-14
   207.345115137      0.167016286578E-14
   213.628300444      0.651042946621E-15
   219.911485751      0.252933752969E-15
   226.194671058      0.979250162206E-16
   232.477856366      0.379483437017E-16
   238.761041673      0.147188356924E-16
   245.044226980      0.566767208474E-17
   251.327412287      0.219173216334E-17
   257.610597594      0.845929603395E-18
   263.893782902      0.326184553208E-18
   270.176968209      0.124967496378E-18
   276.460153516      0.481856566021E-19
   282.743338823      0.184775173116E-19
   289.026524130      0.710819958093E-20
   295.309709437      0.271963791693E-20
   301.592894745      0.104414101482E-20
   307.876080052      0.400190097373E-21
   314.159265359      0.153561038143E-21
   320.442450666      0.587562042714E-22
   326.725635973      0.224375138177E-22
   333.008821281      0.855808804788E-23
   339.292006588      0.326045861241E-23
   345.575191895      0.123724125187E-23
   351.858377202      0.467846531074E-24
   358.141562509      0.175627997787E-24
   364.424747816      0.648025964304E-25
   370.707933124      0.236449290926E-25
   376.991118431      0.857372045148E-26
   383.274303738      0.295327045567E-26
   389.557489045      0.961002665675E-27
   395.840674352      0.275544542691E-27
   402.123859659      0.635783418315E-28
   408.407044967      0.191266272980E-28
   414.690230274      0.808754036299E-29
   420.973415581      0.302641285124E-29
   427.256600888      0.786794879883E-30
   433.539786195      0.178119119131E-30
   439.822971503      0.432637772389E-31
   446.106156810      0.764419699921E-32
   452.389342117      0.309995445211E-32
   458.672527424      0.132514846087E-32
   464.955712731      0.665502981624E-33
   471.238898038      0.338422667498E-33
   477.522083346      0.223837491248E-33
   483.805268653      0.164638994434E-33
   490.088453960      0.159088765448E-33
   496.371639267      0.125790165209E-33
   502.654824574      0.163848648810E-33
   508.938009882      0.124874942083E-33
   515.221195189      0.157002308232E-33
   521.504380496      0.124649067261E-33
   527.787565803      0.136400581880E-33
   534.070751110      0.115491095857E-33
   540.353936417      0.122828122499E-33
   546.637121725      0.104076259210E-33
   552.920307032      0.102562730548E-33
   559.203492339      0.952055917038E-34
   565.486677646      0.956787468182E-34
   571.769862953      0.827385682914E-34
   578.053048261      0.793177288291E-34
   584.336233568      0.756496600628E-34
   590.619418875      0.735825824166E-34
   596.902604182      0.682519585503E-34
   603.185789489      0.676258445880E-34
   609.468974796      0.620842008097E-34
   615.752160104      0.645661673509E-34
   622.035345411      0.516820865422E-34
   628.318530718      0.519943403488E-34
   634.601716025      0.510837344280E-34
   640.884901332      0.477892497349E-34
   647.168086639      0.445865808353E-34
   653.451271947      0.451368963977E-34
   659.734457254      0.411769470707E-34
   666.017642561      0.413264225221E-34
   672.300827868      0.380783273071E-34
   678.584013175      0.351944978570E-34
   684.867198483      0.329454679772E-34
   691.150383790      0.309959147236E-34
   697.433569097      0.283491993036E-34
   703.716754404      0.296670015537E-34
   709.999939711      0.239955046996E-34
   716.283125018      0.270671673819E-34
   722.566310326      0.228414973967E-34
   728.849495633      0.200796197839E-34
   735.132680940      0.185086569078E-34
   741.415866247      0.177594052084E-34
   747.699051554      0.154395627271E-34
   753.982236862      0.154144966391E-34
   760.265422169      0.121245807857E-34
   766.548607476      0.117615922721E-34
   772.831792783      0.998476895516E-35
   779.114978090      0.982436056411E-35
   785.398163397      0.875058040727E-35
   791.681348705      0.895253759069E-35
   797.964534012      0.896675574564E-35
   804.247719319      0.127310505377E-34
   810.530904626      0.703747935714E-35
   816.814089933      0.595543032671E-35
   823.097275241      0.541483548625E-35
   829.380460548      0.494700732515E-35
   835.663645855      0.479211891548E-35
   841.946831162      0.404333450413E-35
   848.230016469      0.378441055397E-35
   854.513201776      0.367164249572E-35
   860.796387084      0.313478900659E-35
   867.079572391      0.284392107317E-35
   873.362757698      0.271525410164E-35
   879.645943005      0.253899570306E-35
   885.929128312      0.252455565632E-35
   892.212313620      0.211232188218E-35
   898.495498927      0.218682421942E-35
   904.778684234      0.203335656103E-35
   911.061869541      0.179859812519E-35
   917.345054848      0.183194976534E-35
   923.628240155      0.162052147577E-35
   929.911425463      0.154102170506E-35
   936.194610770      0.159614476652E-35
   942.477796077      0.161374147406E-35
   948.760981384      0.152538096690E-35
   955.044166691      0.143124808687E-35
   961.327351998      0.146307247885E-35
   967.610537306      0.140546919890E-35
   973.893722613      0.139265620299E-35
   980.176907920      0.133717387638E-35
   986.460093227      0.136592144271E-35
   992.743278534      0.126661201006E-35
   999.026463842      0.123502623794E-35
   1005.30964915      0.126544161818E-35
   1011.59283446      0.113808228630E-35
   1017.87601976      0.114170286163E-35
   1024.15920507      0.108295309533E-35
   1030.44239038      0.951425146645E-36
   1036.72557568      0.103982853047E-35
   1043.00876099      0.922126473593E-36
   1049.29194630      0.975252742056E-36
   1055.57513161      0.906151723935E-36
   1061.85831691      0.888871764402E-36
   1068.14150222      0.937152284676E-36
   1074.42468753      0.788965012206E-36
   1080.70787283      0.814095589458E-36
   1086.99105814      0.728074725982E-36
   1093.27424345      0.719315098475E-36
   1099.55742876      0.730553158137E-36
   1105.84061406      0.622611877462E-36
   1112.12379937      0.665613103916E-36
   1118.40698468      0.617696201442E-36
   1124.69016999      0.589172588186E-36
   1130.97335529      0.557551335234E-36
   1137.25654060      0.472676415483E-36
   1143.53972591      0.410043997224E-36
   1149.82291121      0.355317722236E-36
   1156.10609652      0.336797448367E-36
   1162.38928183      0.303473757544E-36
   1168.67246714      0.290299229410E-36
   1174.95565244      0.264277949912E-36
   1181.23883775      0.257643758065E-36
   1187.52202306      0.227521721898E-36
   1193.80520836      0.213578737767E-36
   1200.08839367      0.203235235955E-36
   1206.37157898      0.193360364873E-36
   1212.65476429      0.172038032123E-36
   1218.93794959      0.166618378477E-36
   1225.22113490      0.152714759777E-36
   1231.50432021      0.138041188902E-36
   1237.78750551      0.120284200436E-36
   1244.07069082      0.123133883827E-36
   1250.35387613      0.118579546311E-36
   1256.63706144      0.107918877064E-36
   1262.92024674      0.917173816826E-37
   1269.20343205      0.881245388771E-37
   1275.48661736      0.731552038226E-37
   1281.76980266      0.727268806472E-37
   1288.05298797      0.653122980635E-37
   1294.33617328      0.640123185543E-37
   1300.61935859      0.562826916649E-37
   1306.90254389      0.456876920828E-37
   1313.18572920      0.424408041931E-37
   1319.46891451      0.380598447113E-37
   1325.75209981      0.327790117064E-37
   1332.03528512      0.270258958762E-37
   1338.31847043      0.226120403054E-37
   1344.60165574      0.227131606823E-37
   1350.88484104      0.180388431018E-37
   1357.16802635      0.130549319721E-37
   1363.45121166      0.799676786884E-38
   1369.73439697      0.100908041260E-37
   1376.01758227      0.741564376624E-38
   1382.30076758      0.395070999548E-38
   1388.58395289      0.933386887001E-39
   1394.86713819      0.217450939145E-39
   6.28318530718      0.431729778475E-41
   12.5663706144      0.156537439668E-02
   18.8495559215      0.490580761250E-03
   25.1327412287      0.240829359265E-03
   31.4159265359      0.808595565971E-04
   37.6991118431      0.505042850004E-04
   43.9822971503      0.161497719411E-04
   50.2654824574      0.939609155355E-05
   56.5486677646      0.408723104219E-05
   62.8318530718      0.171968598595E-05
   69.1150383790      0.674771979350E-06
   75.3982236862      0.315674287318E-06
   81.6814089933      0.141475164708E-06
   87.9645943005      0.688150946833E-07
   94.2477796077      0.320835956525E-07
   100.530964915      0.156982578701E-07
   106.814150222      0.750455008559E-08
   113.097335529      0.365339292801E-08
   119.380520836      0.170705789082E-08
   125.663706144      0.795740438556E-09
   131.946891451      0.364671301665E-09
   138.230076758      0.164558190471E-09
   144.513262065      0.734445011386E-10
   150.796447372      0.327241963425E-10
   157.079632679      0.143169401454E-10
   163.362817987      0.628279057489E-11
   169.646003294      0.268566662303E-11
   175.929188601      0.115261948264E-11
   182.212373908      0.490666560006E-12
   188.495559215      0.208771674667E-12
   194.778744523      0.879650318646E-13
   201.061929830      0.370818265999E-13
   207.345115137      0.155824727949E-13
   213.628300444      0.651835318684E-14
   219.911485751      0.272499876588E-14
   226.194671058      0.113402897715E-14
   232.477856366      0.472445610107E-15
   238.761041673      0.196642941885E-15
   245.044226980      0.816113970737E-16
   251.327412287      0.338686712272E-16
   257.610597594      0.140484905993E-16
   263.893782902      0.582166848409E-17
   270.176968209      0.240334790740E-17
   276.460153516      0.994472256265E-18
   282.743338823      0.410482870716E-18
   289.026524130      0.169586731955E-18
   295.309709437      0.698838082813E-19
   301.592894745      0.288171584570E-19
   307.876080052      0.118754303577E-19
   314.159265359      0.489245163319E-20
   320.442450666      0.201373338141E-20
   326.725635973      0.827668990165E-21
   333.008821281      0.340114280583E-21
   339.292006588      0.139596954073E-21
   345.575191895      0.572790319975E-22
   351.858377202      0.234760493140E-22
   358.141562509      0.961445724172E-23
   364.424747816      0.392761973311E-23
   370.707933124      0.160183888501E-23
   376.991118431      0.652352321632E-24
   383.274303738      0.264164349591E-24
   389.557489045      0.106132370722E-24
   395.840674352      0.419299222463E-25
   402.123859659      0.161712468022E-25
   408.407044967      0.625022660007E-26
   414.690230274      0.232889254567E-26
   420.973415581      0.815429372265E-27
   427.256600888      0.265259517974E-27
   433.539786195      0.700169798397E-28
   439.822971503      0.224626330050E-28
   446.106156810      0.996732831135E-29
   452.389342117      0.442372496407E-29
   458.672527424      0.134346878099E-29
   464.955712731      0.302855581693E-30
   471.238898038      0.599622433183E-31
   477.522083346      0.128926519632E-31
   483.805268653      0.625780601717E-33
   490.088453960      0.176694630970E-33
   496.371639267      0.129172615724E-33
   502.654824574      0.169295329330E-33
   508.938009882      0.126407317634E-33
   515.221195189      0.156547391380E-33
   521.504380496      0.129022797536E-33
   527.787565803      0.139420880004E-33
   534.070751110      0.118424253105E-33
   540.353936417      0.127310656982E-33
   546.637121725      0.105593315100E-33
   552.920307032      0.103967320381E-33
   559.203492339      0.967290672105E-34
   565.486677646      0.973402744871E-34
   571.769862953      0.840002030445E-34
   578.053048261      0.802103536506E-34
   584.336233568      0.766832932116E-34
   590.619418875      0.746855082170E-34
   596.902604182      0.692203260817E-34
   603.185789489      0.674856222775E-34
   609.468974796      0.628319269355E-34
   615.752160104      0.643742792768E-34
   622.035345411      0.524878296967E-34
   628.318530718      0.528878686064E-34
   634.601716025      0.521606603342E-34
   640.884901332      0.478970178147E-34
   647.168086639      0.453109377224E-34
   653.451271947      0.454296705949E-34
   659.734457254      0.417981142944E-34
   666.017642561      0.411719605423E-34
   672.300827868      0.389299173829E-34
   678.584013175      0.360102543509E-34
   684.867198483      0.337055223185E-34
   691.150383790      0.314637100663E-34
   697.433569097      0.287568614489E-34
   703.716754404      0.302719886879E-34
   709.999939711      0.243892109651E-34
   716.283125018      0.281683687480E-34
   722.566310326      0.229164064847E-34
   728.849495633      0.205135019197E-34
   735.132680940      0.187559773213E-34
   741.415866247      0.174391020065E-34
   747.699051554      0.155026077231E-34
   753.982236862      0.155183642805E-34
   760.265422169      0.123964805275E-34
   766.548607476      0.126399910723E-34
   772.831792783      0.102743111850E-34
   779.114978090      0.103296032732E-34
   785.398163397      0.887057394237E-35
   791.681348705      0.890380783858E-35
   797.964534012      0.884695605578E-35
   804.247719319      0.229597139167E-34
   810.530904626      0.711739814395E-35
   816.814089933      0.601086805394E-35
   823.097275241      0.551328484497E-35
   829.380460548      0.497550695379E-35
   835.663645855      0.468148816673E-35
   841.946831162      0.409454453581E-35
   848.230016469      0.378531760743E-35
   854.513201776      0.365448525291E-35
   860.796387084      0.318080808984E-35
   867.079572391      0.295407447142E-35
   873.362757698      0.275875809426E-35
   879.645943005      0.262304646549E-35
   885.929128312      0.252378057966E-35
   892.212313620      0.210640207157E-35
   898.495498927      0.221067492055E-35
   904.778684234      0.205092730254E-35
   911.061869541      0.185623814380E-35
   917.345054848      0.179473986148E-35
   923.628240155      0.174715483958E-35
   929.911425463      0.161747001230E-35
   936.194610770      0.160994883584E-35
   942.477796077      0.157115428719E-35
   948.760981384      0.156269714958E-35
   955.044166691      0.146541309719E-35
   961.327351998      0.142973279319E-35
   967.610537306      0.141307627950E-35
   973.893722613      0.133203006950E-35
   980.176907920      0.134648971499E-35
   986.460093227      0.131468347337E-35
   992.743278534      0.131157616788E-35
   999.026463842      0.124367710452E-35
   1005.30964915      0.133724162985E-35
   1011.59283446      0.115306192115E-35
   1017.87601976      0.119842145734E-35
   1024.15920507      0.111204931194E-35
   1030.44239038      0.971482424019E-36
   1036.72557568      0.109219032176E-35
   1043.00876099      0.979234484044E-36
   1049.29194630      0.977111735201E-36
   1055.57513161      0.959632418634E-36
   1061.85831691      0.898422223111E-36
   1068.14150222      0.949686501197E-36
   1074.42468753      0.780293841585E-36
   1080.70787283      0.756670338418E-36
   1086.99105814      0.739403604942E-36
   1093.27424345      0.671067834707E-36
   1099.55742876      0.701806251130E-36
   1105.84061406      0.620242864104E-36
   1112.12379937      0.666597610862E-36
   1118.40698468      0.566089329739E-36
   1124.69016999      0.608896308131E-36
   1130.97335529      0.519841970000E-36
   1137.25654060      0.447261724854E-36
   1143.53972591      0.401437839521E-36
   1149.82291121      0.346569889175E-36
   1156.10609652      0.331842686199E-36
   1162.38928183      0.303591492163E-36
   1168.67246714      0.286536778367E-36
   1174.95565244      0.255153920880E-36
   1181.23883775      0.252492077036E-36
   1187.52202306      0.229178687581E-36
   1193.80520836      0.213676921254E-36
   1200.08839367      0.196255862406E-36
   1206.37157898      0.185742522678E-36
   1212.65476429      0.165201229767E-36
   1218.93794959      0.164261538663E-36
   1225.22113490      0.149904772456E-36
   1231.50432021      0.142364284235E-36
   1237.78750551      0.127345512105E-36
   1244.07069082      0.125776752546E-36
   1250.35387613      0.111847144412E-36
   1256.63706144      0.102513758230E-36
   1262.92024674      0.901971131415E-37
   1269.20343205      0.875816912444E-37
   1275.48661736      0.777862528689E-37
   1281.76980266      0.751703358844E-37
   1288.05298797      0.672300842820E-37
   1294.33617328      0.631205994268E-37
   1300.61935859      0.546905224126E-37
   1306.90254389      0.450251278370E-37
   1313.18572920      0.451514831497E-37
   1319.46891451      0.399825603517E-37
   1325.75209981      0.329719823860E-37
   1332.03528512      0.285414054714E-37
   1338.31847043      0.225682310412E-37
   1344.60165574      0.243381769014E-37
   1350.88484104      0.218928528400E-37
   1357.16802635      0.142316390497E-37
   1363.45121166      0.853722968193E-38
   1369.73439697      0.891585845388E-38
   1376.01758227      0.648324070244E-38
   1382.30076758      0.320000203820E-38
   1388.58395289      0.514861620509E-39
   1394.86713819      0.131401807497E-39
   6.28318530718      0.454805218326E-40
   12.5663706144      0.150265364110E-02
   18.8495559215      0.495455047516E-03
   25.1327412287      0.259752436884E-03
   31.4159265359      0.902336073848E-04
   37.6991118431      0.589006908574E-04
   43.9822971503      0.205696345740E-04
   50.2654824574      0.122906252097E-04
   56.5486677646      0.550048613173E-05
   62.8318530718      0.249641868214E-05
   69.1150383790      0.107009514725E-05
   75.3982236862      0.520837367402E-06
   81.6814089933      0.248427772214E-06
   87.9645943005      0.128043577812E-06
   94.2477796077      0.644327041177E-07
   100.530964915      0.336098086896E-07
   106.814150222      0.172528086174E-07
   113.097335529      0.893211643804E-08
   119.380520836      0.450540080557E-08
   125.663706144      0.224130482265E-08
   131.946891451      0.110210292084E-08
   138.230076758      0.532248045536E-09
   144.513262065      0.254285416377E-09
   150.796447372      0.120588088755E-09
   157.079632679      0.563554530541E-10
   163.362817987      0.262488293716E-10
   169.646003294      0.119852424326E-10
   175.929188601      0.547238442559E-11
   182.212373908      0.247729507825E-11
   188.495559215      0.111840057331E-11
   194.778744523      0.500994327187E-12
   201.061929830      0.224158914380E-12
   207.345115137      0.998827276275E-13
   213.628300444      0.443496756854E-13
   219.911485751      0.196597333733E-13
   226.194671058      0.868753343644E-14
   232.477856366      0.383771212056E-14
   238.761041673      0.169332461682E-14
   245.044226980      0.745786418716E-15
   251.327412287      0.328143169427E-15
   257.610597594      0.144307605398E-15
   263.893782902      0.634194244767E-16
   270.176968209      0.278057638795E-16
   276.460153516      0.122003061999E-16
   282.743338823      0.534319544291E-17
   289.026524130      0.234123118556E-17
   295.309709437      0.102426718991E-17
   301.592894745      0.448048853154E-18
   307.876080052      0.195873708471E-18
   314.159265359      0.855904153256E-19
   320.442450666      0.373792248751E-19
   326.725635973      0.163104418529E-19
   333.008821281      0.711403140682E-20
   339.292006588      0.310068065440E-20
   345.575191895      0.135114274687E-20
   351.858377202      0.588390027900E-21
   358.141562509      0.256128346006E-21
   364.424747816      0.111413247152E-21
   370.707933124      0.484315200762E-22
   376.991118431      0.210437670772E-22
   383.274303738      0.913030507277E-23
   389.557489045      0.395788925134E-23
   395.840674352      0.171067741777E-23
   402.123859659      0.736497483488E-24
   408.407044967      0.317140298128E-24
   414.690230274      0.135776105354E-24
   420.973415581      0.576118368015E-25
   427.256600888      0.240333401841E-25
   433.539786195      0.969751074763E-26
   439.822971503      0.389000476539E-26
   446.106156810      0.153507560919E-26
   452.389342117      0.560095102927E-27
   458.672527424      0.194972791738E-27
   464.955712731      0.588400543846E-28
   471.238898038      0.221945082808E-28
   477.522083346      0.110104046500E-28
   483.805268653      0.528261776432E-29
   490.088453960      0.184808550187E-29
   496.371639267      0.460532559720E-30
   502.654824574      0.905609151494E-31
   508.938009882      0.202121791128E-31
   515.221195189      0.321829165885E-32
   521.504380496      0.260956807279E-33
   527.787565803      0.145277048592E-33
   534.070751110      0.120919704010E-33
   540.353936417      0.131166240370E-33
   546.637121725      0.107146440071E-33
   552.920307032      0.105809379146E-33
   559.203492339      0.989122722185E-34
   565.486677646      0.991316089590E-34
   571.769862953      0.853183505703E-34
   578.053048261      0.819756469731E-34
   584.336233568      0.776333051751E-34
   590.619418875      0.755975550896E-34
   596.902604182      0.703946108653E-34
   603.185789489      0.694654771731E-34
   609.468974796      0.634542704439E-34
   615.752160104      0.673336571984E-34
   622.035345411      0.530475622478E-34
   628.318530718      0.539358659962E-34
   634.601716025      0.531092262102E-34
   640.884901332      0.487524506352E-34
   647.168086639      0.457168513353E-34
   653.451271947      0.467234916663E-34
   659.734457254      0.424356185838E-34
   666.017642561      0.425137104564E-34
   672.300827868      0.392962094100E-34
   678.584013175      0.361917195768E-34
   684.867198483      0.339598334512E-34
   691.150383790      0.316381642766E-34
   697.433569097      0.291087906913E-34
   703.716754404      0.302603328709E-34
   709.999939711      0.247497467028E-34
   716.283125018      0.270960874704E-34
   722.566310326      0.233433411860E-34
   728.849495633      0.209755027175E-34
   735.132680940      0.190625314522E-34
   741.415866247      0.179307190209E-34
   747.699051554      0.158998377974E-34
   753.982236862      0.148370857430E-34
   760.265422169      0.127097066147E-34
   766.548607476      0.123834031347E-34
   772.831792783      0.103078354163E-34
   779.114978090      0.101309641123E-34
   785.398163397      0.891407843970E-35
   791.681348705      0.887932928915E-35
   797.964534012      0.940975053051E-35
   804.247719319      0.151490087659E-34
   810.530904626      0.715521885107E-35
   816.814089933      0.608216623361E-35
   823.097275241      0.556422041169E-35
   829.380460548      0.496653688830E-35
   835.663645855      0.482480134597E-35
   841.946831162      0.411197621096E-35
   848.230016469      0.392300174680E-35
   854.513201776      0.373216252710E-35
   860.796387084      0.321593511921E-35
   867.079572391      0.293385032160E-35
   873.362757698      0.277119324451E-35
   879.645943005      0.256206053651E-35
   885.929128312      0.253494590577E-35
   892.212313620      0.217376205737E-35
   898.495498927      0.225388990144E-35
   904.778684234      0.207133179927E-35
   911.061869541      0.185522695765E-35
   917.345054848      0.178813951089E-35
   923.628240155      0.169313475829E-35
   929.911425463      0.164691337325E-35
   936.194610770      0.162996967824E-35
   942.477796077      0.160294046785E-35
   948.760981384      0.151750264075E-35
   955.044166691      0.146980980774E-35
   961.327351998      0.151057722377E-35
   967.610537306      0.141358884630E-35
   973.893722613      0.141597567920E-35
   980.176907920      0.136884112954E-35
   986.460093227      0.130940066712E-35
   992.743278534      0.129192456882E-35
   999.026463842      0.124245803589E-35
   1005.30964915      0.127272210271E-35
   1011.59283446      0.117343815736E-35
   1017.87601976      0.114283796349E-35
   1024.15920507      0.110895227756E-35
   1030.44239038      0.101062610267E-35
   1036.72557568      0.110889105243E-35
   1043.00876099      0.960494778158E-36
   1049.29194630      0.102240372624E-35
   1055.57513161      0.918057909526E-36
   1061.85831691      0.870756177850E-36
   1068.14150222      0.956579564299E-36
   1074.42468753      0.806199622063E-36
   1080.70787283      0.842095647894E-36
   1086.99105814      0.763406356297E-36
   1093.27424345      0.720474475010E-36
   1099.55742876      0.785742447719E-36
   1105.84061406      0.652306358156E-36
   1112.12379937      0.686653590139E-36
   1118.40698468      0.580819597147E-36
   1124.69016999      0.656397308606E-36
   1130.97335529      0.500552496500E-36
   1137.25654060      0.475837715500E-36
   1143.53972591      0.397164857041E-36
   1149.82291121      0.354231502817E-36
   1156.10609652      0.333935649732E-36
   1162.38928183      0.300854280692E-36
   1168.67246714      0.290383361061E-36
   1174.95565244      0.269165767684E-36
   1181.23883775      0.254203959454E-36
   1187.52202306      0.228406450938E-36
   1193.80520836      0.218097731157E-36
   1200.08839367      0.207970739313E-36
   1206.37157898      0.199913094231E-36
   1212.65476429      0.177911149522E-36
   1218.93794959      0.168494003545E-36
   1225.22113490      0.156538011319E-36
   1231.50432021      0.140443065272E-36
   1237.78750551      0.124266815121E-36
   1244.07069082      0.121358219785E-36
   1250.35387613      0.112400134811E-36
   1256.63706144      0.105360600149E-36
   1262.92024674      0.951588509800E-37
   1269.20343205      0.971050639456E-37
   1275.48661736      0.776412790684E-37
   1281.76980266      0.770357779223E-37
   1288.05298797      0.709930797913E-37
   1294.33617328      0.651956960392E-37
   1300.61935859      0.529907208828E-37
   1306.90254389      0.442514860547E-37
   1313.18572920      0.430789205449E-37
   1319.46891451      0.397956599080E-37
   1325.75209981      0.327313951398E-37
   1332.03528512      0.275175030644E-37
   1338.31847043      0.211239989418E-37
   1344.60165574      0.221904601330E-37
   1350.88484104      0.191522931634E-37
   1357.16802635      0.131123350018E-37
   1363.45121166      0.957490333231E-38
   1369.73439697      0.978135121530E-38
   1376.01758227      0.522697385655E-38
   1382.30076758      0.255359725008E-38
   1388.58395289      0.500830622381E-39
   1394.86713819      0.232650674083E-39
   6.28318530718      0.181623882225E-40
   12.5663706144      0.143909662176E-02
   18.8495559215      0.498623417339E-03
   25.1327412287      0.278623794099E-03
   31.4159265359      0.997973646525E-04
   37.6991118431      0.672044508982E-04
   43.9822971503      0.255053267763E-04
   50.2654824574      0.156253617036E-04
   56.5486677646      0.706127584061E-05
   62.8318530718      0.344550916815E-05
   69.1150383790      0.158542617518E-05
   75.3982236862      0.792111061593E-06
   81.6814089933      0.397400446481E-06
   87.9645943005      0.214204842151E-06
   94.2477796077      0.114592951947E-06
   100.530964915      0.631401015795E-07
   106.814150222      0.343933962324E-07
   113.097335529      0.188296821695E-07
   119.380520836      0.100788228952E-07
   125.663706144      0.531884583804E-08
   131.946891451      0.277362967477E-08
   138.230076758      0.142084332661E-08
   144.513262065      0.718555261860E-09
   150.796447372      0.359818173212E-09
   157.079632679      0.177753341728E-09
   163.362817987      0.871570773504E-10
   169.646003294      0.420542155378E-10
   175.929188601      0.202113563018E-10
   182.212373908      0.962980247296E-11
   188.495559215      0.457112865482E-11
   194.778744523      0.215232550401E-11
   201.061929830      0.101203290728E-11
   207.345115137      0.473269338826E-12
   213.628300444      0.220774019662E-12
   219.911485751      0.102708162414E-12
   226.194671058      0.476609232653E-13
   232.477856366      0.220966956069E-13
   238.761041673      0.102296737726E-13
   245.044226980      0.472697520330E-14
   251.327412287      0.218249160108E-14
   257.610597594      0.100721643322E-14
   263.893782902      0.464313622099E-15
   270.176968209      0.213817684951E-15
   276.460153516      0.984643117826E-16
   282.743338823      0.452637794412E-16
   289.026524130      0.208188811618E-16
   295.309709437      0.956350084095E-17
   301.592894745      0.439177732777E-17
   307.876080052      0.201565678941E-17
   314.159265359      0.924669729619E-18
   320.442450666      0.423958919307E-18
   326.725635973      0.194254681482E-18
   333.008821281      0.889720388163E-19
   339.292006588      0.407306662874E-19
   345.575191895      0.186388962467E-19
   351.858377202      0.852582565441E-20
   358.141562509      0.389842117931E-20
   364.424747816      0.178178728922E-20
   370.707933124      0.813990029452E-21
   376.991118431      0.371775615687E-21
   383.274303738      0.169610355606E-21
   389.557489045      0.774085553690E-22
   395.840674352      0.352884736911E-22
   402.123859659      0.160703460577E-22
   408.407044967      0.731737443790E-23
   414.690230274      0.332756908003E-23
   420.973415581      0.151053547052E-23
   427.256600888      0.683518079553E-24
   433.539786195      0.307444034760E-24
   439.822971503      0.138101595289E-24
   446.106156810      0.617973417655E-25
   452.389342117      0.272471967810E-25
   458.672527424      0.118257632737E-25
   464.955712731      0.490962804281E-26
   471.238898038      0.203438848824E-26
   477.522083346      0.812659101719E-27
   483.805268653      0.307315762573E-27
   490.088453960      0.111918741332E-27
   496.371639267      0.410901580854E-28
   502.654824574      0.191146040847E-28
   508.938009882      0.102250286349E-28
   515.221195189      0.502793825582E-29
   521.504380496      0.165047492529E-29
   527.787565803      0.478531274200E-30
   534.070751110      0.996079682822E-31
   540.353936417      0.191380506374E-31
   546.637121725      0.108740472652E-33
   552.920307032      0.107237730571E-33
   559.203492339      0.100603586045E-33
   565.486677646      0.101477460936E-33
   571.769862953      0.866607931933E-34
   578.053048261      0.835274413266E-34
   584.336233568      0.784291115722E-34
   590.619418875      0.768235536951E-34
   596.902604182      0.722229627141E-34
   603.185789489      0.703892264089E-34
   609.468974796      0.647269743171E-34
   615.752160104      0.673984897753E-34
   622.035345411      0.542879086192E-34
   628.318530718      0.546988177468E-34
   634.601716025      0.543502013936E-34
   640.884901332      0.498246373891E-34
   647.168086639      0.467961348842E-34
   653.451271947      0.466858802138E-34
   659.734457254      0.431677548886E-34
   666.017642561      0.429278137559E-34
   672.300827868      0.400800924472E-34
   678.584013175      0.370119968193E-34
   684.867198483      0.346053715991E-34
   691.150383790      0.320542526638E-34
   697.433569097      0.296854751568E-34
   703.716754404      0.314358184363E-34
   709.999939711      0.251968347650E-34
   716.283125018      0.280407260457E-34
   722.566310326      0.235834382983E-34
   728.849495633      0.210293772812E-34
   735.132680940      0.191423582847E-34
   741.415866247      0.181722215164E-34
   747.699051554      0.160459571899E-34
   753.982236862      0.159257324029E-34
   760.265422169      0.126706197985E-34
   766.548607476      0.125108564710E-34
   772.831792783      0.103514488292E-34
   779.114978090      0.102737071407E-34
   785.398163397      0.918547345689E-35
   791.681348705      0.914163845214E-35
   797.964534012      0.939059049523E-35
   804.247719319      0.177315723550E-34
   810.530904626      0.730928176867E-35
   816.814089933      0.615258902067E-35
   823.097275241      0.566911689622E-35
   829.380460548      0.506040483681E-35
   835.663645855      0.487526473950E-35
   841.946831162      0.421566053426E-35
   848.230016469      0.386183519174E-35
   854.513201776      0.372065523480E-35
   860.796387084      0.325802098146E-35
   867.079572391      0.307405043863E-35
   873.362757698      0.287273617216E-35
   879.645943005      0.270715774746E-35
   885.929128312      0.265037544983E-35
   892.212313620      0.215433916812E-35
   898.495498927      0.224794994054E-35
   904.778684234      0.210178208097E-35
   911.061869541      0.175196952733E-35
   917.345054848      0.180958761099E-35
   923.628240155      0.167723323841E-35
   929.911425463      0.166333844664E-35
   936.194610770      0.163474803558E-35
   942.477796077      0.163573849438E-35
   948.760981384      0.156120573530E-35
   955.044166691      0.143997464446E-35
   961.327351998      0.149096520483E-35
   967.610537306      0.144722927424E-35
   973.893722613      0.133378758017E-35
   980.176907920      0.141659274203E-35
   986.460093227      0.130122270308E-35
   992.743278534      0.131176963720E-35
   999.026463842      0.123670079042E-35
   1005.30964915      0.123954684305E-35
   1011.59283446      0.113368725289E-35
   1017.87601976      0.117369167693E-35
   1024.15920507      0.113443706246E-35
   1030.44239038      0.983593580730E-36
   1036.72557568      0.112926536671E-35
   1043.00876099      0.973267307961E-36
   1049.29194630      0.990349686945E-36
   1055.57513161      0.960801674718E-36
   1061.85831691      0.928311668586E-36
   1068.14150222      0.911976349452E-36
   1074.42468753      0.778440713433E-36
   1080.70787283      0.791984697522E-36
   1086.99105814      0.733513303954E-36
   1093.27424345      0.709390301518E-36
   1099.55742876      0.761105985902E-36
   1105.84061406      0.625666511135E-36
   1112.12379937      0.688619159835E-36
   1118.40698468      0.584586116772E-36
   1124.69016999      0.597488166618E-36
   1130.97335529      0.497714055949E-36
   1137.25654060      0.449732031760E-36
   1143.53972591      0.402753167692E-36
   1149.82291121      0.360566330718E-36
   1156.10609652      0.345226431978E-36
   1162.38928183      0.301287083546E-36
   1168.67246714      0.287736798620E-36
   1174.95565244      0.266398408482E-36
   1181.23883775      0.255561626288E-36
   1187.52202306      0.225666254959E-36
   1193.80520836      0.218090072059E-36
   1200.08839367      0.205495642836E-36
   1206.37157898      0.193101614583E-36
   1212.65476429      0.175505319562E-36
   1218.93794959      0.161475016927E-36
   1225.22113490      0.149761920867E-36
   1231.50432021      0.138985808795E-36
   1237.78750551      0.119368766614E-36
   1244.07069082      0.120312570162E-36
   1250.35387613      0.112991846324E-36
   1256.63706144      0.105057043263E-36
   1262.92024674      0.905270676147E-37
   1269.20343205      0.930828956333E-37
   1275.48661736      0.787485695828E-37
   1281.76980266      0.763060105219E-37
   1288.05298797      0.659221345837E-37
   1294.33617328      0.633580404162E-37
   1300.61935859      0.528799725356E-37
   1306.90254389      0.433658640552E-37
   1313.18572920      0.430318499903E-37
   1319.46891451      0.404250883069E-37
   1325.75209981      0.357050404077E-37
   1332.03528512      0.275275601144E-37
   1338.31847043      0.230371628858E-37
   1344.60165574      0.244623329912E-37
   1350.88484104      0.197925698489E-37
   1357.16802635      0.140417960171E-37
   1363.45121166      0.840777283421E-38
   1369.73439697      0.110292663320E-37
   1376.01758227      0.856152598812E-38
   1382.30076758      0.460544679372E-38
   1388.58395289      0.879836405603E-39
   1394.86713819      0.214623390990E-39
   6.28318530718      0.358841673123E-40
   12.5663706144      0.137532470291E-02
   18.8495559215      0.499885363176E-03
   25.1327412287      0.297078202803E-03
   31.4159265359      0.109709509326E-03
   37.6991118431      0.753737026831E-04
   43.9822971503      0.309348454503E-04
   50.2654824574      0.193965308147E-04
   56.5486677646      0.870312215794E-05
   62.8318530718      0.455451117792E-05
   69.1150383790      0.221447343233E-05
   75.3982236862      0.112282442530E-05
   81.6814089933      0.588753108745E-06
   87.9645943005      0.328395753203E-06
   94.2477796077      0.184414221847E-06
   100.530964915      0.106418903354E-06
   106.814150222      0.610656775544E-07
   113.097335529      0.351230743600E-07
   119.380520836      0.197200257942E-07
   125.663706144      0.109838302371E-07
   131.946891451      0.602055365903E-08
   138.230076758      0.324545110299E-08
   144.513262065      0.172391985636E-08
   150.796447372      0.905310076214E-09
   157.079632679      0.469012766206E-09
   163.362817987      0.240447845007E-09
   169.646003294      0.121630168572E-09
   175.929188601      0.610220970253E-10
   182.212373908      0.303663522855E-10
   188.495559215      0.150456334928E-10
   194.778744523      0.738111368149E-11
   201.061929830      0.361798418494E-11
   207.345115137      0.176189800041E-11
   213.628300444      0.856265034103E-12
   219.911485751      0.414747490252E-12
   226.194671058      0.200270890862E-12
   232.477856366      0.966388087898E-13
   238.761041673      0.465597277262E-13
   245.044226980      0.223787932331E-13
   251.327412287      0.107529820985E-13
   257.610597594      0.516494848500E-14
   263.893782902      0.247651657587E-14
   270.176968209      0.118691450806E-14
   276.460153516      0.568918122336E-15
   282.743338823      0.272162578115E-15
   289.026524130      0.130334517804E-15
   295.309709437      0.623110226277E-16
   301.592894745      0.297890374233E-16
   307.876080052      0.142340993252E-16
   314.159265359      0.679859860085E-17
   320.442450666      0.324543373352E-17
   326.725635973      0.154818700070E-17
   333.008821281      0.738437245958E-18
   339.292006588      0.351966529299E-18
   345.575191895      0.167714291092E-18
   351.858377202      0.798907064116E-19
   358.141562509      0.380448159125E-19
   364.424747816      0.181110669880E-19
   370.707933124      0.861913363025E-20
   376.991118431      0.410063074494E-20
   383.274303738      0.194851181749E-20
   389.557489045      0.926899169757E-21
   395.840674352      0.440389487487E-21
   402.123859659      0.209155876076E-21
   408.407044967      0.993267315763E-22
   414.690230274      0.471501104836E-22
   420.973415581      0.223624218159E-22
   427.256600888      0.105989778596E-22
   433.539786195      0.501581061987E-23
   439.822971503      0.237240500197E-23
   446.106156810      0.112100642832E-23
   452.389342117      0.527935709239E-24
   458.672527424      0.247777680265E-24
   464.955712731      0.115205960322E-24
   471.238898038      0.535112899205E-25
   477.522083346      0.246437695039E-25
   483.805268653      0.111518011576E-25
   490.088453960      0.492573261483E-26
   496.371639267      0.206955636073E-26
   502.654824574      0.874685242568E-27
   508.938009882      0.354251551335E-27
   515.221195189      0.139743792769E-27
   521.504380496      0.558287941740E-28
   527.787565803      0.270621679391E-28
   534.070751110      0.146868655783E-28
   540.353936417      0.781455627791E-29
   546.637121725      0.109778533427E-33
   552.920307032      0.108915769212E-33
   559.203492339      0.102395618062E-33
   565.486677646      0.102591756021E-33
   571.769862953      0.878451375930E-34
   578.053048261      0.846032022001E-34
   584.336233568      0.794526540860E-34
   590.619418875      0.779210592524E-34
   596.902604182      0.739108169645E-34
   603.185789489      0.722157295637E-34
   609.468974796      0.655532971882E-34
   615.752160104      0.672420300474E-34
   622.035345411      0.555464712267E-34
   628.318530718      0.555130848955E-34
   634.601716025      0.549889819665E-34
   640.884901332      0.507497895905E-34
   647.168086639      0.474760228417E-34
   653.451271947      0.477519158743E-34
   659.734457254      0.436232023595E-34
   666.017642561      0.438343590151E-34
   672.300827868      0.404353077550E-34
   678.584013175      0.376151721951E-34
   684.867198483      0.351230147664E-34
   691.150383790      0.328471528238E-34
   697.433569097      0.297803068077E-34
   703.716754404      0.306131186911E-34
   709.999939711      0.255140840897E-34
   716.283125018      0.267133137653E-34
   722.566310326      0.237551582379E-34
   728.849495633      0.212562627155E-34
   735.132680940      0.195276424299E-34
   741.415866247      0.181080713842E-34
   747.699051554      0.162300075844E-34
   753.982236862      0.151446458802E-34
   760.265422169      0.127282491078E-34
   766.548607476      0.123417345945E-34
   772.831792783      0.106691615177E-34
   779.114978090      0.105770537570E-34
   785.398163397      0.915119000505E-35
   791.681348705      0.945613921649E-35
   797.964534012      0.103506811382E-34
   804.247719319      0.143373689234E-34
   810.530904626      0.751049643612E-35
   816.814089933      0.618943998435E-35
   823.097275241      0.564826435055E-35
   829.380460548      0.524365769090E-35
   835.663645855      0.489954790303E-35
   841.946831162      0.414471893656E-35
   848.230016469      0.389383141245E-35
   854.513201776      0.380582848925E-35
   860.796387084      0.321939370493E-35
   867.079572391      0.302758322766E-35
   873.362757698      0.279331912082E-35
   879.645943005      0.262813217452E-35
   885.929128312      0.260433408161E-35
   892.212313620      0.214701608237E-35
   898.495498927      0.215569322814E-35
   904.778684234      0.202325350785E-35
   911.061869541      0.191231347469E-35
   917.345054848      0.180045118294E-35
   923.628240155      0.165035342760E-35
   929.911425463      0.160817890405E-35
   936.194610770      0.161223261644E-35
   942.477796077      0.159082934689E-35
   948.760981384      0.157487534960E-35
   955.044166691      0.141533120199E-35
   961.327351998      0.145563025038E-35
   967.610537306      0.137592513925E-35
   973.893722613      0.136986642771E-35
   980.176907920      0.141004159952E-35
   986.460093227      0.132161925510E-35
   992.743278534      0.135008938875E-35
   999.026463842      0.133873346145E-35
   1005.30964915      0.135651452640E-35
   1011.59283446      0.111925649332E-35
   1017.87601976      0.116322083162E-35
   1024.15920507      0.107002433803E-35
   1030.44239038      0.969026366774E-36
   1036.72557568      0.110802740390E-35
   1043.00876099      0.953306354704E-36
   1049.29194630      0.975948173709E-36
   1055.57513161      0.910901295608E-36
   1061.85831691      0.921356833721E-36
   1068.14150222      0.988808660437E-36
   1074.42468753      0.787170750358E-36
   1080.70787283      0.783401147308E-36
   1086.99105814      0.776947093621E-36
   1093.27424345      0.708356609098E-36
   1099.55742876      0.718299405785E-36
   1105.84061406      0.648694262587E-36
   1112.12379937      0.710291243312E-36
   1118.40698468      0.595922352908E-36
   1124.69016999      0.631561666504E-36
   1130.97335529      0.560969321465E-36
   1137.25654060      0.449766954687E-36
   1143.53972591      0.393144417319E-36
   1149.82291121      0.346181233236E-36
   1156.10609652      0.324525078758E-36
   1162.38928183      0.302776011913E-36
   1168.67246714      0.284565362428E-36
   1174.95565244      0.256296396387E-36
   1181.23883775      0.248900641877E-36
   1187.52202306      0.224633867152E-36
   1193.80520836      0.219334066513E-36
   1200.08839367      0.196158080531E-36
   1206.37157898      0.184741736333E-36
   1212.65476429      0.173239518177E-36
   1218.93794959      0.163053658616E-36
   1225.22113490      0.147777467027E-36
   1231.50432021      0.139362628845E-36
   1237.78750551      0.120596982081E-36
   1244.07069082      0.119361864446E-36
   1250.35387613      0.110560570881E-36
   1256.63706144      0.102018058667E-36
   1262.92024674      0.923985479735E-37
   1269.20343205      0.904113152586E-37
   1275.48661736      0.717826931486E-37
   1281.76980266      0.762952727453E-37
   1288.05298797      0.674311071349E-37
   1294.33617328      0.651269431264E-37
   1300.61935859      0.529301912694E-37
   1306.90254389      0.472529128286E-37
   1313.18572920      0.449178084966E-37
   1319.46891451      0.380700130836E-37
   1325.75209981      0.337572290485E-37
   1332.03528512      0.308027771153E-37
   1338.31847043      0.233713486972E-37
   1344.60165574      0.238391280216E-37
   1350.88484104      0.195386703005E-37
   1357.16802635      0.139403922110E-37
   1363.45121166      0.931033104043E-38
   1369.73439697      0.111785984712E-37
   1376.01758227      0.694529927741E-38
   1382.30076758      0.285981505479E-38
   1388.58395289      0.593731296856E-39
   1394.86713819      0.101471673052E-39
   6.28318530718      0.142048033002E-40
   12.5663706144      0.131187279446E-02
   18.8495559215      0.499130037851E-03
   25.1327412287      0.314664323915E-03
   31.4159265359      0.120129271908E-03
   37.6991118431      0.834655171764E-04
   43.9822971503      0.368071177519E-04
   50.2654824574      0.236130859635E-04
   56.5486677646      0.103859889956E-04
   62.8318530718      0.580798470305E-05
   69.1150383790      0.294050656797E-05
   75.3982236862      0.150092685775E-05
   81.6814089933      0.818780588125E-06
   87.9645943005      0.469149501298E-06
   94.2477796077      0.273420364779E-06
   100.530964915      0.164073394919E-06
   106.814150222      0.985980732395E-07
   113.097335529      0.592040875631E-07
   119.380520836      0.346340715649E-07
   125.663706144      0.202553951861E-07
   131.946891451      0.115888529448E-07
   138.230076758      0.653237794025E-08
   144.513262065      0.362291927623E-08
   150.796447372      0.198382105827E-08
   157.079632679      0.107109602160E-08
   163.362817987      0.571209544974E-09
   169.646003294      0.300898654199E-09
   175.929188601      0.156657824925E-09
   182.212373908      0.809503649132E-10
   188.495559215      0.416210406888E-10
   194.778744523      0.211310324207E-10
   201.061929830      0.107286755227E-10
   207.345115137      0.540908796896E-11
   213.628300444      0.271990541578E-11
   219.911485751      0.136332727364E-11
   226.194671058      0.680060506516E-12
   232.477856366      0.339246487819E-12
   238.761041673      0.168997233154E-12
   245.044226980      0.839406201306E-13
   251.327412287      0.416958475077E-13
   257.610597594      0.207052535879E-13
   263.893782902      0.102609182855E-13
   270.176968209      0.507997671002E-14
   276.460153516      0.251766994929E-14
   282.743338823      0.124468947467E-14
   289.026524130      0.616599265037E-15
   295.309709437      0.304657241866E-15
   301.592894745      0.150608046126E-15
   307.876080052      0.744214256805E-16
   314.159265359      0.367614431757E-16
   320.442450666      0.181508131002E-16
   326.725635973      0.895382605646E-17
   333.008821281      0.441778206651E-17
   339.292006588      0.217707298022E-17
   345.575191895      0.107307807815E-17
   351.858377202      0.528711695938E-18
   358.141562509      0.260462251411E-18
   364.424747816      0.128274035354E-18
   370.707933124      0.631643992074E-19
   376.991118431      0.310918016607E-19
   383.274303738      0.152813401206E-19
   389.557489045      0.752514427533E-20
   395.840674352      0.369882234689E-20
   402.123859659      0.181803177622E-20
   408.407044967      0.893658767029E-21
   414.690230274      0.439246332571E-21
   420.973415581      0.215688856733E-21
   427.256600888      0.105917483207E-21
   433.539786195      0.519837418889E-22
   439.822971503      0.255057537435E-22
   446.106156810      0.125078304034E-22
   452.389342117      0.612826123034E-23
   458.672527424      0.299991525869E-23
   464.955712731      0.146446526000E-23
   471.238898038      0.714541132771E-24
   477.522083346      0.347767299652E-24
   483.805268653      0.168558341671E-24
   490.088453960      0.811617799409E-25
   496.371639267      0.386064554840E-25
   502.654824574      0.183467042086E-25
   508.938009882      0.857802823787E-26
   515.221195189      0.394292867804E-26
   521.504380496      0.171977256997E-26
   527.787565803      0.741244246680E-27
   534.070751110      0.305696043925E-27
   540.353936417      0.133532038553E-27
   546.637121725      0.268898850574E-30
   552.920307032      0.110870463717E-33
   559.203492339      0.103087432334E-33
   565.486677646      0.103951000445E-33
   571.769862953      0.888364802682E-34
   578.053048261      0.861967377126E-34
   584.336233568      0.807048241578E-34
   590.619418875      0.788350778827E-34
   596.902604182      0.745874522115E-34
   603.185789489      0.734177762030E-34
   609.468974796      0.662909100197E-34
   615.752160104      0.694148551444E-34
   622.035345411      0.565143694084E-34
   628.318530718      0.566867113506E-34
   634.601716025      0.559068641468E-34
   640.884901332      0.521301572371E-34
   647.168086639      0.481672205938E-34
   653.451271947      0.486284884828E-34
   659.734457254      0.446987683930E-34
   666.017642561      0.447782664259E-34
   672.300827868      0.413078079057E-34
   678.584013175      0.379338846524E-34
   684.867198483      0.358283539613E-34
   691.150383790      0.329835734619E-34
   697.433569097      0.303931181536E-34
   703.716754404      0.318060571806E-34
   709.999939711      0.259825530901E-34
   716.283125018      0.287053822910E-34
   722.566310326      0.243723284378E-34
   728.849495633      0.216511377698E-34
   735.132680940      0.196928362433E-34
   741.415866247      0.181568594564E-34
   747.699051554      0.165057184315E-34
   753.982236862      0.158602596554E-34
   760.265422169      0.129808714405E-34
   766.548607476      0.128123807905E-34
   772.831792783      0.105640008545E-34
   779.114978090      0.103948793953E-34
   785.398163397      0.922510360274E-35
   791.681348705      0.924401255312E-35
   797.964534012      0.983088232192E-35
   804.247719319      0.169212582280E-34
   810.530904626      0.742159473359E-35
   816.814089933      0.635138999693E-35
   823.097275241      0.579655196719E-35
   829.380460548      0.512032244585E-35
   835.663645855      0.493472140224E-35
   841.946831162      0.418551341577E-35
   848.230016469      0.388415065357E-35
   854.513201776      0.380364165489E-35
   860.796387084      0.329343500370E-35
   867.079572391      0.301031438499E-35
   873.362757698      0.284191535582E-35
   879.645943005      0.263288745314E-35
   885.929128312      0.258940065277E-35
   892.212313620      0.215340477690E-35
   898.495498927      0.220911236997E-35
   904.778684234      0.208714028699E-35
   911.061869541      0.189503825617E-35
   917.345054848      0.187066088523E-35
   923.628240155      0.167116176987E-35
   929.911425463      0.161759969661E-35
   936.194610770      0.164505801167E-35
   942.477796077      0.158486697345E-35
   948.760981384      0.153794185920E-35
   955.044166691      0.151228134804E-35
   961.327351998      0.151195330710E-35
   967.610537306      0.141585109341E-35
   973.893722613      0.138980931771E-35
   980.176907920      0.138177935790E-35
   986.460093227      0.128725418577E-35
   992.743278534      0.128692189360E-35
   999.026463842      0.124787146268E-35
   1005.30964915      0.128522351320E-35
   1011.59283446      0.107859090285E-35
   1017.87601976      0.114298101403E-35
   1024.15920507      0.107738997948E-35
   1030.44239038      0.101588765049E-35
   1036.72557568      0.107104009215E-35
   1043.00876099      0.952017796867E-36
   1049.29194630      0.101082605056E-35
   1055.57513161      0.912218072579E-36
   1061.85831691      0.873363569659E-36
   1068.14150222      0.904481512395E-36
   1074.42468753      0.811458557996E-36
   1080.70787283      0.812559928277E-36
   1086.99105814      0.788157129088E-36
   1093.27424345      0.738001598241E-36
   1099.55742876      0.747445414551E-36
   1105.84061406      0.608830850879E-36
   1112.12379937      0.710554921666E-36
   1118.40698468      0.569897656073E-36
   1124.69016999      0.643174200752E-36
   1130.97335529      0.514519420630E-36
   1137.25654060      0.441648726967E-36
   1143.53972591      0.397519758626E-36
   1149.82291121      0.350709134166E-36
   1156.10609652      0.327538496300E-36
   1162.38928183      0.300570500376E-36
   1168.67246714      0.287975446785E-36
   1174.95565244      0.254889392661E-36
   1181.23883775      0.248528570882E-36
   1187.52202306      0.226047162427E-36
   1193.80520836      0.210058594466E-36
   1200.08839367      0.196482151159E-36
   1206.37157898      0.187305568195E-36
   1212.65476429      0.166091338546E-36
   1218.93794959      0.159858505377E-36
   1225.22113490      0.151212353648E-36
   1231.50432021      0.142125331401E-36
   1237.78750551      0.118905157257E-36
   1244.07069082      0.117489970871E-36
   1250.35387613      0.110116685765E-36
   1256.63706144      0.100234757124E-36
   1262.92024674      0.861997715343E-37
   1269.20343205      0.873084291100E-37
   1275.48661736      0.754293712979E-37
   1281.76980266      0.690512667232E-37
   1288.05298797      0.594250243755E-37
   1294.33617328      0.604281060078E-37
   1300.61935859      0.536862869053E-37
   1306.90254389      0.443354287737E-37
   1313.18572920      0.451557586324E-37
   1319.46891451      0.407529238687E-37
   1325.75209981      0.365992029730E-37
   1332.03528512      0.275382051566E-37
   1338.31847043      0.212063696643E-37
   1344.60165574      0.244669173994E-37
   1350.88484104      0.186603547886E-37
   1357.16802635      0.123090803260E-37
   1363.45121166      0.684055246978E-38
   1369.73439697      0.880737093201E-38
   1376.01758227      0.617104479534E-38
   1382.30076758      0.291621115045E-38
   1388.58395289      0.652588991564E-39
   1394.86713819      0.117232854162E-39
   6.28318530718      0.524981406599E-40
   12.5663706144      0.124919459520E-02
   18.8495559215      0.496348160649E-03
   25.1327412287      0.330873058211E-03
   31.4159265359      0.131181050575E-03
   37.6991118431      0.916217930770E-04
   43.9822971503      0.430248152060E-04
   50.2654824574      0.282815331284E-04
   56.5486677646      0.121175795946E-04
   62.8318530718      0.718850754328E-05
   69.1150383790      0.373831290244E-05
   75.3982236862      0.191496930644E-05
   81.6814089933      0.108074337977E-05
   87.9645943005      0.632866549692E-06
   94.2477796077      0.379106065129E-06
   100.530964915      0.235386410917E-06
   106.814150222      0.147070298550E-06
   113.097335529      0.917194777529E-07
   119.380520836      0.557697073670E-07
   125.663706144      0.340187745464E-07
   131.946891451      0.202169877286E-07
   138.230076758      0.118627403836E-07
   144.513262065      0.683283095815E-08
   150.796447372      0.388342097579E-08
   157.079632679      0.217487504279E-08
   163.362817987      0.120171846968E-08
   169.646003294      0.655316817444E-09
   175.929188601      0.352681506668E-09
   182.212373908      0.188356106656E-09
   188.495559215      0.100014969477E-09
   194.778744523      0.522977064303E-10
   201.061929830      0.273665124878E-10
   207.345115137      0.142196515905E-10
   213.628300444      0.735800958500E-11
   219.911485751      0.379839403150E-11
   226.194671058      0.194646888620E-11
   232.477856366      0.998534474898E-12
   238.761041673      0.511615200903E-12
   245.044226980      0.261287779696E-12
   251.327412287      0.133448305195E-12
   257.610597594      0.681357061593E-13
   263.893782902      0.347310188819E-13
   270.176968209      0.176587686893E-13
   276.460153516      0.900125549204E-14
   282.743338823      0.457285323907E-14
   289.026524130      0.233101066631E-14
   295.309709437      0.118394652701E-14
   301.592894745      0.601969095362E-15
   307.876080052      0.305945398974E-15
   314.159265359      0.155452834478E-15
   320.442450666      0.789679615731E-16
   326.725635973      0.400651124968E-16
   333.008821281      0.203377201885E-16
   339.292006588      0.103063821376E-16
   345.575191895      0.522698481981E-17
   351.858377202      0.264955109173E-17
   358.141562509      0.134303870796E-17
   364.424747816      0.680601528798E-18
   370.707933124      0.344870282113E-18
   376.991118431      0.174720643770E-18
   383.274303738      0.883329156076E-19
   389.557489045      0.447900384362E-19
   395.840674352      0.226515933353E-19
   402.123859659      0.114592955897E-19
   408.407044967      0.579828066890E-20
   414.690230274      0.293414206435E-20
   420.973415581      0.148322348113E-20
   427.256600888      0.750002843627E-21
   433.539786195      0.379142975752E-21
   439.822971503      0.191635209688E-21
   446.106156810      0.968196857086E-22
   452.389342117      0.489023185351E-22
   458.672527424      0.246947584957E-22
   464.955712731      0.124551158633E-22
   471.238898038      0.627976398636E-23
   477.522083346      0.316262324384E-23
   483.805268653      0.159149264302E-23
   490.088453960      0.799088929376E-24
   496.371639267      0.399761352468E-24
   502.654824574      0.199946973418E-24
   508.938009882      0.994732726134E-25
   515.221195189      0.491988470894E-25
   521.504380496      0.239621071373E-25
   527.787565803      0.116435319821E-25
   534.070751110      0.555256397628E-26
   540.353936417      0.262336084975E-26
   546.637121725      0.167306261573E-28
   552.920307032      0.228902994057E-31
   559.203492339      0.104766449369E-33
   565.486677646      0.105163127940E-33
   571.769862953      0.899183437384E-34
   578.053048261      0.881420191002E-34
   584.336233568      0.817662559227E-34
   590.619418875      0.795699358570E-34
   596.902604182      0.764011937087E-34
   603.185789489      0.730056227888E-34
   609.468974796      0.673418112115E-34
   615.752160104      0.700384779851E-34
   622.035345411      0.578963037757E-34
   628.318530718      0.576075632083E-34
   634.601716025      0.573741043928E-34
   640.884901332      0.536086418626E-34
   647.168086639      0.488286773036E-34
   653.451271947      0.493578120749E-34
   659.734457254      0.450616928691E-34
   666.017642561      0.455420719313E-34
   672.300827868      0.420339180665E-34
   678.584013175      0.386823683405E-34
   684.867198483      0.363333087289E-34
   691.150383790      0.337015375011E-34
   697.433569097      0.306914574888E-34
   703.716754404      0.327946985625E-34
   709.999939711      0.260622488976E-34
   716.283125018      0.299159920470E-34
   722.566310326      0.247192319094E-34
   728.849495633      0.216183552178E-34
   735.132680940      0.199257258430E-34
   741.415866247      0.185339630717E-34
   747.699051554      0.166554208070E-34
   753.982236862      0.156066317671E-34
   760.265422169      0.130560237836E-34
   766.548607476      0.121597249781E-34
   772.831792783      0.108363063917E-34
   779.114978090      0.103859417367E-34
   785.398163397      0.931387874763E-35
   791.681348705      0.956887221197E-35
   797.964534012      0.927856526643E-35
   804.247719319      0.189631977048E-34
   810.530904626      0.755151684269E-35
   816.814089933      0.630920552847E-35
   823.097275241      0.581218288626E-35
   829.380460548      0.514665105715E-35
   835.663645855      0.483523791065E-35
   841.946831162      0.421109816086E-35
   848.230016469      0.392157612564E-35
   854.513201776      0.382999283370E-35
   860.796387084      0.327032014852E-35
   867.079572391      0.299934272398E-35
   873.362757698      0.283955787109E-35
   879.645943005      0.268499589161E-35
   885.929128312      0.270400528127E-35
   892.212313620      0.218093932262E-35
   898.495498927      0.226827361418E-35
   904.778684234      0.201251153677E-35
   911.061869541      0.188145535322E-35
   917.345054848      0.178754963662E-35
   923.628240155      0.165826601570E-35
   929.911425463      0.162222398977E-35
   936.194610770      0.163788171175E-35
   942.477796077      0.152304915546E-35
   948.760981384      0.155724615585E-35
   955.044166691      0.145678308144E-35
   961.327351998      0.148567229413E-35
   967.610537306      0.142569786211E-35
   973.893722613      0.142143300666E-35
   980.176907920      0.139304569784E-35
   986.460093227      0.132611660397E-35
   992.743278534      0.132500654715E-35
   999.026463842      0.124691183853E-35
   1005.30964915      0.125424377027E-35
   1011.59283446      0.109152132024E-35
   1017.87601976      0.109433072707E-35
   1024.15920507      0.107759201906E-35
   1030.44239038      0.102253125220E-35
   1036.72557568      0.109111463882E-35
   1043.00876099      0.923297918977E-36
   1049.29194630      0.973988551537E-36
   1055.57513161      0.937554914366E-36
   1061.85831691      0.864421263768E-36
   1068.14150222      0.941355827966E-36
   1074.42468753      0.782758826719E-36
   1080.70787283      0.779893517176E-36
   1086.99105814      0.750227637323E-36
   1093.27424345      0.706484004649E-36
   1099.55742876      0.746819908085E-36
   1105.84061406      0.642870537566E-36
   1112.12379937      0.675926544423E-36
   1118.40698468      0.558545285747E-36
   1124.69016999      0.586964669363E-36
   1130.97335529      0.499835223187E-36
   1137.25654060      0.433027701943E-36
   1143.53972591      0.393424503151E-36
   1149.82291121      0.349790347111E-36
   1156.10609652      0.333021490054E-36
   1162.38928183      0.301506562680E-36
   1168.67246714      0.287719961326E-36
   1174.95565244      0.258960537930E-36
   1181.23883775      0.253571221717E-36
   1187.52202306      0.227517784397E-36
   1193.80520836      0.218967119417E-36
   1200.08839367      0.202291635544E-36
   1206.37157898      0.181985129200E-36
   1212.65476429      0.169540745038E-36
   1218.93794959      0.170734247033E-36
   1225.22113490      0.155685208818E-36
   1231.50432021      0.137834967746E-36
   1237.78750551      0.119644152204E-36
   1244.07069082      0.119941251226E-36
   1250.35387613      0.114146211788E-36
   1256.63706144      0.107166231441E-36
   1262.92024674      0.921314617338E-37
   1269.20343205      0.897604927882E-37
   1275.48661736      0.748081215225E-37
   1281.76980266      0.755132020221E-37
   1288.05298797      0.646078964322E-37
   1294.33617328      0.623008640897E-37
   1300.61935859      0.507213439737E-37
   1306.90254389      0.405703067683E-37
   1313.18572920      0.415891131367E-37
   1319.46891451      0.380734849808E-37
   1325.75209981      0.341749028769E-37
   1332.03528512      0.275310740073E-37
   1338.31847043      0.211883517546E-37
   1344.60165574      0.251494975558E-37
   1350.88484104      0.223892590385E-37
   1357.16802635      0.150951534633E-37
   1363.45121166      0.800370410352E-38
   1369.73439697      0.953529731893E-38
   1376.01758227      0.625159719362E-38
   1382.30076758      0.321321008398E-38
   1388.58395289      0.395579613812E-39
   1394.86713819      0.129974722354E-39
   6.28318530718      0.259593624010E-39
   12.5663706144      0.118766769805E-02
   18.8495559215      0.491631262883E-03
   25.1327412287      0.345180089616E-03
   31.4159265359      0.142934342416E-03
   37.6991118431      0.100041814656E-03
   43.9822971503      0.494431473970E-04
   50.2654824574      0.333817755546E-04
   56.5486677646      0.139601589175E-04
   62.8318530718      0.867923639362E-05
   69.1150383790      0.457638499926E-05
   75.3982236862      0.236070160023E-05
   81.6814089933      0.136724851398E-05
   87.9645943005      0.814524534174E-06
   94.2477796077      0.497927557577E-06
   100.530964915      0.318821070432E-06
   106.814150222      0.205243046565E-06
   113.097335529      0.132509087423E-06
   119.380520836      0.836643651437E-07
   125.663706144      0.528261394071E-07
   131.946891451      0.325353765075E-07
   138.230076758      0.197954022841E-07
   144.513262065      0.117834011788E-07
   150.796447372      0.693042171488E-08
   157.079632679      0.401039485750E-08
   163.362817987      0.228768041928E-08
   169.646003294      0.128553893824E-08
   175.929188601      0.713204202868E-09
   182.212373908      0.392017983097E-09
   188.495559215      0.214179563284E-09
   194.778744523      0.114968183845E-09
   201.061929830      0.617623339417E-10
   207.345115137      0.329532670434E-10
   213.628300444      0.174769423353E-10
   219.911485751      0.925384335523E-11
   226.194671058      0.485269670199E-11
   232.477856366      0.255007563182E-11
   238.761041673      0.133795405383E-11
   245.044226980      0.699851349070E-12
   251.327412287      0.365895585613E-12
   257.610597594      0.191243639365E-12
   263.893782902      0.998741558663E-13
   270.176968209      0.519338608553E-13
   276.460153516      0.271115359995E-13
   282.743338823      0.140890768842E-13
   289.026524130      0.735763168435E-14
   295.309709437      0.382625213247E-14
   301.592894745      0.199226678203E-14
   307.876080052      0.103690687904E-14
   314.159265359      0.539612108898E-15
   320.442450666      0.280799971400E-15
   326.725635973      0.145897018064E-15
   333.008821281      0.758567440090E-16
   339.292006588      0.393709454608E-16
   345.575191895      0.204561838445E-16
   351.858377202      0.106227813683E-16
   358.141562509      0.551652170673E-17
   364.424747816      0.286419627717E-17
   370.707933124      0.148688106872E-17
   376.991118431      0.772105595399E-18
   383.274303738      0.399732746753E-18
   389.557489045      0.207805583438E-18
   395.840674352      0.107682655332E-18
   402.123859659      0.558312246679E-19
   408.407044967      0.289536473561E-19
   414.690230274      0.150171621373E-19
   420.973415581      0.778180543485E-20
   427.256600888      0.403374662806E-20
   433.539786195      0.209061788969E-20
   439.822971503      0.108344187437E-20
   446.106156810      0.561309056924E-21
   452.389342117      0.290768487979E-21
   458.672527424      0.150622236198E-21
   464.955712731      0.779667773243E-22
   471.238898038      0.403485074828E-22
   477.522083346      0.208670124451E-22
   483.805268653      0.107916874691E-22
   490.088453960      0.557582427646E-23
   496.371639267      0.287732047666E-23
   502.654824574      0.148469254065E-23
   508.938009882      0.764671137506E-24
   515.221195189      0.393138111372E-24
   521.504380496      0.201208025615E-24
   527.787565803      0.102973889875E-24
   534.070751110      0.524850900714E-25
   540.353936417      0.269283583137E-25
   546.637121725      0.767586121267E-28
   552.920307032      0.365475311040E-29
   559.203492339      0.105828241497E-33
   565.486677646      0.106630937236E-33
   571.769862953      0.909654304780E-34
   578.053048261      0.891646095959E-34
   584.336233568      0.827769749816E-34
   590.619418875      0.807347099689E-34
   596.902604182      0.775584214485E-34
   603.185789489      0.745403811236E-34
   609.468974796      0.684217601010E-34
   615.752160104      0.716309480234E-34
   622.035345411      0.585726133331E-34
   628.318530718      0.581794869613E-34
   634.601716025      0.582173804600E-34
   640.884901332      0.538995028983E-34
   647.168086639      0.492361010331E-34
   653.451271947      0.500888698190E-34
   659.734457254      0.459062570978E-34
   666.017642561      0.461853608168E-34
   672.300827868      0.421456987358E-34
   678.584013175      0.390438013659E-34
   684.867198483      0.364550430832E-34
   691.150383790      0.338830230323E-34
   697.433569097      0.311633344906E-34
   703.716754404      0.328806250089E-34
   709.999939711      0.265502831021E-34
   716.283125018      0.297803019701E-34
   722.566310326      0.246923335334E-34
   728.849495633      0.220205523731E-34
   735.132680940      0.200368163777E-34
   741.415866247      0.187104803047E-34
   747.699051554      0.168926655563E-34
   753.982236862      0.157752994533E-34
   760.265422169      0.131622919022E-34
   766.548607476      0.127597615294E-34
   772.831792783      0.109542514663E-34
   779.114978090      0.108288571965E-34
   785.398163397      0.958238768900E-35
   791.681348705      0.993226617881E-35
   797.964534012      0.967052297245E-35
   804.247719319      0.141238971364E-34
   810.530904626      0.769452569588E-35
   816.814089933      0.630006254293E-35
   823.097275241      0.571039557566E-35
   829.380460548      0.521734672495E-35
   835.663645855      0.489086721016E-35
   841.946831162      0.424533250158E-35
   848.230016469      0.392387474594E-35
   854.513201776      0.375317454837E-35
   860.796387084      0.327963777839E-35
   867.079572391      0.292784899502E-35
   873.362757698      0.286090304731E-35
   879.645943005      0.262148688094E-35
   885.929128312      0.258259890748E-35
   892.212313620      0.214243784312E-35
   898.495498927      0.217998286248E-35
   904.778684234      0.205542269107E-35
   911.061869541      0.185585234227E-35
   917.345054848      0.181581561638E-35
   923.628240155      0.169440730096E-35
   929.911425463      0.158517706858E-35
   936.194610770      0.156173682265E-35
   942.477796077      0.154770605958E-35
   948.760981384      0.143449618860E-35
   955.044166691      0.141574056733E-35
   961.327351998      0.144422127712E-35
   967.610537306      0.140921252104E-35
   973.893722613      0.131248907069E-35
   980.176907920      0.136330567576E-35
   986.460093227      0.135837203750E-35
   992.743278534      0.127059792739E-35
   999.026463842      0.125624567431E-35
   1005.30964915      0.125343223688E-35
   1011.59283446      0.110384843677E-35
   1017.87601976      0.112484760972E-35
   1024.15920507      0.107607079732E-35
   1030.44239038      0.968873055439E-36
   1036.72557568      0.110373727547E-35
   1043.00876099      0.964012955328E-36
   1049.29194630      0.972431483268E-36
   1055.57513161      0.959518739159E-36
   1061.85831691      0.910229449192E-36
   1068.14150222      0.929961819914E-36
   1074.42468753      0.770203106316E-36
   1080.70787283      0.786616335158E-36
   1086.99105814      0.720601561103E-36
   1093.27424345      0.705410091819E-36
   1099.55742876      0.717327798793E-36
   1105.84061406      0.626519757828E-36
   1112.12379937      0.654312302797E-36
   1118.40698468      0.572571102186E-36
   1124.69016999      0.580716517019E-36
   1130.97335529      0.497601244379E-36
   1137.25654060      0.444578868727E-36
   1143.53972591      0.384730160225E-36
   1149.82291121      0.344308840024E-36
   1156.10609652      0.324905671374E-36
   1162.38928183      0.296447990188E-36
   1168.67246714      0.289103286294E-36
   1174.95565244      0.255765131497E-36
   1181.23883775      0.252183906339E-36
   1187.52202306      0.230918537274E-36
   1193.80520836      0.214237937977E-36
   1200.08839367      0.200092109700E-36
   1206.37157898      0.189136737033E-36
   1212.65476429      0.167120082552E-36
   1218.93794959      0.161792125959E-36
   1225.22113490      0.149341430450E-36
   1231.50432021      0.136597648935E-36
   1237.78750551      0.120029355258E-36
   1244.07069082      0.117339411951E-36
   1250.35387613      0.109024001172E-36
   1256.63706144      0.992517672456E-37
   1262.92024674      0.935730133545E-37
   1269.20343205      0.882911506134E-37
   1275.48661736      0.721703265459E-37
   1281.76980266      0.708456993046E-37
   1288.05298797      0.610906761414E-37
   1294.33617328      0.596998481765E-37
   1300.61935859      0.522434932357E-37
   1306.90254389      0.439642790870E-37
   1313.18572920      0.405067280482E-37
   1319.46891451      0.369834758651E-37
   1325.75209981      0.316904904394E-37
   1332.03528512      0.258060196768E-37
   1338.31847043      0.214763192727E-37
   1344.60165574      0.229702036433E-37
   1350.88484104      0.205951095537E-37
   1357.16802635      0.128955999892E-37
   1363.45121166      0.781578415995E-38
   1369.73439697      0.996845354804E-38
   1376.01758227      0.722974977301E-38
   1382.30076758      0.339616438551E-38
   1388.58395289      0.385381371720E-39
   1394.86713819      0.111945202640E-39
   6.28318530718      0.123208292434E-39
   12.5663706144      0.112759808162E-02
   18.8495559215      0.485158007604E-03
   25.1327412287      0.357095498432E-03
   31.4159265359      0.155394856876E-03
   37.6991118431      0.108944297210E-03
   43.9822971503      0.558903577955E-04
   50.2654824574      0.388419226946E-04
   56.5486677646      0.160178488792E-04
   62.8318530718      0.102699437313E-04
   69.1150383790      0.542180123343E-05
   75.3982236862      0.284496740237E-05
   81.6814089933      0.167215205420E-05
   87.9645943005      0.100991029593E-05
   94.2477796077      0.627089411671E-06
   100.530964915      0.412165917839E-06
   106.814150222      0.271160700565E-06
   113.097335529      0.181035971144E-06
   119.380520836      0.118205505447E-06
   125.663706144      0.768185498812E-07
   131.946891451      0.490156111674E-07
   138.230076758      0.307649778238E-07
   144.513262065      0.188677759346E-07
   150.796447372      0.114619183574E-07
   157.079632679      0.682525219577E-08
   163.362817987      0.400836223166E-08
   169.646003294      0.231417585599E-08
   175.929188601      0.131949644390E-08
   182.212373908      0.743925671161E-09
   188.495559215      0.417095925494E-09
   194.778744523      0.229182556810E-09
   201.061929830      0.126058348190E-09
   207.345115137      0.688567618576E-10
   213.628300444      0.373148634382E-10
   219.911485751      0.201934196268E-10
   226.194671058      0.108110778455E-10
   232.477856366      0.580167548409E-11
   238.761041673      0.310620668322E-11
   245.044226980      0.165904914258E-11
   251.327412287      0.884754865386E-12
   257.610597594      0.471790845578E-12
   263.893782902      0.251542453315E-12
   270.176968209      0.133398168967E-12
   276.460153516      0.710734758453E-13
   282.743338823      0.376492008400E-13
   289.026524130      0.200685181708E-13
   295.309709437      0.106529226523E-13
   301.592894745      0.566065039100E-14
   307.876080052      0.300653291255E-14
   314.159265359      0.159696380095E-14
   320.442450666      0.848226735830E-15
   326.725635973      0.449832840787E-15
   333.008821281      0.238712554752E-15
   339.292006588      0.126500738649E-15
   345.575191895      0.670967752063E-16
   351.858377202      0.355739822118E-16
   358.141562509      0.188607777993E-16
   364.424747816      0.999817987337E-17
   370.707933124      0.529908598423E-17
   376.991118431      0.281085604989E-17
   383.274303738      0.148476092002E-17
   389.557489045      0.788600096209E-18
   395.840674352      0.417379354714E-18
   402.123859659      0.221030105463E-18
   408.407044967      0.117071908959E-18
   414.690230274      0.620151248214E-19
   420.973415581      0.328316777997E-19
   427.256600888      0.173851256609E-19
   433.539786195      0.920528885755E-20
   439.822971503      0.487383619919E-20
   446.106156810      0.258008469722E-20
   452.389342117      0.136573284006E-20
   458.672527424      0.722955334302E-21
   464.955712731      0.382526773562E-21
   471.238898038      0.202368950524E-21
   477.522083346      0.107022643740E-21
   483.805268653      0.566013192098E-22
   490.088453960      0.299220616431E-22
   496.371639267      0.158103765013E-22
   502.654824574      0.835368205769E-23
   508.938009882      0.441074910035E-23
   515.221195189      0.232799076856E-23
   521.504380496      0.122745681500E-23
   527.787565803      0.648058069541E-24
   534.070751110      0.343141050162E-24
   540.353936417      0.184589460710E-24
   546.637121725      0.279234694617E-27
   552.920307032      0.263489128203E-28
   559.203492339      0.751786703830E-30
   565.486677646      0.108060900445E-33
   571.769862953      0.922558316563E-34
   578.053048261      0.908987683613E-34
   584.336233568      0.838286667539E-34
   590.619418875      0.820802588696E-34
   596.902604182      0.796483166278E-34
   603.185789489      0.759829401012E-34
   609.468974796      0.693375926733E-34
   615.752160104      0.723123491717E-34
   622.035345411      0.590177588493E-34
   628.318530718      0.585619757295E-34
   634.601716025      0.589337108484E-34
   640.884901332      0.547297439586E-34
   647.168086639      0.498233960248E-34
   653.451271947      0.503227204700E-34
   659.734457254      0.463726281030E-34
   666.017642561      0.471416663307E-34
   672.300827868      0.428545573155E-34
   678.584013175      0.400432110721E-34
   684.867198483      0.368578999375E-34
   691.150383790      0.343699066627E-34
   697.433569097      0.311744687253E-34
   703.716754404      0.333670897592E-34
   709.999939711      0.266771411383E-34
   716.283125018      0.304428960108E-34
   722.566310326      0.247642663410E-34
   728.849495633      0.221069709168E-34
   735.132680940      0.201876677045E-34
   741.415866247      0.188426757073E-34
   747.699051554      0.168055487747E-34
   753.982236862      0.153934247990E-34
   760.265422169      0.132662878668E-34
   766.548607476      0.130603341774E-34
   772.831792783      0.108478257448E-34
   779.114978090      0.105373784364E-34
   785.398163397      0.971101868673E-35
   791.681348705      0.100360258055E-34
   797.964534012      0.112216968447E-34
   804.247719319      0.162697150463E-34
   810.530904626      0.764550387108E-35
   816.814089933      0.636210617989E-35
   823.097275241      0.571438776760E-35
   829.380460548      0.514682359344E-35
   835.663645855      0.490421649839E-35
   841.946831162      0.424262892788E-35
   848.230016469      0.385326814204E-35
   854.513201776      0.379633079757E-35
   860.796387084      0.324404724917E-35
   867.079572391      0.293442484886E-35
   873.362757698      0.286381640317E-35
   879.645943005      0.266752946887E-35
   885.929128312      0.264844238627E-35
   892.212313620      0.208229514578E-35
   898.495498927      0.220578969701E-35
   904.778684234      0.207258605034E-35
   911.061869541      0.190341181000E-35
   917.345054848      0.181083640825E-35
   923.628240155      0.161613392981E-35
   929.911425463      0.161269665997E-35
   936.194610770      0.159668762135E-35
   942.477796077      0.156203379894E-35
   948.760981384      0.150611830288E-35
   955.044166691      0.143754684172E-35
   961.327351998      0.146561617122E-35
   967.610537306      0.137354145453E-35
   973.893722613      0.134981014066E-35
   980.176907920      0.130633378740E-35
   986.460093227      0.133037153005E-35
   992.743278534      0.126849829088E-35
   999.026463842      0.119979444971E-35
   1005.30964915      0.121195435636E-35
   1011.59283446      0.109999173374E-35
   1017.87601976      0.112798688623E-35
   1024.15920507      0.107102373497E-35
   1030.44239038      0.963944563840E-36
   1036.72557568      0.106583716032E-35
   1043.00876099      0.916838105833E-36
   1049.29194630      0.950936780754E-36
   1055.57513161      0.907240627653E-36
   1061.85831691      0.872599128706E-36
   1068.14150222      0.884248457790E-36
   1074.42468753      0.748687458092E-36
   1080.70787283      0.773999392610E-36
   1086.99105814      0.727358285276E-36
   1093.27424345      0.712162774609E-36
   1099.55742876      0.713734843816E-36
   1105.84061406      0.627312167149E-36
   1112.12379937      0.698533344738E-36
   1118.40698468      0.576685277781E-36
   1124.69016999      0.587029258523E-36
   1130.97335529      0.499538524435E-36
   1137.25654060      0.424948317752E-36
   1143.53972591      0.383921911105E-36
   1149.82291121      0.337470211306E-36
   1156.10609652      0.325233213024E-36
   1162.38928183      0.295044048590E-36
   1168.67246714      0.280273032457E-36
   1174.95565244      0.257404294494E-36
   1181.23883775      0.245997597979E-36
   1187.52202306      0.220951049235E-36
   1193.80520836      0.207301262573E-36
   1200.08839367      0.194307966818E-36
   1206.37157898      0.183360343605E-36
   1212.65476429      0.163297277464E-36
   1218.93794959      0.153689304699E-36
   1225.22113490      0.146842832445E-36
   1231.50432021      0.133210787206E-36
   1237.78750551      0.121786521084E-36
   1244.07069082      0.118042855273E-36
   1250.35387613      0.107137912077E-36
   1256.63706144      0.998002244763E-37
   1262.92024674      0.910221135888E-37
   1269.20343205      0.880071405302E-37
   1275.48661736      0.758138876698E-37
   1281.76980266      0.737404580231E-37
   1288.05298797      0.634459159622E-37
   1294.33617328      0.604754169486E-37
   1300.61935859      0.526447819347E-37
   1306.90254389      0.426350682916E-37
   1313.18572920      0.414358404045E-37
   1319.46891451      0.380621823653E-37
   1325.75209981      0.345848316947E-37
   1332.03528512      0.278384791564E-37
   1338.31847043      0.217060497362E-37
   1344.60165574      0.216820838922E-37
   1350.88484104      0.181765067208E-37
   1357.16802635      0.116242539699E-37
   1363.45121166      0.711815486035E-38
   1369.73439697      0.884951267438E-38
   1376.01758227      0.660645539324E-38
   1382.30076758      0.248427056590E-38
   1388.58395289      0.194634421408E-39
   1394.86713819      0.104597654066E-39
   6.28318530718      0.270977005437E-39
   12.5663706144      0.106922456791E-02
   18.8495559215      0.477170763993E-03
   25.1327412287      0.366213054031E-03
   31.4159265359      0.168499706406E-03
   37.6991118431      0.118522460749E-03
   43.9822971503      0.622095895273E-04
   50.2654824574      0.445209574610E-04
   56.5486677646      0.184065755931E-04
   62.8318530718      0.119630609922E-04
   69.1150383790      0.625219759529E-05
   75.3982236862      0.338415867112E-05
   81.6814089933      0.198995452715E-05
   87.9645943005      0.121946178524E-05
   94.2477796077      0.766704168183E-06
   100.530964915      0.512796201045E-06
   106.814150222      0.343372490846E-06
   113.097335529      0.236862100043E-06
   119.380520836      0.158587365263E-06
   125.663706144      0.105929642410E-06
   131.946891451      0.698691389379E-07
   138.230076758      0.450022524870E-07
   144.513262065      0.284389852622E-07
   150.796447372      0.177809473711E-07
   157.079632679      0.108579535137E-07
   163.362817987      0.655848432246E-08
   169.646003294      0.387783297667E-08
   175.929188601      0.226547786011E-08
   182.212373908      0.130794507682E-08
   188.495559215      0.750284792189E-09
   194.778744523      0.420965329337E-09
   201.061929830      0.236775825718E-09
   207.345115137      0.131991523350E-09
   213.628300444      0.729226687463E-10
   219.911485751      0.402270112984E-10
   226.194671058      0.219505837700E-10
   232.477856366      0.119978648674E-10
   238.761041673      0.653988215177E-11
   245.044226980      0.355678658060E-11
   251.327412287      0.192972643020E-11
   257.610597594      0.104722013271E-11
   263.893782902      0.568167408226E-12
   270.176968209      0.306700909177E-12
   276.460153516      0.166309686034E-12
   282.743338823      0.895591283639E-13
   289.026524130      0.485878197955E-13
   295.309709437      0.262587091110E-13
   301.592894745      0.141990348965E-13
   307.876080052      0.767500770071E-14
   314.159265359      0.414926981462E-14
   320.442450666      0.224294979218E-14
   326.725635973      0.121096889275E-14
   333.008821281      0.654116855307E-15
   339.292006588      0.353004649761E-15
   345.575191895      0.190600403859E-15
   351.858377202      0.102888366127E-15
   358.141562509      0.555377207274E-16
   364.424747816      0.299759818919E-16
   370.707933124      0.161767392959E-16
   376.991118431      0.874082707232E-17
   383.274303738      0.469679764007E-17
   389.557489045      0.254167159481E-17
   395.840674352      0.137042067279E-17
   402.123859659      0.739195545643E-18
   408.407044967      0.398770065023E-18
   414.690230274      0.215140146089E-18
   420.973415581      0.116036641223E-18
   427.256600888      0.625932965270E-19
   433.539786195      0.337646846413E-19
   439.822971503      0.182130567045E-19
   446.106156810      0.982385989767E-20
   452.389342117      0.529866146440E-20
   458.672527424      0.285798053449E-20
   464.955712731      0.154122838173E-20
   471.238898038      0.831060474643E-21
   477.522083346      0.448066697259E-21
   483.805268653      0.241565820366E-21
   490.088453960      0.130210907448E-21
   496.371639267      0.701721846948E-22
   502.654824574      0.378164171549E-22
   508.938009882      0.203753673065E-22
   515.221195189      0.109799465059E-22
   521.504380496      0.591897431513E-23
   527.787565803      0.319788055732E-23
   534.070751110      0.173841809038E-23
   540.353936417      0.965840020455E-24
   546.637121725      0.105043410287E-26
   552.920307032      0.120782556812E-27
   559.203492339      0.112095406207E-28
   565.486677646      0.170439868738E-32
   571.769862953      0.933222394939E-34
   578.053048261      0.924375064628E-34
   584.336233568      0.850607332195E-34
   590.619418875      0.826134982030E-34
   596.902604182      0.805477924608E-34
   603.185789489      0.749996379711E-34
   609.468974796      0.696774199908E-34
   615.752160104      0.726391927664E-34
   622.035345411      0.599924116968E-34
   628.318530718      0.596071936853E-34
   634.601716025      0.599356773415E-34
   640.884901332      0.555572908950E-34
   647.168086639      0.507016019022E-34
   653.451271947      0.507565509878E-34
   659.734457254      0.470033363228E-34
   666.017642561      0.474907841099E-34
   672.300827868      0.435615239155E-34
   678.584013175      0.402598906825E-34
   684.867198483      0.376915677199E-34
   691.150383790      0.347623393819E-34
   697.433569097      0.319428608222E-34
   703.716754404      0.341982258440E-34
   709.999939711      0.270453723585E-34
   716.283125018      0.292171000527E-34
   722.566310326      0.253496703857E-34
   728.849495633      0.225159832457E-34
   735.132680940      0.204836076119E-34
   741.415866247      0.189587853220E-34
   747.699051554      0.169996491704E-34
   753.982236862      0.158070068516E-34
   760.265422169      0.133182682650E-34
   766.548607476      0.126920980277E-34
   772.831792783      0.110425023714E-34
   779.114978090      0.107264862411E-34
   785.398163397      0.954939533772E-35
   791.681348705      0.968090572418E-35
   797.964534012      0.101759337063E-34
   804.247719319      0.137324423222E-34
   810.530904626      0.737198084118E-35
   816.814089933      0.637932562190E-35
   823.097275241      0.577729114740E-35
   829.380460548      0.517691314708E-35
   835.663645855      0.485202650748E-35
   841.946831162      0.425692451364E-35
   848.230016469      0.393166724716E-35
   854.513201776      0.379227124155E-35
   860.796387084      0.320751374507E-35
   867.079572391      0.300851184985E-35
   873.362757698      0.279186168723E-35
   879.645943005      0.265512481278E-35
   885.929128312      0.258539319461E-35
   892.212313620      0.211102921572E-35
   898.495498927      0.216769972241E-35
   904.778684234      0.198643968426E-35
   911.061869541      0.177604214492E-35
   917.345054848      0.176307709367E-35
   923.628240155      0.161180562464E-35
   929.911425463      0.159880221581E-35
   936.194610770      0.158859344146E-35
   942.477796077      0.152055996025E-35
   948.760981384      0.146568499230E-35
   955.044166691      0.143014511508E-35
   961.327351998      0.147633496745E-35
   967.610537306      0.135772720785E-35
   973.893722613      0.136475261346E-35
   980.176907920      0.132874612453E-35
   986.460093227      0.129743554731E-35
   992.743278534      0.124842431439E-35
   999.026463842      0.122441759127E-35
   1005.30964915      0.119952129204E-35
   1011.59283446      0.111660517348E-35
   1017.87601976      0.111652875295E-35
   1024.15920507      0.108238804481E-35
   1030.44239038      0.100600147607E-35
   1036.72557568      0.102514169571E-35
   1043.00876099      0.962788085789E-36
   1049.29194630      0.948632913077E-36
   1055.57513161      0.905541216472E-36
   1061.85831691      0.856840646917E-36
   1068.14150222      0.892924938128E-36
   1074.42468753      0.795146643168E-36
   1080.70787283      0.775305427318E-36
   1086.99105814      0.733100062121E-36
   1093.27424345      0.684301888949E-36
   1099.55742876      0.712854542174E-36
   1105.84061406      0.601642552087E-36
   1112.12379937      0.657836389924E-36
   1118.40698468      0.546916799330E-36
   1124.69016999      0.553655194757E-36
   1130.97335529      0.491855105358E-36
   1137.25654060      0.414558918437E-36
   1143.53972591      0.381426993251E-36
   1149.82291121      0.334342152942E-36
   1156.10609652      0.316007969421E-36
   1162.38928183      0.283260320704E-36
   1168.67246714      0.272412950726E-36
   1174.95565244      0.252292797881E-36
   1181.23883775      0.249624858476E-36
   1187.52202306      0.219913673654E-36
   1193.80520836      0.205330543608E-36
   1200.08839367      0.194441303485E-36
   1206.37157898      0.187498988926E-36
   1212.65476429      0.169389102427E-36
   1218.93794959      0.158932834406E-36
   1225.22113490      0.141262636319E-36
   1231.50432021      0.134432080646E-36
   1237.78750551      0.119140310739E-36
   1244.07069082      0.115754380052E-36
   1250.35387613      0.108598353010E-36
   1256.63706144      0.102130876433E-36
   1262.92024674      0.916158904358E-37
   1269.20343205      0.896040995503E-37
   1275.48661736      0.734689796028E-37
   1281.76980266      0.696894905795E-37
   1288.05298797      0.618539104304E-37
   1294.33617328      0.579288764408E-37
   1300.61935859      0.482734610549E-37
   1306.90254389      0.424409738684E-37
   1313.18572920      0.421610761966E-37
   1319.46891451      0.388445014091E-37
   1325.75209981      0.310660755170E-37
   1332.03528512      0.264254106023E-37
   1338.31847043      0.205298894654E-37
   1344.60165574      0.236520594504E-37
   1350.88484104      0.188625287051E-37
   1357.16802635      0.122910262775E-37
   1363.45121166      0.838815143094E-38
   1369.73439697      0.103725387476E-37
   1376.01758227      0.698582553728E-38
   1382.30076758      0.292273919708E-38
   1388.58395289      0.504994069381E-39
   1394.86713819      0.987402546660E-40
   6.28318530718      0.338566207855E-39
   12.5663706144      0.101272410322E-02
   18.8495559215      0.467947839304E-03
   25.1327412287      0.372252265976E-03
   31.4159265359      0.182110754111E-03
   37.6991118431      0.128897351613E-03
   43.9822971503      0.683145699623E-04
   50.2654824574      0.502088277689E-04
   56.5486677646      0.212150255259E-04
   62.8318530718      0.137722435245E-04
   69.1150383790      0.707495090779E-05
   75.3982236862      0.399597575587E-05
   81.6814089933      0.231588412951E-05
   87.9645943005      0.145097856126E-05
   94.2477796077      0.919927959662E-06
   100.530964915      0.620291968637E-06
   106.814150222      0.422313260418E-06
   113.097335529      0.299344133219E-06
   119.380520836      0.203967061616E-06
   125.663706144      0.140280620748E-06
   131.946891451      0.948480975639E-07
   138.230076758      0.626260099563E-07
   144.513262065      0.407991311384E-07
   150.796447372      0.260924361101E-07
   157.079632679      0.163394716062E-07
   163.362817987      0.101355603028E-07
   169.646003294      0.611261579660E-08
   175.929188601      0.365614233108E-08
   182.212373908      0.215780917602E-08
   188.495559215      0.126163617047E-08
   194.778744523      0.722423872134E-09
   201.061929830      0.414801539145E-09
   207.345115137      0.235230365759E-09
   213.628300444      0.132382952837E-09
   219.911485751      0.742557053983E-10
   226.194671058      0.412303550894E-10
   232.477856366      0.229154924306E-10
   238.761041673      0.126926471744E-10
   245.044226980      0.701097546974E-11
   251.327412287      0.386432593672E-11
   257.610597594      0.212932446645E-11
   263.893782902      0.117245119753E-11
   270.176968209      0.643221755861E-12
   276.460153516      0.354167887238E-12
   282.743338823      0.193457252938E-12
   289.026524130      0.106616203031E-12
   295.309709437      0.585118887542E-13
   301.592894745      0.321238040572E-13
   307.876080052      0.176336103077E-13
   314.159265359      0.967997153189E-14
   320.442450666      0.531334611788E-14
   326.725635973      0.291442551097E-14
   333.008821281      0.159909298135E-14
   339.292006588      0.876713469807E-15
   345.575191895      0.480849728800E-15
   351.858377202      0.263673880134E-15
   358.141562509      0.144590226971E-15
   364.424747816      0.792852764978E-16
   370.707933124      0.434731862008E-16
   376.991118431      0.238744231402E-16
   383.274303738      0.130191544388E-16
   389.557489045      0.716297456491E-17
   395.840674352      0.392571843843E-17
   402.123859659      0.215193297473E-17
   408.407044967      0.117972573670E-17
   414.690230274      0.646835106811E-18
   420.973415581      0.354575979964E-18
   427.256600888      0.194408349069E-18
   433.539786195      0.106594904420E-18
   439.822971503      0.584487520277E-19
   446.106156810      0.320489320059E-19
   452.389342117      0.175738806742E-19
   458.672527424      0.963667735980E-20
   464.955712731      0.528426288585E-20
   471.238898038      0.289746830576E-20
   477.522083346      0.158867278171E-20
   483.805268653      0.871051044422E-21
   490.088453960      0.477548961130E-21
   496.371639267      0.261798168881E-21
   502.654824574      0.143526776679E-21
   508.938009882      0.786910209844E-22
   515.221195189      0.431612707266E-22
   521.504380496      0.236987298662E-22
   527.787565803      0.130493728853E-22
   534.070751110      0.724384327717E-23
   540.353936417      0.412754501028E-23
   546.637121725      0.428845856720E-26
   552.920307032      0.364412525032E-27
   559.203492339      0.511951176537E-28
   565.486677646      0.797037572880E-30
   571.769862953      0.948523583734E-34
   578.053048261      0.934742838498E-34
   584.336233568      0.859919918539E-34
   590.619418875      0.835568530253E-34
   596.902604182      0.823951205153E-34
   603.185789489      0.785136437976E-34
   609.468974796      0.707241255486E-34
   615.752160104      0.750981360034E-34
   622.035345411      0.607213403351E-34
   628.318530718      0.603275849945E-34
   634.601716025      0.610802078481E-34
   640.884901332      0.566142847952E-34
   647.168086639      0.513505444731E-34
   653.451271947      0.518261093595E-34
   659.734457254      0.477277971496E-34
   666.017642561      0.485939288487E-34
   672.300827868      0.441171520120E-34
   678.584013175      0.406617397310E-34
   684.867198483      0.377226537526E-34
   691.150383790      0.351562068188E-34
   697.433569097      0.320986720062E-34
   703.716754404      0.346977857690E-34
   709.999939711      0.272279856992E-34
   716.283125018      0.327226365961E-34
   722.566310326      0.255232028018E-34
   728.849495633      0.225730903698E-34
   735.132680940      0.206589601501E-34
   741.415866247      0.191832248648E-34
   747.699051554      0.172119175244E-34
   753.982236862      0.163185079637E-34
   760.265422169      0.134290977009E-34
   766.548607476      0.129536601705E-34
   772.831792783      0.110560836300E-34
   779.114978090      0.108345968201E-34
   785.398163397      0.954004932927E-35
   791.681348705      0.981750281396E-35
   797.964534012      0.933319073481E-35
   804.247719319      0.130674819601E-34
   810.530904626      0.727401315694E-35
   816.814089933      0.632353310364E-35
   823.097275241      0.577408106452E-35
   829.380460548      0.517948144497E-35
   835.663645855      0.483224239780E-35
   841.946831162      0.423501339103E-35
   848.230016469      0.390643196175E-35
   854.513201776      0.381328813795E-35
   860.796387084      0.316507300060E-35
   867.079572391      0.292155830005E-35
   873.362757698      0.279204800234E-35
   879.645943005      0.262474646027E-35
   885.929128312      0.252902590240E-35
   892.212313620      0.210486814463E-35
   898.495498927      0.213455210303E-35
   904.778684234      0.194163541432E-35
   911.061869541      0.172571287839E-35
   917.345054848      0.167977489459E-35
   923.628240155      0.159961612092E-35
   929.911425463      0.155350656258E-35
   936.194610770      0.151409065262E-35
   942.477796077      0.147908682217E-35
   948.760981384      0.147558958655E-35
   955.044166691      0.140618314234E-35
   961.327351998      0.140538763093E-35
   967.610537306      0.134804045644E-35
   973.893722613      0.128724915272E-35
   980.176907920      0.131887488948E-35
   986.460093227      0.125493587837E-35
   992.743278534      0.120617833129E-35
   999.026463842      0.118444993756E-35
   1005.30964915      0.122143174192E-35
   1011.59283446      0.110200531360E-35
   1017.87601976      0.111877176908E-35
   1024.15920507      0.105203343605E-35
   1030.44239038      0.974855281447E-36
   1036.72557568      0.106440157059E-35
   1043.00876099      0.926538864568E-36
   1049.29194630      0.952882499783E-36
   1055.57513161      0.891544921705E-36
   1061.85831691      0.857565014190E-36
   1068.14150222      0.935037354322E-36
   1074.42468753      0.768492951234E-36
   1080.70787283      0.788288782110E-36
   1086.99105814      0.732106647343E-36
   1093.27424345      0.676753224198E-36
   1099.55742876      0.671477775075E-36
   1105.84061406      0.607410905031E-36
   1112.12379937      0.644089979678E-36
   1118.40698468      0.554810492863E-36
   1124.69016999      0.558023518314E-36
   1130.97335529      0.484854061253E-36
   1137.25654060      0.419811588160E-36
   1143.53972591      0.378436178638E-36
   1149.82291121      0.336647689701E-36
   1156.10609652      0.311442536146E-36
   1162.38928183      0.291416349654E-36
   1168.67246714      0.278848758283E-36
   1174.95565244      0.244032190028E-36
   1181.23883775      0.239287717010E-36
   1187.52202306      0.216712282912E-36
   1193.80520836      0.203626299548E-36
   1200.08839367      0.190946115356E-36
   1206.37157898      0.182931457819E-36
   1212.65476429      0.169396136827E-36
   1218.93794959      0.154701979904E-36
   1225.22113490      0.143986869507E-36
   1231.50432021      0.134141805862E-36
   1237.78750551      0.117368640827E-36
   1244.07069082      0.114085921124E-36
   1250.35387613      0.106282343911E-36
   1256.63706144      0.998036947315E-37
   1262.92024674      0.889242489135E-37
   1269.20343205      0.836093186740E-37
   1275.48661736      0.733388930314E-37
   1281.76980266      0.710649031606E-37
   1288.05298797      0.634145817912E-37
   1294.33617328      0.613776194256E-37
   1300.61935859      0.489850427979E-37
   1306.90254389      0.414489969950E-37
   1313.18572920      0.424404725440E-37
   1319.46891451      0.373074943720E-37
   1325.75209981      0.330804823010E-37
   1332.03528512      0.284069606456E-37
   1338.31847043      0.228141899704E-37
   1344.60165574      0.243532934512E-37
   1350.88484104      0.204643619563E-37
   1357.16802635      0.131424563908E-37
   1363.45121166      0.838841742723E-38
   1369.73439697      0.833297753573E-38
   1376.01758227      0.458879376404E-38
   1382.30076758      0.171785781748E-38
   1388.58395289      0.547657437025E-39
   1394.86713819      0.126117853139E-39
   6.28318530718      0.119644825784E-39
   12.5663706144      0.958218411393E-03
   18.8495559215      0.457777172328E-03
   25.1327412287      0.375087401680E-03
   31.4159265359      0.196004843141E-03
   37.6991118431      0.140077341376E-03
   43.9822971503      0.742419766964E-04
   50.2654824574      0.556540150587E-04
   56.5486677646      0.244676034389E-04
   62.8318530718      0.157079251742E-04
   69.1150383790      0.794407146178E-05
   75.3982236862      0.468600702768E-05
   81.6814089933      0.265420567947E-05
   87.9645943005      0.171866846411E-05
   94.2477796077      0.108922932997E-05
   100.530964915      0.741338524533E-06
   106.814150222      0.510594346904E-06
   113.097335529      0.367751049492E-06
   119.380520836      0.254501855575E-06
   125.663706144      0.180053849874E-06
   131.946891451      0.123443526902E-06
   138.230076758      0.839158040637E-07
   144.513262065      0.560262431362E-07
   150.796447372      0.365358942919E-07
   157.079632679      0.235212674933E-07
   163.362817987      0.148985875981E-07
   169.646003294      0.915578294402E-08
   175.929188601      0.560979508476E-08
   182.212373908      0.336948709772E-08
   188.495559215      0.200625334994E-08
   194.778744523      0.117194994040E-08
   201.061929830      0.684319451726E-09
   207.345115137      0.394541399644E-09
   213.628300444      0.225961214804E-09
   219.911485751      0.128475283297E-09
   226.194671058      0.725636809939E-10
   232.477856366      0.409377786147E-10
   238.761041673      0.229889814496E-10
   245.044226980      0.128819885736E-10
   251.327412287      0.720202466217E-11
   257.610597594      0.402060812045E-11
   263.893782902      0.224380055041E-11
   270.176968209      0.124836749432E-11
   276.460153516      0.696768830530E-12
   282.743338823      0.385370754816E-12
   289.026524130      0.215415580190E-12
   295.309709437      0.119760881828E-12
   301.592894745      0.666433516407E-13
   307.876080052      0.370779044759E-13
   314.159265359      0.206306237300E-13
   320.442450666      0.114784585537E-13
   326.725635973      0.638471328008E-14
   333.008821281      0.355265621212E-14
   339.292006588      0.197434782185E-14
   345.575191895      0.109816695354E-14
   351.858377202      0.610587446574E-15
   358.141562509      0.339565558581E-15
   364.424747816      0.188829193693E-15
   370.707933124      0.105016046753E-15
   376.991118431      0.585132218472E-16
   383.274303738      0.323227939845E-16
   389.557489045      0.180505757468E-16
   395.840674352      0.100360166538E-16
   402.123859659      0.558046896746E-17
   408.407044967      0.310337076918E-17
   414.690230274      0.172622565063E-17
   420.973415581      0.959880264001E-18
   427.256600888      0.533946269158E-18
   433.539786195      0.297030645396E-18
   439.822971503      0.165256510826E-18
   446.106156810      0.919436526808E-19
   452.389342117      0.511617343292E-19
   458.672527424      0.284700131962E-19
   464.955712731      0.158437621093E-19
   471.238898038      0.881706120755E-20
   477.522083346      0.490636611025E-20
   483.805268653      0.273060235110E-20
   490.088453960      0.151966089526E-20
   496.371639267      0.845787714836E-21
   502.654824574      0.470790442931E-21
   508.938009882      0.262121044775E-21
   515.221195189      0.146027102231E-21
   521.504380496      0.814760988543E-22
   527.787565803      0.456138247290E-22
   534.070751110      0.257745801874E-22
   540.353936417      0.150021246857E-22
   546.637121725      0.161693952476E-25
   552.920307032      0.852513498022E-27
   559.203492339      0.146375545836E-27
   565.486677646      0.175529626020E-28
   571.769862953      0.884769715648E-31
   578.053048261      0.944439538463E-34
   584.336233568      0.870900919701E-34
   590.619418875      0.846644543297E-34
   596.902604182      0.834389045421E-34
   603.185789489      0.794160895844E-34
   609.468974796      0.718019164417E-34
   615.752160104      0.780753863191E-34
   622.035345411      0.611784021109E-34
   628.318530718      0.612433616360E-34
   634.601716025      0.622027793937E-34
   640.884901332      0.572918971030E-34
   647.168086639      0.522162959124E-34
   653.451271947      0.519261631708E-34
   659.734457254      0.484362346621E-34
   666.017642561      0.489807223314E-34
   672.300827868      0.445451983772E-34
   678.584013175      0.417104707838E-34
   684.867198483      0.381709536239E-34
   691.150383790      0.355285652235E-34
   697.433569097      0.322067473651E-34
   703.716754404      0.333178296558E-34
   709.999939711      0.274309934350E-34
   716.283125018      0.316453127531E-34
   722.566310326      0.259077646511E-34
   728.849495633      0.224858951215E-34
   735.132680940      0.207724933722E-34
   741.415866247      0.191398959733E-34
   747.699051554      0.173025504057E-34
   753.982236862      0.158661688344E-34
   760.265422169      0.134425370339E-34
   766.548607476      0.124926080121E-34
   772.831792783      0.111297941259E-34
   779.114978090      0.110200502167E-34
   785.398163397      0.970525710434E-35
   791.681348705      0.989671576169E-35
   797.964534012      0.103933742132E-34
   804.247719319      0.149813709042E-34
   810.530904626      0.794787933552E-35
   816.814089933      0.630467427523E-35
   823.097275241      0.570049875762E-35
   829.380460548      0.513396246454E-35
   835.663645855      0.476310052360E-35
   841.946831162      0.416753036172E-35
   848.230016469      0.390691546903E-35
   854.513201776      0.378224454901E-35
   860.796387084      0.313668712599E-35
   867.079572391      0.284932824129E-35
   873.362757698      0.270440561146E-35
   879.645943005      0.253014948914E-35
   885.929128312      0.251805803827E-35
   892.212313620      0.207660106533E-35
   898.495498927      0.213287749009E-35
   904.778684234      0.193680690504E-35
   911.061869541      0.172284259558E-35
   917.345054848      0.167493828866E-35
   923.628240155      0.158265673353E-35
   929.911425463      0.152071748934E-35
   936.194610770      0.148892377449E-35
   942.477796077      0.146536311658E-35
   948.760981384      0.143758007866E-35
   955.044166691      0.140293489936E-35
   961.327351998      0.140803932943E-35
   967.610537306      0.134828850887E-35
   973.893722613      0.130291128591E-35
   980.176907920      0.130595526340E-35
   986.460093227      0.125794945267E-35
   992.743278534      0.121210537515E-35
   999.026463842      0.115214462255E-35
   1005.30964915      0.120254302411E-35
   1011.59283446      0.105512091204E-35
   1017.87601976      0.111177543944E-35
   1024.15920507      0.106085714479E-35
   1030.44239038      0.965537700753E-36
   1036.72557568      0.106081390770E-35
   1043.00876099      0.911338960862E-36
   1049.29194630      0.923562379626E-36
   1055.57513161      0.879447195638E-36
   1061.85831691      0.813669624511E-36
   1068.14150222      0.841408690218E-36
   1074.42468753      0.748865889086E-36
   1080.70787283      0.769811905097E-36
   1086.99105814      0.709863908424E-36
   1093.27424345      0.658965895924E-36
   1099.55742876      0.668606589563E-36
   1105.84061406      0.616317937021E-36
   1112.12379937      0.636842690655E-36
   1118.40698468      0.533422333044E-36
   1124.69016999      0.562979896735E-36
   1130.97335529      0.482976021809E-36
   1137.25654060      0.417232052332E-36
   1143.53972591      0.370681965557E-36
   1149.82291121      0.323358491315E-36
   1156.10609652      0.309060050057E-36
   1162.38928183      0.287804059369E-36
   1168.67246714      0.268525181234E-36
   1174.95565244      0.243335078621E-36
   1181.23883775      0.236206451079E-36
   1187.52202306      0.215167021554E-36
   1193.80520836      0.200477290967E-36
   1200.08839367      0.192673936509E-36
   1206.37157898      0.178299441542E-36
   1212.65476429      0.165208436052E-36
   1218.93794959      0.156595383307E-36
   1225.22113490      0.142392310610E-36
   1231.50432021      0.130444391046E-36
   1237.78750551      0.116455626476E-36
   1244.07069082      0.111853221306E-36
   1250.35387613      0.104461019780E-36
   1256.63706144      0.986759819521E-37
   1262.92024674      0.856977945486E-37
   1269.20343205      0.832892110828E-37
   1275.48661736      0.723497021568E-37
   1281.76980266      0.726599182466E-37
   1288.05298797      0.625460621675E-37
   1294.33617328      0.601384603130E-37
   1300.61935859      0.526676484366E-37
   1306.90254389      0.428427042425E-37
   1313.18572920      0.398142082530E-37
   1319.46891451      0.382126294979E-37
   1325.75209981      0.333352367277E-37
   1332.03528512      0.262016513619E-37
   1338.31847043      0.209017284693E-37
   1344.60165574      0.237519409285E-37
   1350.88484104      0.181319361184E-37
   1357.16802635      0.122449599146E-37
   1363.45121166      0.703907684009E-38
   1369.73439697      0.772624613645E-38
   1376.01758227      0.512398625111E-38
   1382.30076758      0.284798023464E-38
   1388.58395289      0.383451348938E-39
   1394.86713819      0.140363583681E-39
   6.28318530718      0.725119831672E-40
   12.5663706144      0.905782067425E-03
   18.8495559215      0.446936054920E-03
   25.1327412287      0.374759485065E-03
   31.4159265359      0.209865492520E-03
   37.6991118431      0.151934184186E-03
   43.9822971503      0.801744066318E-04
   50.2654824574      0.606239735134E-04
   56.5486677646      0.281001223017E-04
   62.8318530718      0.177531212553E-04
   69.1150383790      0.895922133826E-05
   75.3982236862      0.543579359177E-05
   81.6814089933      0.303508247220E-05
   87.9645943005      0.203893608133E-05
   94.2477796077      0.127454941122E-05
   100.530964915      0.890902860584E-06
   106.814150222      0.610354262406E-06
   113.097335529      0.444541278683E-06
   119.380520836      0.311514525352E-06
   125.663706144      0.224760609359E-06
   131.946891451      0.155870674677E-06
   138.230076758      0.109261981605E-06
   144.513262065      0.739017277158E-07
   150.796447372      0.494125735196E-07
   157.079632679      0.325882355534E-07
   163.362817987      0.209645499581E-07
   169.646003294      0.131807861593E-07
   175.929188601      0.824108762621E-08
   182.212373908      0.502052894067E-08
   188.495559215      0.305395920260E-08
   194.778744523      0.181059308427E-08
   201.061929830      0.107361315825E-08
   207.345115137      0.630067705486E-09
   213.628300444      0.365748276170E-09
   219.911485751      0.210703904719E-09
   226.194671058      0.121004281312E-09
   232.477856366      0.690499666123E-10
   238.761041673      0.393035593652E-10
   245.044226980      0.223164390020E-10
   251.327412287      0.126195984855E-10
   257.610597594      0.713530393862E-11
   263.893782902      0.402956090296E-11
   270.176968209      0.226759605655E-11
   276.460153516      0.128236667141E-11
   282.743338823      0.716412994967E-12
   289.026524130      0.405691073608E-12
   295.309709437      0.228092234281E-12
   301.592894745      0.128413698292E-12
   307.876080052      0.722958992878E-13
   314.159265359      0.407234342718E-13
   320.442450666      0.229255954164E-13
   326.725635973      0.129127448350E-13
   333.008821281      0.727553239573E-14
   339.292006588      0.409075500300E-14
   345.575191895      0.230441335988E-14
   351.858377202      0.129724973445E-14
   358.141562509      0.730600661299E-15
   364.424747816      0.411438971788E-15
   370.707933124      0.231732861003E-15
   376.991118431      0.130826119168E-15
   383.274303738      0.731012247962E-16
   389.557489045      0.413800012853E-16
   395.840674352      0.233020695317E-16
   402.123859659      0.131231727412E-16
   408.407044967      0.739228557543E-17
   414.690230274      0.416521290783E-17
   420.973415581      0.234595845853E-17
   427.256600888      0.132191804827E-17
   433.539786195      0.744961937229E-18
   439.822971503      0.419879655257E-18
   446.106156810      0.236669820980E-18
   452.389342117      0.133429786660E-18
   458.672527424      0.752374935267E-19
   464.955712731      0.424229460825E-19
   471.238898038      0.239222045395E-19
   477.522083346      0.134875916789E-19
   483.805268653      0.760728244071E-20
   490.088453960      0.429078718474E-20
   496.371639267      0.242052891926E-20
   502.654824574      0.136579122367E-20
   508.938009882      0.770964967701E-21
   515.221195189      0.435549897328E-21
   521.504380496      0.246524691628E-21
   527.787565803      0.140091641169E-21
   534.070751110      0.804027542508E-22
   540.353936417      0.476731618203E-22
   546.637121725      0.501891299534E-25
   552.920307032      0.166943869534E-26
   559.203492339      0.321400490040E-27
   565.486677646      0.751388531763E-28
   571.769862953      0.704807967760E-29
   578.053048261      0.634768105102E-31
   584.336233568      0.884148076129E-34
   590.619418875      0.855329284549E-34
   596.902604182      0.849689915889E-34
   603.185789489      0.793909758177E-34
   609.468974796      0.725255550718E-34
   615.752160104      0.763535306976E-34
   622.035345411      0.621991452449E-34
   628.318530718      0.622222291423E-34
   634.601716025      0.633144362068E-34
   640.884901332      0.580104175055E-34
   647.168086639      0.525993075758E-34
   653.451271947      0.529208770917E-34
   659.734457254      0.492055382225E-34
   666.017642561      0.497562276489E-34
   672.300827868      0.453782318092E-34
   678.584013175      0.422748406718E-34
   684.867198483      0.386881926544E-34
   691.150383790      0.357244270256E-34
   697.433569097      0.328983827583E-34
   703.716754404      0.341472146122E-34
   709.999939711      0.276521047524E-34
   716.283125018      0.336041107592E-34
   722.566310326      0.256528302655E-34
   728.849495633      0.229491284213E-34
   735.132680940      0.209217312228E-34
   741.415866247      0.192419378291E-34
   747.699051554      0.175309951660E-34
   753.982236862      0.167040559855E-34
   760.265422169      0.134931901423E-34
   766.548607476      0.129099178067E-34
   772.831792783      0.110562317824E-34
   779.114978090      0.110142960716E-34
   785.398163397      0.973021936995E-35
   791.681348705      0.958826770508E-35
   797.964534012      0.953360684235E-35
   804.247719319      0.153395227624E-34
   810.530904626      0.752482900945E-35
   816.814089933      0.634957724615E-35
   823.097275241      0.567759786705E-35
   829.380460548      0.514070012942E-35
   835.663645855      0.478743521080E-35
   841.946831162      0.414869845296E-35
   848.230016469      0.388850806132E-35
   854.513201776      0.371209566561E-35
   860.796387084      0.312109390974E-35
   867.079572391      0.285486061812E-35
   873.362757698      0.272947765148E-35
   879.645943005      0.249570204051E-35
   885.929128312      0.247073625460E-35
   892.212313620      0.201111146239E-35
   898.495498927      0.207308794133E-35
   904.778684234      0.189295257060E-35
   911.061869541      0.171597025958E-35
   917.345054848      0.161965315921E-35
   923.628240155      0.152009082049E-35
   929.911425463      0.149402408654E-35
   936.194610770      0.152499349586E-35
   942.477796077      0.144921565078E-35
   948.760981384      0.142335736003E-35
   955.044166691      0.136565401310E-35
   961.327351998      0.136483954678E-35
   967.610537306      0.130694775442E-35
   973.893722613      0.130932238284E-35
   980.176907920      0.126593113828E-35
   986.460093227      0.121351916253E-35
   992.743278534      0.122040058589E-35
   999.026463842      0.117065945617E-35
   1005.30964915      0.117778983124E-35
   1011.59283446      0.107869883664E-35
   1017.87601976      0.106635486920E-35
   1024.15920507      0.103581565503E-35
   1030.44239038      0.951480214746E-36
   1036.72557568      0.102043869043E-35
   1043.00876099      0.933009844939E-36
   1049.29194630      0.926792534084E-36
   1055.57513161      0.887372843124E-36
   1061.85831691      0.832455104009E-36
   1068.14150222      0.910952566277E-36
   1074.42468753      0.755480089088E-36
   1080.70787283      0.767807217709E-36
   1086.99105814      0.747603366572E-36
   1093.27424345      0.680913440233E-36
   1099.55742876      0.686317140893E-36
   1105.84061406      0.595696241791E-36
   1112.12379937      0.619820574915E-36
   1118.40698468      0.546499388993E-36
   1124.69016999      0.602218136447E-36
   1130.97335529      0.465039754006E-36
   1137.25654060      0.418178633600E-36
   1143.53972591      0.367209425025E-36
   1149.82291121      0.331748181198E-36
   1156.10609652      0.310363161884E-36
   1162.38928183      0.280314453395E-36
   1168.67246714      0.268065252725E-36
   1174.95565244      0.242437049040E-36
   1181.23883775      0.231536767929E-36
   1187.52202306      0.207081447711E-36
   1193.80520836      0.198044684350E-36
   1200.08839367      0.184087506160E-36
   1206.37157898      0.175429739615E-36
   1212.65476429      0.155156819443E-36
   1218.93794959      0.148710398567E-36
   1225.22113490      0.138795011334E-36
   1231.50432021      0.128544461605E-36
   1237.78750551      0.114128280757E-36
   1244.07069082      0.110842654694E-36
   1250.35387613      0.106958006395E-36
   1256.63706144      0.995001970457E-37
   1262.92024674      0.847781815079E-37
   1269.20343205      0.847191929855E-37
   1275.48661736      0.729279030134E-37
   1281.76980266      0.710126463689E-37
   1288.05298797      0.592208441502E-37
   1294.33617328      0.563970747767E-37
   1300.61935859      0.488119037158E-37
   1306.90254389      0.430935979702E-37
   1313.18572920      0.403994202782E-37
   1319.46891451      0.390307226594E-37
   1325.75209981      0.336373111542E-37
   1332.03528512      0.263690113716E-37
   1338.31847043      0.184084036421E-37
   1344.60165574      0.222271079798E-37
   1350.88484104      0.188624821211E-37
   1357.16802635      0.134028929056E-37
   1363.45121166      0.760768581593E-38
   1369.73439697      0.914543918571E-38
   1376.01758227      0.529994347218E-38
   1382.30076758      0.274341954393E-38
   1388.58395289      0.574774176787E-39
   1394.86713819      0.106573131744E-39
   6.28318530718      0.259314339149E-40
   12.5663706144      0.855451640787E-03
   18.8495559215      0.435679248226E-03
   25.1327412287      0.371469675726E-03
   31.4159265359      0.223284639807E-03
   37.6991118431      0.164205901084E-03
   43.9822971503      0.864082911270E-04
   50.2654824574      0.649882796989E-04
   56.5486677646      0.319578460995E-04
   62.8318530718      0.198442627714E-04
   69.1150383790      0.102364241904E-04
   75.3982236862      0.620525257014E-05
   81.6814089933      0.352423154320E-05
   87.9645943005      0.242384402601E-05
   94.2477796077      0.148319066835E-05
   100.530964915      0.108389806295E-05
   106.814150222      0.720477087471E-06
   113.097335529      0.538913622221E-06
   119.380520836      0.376130137990E-06
   125.663706144      0.274346555780E-06
   131.946891451      0.193589658203E-06
   138.230076758      0.138568302780E-06
   144.513262065      0.945360224980E-07
   150.796447372      0.652457726132E-07
   157.079632679      0.435292216621E-07
   163.362817987      0.285646589046E-07
   169.646003294      0.183724557930E-07
   175.929188601      0.116495297931E-07
   182.212373908      0.721922583183E-08
   188.495559215      0.448466410430E-08
   194.778744523      0.268179069107E-08
   201.061929830      0.162175897923E-08
   207.345115137      0.965450003492E-09
   213.628300444      0.566515492558E-09
   219.911485751      0.331567729744E-09
   226.194671058      0.192712774404E-09
   232.477856366      0.111092601048E-09
   238.761041673      0.641582283782E-10
   245.044226980      0.367676191246E-10
   251.327412287      0.210186083493E-10
   257.610597594      0.120318533993E-10
   263.893782902      0.685346123830E-11
   270.176968209      0.390024441193E-11
   276.460153516      0.223189830744E-11
   282.743338823      0.125559222072E-11
   289.026524130      0.720396760191E-12
   295.309709437      0.408647258514E-12
   301.592894745      0.232417037155E-12
   307.876080052      0.132292807083E-12
   314.159265359      0.753051709264E-13
   320.442450666      0.428441288699E-13
   326.725635973      0.244009808020E-13
   333.008821281      0.138958818441E-13
   339.292006588      0.789786018051E-14
   345.575191895      0.449888903370E-14
   351.858377202      0.256097549942E-14
   358.141562509      0.145893798608E-14
   364.424747816      0.830974793292E-15
   370.707933124      0.473336883121E-15
   376.991118431      0.270479209634E-15
   383.274303738      0.152667338281E-15
   389.557489045      0.875016167723E-16
   395.840674352      0.498379399739E-16
   402.123859659      0.283909015598E-16
   408.407044967      0.161791470917E-16
   414.690230274      0.922192059267E-17
   420.973415581      0.525483029651E-17
   427.256600888      0.299545990088E-17
   433.539786195      0.170786690693E-17
   439.822971503      0.973835305223E-18
   446.106156810      0.555374135682E-18
   452.389342117      0.316795126076E-18
   458.672527424      0.180773775746E-18
   464.955712731      0.103128027311E-18
   471.238898038      0.588473266811E-19
   477.522083346      0.335700207797E-19
   483.805268653      0.191625209919E-19
   490.088453960      0.109389491703E-19
   496.371639267      0.624611011934E-20
   502.654824574      0.356774848650E-20
   508.938009882      0.203905387055E-20
   515.221195189      0.116664311054E-20
   521.504380496      0.668967755121E-21
   527.787565803      0.385376225792E-21
   534.070751110      0.224262853011E-21
   540.353936417      0.135151668277E-21
   546.637121725      0.130587037673E-24
   552.920307032      0.433926654822E-26
   559.203492339      0.108401540745E-26
   565.486677646      0.464523132927E-27
   571.769862953      0.180137923138E-27
   578.053048261      0.520953505421E-28
   584.336233568      0.123425486059E-28
   590.619418875      0.228311627311E-29
   596.902604182      0.272355229669E-30
   603.185789489      0.155522279108E-31
   609.468974796      0.728940051426E-34
   615.752160104      0.780585725139E-34
   622.035345411      0.623100962909E-34
   628.318530718      0.633095505071E-34
   634.601716025      0.639157424729E-34
   640.884901332      0.588864434004E-34
   647.168086639      0.532875823087E-34
   653.451271947      0.536096729563E-34
   659.734457254      0.500763773537E-34
   666.017642561      0.506898759320E-34
   672.300827868      0.460476884028E-34
   678.584013175      0.429520744561E-34
   684.867198483      0.390372355405E-34
   691.150383790      0.360326346496E-34
   697.433569097      0.330515138397E-34
   703.716754404      0.349934130280E-34
   709.999939711      0.280061683198E-34
   716.283125018      0.304048363830E-34
   722.566310326      0.258241794598E-34
   728.849495633      0.233694608070E-34
   735.132680940      0.211781052431E-34
   741.415866247      0.194243497924E-34
   747.699051554      0.176083112299E-34
   753.982236862      0.159041348232E-34
   760.265422169      0.135484122250E-34
   766.548607476      0.129909734348E-34
   772.831792783      0.112209895557E-34
   779.114978090      0.109112597907E-34
   785.398163397      0.979115407865E-35
   791.681348705      0.992005656397E-35
   797.964534012      0.963683260727E-35
   804.247719319      0.130202021840E-34
   810.530904626      0.782287388209E-35
   816.814089933      0.627587015191E-35
   823.097275241      0.574224294715E-35
   829.380460548      0.515223649698E-35
   835.663645855      0.478272082715E-35
   841.946831162      0.414229555676E-35
   848.230016469      0.391690989181E-35
   854.513201776      0.373821164925E-35
   860.796387084      0.319228433481E-35
   867.079572391      0.284810727611E-35
   873.362757698      0.271509649273E-35
   879.645943005      0.250833465089E-35
   885.929128312      0.246206981974E-35
   892.212313620      0.203055918785E-35
   898.495498927      0.207781339568E-35
   904.778684234      0.189266149484E-35
   911.061869541      0.171559520969E-35
   917.345054848      0.164854844932E-35
   923.628240155      0.153859225696E-35
   929.911425463      0.150247344357E-35
   936.194610770      0.147053464763E-35
   942.477796077      0.143206281887E-35
   948.760981384      0.139476426764E-35
   955.044166691      0.132814257541E-35
   961.327351998      0.134442052759E-35
   967.610537306      0.129578835556E-35
   973.893722613      0.125598124377E-35
   980.176907920      0.124683338849E-35
   986.460093227      0.118393035235E-35
   992.743278534      0.118782151624E-35
   999.026463842      0.116094362183E-35
   1005.30964915      0.117676871095E-35
   1011.59283446      0.103044885999E-35
   1017.87601976      0.105385186892E-35
   1024.15920507      0.102691149154E-35
   1030.44239038      0.910831165178E-36
   1036.72557568      0.989075312695E-36
   1043.00876099      0.895214973972E-36
   1049.29194630      0.913139591291E-36
   1055.57513161      0.854614494966E-36
   1061.85831691      0.807366645081E-36
   1068.14150222      0.840463931137E-36
   1074.42468753      0.707406161909E-36
   1080.70787283      0.734187352922E-36
   1086.99105814      0.680234413827E-36
   1093.27424345      0.652912359120E-36
   1099.55742876      0.660959859039E-36
   1105.84061406      0.558452851725E-36
   1112.12379937      0.606301047643E-36
   1118.40698468      0.534586940255E-36
   1124.69016999      0.535614834602E-36
   1130.97335529      0.462631914849E-36
   1137.25654060      0.412798838123E-36
   1143.53972591      0.354372439023E-36
   1149.82291121      0.316672758777E-36
   1156.10609652      0.298942606665E-36
   1162.38928183      0.279196273589E-36
   1168.67246714      0.268893639315E-36
   1174.95565244      0.242469691309E-36
   1181.23883775      0.232778179017E-36
   1187.52202306      0.210076532410E-36
   1193.80520836      0.193896217066E-36
   1200.08839367      0.177669834073E-36
   1206.37157898      0.165131673136E-36
   1212.65476429      0.153267266216E-36
   1218.93794959      0.144415879026E-36
   1225.22113490      0.138442707624E-36
   1231.50432021      0.129874405930E-36
   1237.78750551      0.116836345793E-36
   1244.07069082      0.109806550988E-36
   1250.35387613      0.101090558984E-36
   1256.63706144      0.955760971408E-37
   1262.92024674      0.862083961974E-37
   1269.20343205      0.827687284652E-37
   1275.48661736      0.682866044162E-37
   1281.76980266      0.676413914081E-37
   1288.05298797      0.616299539133E-37
   1294.33617328      0.581350118076E-37
   1300.61935859      0.513742862380E-37
   1306.90254389      0.398577814460E-37
   1313.18572920      0.375446231592E-37
   1319.46891451      0.349491557123E-37
   1325.75209981      0.305373938335E-37
   1332.03528512      0.258083007702E-37
   1338.31847043      0.211164503597E-37
   1344.60165574      0.236929607304E-37
   1350.88484104      0.191164263460E-37
   1357.16802635      0.136244843309E-37
   1363.45121166      0.795458880880E-38
   1369.73439697      0.912146082671E-38
   1376.01758227      0.587823919510E-38
   1382.30076758      0.203793551038E-38
   1388.58395289      0.400439852865E-39
   1394.86713819      0.175593798362E-39
   6.28318530718      0.229744474056E-40
   12.5663706144      0.807235314784E-03
   18.8495559215      0.424235414558E-03
   25.1327412287      0.365555045844E-03
   31.4159265359      0.235782778349E-03
   37.6991118431      0.176532030192E-03
   43.9822971503      0.932584781502E-04
   50.2654824574      0.687919864794E-04
   56.5486677646      0.358235538540E-04
   62.8318530718      0.218772453787E-04
   69.1150383790      0.118540330355E-04
   75.3982236862      0.696155473057E-05
   81.6814089933      0.420406825196E-05
   87.9645943005      0.287489590343E-05
   94.2477796077      0.174461909267E-05
   100.530964915      0.132284169372E-05
   106.814150222      0.843103717593E-06
   113.097335529      0.662102329999E-06
   119.380520836      0.448334034919E-06
   125.663706144      0.332805189613E-06
   131.946891451      0.237668580387E-06
   138.230076758      0.171869450806E-06
   144.513262065      0.118934017097E-06
   150.796447372      0.843024328654E-07
   157.079632679      0.565003295011E-07
   163.362817987      0.381418320753E-07
   169.646003294      0.248398482326E-07
   175.929188601      0.160038826423E-07
   182.212373908      0.101114916089E-07
   188.495559215      0.638058812265E-08
   194.778744523      0.385139374518E-08
   201.061929830      0.238141138761E-08
   207.345115137      0.142820807063E-08
   213.628300444      0.850911976749E-09
   219.911485751      0.505020947516E-09
   226.194671058      0.295698585626E-09
   232.477856366      0.172809126698E-09
   238.761041673      0.100886542858E-09
   245.044226980      0.582505074994E-10
   251.327412287      0.337317303648E-10
   257.610597594      0.194567981058E-10
   263.893782902      0.111770524467E-10
   270.176968209      0.643427090823E-11
   276.460153516      0.371256665448E-11
   282.743338823      0.210295003609E-11
   289.026524130      0.122073707070E-11
   295.309709437      0.696823803169E-12
   301.592894745      0.400672625693E-12
   307.876080052      0.230043039446E-12
   314.159265359      0.132135651598E-12
   320.442450666      0.759730873971E-13
   326.725635973      0.436260603857E-13
   333.008821281      0.250830326208E-13
   339.292006588      0.144062420752E-13
   345.575191895      0.827841634781E-14
   351.858377202      0.476373162775E-14
   358.141562509      0.274057522245E-14
   364.424747816      0.157664394839E-14
   370.707933124      0.907298173025E-15
   376.991118431      0.524053864892E-15
   383.274303738      0.298426580687E-15
   389.557489045      0.172998950517E-15
   395.840674352      0.995295245096E-16
   402.123859659      0.572861233740E-16
   408.407044967      0.329865306832E-16
   414.690230274      0.189959941326E-16
   420.973415581      0.109379451369E-16
   427.256600888      0.630006304289E-17
   433.539786195      0.362915624957E-17
   439.822971503      0.209111236386E-17
   446.106156810      0.120497609008E-17
   452.389342117      0.694551222602E-18
   458.672527424      0.400587978165E-18
   464.955712731      0.230914475678E-18
   471.238898038      0.133167032050E-18
   477.522083346      0.767675174778E-19
   483.805268653      0.442915828495E-19
   490.088453960      0.255564924891E-19
   496.371639267      0.147519308469E-19
   502.654824574      0.851880190265E-20
   508.938009882      0.492352053647E-20
   515.221195189      0.284955277585E-20
   521.504380496      0.165350234439E-20
   527.787565803      0.964531699677E-21
   534.070751110      0.568244948416E-21
   540.353936417      0.347369579238E-21
   546.637121725      0.396651236461E-24
   552.920307032      0.572839359825E-25
   559.203492339      0.197822291402E-25
   565.486677646      0.738704252845E-26
   571.769862953      0.276347324327E-26
   578.053048261      0.109402236625E-26
   584.336233568      0.396807065737E-27
   590.619418875      0.184510096178E-27
   596.902604182      0.906999332807E-28
   603.185789489      0.380853624040E-28
   609.468974796      0.105467576505E-28
   615.752160104      0.273726259306E-29
   622.035345411      0.263371372589E-30
   628.318530718      0.200539607885E-31
   634.601716025      0.653269166655E-34
   640.884901332      0.595757661003E-34
   647.168086639      0.538795391749E-34
   653.451271947      0.544066906036E-34
   659.734457254      0.507207707957E-34
   666.017642561      0.514012017323E-34
   672.300827868      0.462877026082E-34
   678.584013175      0.429567099086E-34
   684.867198483      0.396060954520E-34
   691.150383790      0.368524601833E-34
   697.433569097      0.332502929544E-34
   703.716754404      0.347370758474E-34
   709.999939711      0.287130820993E-34
   716.283125018      0.320170315619E-34
   722.566310326      0.262755564074E-34
   728.849495633      0.236011065151E-34
   735.132680940      0.215488123356E-34
   741.415866247      0.195669554771E-34
   747.699051554      0.177608728756E-34
   753.982236862      0.159109339100E-34
   760.265422169      0.136937741781E-34
   766.548607476      0.128828208864E-34
   772.831792783      0.113181186584E-34
   779.114978090      0.110796110792E-34
   785.398163397      0.982169834219E-35
   791.681348705      0.100861535384E-34
   797.964534012      0.100318429850E-34
   804.247719319      0.140729864518E-34
   810.530904626      0.793795832052E-35
   816.814089933      0.631131684868E-35
   823.097275241      0.570978607716E-35
   829.380460548      0.514913498831E-35
   835.663645855      0.482822472012E-35
   841.946831162      0.413207192076E-35
   848.230016469      0.385063706261E-35
   854.513201776      0.365574908006E-35
   860.796387084      0.309446359005E-35
   867.079572391      0.281167542094E-35
   873.362757698      0.266737105880E-35
   879.645943005      0.246142666704E-35
   885.929128312      0.242189498110E-35
   892.212313620      0.197014936197E-35
   898.495498927      0.202986287686E-35
   904.778684234      0.187044968855E-35
   911.061869541      0.165362856399E-35
   917.345054848      0.160749795040E-35
   923.628240155      0.149439861921E-35
   929.911425463      0.146178475502E-35
   936.194610770      0.142044622228E-35
   942.477796077      0.140684590357E-35
   948.760981384      0.136753407479E-35
   955.044166691      0.135156677456E-35
   961.327351998      0.131953836616E-35
   967.610537306      0.124900553495E-35
   973.893722613      0.124402173886E-35
   980.176907920      0.120754246272E-35
   986.460093227      0.115436486426E-35
   992.743278534      0.114329972350E-35
   999.026463842      0.112525258710E-35
   1005.30964915      0.113068380033E-35
   1011.59283446      0.101704546163E-35
   1017.87601976      0.105772022758E-35
   1024.15920507      0.972221957033E-36
   1030.44239038      0.909071635365E-36
   1036.72557568      0.974399167023E-36
   1043.00876099      0.870099911727E-36
   1049.29194630      0.873402663398E-36
   1055.57513161      0.825486350827E-36
   1061.85831691      0.797296406641E-36
   1068.14150222      0.859138380798E-36
   1074.42468753      0.726484797032E-36
   1080.70787283      0.730952149015E-36
   1086.99105814      0.687671289230E-36
   1093.27424345      0.643572674325E-36
   1099.55742876      0.676539736280E-36
   1105.84061406      0.567437014898E-36
   1112.12379937      0.603634983447E-36
   1118.40698468      0.508316849233E-36
   1124.69016999      0.523218611098E-36
   1130.97335529      0.450023523457E-36
   1137.25654060      0.388176498463E-36
   1143.53972591      0.350123557322E-36
   1149.82291121      0.311353432741E-36
   1156.10609652      0.292370961264E-36
   1162.38928183      0.269357743822E-36
   1168.67246714      0.260250007162E-36
   1174.95565244      0.234249600839E-36
   1181.23883775      0.226440225988E-36
   1187.52202306      0.207869270159E-36
   1193.80520836      0.194028324772E-36
   1200.08839367      0.179149040822E-36
   1206.37157898      0.174313141830E-36
   1212.65476429      0.152019137290E-36
   1218.93794959      0.145927043911E-36
   1225.22113490      0.136475788797E-36
   1231.50432021      0.126596434136E-36
   1237.78750551      0.112840808877E-36
   1244.07069082      0.108210936496E-36
   1250.35387613      0.102158601155E-36
   1256.63706144      0.942737340396E-37
   1262.92024674      0.834797590942E-37
   1269.20343205      0.783961578156E-37
   1275.48661736      0.663894792994E-37
   1281.76980266      0.639892990121E-37
   1288.05298797      0.581584289695E-37
   1294.33617328      0.555467790099E-37
   1300.61935859      0.492911282901E-37
   1306.90254389      0.401682702945E-37
   1313.18572920      0.367218409102E-37
   1319.46891451      0.364606262167E-37
   1325.75209981      0.304965705909E-37
   1332.03528512      0.258011208310E-37
   1338.31847043      0.216830639818E-37
   1344.60165574      0.220533309655E-37
   1350.88484104      0.182441119092E-37
   1357.16802635      0.133817028003E-37
   1363.45121166      0.883611699137E-38
   1369.73439697      0.955450208636E-38
   1376.01758227      0.662795835208E-38
   1382.30076758      0.337550812258E-38
   1388.58395289      0.367309115270E-39
   1394.86713819      0.116595816479E-39
   6.28318530718      0.321941378122E-40
   12.5663706144      0.761122203020E-03
   18.8495559215      0.412809590740E-03
   25.1327412287      0.357450120511E-03
   31.4159265359      0.246851130946E-03
   37.6991118431      0.188517313591E-03
   43.9822971503      0.100922108520E-03
   50.2654824574      0.722750544249E-04
   56.5486677646      0.394771157782E-04
   62.8318530718      0.237488955215E-04
   69.1150383790      0.137939245143E-04
   75.3982236862      0.772692391206E-05
   81.6814089933      0.512573681561E-05
   87.9645943005      0.338648357363E-05
   94.2477796077      0.210400194232E-05
   100.530964915      0.159633795943E-05
   106.814150222      0.997519460981E-06
   113.097335529      0.816039275334E-06
   119.380520836      0.530992176866E-06
   125.663706144      0.407405034994E-06
   131.946891451      0.287182482100E-06
   138.230076758      0.211935641767E-06
   144.513262065      0.147969072587E-06
   150.796447372      0.106673776787E-06
   157.079632679      0.723204841118E-07
   163.362817987      0.500986228738E-07
   169.646003294      0.327748133144E-07
   175.929188601      0.216187887690E-07
   182.212373908      0.138426850670E-07
   188.495559215      0.887630220453E-08
   194.778744523      0.542117150434E-08
   201.061929830      0.341882277385E-08
   207.345115137      0.206111125216E-08
   213.628300444      0.125395050166E-08
   219.911485751      0.749833171079E-09
   226.194671058      0.443215321635E-09
   232.477856366      0.262972501296E-09
   238.761041673      0.154374735895E-09
   245.044226980      0.902163258578E-10
   251.327412287      0.528418446322E-10
   257.610597594      0.306007374625E-10
   263.893782902      0.178068429422E-10
   270.176968209      0.103197430615E-10
   276.460153516      0.600471571137E-11
   282.743338823      0.343156984855E-11
   289.026524130      0.200512364883E-11
   295.309709437      0.115401940916E-11
   301.592894745      0.670890701692E-12
   307.876080052      0.387275826404E-12
   314.159265359      0.224699123005E-12
   320.442450666      0.130394487687E-12
   326.725635973      0.753510435701E-13
   333.008821281      0.437354134731E-13
   339.292006588      0.253435858582E-13
   345.575191895      0.146666731574E-13
   351.858377202      0.853910044736E-14
   358.141562509      0.494554161954E-14
   364.424747816      0.287288166063E-14
   370.707933124      0.166781110789E-14
   376.991118431      0.971836248659E-15
   383.274303738      0.558029658596E-15
   389.557489045      0.326585254331E-15
   395.840674352      0.189591351485E-15
   402.123859659      0.110122175532E-15
   408.407044967      0.639598367703E-16
   414.690230274      0.371776970623E-16
   420.973415581      0.215960495429E-16
   427.256600888      0.125560657514E-16
   433.539786195      0.729462412376E-17
   439.822971503      0.424396647937E-17
   446.106156810      0.246561550248E-17
   452.389342117      0.143496335346E-17
   458.672527424      0.835199370215E-18
   464.955712731      0.485826541659E-18
   471.238898038      0.282748684251E-18
   477.522083346      0.164453138415E-18
   483.805268653      0.957781779833E-19
   490.088453960      0.557851812055E-19
   496.371639267      0.324943691540E-19
   502.654824574      0.189503308582E-19
   508.938009882      0.110593390201E-19
   515.221195189      0.646631231379E-20
   521.504380496      0.379275558079E-20
   527.787565803      0.223658725617E-20
   534.070751110      0.133214908375E-20
   540.353936417      0.824066197264E-21
   546.637121725      0.360570824245E-23
   552.920307032      0.134387218264E-23
   559.203492339      0.587744703533E-24
   565.486677646      0.240676434278E-24
   571.769862953      0.863471441513E-25
   578.053048261      0.324634299178E-25
   584.336233568      0.119430765846E-25
   590.619418875      0.485216443191E-26
   596.902604182      0.202677925913E-26
   603.185789489      0.898090542969E-27
   609.468974796      0.363202250348E-27
   615.752160104      0.165693223936E-27
   622.035345411      0.762325018033E-28
   628.318530718      0.327569043617E-28
   634.601716025      0.109650163908E-28
   640.884901332      0.293020376816E-29
   647.168086639      0.578615339770E-30
   653.451271947      0.693605115648E-31
   659.734457254      0.207757344521E-32
   666.017642561      0.518512721730E-34
   672.300827868      0.467012505386E-34
   678.584013175      0.436107752202E-34
   684.867198483      0.398179805425E-34
   691.150383790      0.371257827717E-34
   697.433569097      0.336078727423E-34
   703.716754404      0.347123325068E-34
   709.999939711      0.287758636080E-34
   716.283125018      0.305508555217E-34
   722.566310326      0.267289874966E-34
   728.849495633      0.238835536128E-34
   735.132680940      0.216830262632E-34
   741.415866247      0.197983034535E-34
   747.699051554      0.177050802091E-34
   753.982236862      0.164339709049E-34
   760.265422169      0.136897791069E-34
   766.548607476      0.130620223097E-34
   772.831792783      0.113150705193E-34
   779.114978090      0.109211867086E-34
   785.398163397      0.990729827474E-35
   791.681348705      0.981418138324E-35
   797.964534012      0.102582109583E-34
   804.247719319      0.122367389155E-34
   810.530904626      0.748562497961E-35
   816.814089933      0.631363873550E-35
   823.097275241      0.569863422761E-35
   829.380460548      0.513897650664E-35
   835.663645855      0.476316279730E-35
   841.946831162      0.412693945627E-35
   848.230016469      0.380873646240E-35
   854.513201776      0.365653042304E-35
   860.796387084      0.310555223503E-35
   867.079572391      0.281496425918E-35
   873.362757698      0.262537331434E-35
   879.645943005      0.248178181707E-35
   885.929128312      0.237794336517E-35
   892.212313620      0.190965335079E-35
   898.495498927      0.203860717153E-35
   904.778684234      0.185955105749E-35
   911.061869541      0.164745515535E-35
   917.345054848      0.160158828083E-35
   923.628240155      0.149535417985E-35
   929.911425463      0.144346793032E-35
   936.194610770      0.141983719460E-35
   942.477796077      0.140090070941E-35
   948.760981384      0.135567632371E-35
   955.044166691      0.130239237042E-35
   961.327351998      0.131171898851E-35
   967.610537306      0.123538825413E-35
   973.893722613      0.121444078678E-35
   980.176907920      0.121492912938E-35
   986.460093227      0.115907461799E-35
   992.743278534      0.113978551963E-35
   999.026463842      0.109766157516E-35
   1005.30964915      0.112879233904E-35
   1011.59283446      0.101696769574E-35
   1017.87601976      0.101292233467E-35
   1024.15920507      0.994175131172E-36
   1030.44239038      0.894359879680E-36
   1036.72557568      0.953053728522E-36
   1043.00876099      0.848950490923E-36
   1049.29194630      0.876333631519E-36
   1055.57513161      0.837471964721E-36
   1061.85831691      0.776261273022E-36
   1068.14150222      0.816893512352E-36
   1074.42468753      0.689640634175E-36
   1080.70787283      0.705651635887E-36
   1086.99105814      0.680310802535E-36
   1093.27424345      0.630052703718E-36
   1099.55742876      0.648106115185E-36
   1105.84061406      0.550389747507E-36
   1112.12379937      0.602470696957E-36
   1118.40698468      0.504126488328E-36
   1124.69016999      0.537628290371E-36
   1130.97335529      0.457758974404E-36
   1137.25654060      0.391852428140E-36
   1143.53972591      0.349395053207E-36
   1149.82291121      0.309660467405E-36
   1156.10609652      0.288941473047E-36
   1162.38928183      0.267840801729E-36
   1168.67246714      0.253075625100E-36
   1174.95565244      0.226391322695E-36
   1181.23883775      0.220199850243E-36
   1187.52202306      0.201104663693E-36
   1193.80520836      0.191434607741E-36
   1200.08839367      0.175438662994E-36
   1206.37157898      0.165731978487E-36
   1212.65476429      0.149800005228E-36
   1218.93794959      0.139781737813E-36
   1225.22113490      0.132160596720E-36
   1231.50432021      0.122808537472E-36
   1237.78750551      0.109410970788E-36
   1244.07069082      0.105902604347E-36
   1250.35387613      0.997823605433E-37
   1256.63706144      0.906034097521E-37
   1262.92024674      0.814762768366E-37
   1269.20343205      0.784082370104E-37
   1275.48661736      0.666497086586E-37
   1281.76980266      0.644397183352E-37
   1288.05298797      0.564018888002E-37
   1294.33617328      0.553904850893E-37
   1300.61935859      0.482573553475E-37
   1306.90254389      0.403090569975E-37
   1313.18572920      0.352954711891E-37
   1319.46891451      0.325295270684E-37
   1325.75209981      0.285361059626E-37
   1332.03528512      0.237887502185E-37
   1338.31847043      0.183286374002E-37
   1344.60165574      0.221960703481E-37
   1350.88484104      0.166861516122E-37
   1357.16802635      0.116225612033E-37
   1363.45121166      0.706502855506E-38
   1369.73439697      0.913997767918E-38
   1376.01758227      0.560789034704E-38
   1382.30076758      0.247216725641E-38
   1388.58395289      0.371977628525E-39
   1394.86713819      0.899650330910E-40
   6.28318530718      0.463030781297E-40
   12.5663706144      0.717090404845E-03
   18.8495559215      0.401587881384E-03
   25.1327412287      0.347639315768E-03
   31.4159265359      0.256012288218E-03
   37.6991118431      0.199808648644E-03
   43.9822971503      0.109352397620E-03
   50.2654824574      0.758099045243E-04
   56.5486677646      0.427747723529E-04
   62.8318530718      0.254188787480E-04
   69.1150383790      0.159130302184E-04
   75.3982236862      0.860545923462E-05
   81.6814089933      0.626607395078E-05
   87.9645943005      0.396314750471E-05
   94.2477796077      0.258890468728E-05
   100.530964915      0.189448126406E-05
   106.814150222      0.121623334501E-05
   113.097335529      0.991591003715E-06
   119.380520836      0.637435716764E-06
   125.663706144      0.500302858260E-06
   131.946891451      0.343044367581E-06
   138.230076758      0.263464374887E-06
   144.513262065      0.181486857324E-06
   150.796447372      0.133712043339E-06
   157.079632679      0.917972156617E-07
   163.362817987      0.648729272523E-07
   169.646003294      0.426601601955E-07
   175.929188601      0.288808829078E-07
   182.212373908      0.186258443344E-07
   188.495559215      0.122052368562E-07
   194.778744523      0.752547105712E-08
   201.061929830      0.483265875416E-08
   207.345115137      0.293724603921E-08
   213.628300444      0.182557996794E-08
   219.911485751      0.109703619295E-08
   226.194671058      0.658306985976E-09
   232.477856366      0.394940853451E-09
   238.761041673      0.233588537731E-09
   245.044226980      0.138792240008E-09
   251.327412287      0.819451068030E-10
   257.610597594      0.478629592263E-10
   263.893782902      0.282711051047E-10
   270.176968209      0.164150355109E-10
   276.460153516      0.969210839005E-11
   282.743338823      0.558818669708E-11
   289.026524130      0.328119992869E-11
   295.309709437      0.191559085728E-11
   301.592894745      0.112366616023E-11
   307.876080052      0.653044533170E-12
   314.159265359      0.383226358062E-12
   320.442450666      0.224132234235E-12
   326.725635973      0.130847530544E-12
   333.008821281      0.765822026892E-13
   339.292006588      0.447313658351E-13
   345.575191895      0.261001586980E-13
   351.858377202      0.153999733310E-13
   358.141562509      0.894851187562E-14
   364.424747816      0.527116018378E-14
   370.707933124      0.307823396295E-14
   376.991118431      0.180892689114E-14
   383.274303738      0.104826711415E-14
   389.557489045      0.617554985116E-15
   395.840674352      0.362587296209E-15
   402.123859659      0.212090385141E-15
   408.407044967      0.124015471791E-15
   414.690230274      0.728650548686E-16
   420.973415581      0.425619475175E-16
   427.256600888      0.250180277268E-16
   433.539786195      0.146235537590E-16
   439.822971503      0.859035368826E-17
   446.106156810      0.501927742487E-17
   452.389342117      0.294856808783E-17
   458.672527424      0.172936963971E-17
   464.955712731      0.101497082366E-17
   471.238898038      0.595168168324E-18
   477.522083346      0.348548454428E-18
   483.805268653      0.204756949013E-18
   490.088453960      0.120187122402E-18
   496.371639267      0.704606820559E-19
   502.654824574      0.414811295641E-19
   508.938009882      0.244096755601E-19
   515.221195189      0.143940263698E-19
   521.504380496      0.851521546686E-20
   527.787565803      0.506082798458E-20
   534.070751110      0.304408828619E-20
   540.353936417      0.189438656509E-20
   546.637121725      0.612983759045E-22
   552.920307032      0.277998210086E-22
   559.203492339      0.124195966683E-22
   565.486677646      0.558442138935E-23
   571.769862953      0.216735889575E-23
   578.053048261      0.876415408794E-24
   584.336233568      0.367003185240E-24
   590.619418875      0.159657234165E-24
   596.902604182      0.679202119734E-25
   603.185789489      0.282722861550E-25
   609.468974796      0.108547645270E-25
   615.752160104      0.432726052188E-26
   622.035345411      0.178522337638E-26
   628.318530718      0.824929156939E-27
   634.601716025      0.379518781870E-27
   640.884901332      0.179344620306E-27
   647.168086639      0.769695190528E-28
   653.451271947      0.358654069677E-28
   659.734457254      0.124901769569E-28
   666.017642561      0.341132073705E-29
   672.300827868      0.875123280688E-30
   678.584013175      0.123396902022E-30
   684.867198483      0.696206437333E-32
   691.150383790      0.375284284327E-34
   697.433569097      0.340579611273E-34
   703.716754404      0.355881745138E-34
   709.999939711      0.289653767705E-34
   716.283125018      0.314503272669E-34
   722.566310326      0.268486938042E-34
   728.849495633      0.238852323022E-34
   735.132680940      0.217915617446E-34
   741.415866247      0.199889626639E-34
   747.699051554      0.178836177270E-34
   753.982236862      0.161083476150E-34
   760.265422169      0.137854537850E-34
   766.548607476      0.127863542750E-34
   772.831792783      0.114687353160E-34
   779.114978090      0.112794421701E-34
   785.398163397      0.100688814753E-34
   791.681348705      0.101682528160E-34
   797.964534012      0.970999649232E-35
   804.247719319      0.136916328428E-34
   810.530904626      0.740070632604E-35
   816.814089933      0.631100451044E-35
   823.097275241      0.570073184958E-35
   829.380460548      0.511863582202E-35
   835.663645855      0.478011557332E-35
   841.946831162      0.414038144791E-35
   848.230016469      0.383497296190E-35
   854.513201776      0.366033989576E-35
   860.796387084      0.307883880218E-35
   867.079572391      0.276959506534E-35
   873.362757698      0.261077189279E-35
   879.645943005      0.244999017529E-35
   885.929128312      0.236396724982E-35
   892.212313620      0.194035947803E-35
   898.495498927      0.199336159996E-35
   904.778684234      0.181267054284E-35
   911.061869541      0.160763353247E-35
   917.345054848      0.155213292733E-35
   923.628240155      0.147454899084E-35
   929.911425463      0.143551835051E-35
   936.194610770      0.141308294767E-35
   942.477796077      0.137813881801E-35
   948.760981384      0.132781993071E-35
   955.044166691      0.127835547760E-35
   961.327351998      0.130014002169E-35
   967.610537306      0.123497510384E-35
   973.893722613      0.119343398833E-35
   980.176907920      0.116856499180E-35
   986.460093227      0.114179688896E-35
   992.743278534      0.113584164198E-35
   999.026463842      0.110339350641E-35
   1005.30964915      0.112965013955E-35
   1011.59283446      0.996272291425E-36
   1017.87601976      0.985768600042E-36
   1024.15920507      0.962581994786E-36
   1030.44239038      0.873052449171E-36
   1036.72557568      0.946969582871E-36
   1043.00876099      0.849024332317E-36
   1049.29194630      0.840665653649E-36
   1055.57513161      0.796025553524E-36
   1061.85831691      0.769820612126E-36
   1068.14150222      0.802712598870E-36
   1074.42468753      0.694082796475E-36
   1080.70787283      0.694083454355E-36
   1086.99105814      0.673205448004E-36
   1093.27424345      0.642897190095E-36
   1099.55742876      0.644295108944E-36
   1105.84061406      0.558237051712E-36
   1112.12379937      0.601245357925E-36
   1118.40698468      0.485111187667E-36
   1124.69016999      0.532395374067E-36
   1130.97335529      0.432485429681E-36
   1137.25654060      0.380165365490E-36
   1143.53972591      0.339386684076E-36
   1149.82291121      0.299675706598E-36
   1156.10609652      0.280436773162E-36
   1162.38928183      0.262236072242E-36
   1168.67246714      0.250433415156E-36
   1174.95565244      0.226059997916E-36
   1181.23883775      0.216436477044E-36
   1187.52202306      0.194835673911E-36
   1193.80520836      0.185563911574E-36
   1200.08839367      0.171468844722E-36
   1206.37157898      0.159374394622E-36
   1212.65476429      0.141828751259E-36
   1218.93794959      0.134529550623E-36
   1225.22113490      0.128282749091E-36
   1231.50432021      0.119527867090E-36
   1237.78750551      0.107923292672E-36
   1244.07069082      0.103445485730E-36
   1250.35387613      0.100451762034E-36
   1256.63706144      0.913794949077E-37
   1262.92024674      0.796320581440E-37
   1269.20343205      0.753586426403E-37
   1275.48661736      0.653367475032E-37
   1281.76980266      0.645902926958E-37
   1288.05298797      0.562978091888E-37
   1294.33617328      0.522765268608E-37
   1300.61935859      0.458009731925E-37
   1306.90254389      0.388419500241E-37
   1313.18572920      0.359756561454E-37
   1319.46891451      0.356360528998E-37
   1325.75209981      0.300291104419E-37
   1332.03528512      0.236494548264E-37
   1338.31847043      0.187578820610E-37
   1344.60165574      0.194036880154E-37
   1350.88484104      0.153999945399E-37
   1357.16802635      0.107239264590E-37
   1363.45121166      0.615272973862E-38
   1369.73439697      0.738077707265E-38
   1376.01758227      0.482200510681E-38
   1382.30076758      0.202814440188E-38
   1388.58395289      0.387577792752E-39
   1394.86713819      0.214819503383E-39
   6.28318530718      0.411755053589E-40
   12.5663706144      0.675112800714E-03
   18.8495559215      0.390740201307E-03
   25.1327412287      0.336606760132E-03
   31.4159265359      0.262888849331E-03
   37.6991118431      0.210162603787E-03
   43.9822971503      0.118198972807E-03
   50.2654824574      0.797696880844E-04
   56.5486677646      0.457198362732E-04
   62.8318530718      0.269537877095E-04
   69.1150383790      0.179821564713E-04
   75.3982236862      0.974396767822E-05
   81.6814089933      0.753247147197E-05
   87.9645943005      0.463081912432E-05
   94.2477796077      0.318660872271E-05
   100.530964915      0.222624251551E-05
   106.814150222      0.151276475978E-05
   113.097335529      0.118294092120E-05
   119.380520836      0.788123380378E-06
   125.663706144      0.606093155801E-06
   131.946891451      0.414411515505E-06
   138.230076758      0.326752058070E-06
   144.513262065      0.220597235816E-06
   150.796447372      0.167800125947E-06
   157.079632679      0.115081103955E-06
   163.362817987      0.835816225121E-07
   169.646003294      0.549505002710E-07
   175.929188601      0.383397193100E-07
   182.212373908      0.247961289676E-07
   188.495559215      0.166859135328E-07
   194.778744523      0.103530920645E-07
   201.061929830      0.677424992630E-08
   207.345115137      0.417431703030E-08
   213.628300444      0.263824933609E-08
   219.911485751      0.160060052846E-08
   226.194671058      0.978125155333E-09
   232.477856366      0.591046823224E-09
   238.761041673      0.355399160106E-09
   245.044226980      0.214407397531E-09
   251.327412287      0.128060590314E-09
   257.610597594      0.760114113861E-10
   263.893782902      0.455347783231E-10
   270.176968209      0.265883448414E-10
   276.460153516      0.160254950377E-10
   282.743338823      0.934165670094E-11
   289.026524130      0.554052147270E-11
   295.309709437      0.330060348610E-11
   301.592894745      0.196020107856E-11
   307.876080052      0.115379254632E-11
   314.159265359      0.685964114466E-12
   320.442450666      0.405662969000E-12
   326.725635973      0.241443044307E-12
   333.008821281      0.142632918693E-12
   339.292006588      0.843337912741E-13
   345.575191895      0.498871390308E-13
   351.858377202      0.299242162447E-13
   358.141562509      0.174723342932E-13
   364.424747816      0.105599091718E-13
   370.707933124      0.619091818905E-14
   376.991118431      0.369338649550E-14
   383.274303738      0.216769751846E-14
   389.557489045      0.128712989342E-14
   395.840674352      0.771961874357E-15
   402.123859659      0.453652661876E-15
   408.407044967      0.268795945568E-15
   414.690230274      0.160477453338E-15
   420.973415581      0.940749503623E-16
   427.256600888      0.565251233303E-16
   433.539786195      0.331851978336E-16
   439.822971503      0.198139646284E-16
   446.106156810      0.116556664836E-16
   452.389342117      0.692479621549E-17
   458.672527424      0.411903801143E-17
   464.955712731      0.244714468691E-17
   471.238898038      0.145199038856E-17
   477.522083346      0.856763055840E-18
   483.805268653      0.509672264032E-18
   490.088453960      0.302367097135E-18
   496.371639267      0.178320515902E-18
   502.654824574      0.106406074944E-18
   508.938009882      0.635049711257E-19
   515.221195189      0.377688552969E-19
   521.504380496      0.225361238157E-19
   527.787565803      0.134680538113E-19
   534.070751110      0.817121224504E-20
   540.353936417      0.506207875090E-20
   546.637121725      0.840113151403E-21
   552.920307032      0.423893743662E-21
   559.203492339      0.197842779670E-21
   565.486677646      0.940987195801E-22
   571.769862953      0.409421248914E-22
   578.053048261      0.184308631093E-22
   584.336233568      0.824880788204E-23
   590.619418875      0.370232747420E-23
   596.902604182      0.161637470384E-23
   603.185789489      0.695148751392E-24
   609.468974796      0.289720888106E-24
   615.752160104      0.127579218132E-24
   622.035345411      0.575552781713E-25
   628.318530718      0.262484647933E-25
   634.601716025      0.113548705043E-25
   640.884901332      0.485080978834E-26
   647.168086639      0.189752700685E-26
   653.451271947      0.832830046514E-27
   659.734457254      0.407774664918E-27
   666.017642561      0.197341101632E-27
   672.300827868      0.862509907795E-28
   678.584013175      0.390366273504E-28
   684.867198483      0.164035674403E-28
   691.150383790      0.423834383272E-29
   697.433569097      0.147180682977E-29
   703.716754404      0.282833709581E-30
   709.999939711      0.391506375365E-31
   716.283125018      0.128155986530E-32
   722.566310326      0.271864197228E-34
   728.849495633      0.241475046295E-34
   735.132680940      0.220090803784E-34
   741.415866247      0.200272522231E-34
   747.699051554      0.180660004825E-34
   753.982236862      0.163537636255E-34
   760.265422169      0.138447333355E-34
   766.548607476      0.130137682785E-34
   772.831792783      0.114170431437E-34
   779.114978090      0.111958870270E-34
   785.398163397      0.101044476746E-34
   791.681348705      0.999990665644E-35
   797.964534012      0.982479861296E-35
   804.247719319      0.119741919426E-34
   810.530904626      0.829721561613E-35
   816.814089933      0.633095794614E-35
   823.097275241      0.564569984175E-35
   829.380460548      0.502054162874E-35
   835.663645855      0.477191688829E-35
   841.946831162      0.414948206507E-35
   848.230016469      0.380344302029E-35
   854.513201776      0.361418269590E-35
   860.796387084      0.303679317641E-35
   867.079572391      0.272754812598E-35
   873.362757698      0.259359334815E-35
   879.645943005      0.241307039115E-35
   885.929128312      0.227915713298E-35
   892.212313620      0.189667990253E-35
   898.495498927      0.196480413307E-35
   904.778684234      0.179957324465E-35
   911.061869541      0.160796222468E-35
   917.345054848      0.153321556162E-35
   923.628240155      0.144401831117E-35
   929.911425463      0.141969123476E-35
   936.194610770      0.136683705098E-35
   942.477796077      0.134825176947E-35
   948.760981384      0.132351712270E-35
   955.044166691      0.124355569688E-35
   961.327351998      0.124891053474E-35
   967.610537306      0.122782503399E-35
   973.893722613      0.118857067328E-35
   980.176907920      0.117271033882E-35
   986.460093227      0.114251163491E-35
   992.743278534      0.112250785040E-35
   999.026463842      0.106103239973E-35
   1005.30964915      0.107329730321E-35
   1011.59283446      0.961114302397E-36
   1017.87601976      0.993713355238E-36
   1024.15920507      0.931941328425E-36
   1030.44239038      0.879913409650E-36
   1036.72557568      0.909978995214E-36
   1043.00876099      0.826817264198E-36
   1049.29194630      0.830576983462E-36
   1055.57513161      0.790207296914E-36
   1061.85831691      0.762641998473E-36
   1068.14150222      0.781887622409E-36
   1074.42468753      0.681223133334E-36
   1080.70787283      0.672270976598E-36
   1086.99105814      0.649326124452E-36
   1093.27424345      0.592452477501E-36
   1099.55742876      0.595207436809E-36
   1105.84061406      0.541318091109E-36
   1112.12379937      0.577072753780E-36
   1118.40698468      0.473922429619E-36
   1124.69016999      0.500001061526E-36
   1130.97335529      0.430262357902E-36
   1137.25654060      0.366909711626E-36
   1143.53972591      0.326712573402E-36
   1149.82291121      0.294064248904E-36
   1156.10609652      0.277115360690E-36
   1162.38928183      0.252123034303E-36
   1168.67246714      0.238678150380E-36
   1174.95565244      0.219796891560E-36
   1181.23883775      0.207358062366E-36
   1187.52202306      0.188706835098E-36
   1193.80520836      0.177017373423E-36
   1200.08839367      0.166643153768E-36
   1206.37157898      0.154329457982E-36
   1212.65476429      0.138728793972E-36
   1218.93794959      0.132650683453E-36
   1225.22113490      0.126041510415E-36
   1231.50432021      0.116338105308E-36
   1237.78750551      0.101860793966E-36
   1244.07069082      0.984312522750E-37
   1250.35387613      0.947819672087E-37
   1256.63706144      0.853880127029E-37
   1262.92024674      0.771613326145E-37
   1269.20343205      0.758556125260E-37
   1275.48661736      0.655214063115E-37
   1281.76980266      0.605823524318E-37
   1288.05298797      0.540831320983E-37
   1294.33617328      0.509127090692E-37
   1300.61935859      0.440635755530E-37
   1306.90254389      0.364485839722E-37
   1313.18572920      0.333943773558E-37
   1319.46891451      0.314718130997E-37
   1325.75209981      0.281473419840E-37
   1332.03528512      0.225064212678E-37
   1338.31847043      0.165027246931E-37
   1344.60165574      0.193379873387E-37
   1350.88484104      0.160477924307E-37
   1357.16802635      0.107410340127E-37
   1363.45121166      0.575612819000E-38
   1369.73439697      0.728027952485E-38
   1376.01758227      0.457251602613E-38
   1382.30076758      0.223504011282E-38
   1388.58395289      0.300311883693E-39
   1394.86713819      0.146681577952E-39
   6.28318530718      0.860691612736E-40
   12.5663706144      0.635159914162E-03
   18.8495559215      0.380418239094E-03
   25.1327412287      0.324791180140E-03
   31.4159265359      0.267265207433E-03
   37.6991118431      0.219481934306E-03
   43.9822971503      0.126848583912E-03
   50.2654824574      0.843789413638E-04
   56.5486677646      0.484881766626E-04
   62.8318530718      0.285186997628E-04
   69.1150383790      0.197961623534E-04
   75.3982236862      0.112351734001E-04
   81.6814089933      0.881833929517E-05
   87.9645943005      0.541786116944E-05
   94.2477796077      0.386231155486E-05
   100.530964915      0.261521006809E-05
   106.814150222      0.186225283374E-05
   113.097335529      0.139951892004E-05
   119.380520836      0.991037467968E-06
   125.663706144      0.723540282206E-06
   131.946891451      0.514104718452E-06
   138.230076758      0.397671232777E-06
   144.513262065      0.269783525996E-06
   150.796447372      0.209450644453E-06
   157.079632679      0.143253401072E-06
   163.362817987      0.107315297579E-06
   169.646003294      0.700859169925E-07
   175.929188601      0.508137007992E-07
   182.212373908      0.326865791928E-07
   188.495559215      0.227849584612E-07
   194.778744523      0.141129185235E-07
   201.061929830      0.948576970414E-08
   207.345115137      0.593096591470E-08
   213.628300444      0.379959435086E-08
   219.911485751      0.234663981318E-08
   226.194671058      0.145582989245E-08
   232.477856366      0.891059738629E-09
   238.761041673      0.547297912925E-09
   245.044226980      0.334968473594E-09
   251.327412287      0.204390621211E-09
   257.610597594      0.123548245786E-09
   263.893782902      0.753381096162E-10
   270.176968209      0.446209912198E-10
   276.460153516      0.275713508119E-10
   282.743338823      0.163552313565E-10
   289.026524130      0.985571347668E-11
   295.309709437      0.602953216987E-11
   301.592894745      0.366533739217E-11
   307.876080052      0.219719848127E-11
   314.159265359      0.133036329160E-11
   320.442450666      0.802145693497E-12
   326.725635973      0.490619446889E-12
   333.008821281      0.294702851076E-12
   339.292006588      0.178080347228E-12
   345.575191895      0.107668622298E-12
   351.858377202      0.660591481224E-13
   358.141562509      0.391154033173E-13
   364.424747816      0.245372639559E-13
   370.707933124      0.145210985133E-13
   376.991118431      0.889735655848E-14
   383.274303738      0.533647882498E-14
   389.557489045      0.322391916593E-14
   395.840674352      0.199771518510E-14
   402.123859659      0.118612024091E-14
   408.407044967      0.724117871653E-15
   414.690230274      0.442512811181E-15
   420.973415581      0.262142890102E-15
   427.256600888      0.163482850782E-15
   433.539786195      0.971573321275E-16
   439.822971503      0.597706827163E-16
   446.106156810      0.356436482390E-16
   452.389342117      0.216778973863E-16
   458.672527424      0.132785595020E-16
   464.955712731      0.806170515033E-17
   471.238898038      0.490328348457E-17
   477.522083346      0.293687495676E-17
   483.805268653      0.179413995702E-17
   490.088453960      0.108804196539E-17
   496.371639267      0.652506784800E-18
   502.654824574      0.399581740059E-18
   508.938009882      0.245038620851E-18
   515.221195189      0.148991625008E-18
   521.504380496      0.903953244403E-19
   527.787565803      0.547901099965E-19
   534.070751110      0.337360472746E-19
   540.353936417      0.208436467962E-19
   546.637121725      0.849299577219E-20
   552.920307032      0.461961312530E-20
   559.203492339      0.234973961627E-20
   565.486677646      0.117978421777E-20
   571.769862953      0.559053647830E-21
   578.053048261      0.276266727430E-21
   584.336233568      0.133173133331E-21
   590.619418875      0.620367734376E-22
   596.902604182      0.283190019734E-22
   603.185789489      0.128750392063E-22
   609.468974796      0.582411070282E-23
   615.752160104      0.275628675500E-23
   622.035345411      0.129987883074E-23
   628.318530718      0.603782805524E-24
   634.601716025      0.266000365304E-24
   640.884901332      0.120746004607E-24
   647.168086639      0.526240466083E-25
   653.451271947      0.246888780835E-25
   659.734457254      0.121210602554E-25
   666.017642561      0.567191721243E-26
   672.300827868      0.238556299097E-26
   678.584013175      0.979602936077E-27
   684.867198483      0.441230631299E-27
   691.150383790      0.208624192126E-27
   697.433569097      0.106221087942E-27
   703.716754404      0.466002177003E-28
   709.999939711      0.200670265737E-28
   716.283125018      0.736887625102E-29
   722.566310326      0.198795614186E-29
   728.849495633      0.602513429280E-30
   735.132680940      0.105441520929E-30
   741.415866247      0.139202897961E-31
   747.699051554      0.222167962541E-32
   753.982236862      0.162897975681E-34
   760.265422169      0.140226669580E-34
   766.548607476      0.128989012534E-34
   772.831792783      0.116356978014E-34
   779.114978090      0.112029264345E-34
   785.398163397      0.103657588781E-34
   791.681348705      0.101043013311E-34
   797.964534012      0.961703686420E-35
   804.247719319      0.158670922854E-34
   810.530904626      0.833482432469E-35
   816.814089933      0.632165328964E-35
   823.097275241      0.570513153492E-35
   829.380460548      0.509603190188E-35
   835.663645855      0.472433423826E-35
   841.946831162      0.411245958627E-35
   848.230016469      0.378150773897E-35
   854.513201776      0.359600159598E-35
   860.796387084      0.303591033288E-35
   867.079572391      0.275143004861E-35
   873.362757698      0.260546803129E-35
   879.645943005      0.245542694434E-35
   885.929128312      0.231352664231E-35
   892.212313620      0.189091282498E-35
   898.495498927      0.197410892439E-35
   904.778684234      0.177808245278E-35
   911.061869541      0.162660956031E-35
   917.345054848      0.150540235492E-35
   923.628240155      0.142343830929E-35
   929.911425463      0.139458985965E-35
   936.194610770      0.138194625085E-35
   942.477796077      0.134088595525E-35
   948.760981384      0.129205435530E-35
   955.044166691      0.122417854034E-35
   961.327351998      0.124435419893E-35
   967.610537306      0.119229170275E-35
   973.893722613      0.118396473195E-35
   980.176907920      0.113705307094E-35
   986.460093227      0.113944159354E-35
   992.743278534      0.110866963526E-35
   999.026463842      0.102368028014E-35
   1005.30964915      0.107914140510E-35
   1011.59283446      0.969463095638E-36
   1017.87601976      0.966748408165E-36
   1024.15920507      0.912798172675E-36
   1030.44239038      0.850939557088E-36
   1036.72557568      0.906932133107E-36
   1043.00876099      0.811595837750E-36
   1049.29194630      0.829627315777E-36
   1055.57513161      0.780332837507E-36
   1061.85831691      0.740901448361E-36
   1068.14150222      0.748066836948E-36
   1074.42468753      0.675329079629E-36
   1080.70787283      0.678669669746E-36
   1086.99105814      0.632773237966E-36
   1093.27424345      0.598197471101E-36
   1099.55742876      0.599520382303E-36
   1105.84061406      0.540368420536E-36
   1112.12379937      0.568492402522E-36
   1118.40698468      0.485794080997E-36
   1124.69016999      0.506288626800E-36
   1130.97335529      0.419709370601E-36
   1137.25654060      0.370019567703E-36
   1143.53972591      0.322191090824E-36
   1149.82291121      0.286551872774E-36
   1156.10609652      0.266182734746E-36
   1162.38928183      0.246500039256E-36
   1168.67246714      0.232189614902E-36
   1174.95565244      0.214586093089E-36
   1181.23883775      0.206506982127E-36
   1187.52202306      0.189635174660E-36
   1193.80520836      0.175785397178E-36
   1200.08839367      0.161628989890E-36
   1206.37157898      0.154395319024E-36
   1212.65476429      0.135930166819E-36
   1218.93794959      0.127375460556E-36
   1225.22113490      0.120728208537E-36
   1231.50432021      0.111967218194E-36
   1237.78750551      0.100192908602E-36
   1244.07069082      0.974712978230E-37
   1250.35387613      0.917703196699E-37
   1256.63706144      0.836403074673E-37
   1262.92024674      0.737505778724E-37
   1269.20343205      0.716106906167E-37
   1275.48661736      0.609149692338E-37
   1281.76980266      0.580238416319E-37
   1288.05298797      0.527303615566E-37
   1294.33617328      0.529081928120E-37
   1300.61935859      0.449566811146E-37
   1306.90254389      0.376725229777E-37
   1313.18572920      0.327373659965E-37
   1319.46891451      0.325290608568E-37
   1325.75209981      0.293875860121E-37
   1332.03528512      0.229982484302E-37
   1338.31847043      0.176362721260E-37
   1344.60165574      0.201236434485E-37
   1350.88484104      0.162550492358E-37
   1357.16802635      0.109401511622E-37
   1363.45121166      0.614582657239E-38
   1369.73439697      0.724942423991E-38
   1376.01758227      0.488020156662E-38
   1382.30076758      0.237774028867E-38
   1388.58395289      0.444880111088E-39
   1394.86713819      0.766274305450E-40
   6.28318530718      0.600539980648E-40
   12.5663706144      0.597199919892E-03
   18.8495559215      0.370748514606E-03
   25.1327412287      0.312553957390E-03
   31.4159265359      0.269126906154E-03
   37.6991118431      0.227809555568E-03
   43.9822971503      0.134559260039E-03
   50.2654824574      0.896092306198E-04
   56.5486677646      0.513819155475E-04
   62.8318530718      0.303178441255E-04
   69.1150383790      0.212996609598E-04
   75.3982236862      0.130397915395E-04
   81.6814089933      0.100607818923E-04
   87.9645943005      0.631986828616E-05
   94.2477796077      0.459261003982E-05
   100.530964915      0.307044228796E-05
   106.814150222      0.223357866372E-05
   113.097335529      0.165691568462E-05
   119.380520836      0.123226435124E-05
   125.663706144      0.861900868376E-06
   131.946891451      0.643513479922E-06
   138.230076758      0.477829229097E-06
   144.513262065      0.333254245364E-06
   150.796447372      0.257734256637E-06
   157.079632679      0.179271147117E-06
   163.362817987      0.135763665472E-06
   169.646003294      0.892792541240E-07
   175.929188601      0.667465305702E-07
   182.212373908      0.428281499298E-07
   188.495559215      0.310162230085E-07
   194.778744523      0.190187191657E-07
   201.061929830      0.133323907845E-07
   207.345115137      0.835313470190E-08
   213.628300444      0.548179248281E-08
   219.911485751      0.344312200998E-08
   226.194671058      0.216642534371E-08
   232.477856366      0.135724160794E-08
   238.761041673      0.848137268767E-09
   245.044226980      0.530933097379E-09
   251.327412287      0.331930125793E-09
   257.610597594      0.204708849380E-09
   263.893782902      0.127786546991E-09
   270.176968209      0.772464527930E-10
   276.460153516      0.491668855147E-10
   282.743338823      0.298029459465E-10
   289.026524130      0.183136356899E-10
   295.309709437      0.115633015375E-10
   301.592894745      0.726631961678E-11
   307.876080052      0.444353583964E-11
   314.159265359      0.275503318300E-11
   320.442450666      0.170777369814E-11
   326.725635973      0.107493183863E-11
   333.008821281      0.661259564099E-12
   339.292006588      0.411431314508E-12
   345.575191895      0.255310768573E-12
   351.858377202      0.161269470589E-12
   358.141562509      0.975869692284E-13
   364.424747816      0.635220140705E-13
   370.707933124      0.383152918536E-13
   376.991118431      0.242233765966E-13
   383.274303738      0.149839836208E-13
   389.557489045      0.926625837650E-14
   395.840674352      0.594303626203E-14
   402.123859659      0.360523399531E-14
   408.407044967      0.227866936036E-14
   414.690230274      0.143263531085E-14
   420.973415581      0.864462885396E-15
   427.256600888      0.559941862173E-15
   433.539786195      0.341668804846E-15
   439.822971503      0.216698292039E-15
   446.106156810      0.132000028855E-15
   452.389342117      0.828720125006E-16
   458.672527424      0.525336294254E-16
   464.955712731      0.327705380855E-16
   471.238898038      0.204860007847E-16
   477.522083346      0.125670762988E-16
   483.805268653      0.791722450023E-17
   490.088453960      0.494147082462E-17
   496.371639267      0.304138761651E-17
   502.654824574      0.191888153092E-17
   508.938009882      0.120966679744E-17
   515.221195189      0.760755539510E-18
   521.504380496      0.471080652175E-18
   527.787565803      0.292180564306E-18
   534.070751110      0.184419488835E-18
   540.353936417      0.115363902075E-18
   546.637121725      0.647109200474E-19
   552.920307032      0.371642236696E-19
   559.203492339      0.205164664664E-19
   565.486677646      0.109786194950E-19
   571.769862953      0.554348713377E-20
   578.053048261      0.293354028675E-20
   584.336233568      0.152951576403E-20
   590.619418875      0.756459541439E-21
   596.902604182      0.366122622304E-21
   603.185789489      0.175923497144E-21
   609.468974796      0.859377554865E-22
   615.752160104      0.431242614328E-22
   622.035345411      0.209586770633E-22
   628.318530718      0.100366335502E-22
   634.601716025      0.461067424425E-23
   640.884901332      0.221342951301E-23
   647.168086639      0.106434035900E-23
   653.451271947      0.527705393876E-24
   659.734457254      0.262294645706E-24
   666.017642561      0.123823171883E-24
   672.300827868      0.552397461776E-25
   678.584013175      0.256108522464E-25
   684.867198483      0.123523873663E-25
   691.150383790      0.602013348366E-26
   697.433569097      0.298010626171E-26
   703.716754404      0.135176036398E-26
   709.999939711      0.546671055148E-27
   716.283125018      0.251715217161E-27
   722.566310326      0.127943686817E-27
   728.849495633      0.543357404887E-28
   735.132680940      0.248546260518E-28
   741.415866247      0.945299607161E-29
   747.699051554      0.297519966777E-29
   753.982236862      0.767045994731E-30
   760.265422169      0.254775889925E-30
   766.548607476      0.156688167903E-31
   772.831792783      0.894701731226E-33
   779.114978090      0.112784686048E-34
   785.398163397      0.103922150090E-34
   791.681348705      0.101551111512E-34
   797.964534012      0.100353314679E-34
   804.247719319      0.120279757401E-34
   810.530904626      0.816039207690E-35
   816.814089933      0.633044684088E-35
   823.097275241      0.564155166423E-35
   829.380460548      0.514729727269E-35
   835.663645855      0.471523962310E-35
   841.946831162      0.412354133514E-35
   848.230016469      0.377101545315E-35
   854.513201776      0.357920610639E-35
   860.796387084      0.304569461241E-35
   867.079572391      0.269658036305E-35
   873.362757698      0.258555779863E-35
   879.645943005      0.241006341526E-35
   885.929128312      0.229681926633E-35
   892.212313620      0.185465144056E-35
   898.495498927      0.194217219306E-35
   904.778684234      0.174917375639E-35
   911.061869541      0.157051272086E-35
   917.345054848      0.149912254078E-35
   923.628240155      0.141409408771E-35
   929.911425463      0.138551823679E-35
   936.194610770      0.134458484073E-35
   942.477796077      0.128693394125E-35
   948.760981384      0.127840045643E-35
   955.044166691      0.122612802272E-35
   961.327351998      0.122575667149E-35
   967.610537306      0.117979876427E-35
   973.893722613      0.115166905873E-35
   980.176907920      0.114056849593E-35
   986.460093227      0.112438235158E-35
   992.743278534      0.108289167559E-35
   999.026463842      0.103240918615E-35
   1005.30964915      0.107950963418E-35
   1011.59283446      0.926511577038E-36
   1017.87601976      0.969822848564E-36
   1024.15920507      0.913389119825E-36
   1030.44239038      0.850168089651E-36
   1036.72557568      0.881310476266E-36
   1043.00876099      0.803297394433E-36
   1049.29194630      0.793249034169E-36
   1055.57513161      0.787757669084E-36
   1061.85831691      0.727158349438E-36
   1068.14150222      0.765866250167E-36
   1074.42468753      0.672207380607E-36
   1080.70787283      0.673207491622E-36
   1086.99105814      0.636946753415E-36
   1093.27424345      0.587867243503E-36
   1099.55742876      0.601308157442E-36
   1105.84061406      0.512341615593E-36
   1112.12379937      0.543406402040E-36
   1118.40698468      0.472725652411E-36
   1124.69016999      0.489445700366E-36
   1130.97335529      0.415003982872E-36
   1137.25654060      0.353248226402E-36
   1143.53972591      0.315588244406E-36
   1149.82291121      0.285653637280E-36
   1156.10609652      0.267029460091E-36
   1162.38928183      0.248959677535E-36
   1168.67246714      0.234080946027E-36
   1174.95565244      0.213254719665E-36
   1181.23883775      0.204571566032E-36
   1187.52202306      0.185827360506E-36
   1193.80520836      0.172326731219E-36
   1200.08839367      0.162632863320E-36
   1206.37157898      0.151616336946E-36
   1212.65476429      0.138618612634E-36
   1218.93794959      0.129150094102E-36
   1225.22113490      0.120707719388E-36
   1231.50432021      0.111317017321E-36
   1237.78750551      0.102213126406E-36
   1244.07069082      0.960790734537E-37
   1250.35387613      0.885896172820E-37
   1256.63706144      0.806408828070E-37
   1262.92024674      0.726760054711E-37
   1269.20343205      0.697421029559E-37
   1275.48661736      0.616352935800E-37
   1281.76980266      0.567569657712E-37
   1288.05298797      0.517777904745E-37
   1294.33617328      0.492624345675E-37
   1300.61935859      0.421815164707E-37
   1306.90254389      0.361236771733E-37
   1313.18572920      0.333113278526E-37
   1319.46891451      0.335192128512E-37
   1325.75209981      0.287429611457E-37
   1332.03528512      0.232957413052E-37
   1338.31847043      0.172037032437E-37
   1344.60165574      0.183787982508E-37
   1350.88484104      0.147146249444E-37
   1357.16802635      0.107075996683E-37
   1363.45121166      0.622558625374E-38
   1369.73439697      0.709765954509E-38
   1376.01758227      0.471420477112E-38
   1382.30076758      0.215735497289E-38
   1388.58395289      0.442600386341E-39
   1394.86713819      0.126955928970E-39
   6.28318530718      0.279478554500E-40
   12.5663706144      0.561196759381E-03
   18.8495559215      0.361822977113E-03
   25.1327412287      0.300166473948E-03
   31.4159265359      0.268665725556E-03
   37.6991118431      0.235281763313E-03
   43.9822971503      0.140643500036E-03
   50.2654824574      0.951601642427E-04
   56.5486677646      0.547138977812E-04
   62.8318530718      0.325255195013E-04
   69.1150383790      0.226425661571E-04
   75.3982236862      0.150009105197E-04
   81.6814089933      0.112527939789E-04
   87.9645943005      0.729178877119E-05
   94.2477796077      0.537083091293E-05
   100.530964915      0.356413556583E-05
   106.814150222      0.263310975925E-05
   113.097335529      0.195903319551E-05
   119.380520836      0.149571897267E-05
   125.663706144      0.102830186921E-05
   131.946891451      0.790031964396E-06
   138.230076758      0.575550450302E-06
   144.513262065      0.410298869835E-06
   150.796447372      0.314017732540E-06
   157.079632679      0.225167199015E-06
   163.362817987      0.169043757121E-06
   169.646003294      0.114068952332E-06
   175.929188601      0.859532659737E-07
   182.212373908      0.561807602200E-07
   188.495559215      0.415220927073E-07
   194.778744523      0.254695592398E-07
   201.061929830      0.186347941188E-07
   207.345115137      0.115948943123E-07
   213.628300444      0.790761700610E-08
   219.911485751      0.500431270624E-08
   226.194671058      0.322167006777E-08
   232.477856366      0.206260891563E-08
   238.761041673      0.131312912469E-08
   245.044226980      0.845707912579E-09
   251.327412287      0.540429844994E-09
   257.610597594      0.341275303970E-09
   263.893782902      0.218574854331E-09
   270.176968209      0.135169973526E-09
   276.460153516      0.887780300356E-10
   282.743338823      0.550658661298E-10
   289.026524130      0.345140719762E-10
   295.309709437      0.225107383597E-10
   301.592894745      0.146421454225E-10
   307.876080052      0.914104650820E-11
   314.159265359      0.580021633925E-11
   320.442450666      0.370869351303E-11
   326.725635973      0.239722220336E-11
   333.008821281      0.150886202281E-11
   339.292006588      0.968981166659E-12
   345.575191895      0.615685443480E-12
   351.858377202      0.400598541684E-12
   358.141562509      0.248613985097E-12
   364.424747816      0.166018992439E-12
   370.707933124      0.102836944525E-12
   376.991118431      0.667233182525E-13
   383.274303738      0.426389404683E-13
   389.557489045      0.269691714817E-13
   395.840674352      0.177826731853E-13
   402.123859659      0.110929767418E-13
   408.407044967      0.719112634932E-14
   414.690230274      0.465162554667E-14
   420.973415581      0.286739572520E-14
   427.256600888      0.190704528407E-14
   433.539786195      0.120294127925E-14
   439.822971503      0.779461018191E-15
   446.106156810      0.486474729129E-15
   452.389342117      0.313801169716E-15
   458.672527424      0.204803712124E-15
   464.955712731      0.130927853214E-15
   471.238898038      0.836117502126E-16
   477.522083346      0.526879737981E-16
   483.805268653      0.339961602876E-16
   490.088453960      0.218168342695E-16
   496.371639267      0.137490968029E-16
   502.654824574      0.888804610108E-17
   508.938009882      0.572981295099E-17
   515.221195189      0.371665196576E-17
   521.504380496      0.234566202166E-17
   527.787565803      0.148584730623E-17
   534.070751110      0.962356443219E-18
   540.353936417      0.613764678578E-18
   546.637121725      0.381381339078E-18
   552.920307032      0.228474996882E-18
   559.203492339      0.134431498333E-18
   565.486677646      0.765397735326E-19
   571.769862953      0.408473699867E-19
   578.053048261      0.228108787558E-19
   584.336233568      0.126941776154E-19
   590.619418875      0.672113020939E-20
   596.902604182      0.348182982535E-20
   603.185789489      0.176251948994E-20
   609.468974796      0.917626653845E-21
   615.752160104      0.488144872884E-21
   622.035345411      0.247481766145E-21
   628.318530718      0.123301704321E-21
   634.601716025      0.597230416496E-22
   640.884901332      0.301237974631E-22
   647.168086639      0.155117766728E-22
   653.451271947      0.800083240690E-23
   659.734457254      0.405988803141E-23
   666.017642561      0.195747287686E-23
   672.300827868      0.922160808200E-24
   678.584013175      0.475165479154E-24
   684.867198483      0.244267565634E-24
   691.150383790      0.122687502347E-24
   697.433569097      0.602999297367E-25
   703.716754404      0.293873516318E-25
   709.999939711      0.128983065048E-25
   716.283125018      0.650952938293E-26
   722.566310326      0.350691662577E-26
   728.849495633      0.150137032831E-26
   735.132680940      0.779576415708E-27
   741.415866247      0.283214472239E-27
   747.699051554      0.131356694289E-27
   753.982236862      0.520041322496E-28
   760.265422169      0.235312153143E-28
   766.548607476      0.643171715591E-29
   772.831792783      0.178307830640E-29
   779.114978090      0.237313590863E-30
   785.398163397      0.333436895059E-31
   791.681348705      0.991287323745E-35
   797.964534012      0.100888905487E-34
   804.247719319      0.123062896405E-34
   810.530904626      0.764518860973E-35
   816.814089933      0.639268724202E-35
   823.097275241      0.568382146142E-35
   829.380460548      0.510527629663E-35
   835.663645855      0.473308232466E-35
   841.946831162      0.413958031353E-35
   848.230016469      0.379918242312E-35
   854.513201776      0.359661730049E-35
   860.796387084      0.300433218454E-35
   867.079572391      0.269193200095E-35
   873.362757698      0.259299648189E-35
   879.645943005      0.242548537705E-35
   885.929128312      0.227393660792E-35
   892.212313620      0.189881228897E-35
   898.495498927      0.192049062896E-35
   904.778684234      0.180871197262E-35
   911.061869541      0.156933152412E-35
   917.345054848      0.150416336103E-35
   923.628240155      0.140260368444E-35
   929.911425463      0.135364782238E-35
   936.194610770      0.132917816780E-35
   942.477796077      0.128791047470E-35
   948.760981384      0.126047540978E-35
   955.044166691      0.120857277499E-35
   961.327351998      0.122222369495E-35
   967.610537306      0.116186351142E-35
   973.893722613      0.113185206781E-35
   980.176907920      0.110982763177E-35
   986.460093227      0.107530128707E-35
   992.743278534      0.111261661620E-35
   999.026463842      0.103153139412E-35
   1005.30964915      0.103566768354E-35
   1011.59283446      0.932738873652E-36
   1017.87601976      0.950002246197E-36
   1024.15920507      0.904566972997E-36
   1030.44239038      0.827689630759E-36
   1036.72557568      0.897938046478E-36
   1043.00876099      0.802522198515E-36
   1049.29194630      0.822791927821E-36
   1055.57513161      0.764212309888E-36
   1061.85831691      0.710446814151E-36
   1068.14150222      0.749725975927E-36
   1074.42468753      0.647019437994E-36
   1080.70787283      0.643393055325E-36
   1086.99105814      0.639082458198E-36
   1093.27424345      0.576897809274E-36
   1099.55742876      0.591427914386E-36
   1105.84061406      0.513293475171E-36
   1112.12379937      0.556564776962E-36
   1118.40698468      0.468717962109E-36
   1124.69016999      0.478044206220E-36
   1130.97335529      0.405911327134E-36
   1137.25654060      0.353038225294E-36
   1143.53972591      0.320077152353E-36
   1149.82291121      0.279863380921E-36
   1156.10609652      0.262439397436E-36
   1162.38928183      0.245034752987E-36
   1168.67246714      0.230403262347E-36
   1174.95565244      0.211048821975E-36
   1181.23883775      0.202884686754E-36
   1187.52202306      0.185317264906E-36
   1193.80520836      0.173233903189E-36
   1200.08839367      0.159008201467E-36
   1206.37157898      0.150814583383E-36
   1212.65476429      0.136062411041E-36
   1218.93794959      0.128503846566E-36
   1225.22113490      0.119600096897E-36
   1231.50432021      0.111876725782E-36
   1237.78750551      0.983313845213E-37
   1244.07069082      0.951407746054E-37
   1250.35387613      0.916344768033E-37
   1256.63706144      0.811629867996E-37
   1262.92024674      0.717848679099E-37
   1269.20343205      0.709813435168E-37
   1275.48661736      0.603195216238E-37
   1281.76980266      0.547235984782E-37
   1288.05298797      0.495999665506E-37
   1294.33617328      0.481964968447E-37
   1300.61935859      0.407008877514E-37
   1306.90254389      0.350963635583E-37
   1313.18572920      0.324856909591E-37
   1319.46891451      0.324207324455E-37
   1325.75209981      0.280695935044E-37
   1332.03528512      0.226256314750E-37
   1338.31847043      0.178945726840E-37
   1344.60165574      0.185525940102E-37
   1350.88484104      0.150519712296E-37
   1357.16802635      0.112967984861E-37
   1363.45121166      0.638917274307E-38
   1369.73439697      0.694816782363E-38
   1376.01758227      0.532009281817E-38
   1382.30076758      0.244236116948E-38
   1388.58395289      0.321831896023E-39
   1394.86713819      0.122941275057E-39
   6.28318530718      0.377132523954E-40
   12.5663706144      0.527107840311E-03
   18.8495559215      0.353690474661E-03
   25.1327412287      0.287817555757E-03
   31.4159265359      0.266246978214E-03
   37.6991118431      0.242052448846E-03
   43.9822971503      0.144639389708E-03
   50.2654824574      0.100528395110E-03
   56.5486677646      0.586625144452E-04
   62.8318530718      0.352513561485E-04
   69.1150383790      0.241239444688E-04
   75.3982236862      0.169420607006E-04
   81.6814089933      0.124125267645E-04
   87.9645943005      0.828357864176E-05
   94.2477796077      0.618519402351E-05
   100.530964915      0.405264598466E-05
   106.814150222      0.309120549298E-05
   113.097335529      0.229734552017E-05
   119.380520836      0.178074054365E-05
   125.663706144      0.121883093569E-05
   131.946891451      0.943089544746E-06
   138.230076758      0.692493586905E-06
   144.513262065      0.497533072096E-06
   150.796447372      0.380531172911E-06
   157.079632679      0.279876476876E-06
   163.362817987      0.209859522062E-06
   169.646003294      0.144758081812E-06
   175.929188601      0.109007288150E-06
   182.212373908      0.734726560059E-07
   188.495559215      0.542328812890E-07
   194.778744523      0.339799148814E-07
   201.061929830      0.254797539406E-07
   207.345115137      0.159278947270E-07
   213.628300444      0.112213059979E-07
   219.911485751      0.719069815573E-08
   226.194671058      0.475129818923E-08
   232.477856366      0.308661391873E-08
   238.761041673      0.201574785186E-08
   245.044226980      0.132952607303E-08
   251.327412287      0.870851055532E-09
   257.610597594      0.561076985257E-09
   263.893782902      0.370267236302E-09
   270.176968209      0.233190709560E-09
   276.460153516      0.158002743050E-09
   282.743338823      0.100334577092E-09
   289.026524130      0.639832006659E-10
   295.309709437      0.429877668995E-10
   301.592894745      0.287613813904E-10
   307.876080052      0.184071070151E-10
   314.159265359      0.118695287844E-10
   320.442450666      0.781739242612E-11
   326.725635973      0.517715406455E-11
   333.008821281      0.331612137722E-11
   339.292006588      0.219653367822E-11
   345.575191895      0.142165458213E-11
   351.858377202      0.948477153708E-12
   358.141562509      0.604796283845E-12
   364.424747816      0.409105730865E-12
   370.707933124      0.261626654434E-12
   376.991118431      0.172326809252E-12
   383.274303738      0.113589720312E-12
   389.557489045      0.732634029690E-13
   395.840674352      0.492589827245E-13
   402.123859659      0.316451796017E-13
   408.407044967      0.208217314400E-13
   414.690230274      0.138308915601E-13
   420.973415581      0.870559953484E-14
   427.256600888      0.588518059062E-14
   433.539786195      0.383158331444E-14
   439.822971503      0.252091796895E-14
   446.106156810      0.161289399133E-14
   452.389342117      0.106014585859E-14
   458.672527424      0.707603532599E-15
   464.955712731      0.462352029560E-15
   471.238898038      0.299977608897E-15
   477.522083346      0.193957540215E-15
   483.805268653      0.127286050333E-15
   490.088453960      0.837455950010E-16
   496.371639267      0.538474717439E-16
   502.654824574      0.354438221289E-16
   508.938009882      0.232975215492E-16
   515.221195189      0.154771822812E-16
   521.504380496      0.994766433061E-17
   527.787565803      0.641175814451E-17
   534.070751110      0.424218845260E-17
   540.353936417      0.276312664079E-17
   546.637121725      0.178787539521E-17
   552.920307032      0.110789653288E-17
   559.203492339      0.683544056793E-18
   565.486677646      0.410792578706E-18
   571.769862953      0.230520981645E-18
   578.053048261      0.134732904297E-18
   584.336233568      0.788810294705E-19
   590.619418875      0.443794341184E-19
   596.902604182      0.246190746951E-19
   603.185789489      0.131291015701E-19
   609.468974796      0.719264908611E-20
   615.752160104      0.403527015770E-20
   622.035345411      0.215877429592E-20
   628.318530718      0.112950059777E-20
   634.601716025      0.577494584814E-21
   640.884901332      0.305309569401E-21
   647.168086639      0.165155557310E-21
   653.451271947      0.885239198887E-22
   659.734457254      0.464902429083E-22
   666.017642561      0.231694557586E-22
   672.300827868      0.114663414006E-22
   678.584013175      0.631177284495E-23
   684.867198483      0.340106024058E-23
   691.150383790      0.175225918600E-23
   697.433569097      0.865451052560E-24
   703.716754404      0.448362704327E-24
   709.999939711      0.215901390649E-24
   716.283125018      0.115808035710E-24
   722.566310326      0.634837896505E-25
   728.849495633      0.285529288484E-25
   735.132680940      0.145901723318E-25
   741.415866247      0.582082571540E-26
   747.699051554      0.295039657215E-26
   753.982236862      0.119095690047E-26
   760.265422169      0.440833875924E-27
   766.548607476      0.102039898298E-27
   772.831792783      0.328152886007E-28
   779.114978090      0.140440786533E-28
   785.398163397      0.580112993349E-29
   791.681348705      0.117169946658E-29
   797.964534012      0.290425380298E-30
   804.247719319      0.175247025962E-31
   810.530904626      0.784801410654E-35
   816.814089933      0.639511235256E-35
   823.097275241      0.568760763658E-35
   829.380460548      0.515650049757E-35
   835.663645855      0.480645803547E-35
   841.946831162      0.413050278082E-35
   848.230016469      0.381495103356E-35
   854.513201776      0.359485493732E-35
   860.796387084      0.301599709632E-35
   867.079572391      0.273255269114E-35
   873.362757698      0.257541704005E-35
   879.645943005      0.240900448021E-35
   885.929128312      0.226608978846E-35
   892.212313620      0.188870490416E-35
   898.495498927      0.192272666010E-35
   904.778684234      0.176228989937E-35
   911.061869541      0.157852218765E-35
   917.345054848      0.147838242338E-35
   923.628240155      0.137835823476E-35
   929.911425463      0.135775246201E-35
   936.194610770      0.130043083382E-35
   942.477796077      0.128995479918E-35
   948.760981384      0.125871451805E-35
   955.044166691      0.120034860587E-35
   961.327351998      0.121917002853E-35
   967.610537306      0.117727501749E-35
   973.893722613      0.114116522660E-35
   980.176907920      0.112455825260E-35
   986.460093227      0.107202637379E-35
   992.743278534      0.107175454804E-35
   999.026463842      0.101356142720E-35
   1005.30964915      0.105244183461E-35
   1011.59283446      0.925622660008E-36
   1017.87601976      0.937412964470E-36
   1024.15920507      0.903562165818E-36
   1030.44239038      0.828376896207E-36
   1036.72557568      0.898556419550E-36
   1043.00876099      0.793646000811E-36
   1049.29194630      0.797740543989E-36
   1055.57513161      0.771045818595E-36
   1061.85831691      0.717482142572E-36
   1068.14150222      0.764991377271E-36
   1074.42468753      0.671811466029E-36
   1080.70787283      0.665525363137E-36
   1086.99105814      0.659505492849E-36
   1093.27424345      0.593723634370E-36
   1099.55742876      0.581861372567E-36
   1105.84061406      0.512608666368E-36
   1112.12379937      0.539339499858E-36
   1118.40698468      0.456270330893E-36
   1124.69016999      0.447754405661E-36
   1130.97335529      0.394036443850E-36
   1137.25654060      0.343943010702E-36
   1143.53972591      0.313837013160E-36
   1149.82291121      0.279602634009E-36
   1156.10609652      0.261597383530E-36
   1162.38928183      0.240911354756E-36
   1168.67246714      0.228470885928E-36
   1174.95565244      0.206606113779E-36
   1181.23883775      0.196683229206E-36
   1187.52202306      0.180813670048E-36
   1193.80520836      0.169592500964E-36
   1200.08839367      0.158387628206E-36
   1206.37157898      0.151401442650E-36
   1212.65476429      0.135695740990E-36
   1218.93794959      0.127377249936E-36
   1225.22113490      0.120799309043E-36
   1231.50432021      0.112793800349E-36
   1237.78750551      0.101444098179E-36
   1244.07069082      0.960006377082E-37
   1250.35387613      0.892651791047E-37
   1256.63706144      0.823584680511E-37
   1262.92024674      0.731082081123E-37
   1269.20343205      0.702147740166E-37
   1275.48661736      0.621487003718E-37
   1281.76980266      0.577488534356E-37
   1288.05298797      0.497610850041E-37
   1294.33617328      0.479102009430E-37
   1300.61935859      0.410958792531E-37
   1306.90254389      0.350080752103E-37
   1313.18572920      0.308389314759E-37
   1319.46891451      0.310087590842E-37
   1325.75209981      0.254682379507E-37
   1332.03528512      0.214433876670E-37
   1338.31847043      0.169995117598E-37
   1344.60165574      0.195552722174E-37
   1350.88484104      0.143333321645E-37
   1357.16802635      0.998795933672E-38
   1363.45121166      0.506162866987E-38
   1369.73439697      0.619722904997E-38
   1376.01758227      0.401940859140E-38
   1382.30076758      0.184535850858E-38
   1388.58395289      0.515262613864E-39
   1394.86713819      0.586635100090E-40
   6.28318530718      0.334460220580E-40
   12.5663706144      0.494882668158E-03
   18.8495559215      0.346351494425E-03
   25.1327412287      0.275635152351E-03
   31.4159265359      0.262346556260E-03
   37.6991118431      0.248205035432E-03
   43.9822971503      0.146417170080E-03
   50.2654824574      0.105137212147E-03
   56.5486677646      0.631617381856E-04
   62.8318530718      0.385474076280E-04
   69.1150383790      0.260624701818E-04
   75.3982236862      0.187712091764E-04
   81.6814089933      0.135495703849E-04
   87.9645943005      0.928511941231E-05
   94.2477796077      0.700639803224E-05
   100.530964915      0.452870635798E-05
   106.814150222      0.360788174565E-05
   113.097335529      0.266464600461E-05
   119.380520836      0.208563988182E-05
   125.663706144      0.143015256266E-05
   131.946891451      0.110233204701E-05
   138.230076758      0.821196829061E-06
   144.513262065      0.593187151142E-06
   150.796447372      0.456464563446E-06
   157.079632679      0.341281990784E-06
   163.362817987      0.260345246897E-06
   169.646003294      0.180452466749E-06
   175.929188601      0.137669483546E-06
   182.212373908      0.946637836366E-07
   188.495559215      0.696207085233E-07
   194.778744523      0.447928878575E-07
   201.061929830      0.339317720905E-07
   207.345115137      0.216761353724E-07
   213.628300444      0.154269453236E-07
   219.911485751      0.102233677128E-07
   226.194671058      0.685311299729E-08
   232.477856366      0.453404930378E-08
   238.761041673      0.303007979460E-08
   245.044226980      0.204075227360E-08
   251.327412287      0.137228337223E-08
   257.610597594      0.895492349001E-09
   263.893782902      0.611834866617E-09
   270.176968209      0.389401143327E-09
   276.460153516      0.271951782701E-09
   282.743338823      0.176486825249E-09
   289.026524130      0.114456580197E-09
   295.309709437      0.786776846460E-10
   301.592894745      0.537734296733E-10
   307.876080052      0.354083088885E-10
   314.159265359      0.230660225763E-10
   320.442450666      0.155643939586E-10
   326.725635973      0.105412036388E-10
   333.008821281      0.684459401632E-11
   339.292006588      0.465779071435E-11
   345.575191895      0.306076993026E-11
   351.858377202      0.208242258862E-11
   358.141562509      0.136331307875E-11
   364.424747816      0.926845253297E-12
   370.707933124      0.613841719106E-12
   376.991118431      0.406287991269E-12
   383.274303738      0.275368962149E-12
   389.557489045      0.180748037847E-12
   395.840674352      0.123217311354E-12
   402.123859659      0.813355000441E-13
   408.407044967      0.539828176914E-13
   414.690230274      0.367324017042E-13
   420.973415581      0.235625772935E-13
   427.256600888      0.161070981852E-13
   433.539786195      0.107644167862E-13
   439.822971503      0.717138979984E-14
   446.106156810      0.470088524173E-14
   452.389342117      0.313093416552E-14
   458.672527424      0.212243097934E-14
   464.955712731      0.141559984544E-14
   471.238898038      0.929995841939E-15
   477.522083346      0.615401607183E-15
   483.805268653      0.408550659105E-15
   490.088453960      0.274775973983E-15
   496.371639267      0.179887634816E-15
   502.654824574      0.120020212992E-15
   508.938009882      0.803105791498E-16
   515.221195189      0.542427302176E-16
   521.504380496      0.354959373734E-16
   527.787565803      0.232320167754E-16
   534.070751110      0.156174929416E-16
   540.353936417      0.103812494018E-16
   546.637121725      0.686094571840E-17
   552.920307032      0.437015862927E-17
   559.203492339      0.279155733071E-17
   565.486677646      0.175464543121E-17
   571.769862953      0.103010666820E-17
   578.053048261      0.625857963675E-18
   584.336233568      0.381557991567E-18
   590.619418875      0.225514127415E-18
   596.902604182      0.132852062984E-18
   603.185789489      0.745172336976E-19
   609.468974796      0.426798084445E-19
   615.752160104      0.250216714347E-19
   622.035345411      0.141182250380E-19
   628.318530718      0.779722110813E-20
   634.601716025      0.420381083853E-20
   640.884901332      0.232593812734E-20
   647.168086639      0.130841431884E-20
   653.451271947      0.730597128033E-21
   659.734457254      0.400425183881E-21
   666.017642561      0.207845655103E-21
   672.300827868      0.107694506130E-21
   678.584013175      0.617865429832E-22
   684.867198483      0.346085411820E-22
   691.150383790      0.183860287496E-22
   697.433569097      0.925300333471E-23
   703.716754404      0.504730452962E-23
   709.999939711      0.259494753696E-23
   716.283125018      0.145039513130E-23
   722.566310326      0.795057285910E-24
   728.849495633      0.373614112012E-24
   735.132680940      0.191994777921E-24
   741.415866247      0.847233248247E-25
   747.699051554      0.457066370429E-25
   753.982236862      0.192255636057E-25
   760.265422169      0.659369868572E-26
   766.548607476      0.170823181985E-26
   772.831792783      0.435212181672E-27
   779.114978090      0.140289469870E-27
   785.398163397      0.532851987821E-28
   791.681348705      0.219443599043E-28
   797.964534012      0.112727702172E-28
   804.247719319      0.450120244897E-29
   810.530904626      0.116636402393E-29
   816.814089933      0.106257954045E-30
   823.097275241      0.892037468096E-32
   829.380460548      0.514584847188E-35
   835.663645855      0.482509591091E-35
   841.946831162      0.413145772312E-35
   848.230016469      0.382714178778E-35
   854.513201776      0.357790736701E-35
   860.796387084      0.299914818484E-35
   867.079572391      0.269912548556E-35
   873.362757698      0.256213772321E-35
   879.645943005      0.235941606666E-35
   885.929128312      0.224486452412E-35
   892.212313620      0.182112549621E-35
   898.495498927      0.191547197262E-35
   904.778684234      0.175031127173E-35
   911.061869541      0.157160779715E-35
   917.345054848      0.149487684794E-35
   923.628240155      0.137555900728E-35
   929.911425463      0.135478120638E-35
   936.194610770      0.133297668726E-35
   942.477796077      0.128930433214E-35
   948.760981384      0.126792636163E-35
   955.044166691      0.117905777296E-35
   961.327351998      0.122092714344E-35
   967.610537306      0.116638954610E-35
   973.893722613      0.112466986233E-35
   980.176907920      0.112015672600E-35
   986.460093227      0.106999536013E-35
   992.743278534      0.106974728381E-35
   999.026463842      0.998669703100E-36
   1005.30964915      0.104488725614E-35
   1011.59283446      0.945491310114E-36
   1017.87601976      0.922752573823E-36
   1024.15920507      0.884927087520E-36
   1030.44239038      0.827637302812E-36
   1036.72557568      0.865262138876E-36
   1043.00876099      0.800361784011E-36
   1049.29194630      0.799131673300E-36
   1055.57513161      0.763752397471E-36
   1061.85831691      0.746218850538E-36
   1068.14150222      0.744811901419E-36
   1074.42468753      0.662464560522E-36
   1080.70787283      0.661368203662E-36
   1086.99105814      0.635527715058E-36
   1093.27424345      0.580952141074E-36
   1099.55742876      0.601783652203E-36
   1105.84061406      0.514560867155E-36
   1112.12379937      0.571814415590E-36
   1118.40698468      0.452363326089E-36
   1124.69016999      0.474535279247E-36
   1130.97335529      0.396202462724E-36
   1137.25654060      0.348553723442E-36
   1143.53972591      0.309058270346E-36
   1149.82291121      0.276939423116E-36
   1156.10609652      0.256870014528E-36
   1162.38928183      0.241037547348E-36
   1168.67246714      0.223921698587E-36
   1174.95565244      0.205876768287E-36
   1181.23883775      0.194984078664E-36
   1187.52202306      0.178269977057E-36
   1193.80520836      0.168339844610E-36
   1200.08839367      0.155071844490E-36
   1206.37157898      0.146408358159E-36
   1212.65476429      0.133733231445E-36
   1218.93794959      0.124182339871E-36
   1225.22113490      0.120894555795E-36
   1231.50432021      0.109959024927E-36
   1237.78750551      0.986606153694E-37
   1244.07069082      0.903088772655E-37
   1250.35387613      0.866377860157E-37
   1256.63706144      0.808058799995E-37
   1262.92024674      0.730520821987E-37
   1269.20343205      0.700989542462E-37
   1275.48661736      0.614056917712E-37
   1281.76980266      0.578890957456E-37
   1288.05298797      0.510189879576E-37
   1294.33617328      0.481999955650E-37
   1300.61935859      0.418452673103E-37
   1306.90254389      0.352672711215E-37
   1313.18572920      0.324189000030E-37
   1319.46891451      0.320691284020E-37
   1325.75209981      0.266679424936E-37
   1332.03528512      0.217510188606E-37
   1338.31847043      0.161784560289E-37
   1344.60165574      0.169974392795E-37
   1350.88484104      0.153062663376E-37
   1357.16802635      0.994889007269E-38
   1363.45121166      0.578380610935E-38
   1369.73439697      0.615685302884E-38
   1376.01758227      0.389884836556E-38
   1382.30076758      0.177245951915E-38
   1388.58395289      0.225945049723E-39
   1394.86713819      0.986843398607E-40
   6.28318530718      0.195710247474E-39
   12.5663706144      0.464463138780E-03
   18.8495559215      0.339757143579E-03
   25.1327412287      0.263712393054E-03
   31.4159265359      0.257474854162E-03
   37.6991118431      0.253672427065E-03
   43.9822971503      0.146194585275E-03
   50.2654824574      0.108488185371E-03
   56.5486677646      0.678856859380E-04
   62.8318530718      0.424275863267E-04
   69.1150383790      0.286683020276E-04
   75.3982236862      0.205241977233E-04
   81.6814089933      0.146617779524E-04
   87.9645943005      0.103336742417E-04
   94.2477796077      0.780430285844E-05
   100.530964915      0.504429128796E-05
   106.814150222      0.414072840359E-05
   113.097335529      0.305831228715E-05
   119.380520836      0.238503574349E-05
   125.663706144      0.166880716270E-05
   131.946891451      0.126690630190E-05
   138.230076758      0.959257347409E-06
   144.513262065      0.696071386697E-06
   150.796447372      0.540474179138E-06
   157.079632679      0.408509985102E-06
   163.362817987      0.318636042432E-06
   169.646003294      0.220403276180E-06
   175.929188601      0.172810079304E-06
   182.212373908      0.119413536488E-06
   188.495559215      0.885201465162E-07
   194.778744523      0.579106330610E-07
   201.061929830      0.442909553670E-07
   207.345115137      0.290786528948E-07
   213.628300444      0.205623661460E-07
   219.911485751      0.143044645929E-07
   226.194671058      0.960108124123E-08
   232.477856366      0.652753286562E-08
   238.761041673      0.441312683493E-08
   245.044226980      0.304839035534E-08
   251.327412287      0.209003253825E-08
   257.610597594      0.137997562836E-08
   263.893782902      0.973773075428E-09
   270.176968209      0.625276572040E-09
   276.460153516      0.447567262738E-09
   282.743338823      0.296182914358E-09
   289.026524130      0.195733705114E-09
   295.309709437      0.136481510554E-09
   301.592894745      0.949550267598E-10
   307.876080052      0.641816921454E-10
   314.159265359      0.422859928154E-10
   320.442450666      0.289794827492E-10
   326.725635973      0.200566515338E-10
   333.008821281      0.131753678062E-10
   339.292006588      0.915833953047E-11
   345.575191895      0.610494243045E-11
   351.858377202      0.421860277466E-11
   358.141562509      0.282731016784E-11
   364.424747816      0.192480092897E-11
   370.707933124      0.132110756829E-11
   376.991118431      0.874042255013E-12
   383.274303738      0.605916677838E-12
   389.557489045      0.404255104428E-12
   395.840674352      0.278825063179E-12
   402.123859659      0.188214402656E-12
   408.407044967      0.125671921733E-12
   414.690230274      0.873614670077E-13
   420.973415581      0.569831119159E-13
   427.256600888      0.393065589152E-13
   433.539786195      0.268172360028E-13
   439.822971503      0.180605779590E-13
   446.106156810      0.121039233686E-13
   452.389342117      0.815625845391E-14
   458.672527424      0.558215594831E-14
   464.955712731      0.379310635582E-14
   471.238898038      0.251855182122E-14
   477.522083346      0.170134097514E-14
   483.805268653      0.113801982619E-14
   490.088453960      0.780134504327E-15
   496.371639267      0.519093333594E-15
   502.654824574      0.350267507283E-15
   508.938009882      0.238154325850E-15
   515.221195189      0.162585523378E-15
   521.504380496      0.108268725062E-15
   527.787565803      0.718501443779E-16
   534.070751110      0.488884622342E-16
   540.353936417      0.330802635622E-16
   546.637121725      0.221645743491E-16
   552.920307032      0.144448361097E-16
   559.203492339      0.946060199123E-17
   565.486677646      0.616592742615E-17
   571.769862953      0.376581876177E-17
   578.053048261      0.236419540986E-17
   584.336233568      0.149006738177E-17
   590.619418875      0.916076340005E-18
   596.902604182      0.566510632720E-18
   603.185789489      0.332752374277E-18
   609.468974796      0.198451392237E-18
   615.752160104      0.120682562081E-18
   622.035345411      0.712366595318E-19
   628.318530718      0.414498258450E-19
   634.601716025      0.234902674277E-19
   640.884901332      0.135772104559E-19
   647.168086639      0.789951657485E-20
   653.451271947      0.459461009305E-20
   659.734457254      0.263224968557E-20
   666.017642561      0.142830725804E-20
   672.300827868      0.774093824459E-21
   678.584013175      0.456880870013E-21
   684.867198483      0.264682323689E-21
   691.150383790      0.145801402188E-21
   697.433569097      0.755205032982E-22
   703.716754404      0.429788784396E-22
   709.999939711      0.231227388111E-22
   716.283125018      0.133097541520E-22
   722.566310326      0.732917051627E-23
   728.849495633      0.357367964899E-23
   735.132680940      0.189337899303E-23
   741.415866247      0.897283461167E-24
   747.699051554      0.504225668555E-24
   753.982236862      0.215736012871E-24
   760.265422169      0.746172473150E-25
   766.548607476      0.230884808971E-25
   772.831792783      0.661938009248E-26
   779.114978090      0.193925660581E-26
   785.398163397      0.645924547557E-27
   791.681348705      0.208884862555E-27
   797.964534012      0.832074451016E-28
   804.247719319      0.402458313687E-28
   810.530904626      0.192727527485E-28
   816.814089933      0.968162451294E-29
   823.097275241      0.401172883534E-29
   829.380460548      0.616640813729E-30
   835.663645855      0.668000222047E-31
   841.946831162      0.137927682468E-32
   848.230016469      0.377909696224E-35
   854.513201776      0.353098247318E-35
   860.796387084      0.301291041552E-35
   867.079572391      0.267932669794E-35
   873.362757698      0.258565807465E-35
   879.645943005      0.236060953786E-35
   885.929128312      0.227525144374E-35
   892.212313620      0.181665930160E-35
   898.495498927      0.189170064279E-35
   904.778684234      0.172159053018E-35
   911.061869541      0.154158428890E-35
   917.345054848      0.146866554475E-35
   923.628240155      0.136197293260E-35
   929.911425463      0.135549710006E-35
   936.194610770      0.130859563145E-35
   942.477796077      0.126428515242E-35
   948.760981384      0.126645286330E-35
   955.044166691      0.120973701924E-35
   961.327351998      0.121439652216E-35
   967.610537306      0.114084338196E-35
   973.893722613      0.112814210056E-35
   980.176907920      0.110199027863E-35
   986.460093227      0.104960842065E-35
   992.743278534      0.105445676859E-35
   999.026463842      0.991452606704E-36
   1005.30964915      0.102318395683E-35
   1011.59283446      0.946872334866E-36
   1017.87601976      0.930228227001E-36
   1024.15920507      0.881467691799E-36
   1030.44239038      0.825403899117E-36
   1036.72557568      0.876711200367E-36
   1043.00876099      0.781239024301E-36
   1049.29194630      0.782935755342E-36
   1055.57513161      0.757660449629E-36
   1061.85831691      0.722679039778E-36
   1068.14150222      0.762557627369E-36
   1074.42468753      0.638348342527E-36
   1080.70787283      0.661965062154E-36
   1086.99105814      0.613586295859E-36
   1093.27424345      0.566503102171E-36
   1099.55742876      0.578903641457E-36
   1105.84061406      0.516036748416E-36
   1112.12379937      0.547641636009E-36
   1118.40698468      0.459973170370E-36
   1124.69016999      0.474615566846E-36
   1130.97335529      0.395569486463E-36
   1137.25654060      0.341687316647E-36
   1143.53972591      0.306981884091E-36
   1149.82291121      0.274192731666E-36
   1156.10609652      0.259126843793E-36
   1162.38928183      0.239852930098E-36
   1168.67246714      0.225065566286E-36
   1174.95565244      0.208719947055E-36
   1181.23883775      0.196396518659E-36
   1187.52202306      0.182672189090E-36
   1193.80520836      0.168410109462E-36
   1200.08839367      0.155690210301E-36
   1206.37157898      0.148260357907E-36
   1212.65476429      0.134633165078E-36
   1218.93794959      0.124623898123E-36
   1225.22113490      0.119659232247E-36
   1231.50432021      0.109379619113E-36
   1237.78750551      0.983888232945E-37
   1244.07069082      0.935822885485E-37
   1250.35387613      0.888180415581E-37
   1256.63706144      0.808910686540E-37
   1262.92024674      0.726164703515E-37
   1269.20343205      0.695793876654E-37
   1275.48661736      0.601968993766E-37
   1281.76980266      0.573918951379E-37
   1288.05298797      0.511995168485E-37
   1294.33617328      0.489120597960E-37
   1300.61935859      0.408821073528E-37
   1306.90254389      0.362641100079E-37
   1313.18572920      0.317950945607E-37
   1319.46891451      0.330015914677E-37
   1325.75209981      0.275202177052E-37
   1332.03528512      0.218924808724E-37
   1338.31847043      0.171355680234E-37
   1344.60165574      0.187427829292E-37
   1350.88484104      0.147898405588E-37
   1357.16802635      0.106909405918E-37
   1363.45121166      0.555147477280E-38
   1369.73439697      0.662225603457E-38
   1376.01758227      0.445891091252E-38
   1382.30076758      0.159445888765E-38
   1388.58395289      0.353443580067E-39
   1394.86713819      0.867151198769E-40
   6.28318530718      0.958384517316E-40
   12.5663706144      0.435785451247E-03
   18.8495559215      0.333812614324E-03
   25.1327412287      0.252129388601E-03
   31.4159265359      0.252108333497E-03
   37.6991118431      0.258189501479E-03
   43.9822971503      0.144464130573E-03
   50.2654824574      0.110298170928E-03
   56.5486677646      0.723463532954E-04
   62.8318530718      0.468676854433E-04
   69.1150383790      0.319646870313E-04
   75.3982236862      0.223378242259E-04
   81.6814089933      0.157680155127E-04
   87.9645943005      0.114732880896E-04
   94.2477796077      0.857721086422E-05
   100.530964915      0.566970190348E-05
   106.814150222      0.465471013872E-05
   113.097335529      0.346929454666E-05
   119.380520836      0.264520381456E-05
   125.663706144      0.193876773937E-05
   131.946891451      0.143035777478E-05
   138.230076758      0.111193543762E-05
   144.513262065      0.803809823805E-06
   150.796447372      0.633487187831E-06
   157.079632679      0.481720618908E-06
   163.362817987      0.381469167582E-06
   169.646003294      0.264815555108E-06
   175.929188601      0.213303505931E-06
   182.212373908      0.147341565109E-06
   188.495559215      0.111139814022E-06
   194.778744523      0.733424188871E-07
   201.061929830      0.568655054198E-07
   207.345115137      0.383031462279E-07
   213.628300444      0.268864455037E-07
   219.911485751      0.195812929468E-07
   226.194671058      0.131128052322E-07
   232.477856366      0.918156186717E-08
   238.761041673      0.621583080252E-08
   245.044226980      0.442261651812E-08
   251.327412287      0.305762364325E-08
   257.610597594      0.205357890237E-08
   263.893782902      0.148137131032E-08
   270.176968209      0.965526710283E-09
   276.460153516      0.700948512775E-09
   282.743338823      0.473121723115E-09
   289.026524130      0.318530283115E-09
   295.309709437      0.224100377402E-09
   301.592894745      0.158405260129E-09
   307.876080052      0.109151966670E-09
   314.159265359      0.731546466215E-10
   320.442450666      0.504588917608E-10
   326.725635973      0.356867506360E-10
   333.008821281      0.236682604469E-10
   339.292006588      0.167315795386E-10
   345.575191895      0.113005741424E-10
   351.858377202      0.791718541657E-11
   358.141562509      0.541033073125E-11
   364.424747816      0.368540528494E-11
   370.707933124      0.261531249704E-11
   376.991118431      0.172963165564E-11
   383.274303738      0.121957368153E-11
   389.557489045      0.825179555078E-12
   395.840674352      0.576438718352E-12
   402.123859659      0.395569300012E-12
   408.407044967      0.265637913923E-12
   414.690230274      0.188104815676E-12
   420.973415581      0.124476755772E-12
   427.256600888      0.865796789731E-13
   433.539786195      0.600558644472E-13
   439.822971503      0.408407039810E-13
   446.106156810      0.278868045630E-13
   452.389342117      0.190239225106E-13
   458.672527424      0.131014243385E-13
   464.955712731      0.904445072042E-14
   471.238898038      0.606004140253E-14
   477.522083346      0.417036008481E-14
   483.805268653      0.280365471190E-14
   490.088453960      0.195321776765E-14
   496.371639267      0.131784928386E-14
   502.654824574      0.899178826534E-15
   508.938009882      0.619382536796E-15
   515.221195189      0.425965393451E-15
   521.504380496      0.288453468042E-15
   527.787565803      0.193735698211E-15
   534.070751110      0.133170830704E-15
   540.353936417      0.914170909265E-16
   546.637121725      0.618864330568E-16
   552.920307032      0.411188367276E-16
   559.203492339      0.274157367027E-16
   565.486677646      0.183882300386E-16
   571.769862953      0.116088710589E-16
   578.053048261      0.749236152079E-17
   584.336233568      0.485607470120E-17
   590.619418875      0.308144633757E-17
   596.902604182      0.197829152718E-17
   603.185789489      0.121053028856E-17
   609.468974796      0.748114023874E-18
   615.752160104      0.469771297827E-18
   622.035345411      0.287317942719E-18
   628.318530718      0.175138611137E-18
   634.601716025      0.103671178454E-18
   640.884901332      0.624051139525E-19
   647.168086639      0.374203177337E-19
   653.451271947      0.225943100711E-19
   659.734457254      0.134821441984E-19
   666.017642561      0.764511553396E-20
   672.300827868      0.433471018808E-20
   678.584013175      0.261468788597E-20
   684.867198483      0.156086634953E-20
   691.150383790      0.892895200399E-21
   697.433569097      0.478968708466E-21
   703.716754404      0.281845176208E-21
   709.999939711      0.157320287750E-21
   716.283125018      0.923784400395E-22
   722.566310326      0.516360777681E-22
   728.849495633      0.260307900805E-22
   735.132680940      0.143619766322E-22
   741.415866247      0.714188574952E-23
   747.699051554      0.411704850565E-23
   753.982236862      0.177707578859E-23
   760.265422169      0.654952929982E-24
   766.548607476      0.228927795382E-24
   772.831792783      0.772196416194E-25
   779.114978090      0.245495839811E-25
   785.398163397      0.854874696326E-26
   791.681348705      0.288616119030E-26
   797.964534012      0.934746210966E-27
   804.247719319      0.331316153411E-27
   810.530904626      0.121595638059E-27
   816.814089933      0.590536386281E-28
   823.097275241      0.325967004939E-28
   829.380460548      0.175475758825E-28
   835.663645855      0.935004552554E-29
   841.946831162      0.336264226635E-29
   848.230016469      0.655198052452E-30
   854.513201776      0.525740498203E-31
   860.796387084      0.144639924346E-32
   867.079572391      0.269612456103E-35
   873.362757698      0.258304652366E-35
   879.645943005      0.235736580163E-35
   885.929128312      0.221048728367E-35
   892.212313620      0.181924401075E-35
   898.495498927      0.189199345771E-35
   904.778684234      0.174199006094E-35
   911.061869541      0.153690702476E-35
   917.345054848      0.147165173733E-35
   923.628240155      0.137045933444E-35
   929.911425463      0.132468022714E-35
   936.194610770      0.127377685332E-35
   942.477796077      0.125782657522E-35
   948.760981384      0.122782437680E-35
   955.044166691      0.116582404770E-35
   961.327351998      0.120147991287E-35
   967.610537306      0.114891539852E-35
   973.893722613      0.111397721245E-35
   980.176907920      0.109625858553E-35
   986.460093227      0.104106223408E-35
   992.743278534      0.104031863857E-35
   999.026463842      0.102625242936E-35
   1005.30964915      0.102806470994E-35
   1011.59283446      0.925288425039E-36
   1017.87601976      0.932894515579E-36
   1024.15920507      0.891013585565E-36
   1030.44239038      0.807737862034E-36
   1036.72557568      0.874809389911E-36
   1043.00876099      0.781169654933E-36
   1049.29194630      0.788896122210E-36
   1055.57513161      0.761445527616E-36
   1061.85831691      0.702629733080E-36
   1068.14150222      0.741384244188E-36
   1074.42468753      0.645165435606E-36
   1080.70787283      0.649417006277E-36
   1086.99105814      0.614514701276E-36
   1093.27424345      0.573213964816E-36
   1099.55742876      0.567925624989E-36
   1105.84061406      0.502985330737E-36
   1112.12379937      0.530042848805E-36
   1118.40698468      0.451371502888E-36
   1124.69016999      0.469433265229E-36
   1130.97335529      0.397593518698E-36
   1137.25654060      0.339840217345E-36
   1143.53972591      0.300440117386E-36
   1149.82291121      0.271963859868E-36
   1156.10609652      0.253554878958E-36
   1162.38928183      0.237145522304E-36
   1168.67246714      0.221774732155E-36
   1174.95565244      0.204245847923E-36
   1181.23883775      0.193582816072E-36
   1187.52202306      0.176047392745E-36
   1193.80520836      0.166789200129E-36
   1200.08839367      0.155506985961E-36
   1206.37157898      0.146597217371E-36
   1212.65476429      0.132974024210E-36
   1218.93794959      0.122827301498E-36
   1225.22113490      0.117587368267E-36
   1231.50432021      0.108286030205E-36
   1237.78750551      0.960905252816E-37
   1244.07069082      0.921886861344E-37
   1250.35387613      0.869436314215E-37
   1256.63706144      0.785960422307E-37
   1262.92024674      0.717561951091E-37
   1269.20343205      0.685550692274E-37
   1275.48661736      0.592203668772E-37
   1281.76980266      0.558229081898E-37
   1288.05298797      0.485447285225E-37
   1294.33617328      0.483350394938E-37
   1300.61935859      0.416892332811E-37
   1306.90254389      0.344791848396E-37
   1313.18572920      0.315157750217E-37
   1319.46891451      0.310847234084E-37
   1325.75209981      0.265696091200E-37
   1332.03528512      0.207861618491E-37
   1338.31847043      0.154944525169E-37
   1344.60165574      0.172264204338E-37
   1350.88484104      0.142799011245E-37
   1357.16802635      0.100906933977E-37
   1363.45121166      0.541703742770E-38
   1369.73439697      0.623115441711E-38
   1376.01758227      0.374344817850E-38
   1382.30076758      0.159410495497E-38
   1388.58395289      0.278896010528E-39
   1394.86713819      0.935014272372E-40
   6.28318530718      0.317178916044E-39
   12.5663706144      0.408782923178E-03
   18.8495559215      0.328385337590E-03
   25.1327412287      0.240967233634E-03
   31.4159265359      0.246645233702E-03
   37.6991118431      0.261302922556E-03
   43.9822971503      0.141859002787E-03
   50.2654824574      0.110588266902E-03
   56.5486677646      0.760659268493E-04
   62.8318530718      0.517813290371E-04
   69.1150383790      0.357702415664E-04
   75.3982236862      0.243795789404E-04
   81.6814089933      0.169526927520E-04
   87.9645943005      0.127035791070E-04
   94.2477796077      0.936493884571E-05
   100.530964915      0.642996023782E-05
   106.814150222      0.516105390249E-05
   113.097335529      0.387788196755E-05
   119.380520836      0.286630904643E-05
   125.663706144      0.222718292214E-05
   131.946891451      0.159309881160E-05
   138.230076758      0.127631523214E-05
   144.513262065      0.915023484750E-06
   150.796447372      0.734048483078E-06
   157.079632679      0.561595046546E-06
   163.362817987      0.447610882434E-06
   169.646003294      0.314800655500E-06
   175.929188601      0.257583646201E-06
   182.212373908      0.177834310501E-06
   188.495559215      0.137004713823E-06
   194.778744523      0.910586587289E-07
   201.061929830      0.717146166002E-07
   207.345115137      0.494142839028E-07
   213.628300444      0.348240099876E-07
   219.911485751      0.261261675978E-07
   226.194671058      0.175778465485E-07
   232.477856366      0.125957441979E-07
   238.761041673      0.852041454537E-08
   245.044226980      0.622961297284E-08
   251.327412287      0.430666169083E-08
   257.610597594      0.295738470375E-08
   263.893782902      0.215357738497E-08
   270.176968209      0.143545821032E-08
   276.460153516      0.104651689036E-08
   282.743338823      0.721819479698E-09
   289.026524130      0.492442854881E-09
   295.309709437      0.349660382582E-09
   301.592894745      0.250395964913E-09
   307.876080052      0.174767585061E-09
   314.159265359      0.119647243614E-09
   320.442450666      0.826385532465E-10
   326.725635973      0.596327342167E-10
   333.008821281      0.398494025178E-10
   339.292006588      0.285926433540E-10
   345.575191895      0.195212968506E-10
   351.858377202      0.138570060422E-10
   358.141562509      0.961413090745E-11
   364.424747816      0.656523823236E-11
   370.707933124      0.478931487309E-11
   376.991118431      0.317669671572E-11
   383.274303738      0.226872503753E-11
   389.557489045      0.155146834787E-11
   395.840674352      0.110019946741E-11
   402.123859659      0.763183409707E-12
   408.407044967      0.516299323217E-12
   414.690230274      0.371057529152E-12
   420.973415581      0.248704215741E-12
   427.256600888      0.174321187604E-12
   433.539786195      0.122617041985E-12
   439.822971503      0.841077897716E-13
   446.106156810      0.583160030762E-13
   452.389342117      0.402898999140E-13
   458.672527424      0.279013265256E-13
   464.955712731      0.195188454274E-13
   471.238898038      0.131744601519E-13
   477.522083346      0.921916874359E-14
   483.805268653      0.622246491971E-14
   490.088453960      0.439411804165E-14
   496.371639267      0.299676562916E-14
   502.654824574      0.207005167618E-14
   508.938009882      0.143920882256E-14
   515.221195189      0.995848816421E-15
   521.504380496      0.685158884399E-15
   527.787565803      0.464849656600E-15
   534.070751110      0.322506954669E-15
   540.353936417      0.223869589794E-15
   546.637121725      0.152894973567E-15
   552.920307032      0.103266063291E-15
   559.203492339      0.697477976944E-16
   565.486677646      0.478501928672E-16
   571.769862953      0.310165362830E-16
   578.053048261      0.204803679714E-16
   584.336233568      0.135976793791E-16
   590.619418875      0.885276945314E-17
   596.902604182      0.584556318479E-17
   603.185789489      0.370646668667E-17
   609.468974796      0.236105720503E-17
   615.752160104      0.152584613894E-17
   622.035345411      0.959074016599E-18
   628.318530718      0.608459157914E-18
   634.601716025      0.373276253655E-18
   640.884901332      0.233081654675E-18
   647.168086639      0.143531083138E-18
   653.451271947      0.895399104295E-19
   659.734457254      0.552975260005E-19
   666.017642561      0.326378981664E-19
   672.300827868      0.193425562272E-19
   678.584013175      0.118813652925E-19
   684.867198483      0.729041791090E-20
   691.150383790      0.431627612552E-20
   697.433569097      0.240580549021E-20
   703.716754404      0.145258337635E-20
   709.999939711      0.839449772265E-21
   716.283125018      0.499418115824E-21
   722.566310326      0.285799972847E-21
   728.849495633      0.148710059010E-21
   735.132680940      0.854104677605E-22
   741.415866247      0.439701024883E-22
   747.699051554      0.257545779561E-22
   753.982236862      0.112847824936E-22
   760.265422169      0.455435979096E-23
   766.548607476      0.173246738966E-23
   772.831792783      0.663660092663E-24
   779.114978090      0.236818894942E-24
   785.398163397      0.869100730370E-25
   791.681348705      0.339355976615E-25
   797.964534012      0.116374171232E-25
   804.247719319      0.405737712603E-26
   810.530904626      0.137598364694E-26
   816.814089933      0.462948284021E-27
   823.097275241      0.161471989756E-27
   829.380460548      0.726806238031E-28
   835.663645855      0.444328532123E-28
   841.946831162      0.279767751696E-28
   848.230016469      0.195538055731E-28
   854.513201776      0.937472671395E-29
   860.796387084      0.305140506254E-29
   867.079572391      0.680759977645E-30
   873.362757698      0.612156329921E-31
   879.645943005      0.471955679404E-32
   885.929128312      0.224659960216E-35
   892.212313620      0.182863985618E-35
   898.495498927      0.186008316100E-35
   904.778684234      0.170642797357E-35
   911.061869541      0.151522878445E-35
   917.345054848      0.143988601120E-35
   923.628240155      0.134513147536E-35
   929.911425463      0.134086088003E-35
   936.194610770      0.127100961549E-35
   942.477796077      0.124826814529E-35
   948.760981384      0.122574676745E-35
   955.044166691      0.118023958411E-35
   961.327351998      0.119357390689E-35
   967.610537306      0.113982073070E-35
   973.893722613      0.111899924581E-35
   980.176907920      0.107476133278E-35
   986.460093227      0.104605925816E-35
   992.743278534      0.105076489179E-35
   999.026463842      0.100033174600E-35
   1005.30964915      0.100261634766E-35
   1011.59283446      0.913828436681E-36
   1017.87601976      0.936602046618E-36
   1024.15920507      0.912765744242E-36
   1030.44239038      0.816646644879E-36
   1036.72557568      0.871099695643E-36
   1043.00876099      0.769156309205E-36
   1049.29194630      0.778378599562E-36
   1055.57513161      0.734982451805E-36
   1061.85831691      0.702568260399E-36
   1068.14150222      0.731470958521E-36
   1074.42468753      0.633146624492E-36
   1080.70787283      0.652289038154E-36
   1086.99105814      0.611126648214E-36
   1093.27424345      0.580832152374E-36
   1099.55742876      0.585146244718E-36
   1105.84061406      0.503557918693E-36
   1112.12379937      0.527289955483E-36
   1118.40698468      0.446589143825E-36
   1124.69016999      0.480106547990E-36
   1130.97335529      0.388940340608E-36
   1137.25654060      0.336843169707E-36
   1143.53972591      0.302782882317E-36
   1149.82291121      0.274151343146E-36
   1156.10609652      0.254398454583E-36
   1162.38928183      0.236665700495E-36
   1168.67246714      0.221402802227E-36
   1174.95565244      0.205791710238E-36
   1181.23883775      0.194487929209E-36
   1187.52202306      0.179231568183E-36
   1193.80520836      0.167164504150E-36
   1200.08839367      0.154124869279E-36
   1206.37157898      0.148759318433E-36
   1212.65476429      0.134280863125E-36
   1218.93794959      0.124549572713E-36
   1225.22113490      0.119279245581E-36
   1231.50432021      0.109932412779E-36
   1237.78750551      0.974235872413E-37
   1244.07069082      0.907278527965E-37
   1250.35387613      0.863433575734E-37
   1256.63706144      0.798422144390E-37
   1262.92024674      0.717459290176E-37
   1269.20343205      0.678849984629E-37
   1275.48661736      0.588118516713E-37
   1281.76980266      0.534890542545E-37
   1288.05298797      0.488452131543E-37
   1294.33617328      0.461162875731E-37
   1300.61935859      0.417044253969E-37
   1306.90254389      0.341251708289E-37
   1313.18572920      0.315183920731E-37
   1319.46891451      0.316632390777E-37
   1325.75209981      0.268622278721E-37
   1332.03528512      0.219367397427E-37
   1338.31847043      0.152614870332E-37
   1344.60165574      0.168290482828E-37
   1350.88484104      0.130680360710E-37
   1357.16802635      0.949451482192E-38
   1363.45121166      0.502533320903E-38
   1369.73439697      0.645306280332E-38
   1376.01758227      0.397841213676E-38
   1382.30076758      0.144827180493E-38
   1388.58395289      0.263339885904E-39
   1394.86713819      0.149577324487E-39
   6.28318530718      0.846401105311E-40
   12.5663706144      0.383388576179E-03
   18.8495559215      0.323317875123E-03
   25.1327412287      0.230315589259E-03
   31.4159265359      0.241391333621E-03
   37.6991118431      0.262451235946E-03
   43.9822971503      0.138997905228E-03
   50.2654824574      0.109695499269E-03
   56.5486677646      0.787441789345E-04
   62.8318530718      0.569925011606E-04
   69.1150383790      0.397451373299E-04
   75.3982236862      0.267676503253E-04
   81.6814089933      0.183765513156E-04
   87.9645943005      0.139697828698E-04
   94.2477796077      0.102333936732E-04
   100.530964915      0.728335974335E-05
   106.814150222      0.569156972346E-05
   113.097335529      0.426737880791E-05
   119.380520836      0.309961557402E-05
   125.663706144      0.251175969981E-05
   131.946891451      0.176993418048E-05
   138.230076758      0.143474302743E-05
   144.513262065      0.103129369086E-05
   150.796447372      0.835463499391E-06
   157.079632679      0.649253739718E-06
   163.362817987      0.516522087588E-06
   169.646003294      0.370973398347E-06
   175.929188601      0.304752296873E-06
   182.212373908      0.210426321214E-06
   188.495559215      0.165828788209E-06
   194.778744523      0.111092510982E-06
   201.061929830      0.888834695274E-07
   207.345115137      0.623156772776E-07
   213.628300444      0.447584678997E-07
   219.911485751      0.338504589872E-07
   226.194671058      0.232089691290E-07
   232.477856366      0.168364735044E-07
   238.761041673      0.114539760783E-07
   245.044226980      0.852945241636E-08
   251.327412287      0.588866907623E-08
   257.610597594      0.413401218078E-08
   263.893782902      0.301575003022E-08
   270.176968209      0.205890910844E-08
   276.460153516      0.150102427400E-08
   282.743338823      0.105716423576E-08
   289.026524130      0.725305898134E-09
   295.309709437      0.520887314550E-09
   301.592894745      0.376980819062E-09
   307.876080052      0.265307231412E-09
   314.159265359      0.185575869664E-09
   320.442450666      0.128240550158E-09
   326.725635973      0.941017166273E-10
   333.008821281      0.632934310156E-10
   339.292006588      0.460618658909E-10
   345.575191895      0.317210580934E-10
   351.858377202      0.227753093331E-10
   358.141562509      0.159850952053E-10
   364.424747816      0.109829535478E-10
   370.707933124      0.817106850950E-11
   376.991118431      0.545760257830E-11
   383.274303738      0.393765737902E-11
   389.557489045      0.271301270457E-11
   395.840674352      0.195549914887E-11
   402.123859659      0.136560630576E-11
   408.407044967      0.933203333535E-12
   414.690230274      0.677773451084E-12
   420.973415581      0.459794845008E-12
   427.256600888      0.324457949449E-12
   433.539786195      0.231131482872E-12
   439.822971503      0.159623221848E-12
   446.106156810      0.112138845321E-12
   452.389342117      0.784224597647E-13
   458.672527424      0.546461360064E-13
   464.955712731      0.386679589455E-13
   471.238898038      0.262575777493E-13
   477.522083346      0.186502768405E-13
   483.805268653      0.126354262937E-13
   490.088453960      0.902742865389E-14
   496.371639267      0.620184089494E-14
   502.654824574      0.434316732300E-14
   508.938009882      0.303649633440E-14
   515.221195189      0.211469479110E-14
   521.504380496      0.147591867683E-14
   527.787565803      0.101004401155E-14
   534.070751110      0.706839283303E-15
   540.353936417      0.494984565948E-15
   546.637121725      0.340812510024E-15
   552.920307032      0.233453448905E-15
   559.203492339      0.159229500993E-15
   565.486677646      0.111216973783E-15
   571.769862953      0.735836016674E-16
   578.053048261      0.494628876139E-16
   584.336233568      0.335392866328E-16
   590.619418875      0.222917213171E-16
   596.902604182      0.150387975827E-16
   603.185789489      0.982182474693E-17
   609.468974796      0.641900370014E-17
   615.752160104      0.425447711211E-17
   622.035345411      0.273192468473E-17
   628.318530718      0.179219321259E-17
   634.601716025      0.113122139202E-17
   640.884901332      0.729550277385E-18
   647.168086639      0.459674363843E-18
   653.451271947      0.294852244708E-18
   659.734457254      0.187178333030E-18
   666.017642561      0.114301419830E-18
   672.300827868      0.705782241028E-19
   678.584013175      0.440399568426E-19
   684.867198483      0.277251219639E-19
   691.150383790      0.168902521015E-19
   697.433569097      0.978383135811E-20
   703.716754404      0.602805515450E-20
   709.999939711      0.360125557364E-20
   716.283125018      0.216407006139E-20
   722.566310326      0.127326176835E-20
   728.849495633      0.682858294396E-21
   735.132680940      0.406486282716E-21
   741.415866247      0.215155048697E-21
   747.699051554      0.127390070024E-21
   753.982236862      0.573172722811E-22
   760.265422169      0.253982932267E-22
   766.548607476      0.103701381510E-22
   772.831792783      0.434655230626E-23
   779.114978090      0.173950001285E-23
   785.398163397      0.676601476601E-24
   791.681348705      0.293889080318E-24
   797.964534012      0.110786805237E-24
   804.247719319      0.411560714627E-25
   810.530904626      0.154164015181E-25
   816.814089933      0.561735113856E-26
   823.097275241      0.184415814631E-26
   829.380460548      0.644470145365E-27
   835.663645855      0.263518550643E-27
   841.946831162      0.104706547674E-27
   848.230016469      0.577795474705E-28
   854.513201776      0.359756663423E-28
   860.796387084      0.231879117815E-28
   867.079572391      0.154285228484E-28
   873.362757698      0.102566682826E-28
   879.645943005      0.423799240027E-29
   885.929128312      0.622263328402E-30
   892.212313620      0.114019065100E-30
   898.495498927      0.676376178145E-32
   904.778684234      0.168566510195E-35
   911.061869541      0.151501338381E-35
   917.345054848      0.141180908548E-35
   923.628240155      0.136448989868E-35
   929.911425463      0.134672130880E-35
   936.194610770      0.129277798919E-35
   942.477796077      0.127800847230E-35
   948.760981384      0.124878199206E-35
   955.044166691      0.118803551647E-35
   961.327351998      0.118297050536E-35
   967.610537306      0.114112162614E-35
   973.893722613      0.111755856466E-35
   980.176907920      0.108244606122E-35
   986.460093227      0.103632511907E-35
   992.743278534      0.104715725741E-35
   999.026463842      0.978767219810E-36
   1005.30964915      0.100904731411E-35
   1011.59283446      0.900722670418E-36
   1017.87601976      0.898308964975E-36
   1024.15920507      0.878424269584E-36
   1030.44239038      0.800759229332E-36
   1036.72557568      0.850415907540E-36
   1043.00876099      0.759025957457E-36
   1049.29194630      0.765255168201E-36
   1055.57513161      0.749728956599E-36
   1061.85831691      0.685688063754E-36
   1068.14150222      0.741106157025E-36
   1074.42468753      0.634667053543E-36
   1080.70787283      0.662838160871E-36
   1086.99105814      0.612800213837E-36
   1093.27424345      0.568493817225E-36
   1099.55742876      0.576695894285E-36
   1105.84061406      0.505347223820E-36
   1112.12379937      0.550048238374E-36
   1118.40698468      0.460224096958E-36
   1124.69016999      0.468451550289E-36
   1130.97335529      0.393110941459E-36
   1137.25654060      0.342690160993E-36
   1143.53972591      0.303976014655E-36
   1149.82291121      0.274677316951E-36
   1156.10609652      0.258122924858E-36
   1162.38928183      0.237158235263E-36
   1168.67246714      0.222405315725E-36
   1174.95565244      0.201953157746E-36
   1181.23883775      0.193742409289E-36
   1187.52202306      0.178578434555E-36
   1193.80520836      0.166573038306E-36
   1200.08839367      0.155045087832E-36
   1206.37157898      0.146142768166E-36
   1212.65476429      0.130468116355E-36
   1218.93794959      0.124778905943E-36
   1225.22113490      0.117433613522E-36
   1231.50432021      0.109953586123E-36
   1237.78750551      0.985142159759E-37
   1244.07069082      0.937567108828E-37
   1250.35387613      0.873411357862E-37
   1256.63706144      0.792300692021E-37
   1262.92024674      0.734921687414E-37
   1269.20343205      0.693927990403E-37
   1275.48661736      0.604830048651E-37
   1281.76980266      0.568608841945E-37
   1288.05298797      0.486268287056E-37
   1294.33617328      0.487785319187E-37
   1300.61935859      0.430640535159E-37
   1306.90254389      0.364208326883E-37
   1313.18572920      0.304854233727E-37
   1319.46891451      0.311372358016E-37
   1325.75209981      0.261481592639E-37
   1332.03528512      0.213862791154E-37
   1338.31847043      0.161162087497E-37
   1344.60165574      0.177671052765E-37
   1350.88484104      0.143274948462E-37
   1357.16802635      0.963984325770E-38
   1363.45121166      0.505075136651E-38
   1369.73439697      0.634317909923E-38
   1376.01758227      0.409159747151E-38
   1382.30076758      0.178206016900E-38
   1388.58395289      0.346025938470E-39
   1394.86713819      0.727536648346E-40
   6.28318530718      0.182108123899E-40
   12.5663706144      0.359536413955E-03
   18.8495559215      0.318444793274E-03
   25.1327412287      0.220276690558E-03
   31.4159265359      0.236569187093E-03
   37.6991118431      0.261102821834E-03
   43.9822971503      0.136351048329E-03
   50.2654824574      0.108194268178E-03
   56.5486677646      0.803438625369E-04
   62.8318530718      0.622287637626E-04
   69.1150383790      0.435032888986E-04
   75.3982236862      0.295144135628E-04
   81.6814089933      0.202197535755E-04
   87.9645943005      0.152086304350E-04
   94.2477796077      0.112423362096E-04
   100.530964915      0.815242302616E-05
   106.814150222      0.624596696137E-05
   113.097335529      0.464341066570E-05
   119.380520836      0.341428031331E-05
   125.663706144      0.277845137271E-05
   131.946891451      0.197835901055E-05
   138.230076758      0.156975676002E-05
   144.513262065      0.115673347271E-05
   150.796447372      0.933252044232E-06
   157.079632679      0.745077153766E-06
   163.362817987      0.585768116817E-06
   169.646003294      0.431406952362E-06
   175.929188601      0.353870588736E-06
   182.212373908      0.245589908201E-06
   188.495559215      0.197767586434E-06
   194.778744523      0.133806528710E-06
   201.061929830      0.108621966939E-06
   207.345115137      0.769090656142E-07
   213.628300444      0.568933142725E-07
   219.911485751      0.425952458619E-07
   226.194671058      0.301512094095E-07
   232.477856366      0.219357889562E-07
   238.761041673      0.151217495844E-07
   245.044226980      0.113717889155E-07
   251.327412287      0.788063838429E-08
   257.610597594      0.562626675461E-08
   263.893782902      0.411601062836E-08
   270.176968209      0.285957048927E-08
   276.460153516      0.208786717759E-08
   282.743338823      0.149406585313E-08
   289.026524130      0.102684870787E-08
   295.309709437      0.744829216132E-09
   301.592894745      0.544801177761E-09
   307.876080052      0.384650576401E-09
   314.159265359      0.274498685610E-09
   320.442450666      0.189754025798E-09
   326.725635973      0.141213246170E-09
   333.008821281      0.955636836698E-10
   339.292006588      0.704623591952E-10
   345.575191895      0.488764259657E-10
   351.858377202      0.353916464559E-10
   358.141562509      0.250761969033E-10
   364.424747816      0.173936207871E-10
   370.707933124      0.130881335581E-10
   376.991118431      0.883099446055E-11
   383.274303738      0.642846379137E-11
   389.557489045      0.445374236380E-11
   395.840674352      0.326028080003E-11
   402.123859659      0.228728767930E-11
   408.407044967      0.158225158114E-11
   414.690230274      0.115749087015E-11
   420.973415581      0.794167022906E-12
   427.256600888      0.563699807382E-12
   433.539786195      0.406342200301E-12
   439.822971503      0.281905582826E-12
   446.106156810      0.200461370677E-12
   452.389342117      0.141728111260E-12
   458.672527424      0.994552888435E-13
   464.955712731      0.710655662224E-13
   471.238898038      0.485368473476E-13
   477.522083346      0.349357632329E-13
   483.805268653      0.237620370946E-13
   490.088453960      0.171488324514E-13
   496.371639267      0.118399294789E-13
   502.654824574      0.840657262030E-14
   508.938009882      0.589504272768E-14
   515.221195189      0.413763854369E-14
   521.504380496      0.292246350977E-14
   527.787565803      0.201468967484E-14
   534.070751110      0.142162785700E-14
   540.353936417      0.100300523598E-14
   546.637121725      0.695868928460E-15
   552.920307032      0.482592871259E-15
   559.203492339      0.331824768063E-15
   565.486677646      0.235088962253E-15
   571.769862953      0.158137856757E-15
   578.053048261      0.107696791955E-15
   584.336233568      0.743826238823E-16
   590.619418875      0.502220939657E-16
   596.902604182      0.344921485243E-16
   603.185789489      0.230506613065E-16
   609.468974796      0.153932116501E-16
   615.752160104      0.104260516465E-16
   622.035345411      0.681030800665E-17
   628.318530718      0.459185700342E-17
   634.601716025      0.296540896584E-17
   640.884901332      0.196530442215E-17
   647.168086639      0.126352339545E-17
   653.451271947      0.829575973172E-18
   659.734457254      0.538174707029E-18
   666.017642561      0.337943939840E-18
   672.300827868      0.216152812144E-18
   678.584013175      0.136846654097E-18
   684.867198483      0.881413986414E-19
   691.150383790      0.549930934312E-19
   697.433569097      0.329993790310E-19
   703.716754404      0.206914418923E-19
   709.999939711      0.127299008798E-19
   716.283125018      0.772918240335E-20
   722.566310326      0.467599039131E-20
   728.849495633      0.258069413826E-20
   735.132680940      0.158365611322E-20
   741.415866247      0.859021997399E-21
   747.699051554      0.512951249131E-21
   753.982236862      0.239611926837E-21
   760.265422169      0.115202411846E-21
   766.548607476      0.502726006650E-22
   772.831792783      0.225238690839E-22
   779.114978090      0.994270316962E-23
   785.398163397      0.416333347255E-23
   791.681348705      0.193051790271E-23
   797.964534012      0.796763857519E-24
   804.247719319      0.320593943115E-24
   810.530904626      0.129705899024E-24
   816.814089933      0.526363078382E-25
   823.097275241      0.191500299965E-25
   829.380460548      0.712637302258E-26
   835.663645855      0.287309220778E-26
   841.946831162      0.110263973806E-26
   848.230016469      0.410449830464E-27
   854.513201776      0.161622442020E-27
   860.796387084      0.763678304875E-28
   867.079572391      0.371842711397E-28
   873.362757698      0.287233149063E-28
   879.645943005      0.201540982531E-28
   885.929128312      0.118738134196E-28
   892.212313620      0.571445255987E-29
   898.495498927      0.519077335400E-29
   904.778684234      0.110350968637E-29
   911.061869541      0.106052793952E-30
   917.345054848      0.604231234960E-32
   923.628240155      0.681407948941E-33
   929.911425463      0.132646106819E-35
   936.194610770      0.129500919647E-35
   942.477796077      0.124327568141E-35
   948.760981384      0.122101746752E-35
   955.044166691      0.116929288715E-35
   961.327351998      0.117923312458E-35
   967.610537306      0.112267329084E-35
   973.893722613      0.111107905224E-35
   980.176907920      0.109910484107E-35
   986.460093227      0.102955076701E-35
   992.743278534      0.104181891995E-35
   999.026463842      0.990868445325E-36
   1005.30964915      0.994863233275E-36
   1011.59283446      0.901351615052E-36
   1017.87601976      0.908497478523E-36
   1024.15920507      0.887320311928E-36
   1030.44239038      0.793550052923E-36
   1036.72557568      0.839606275874E-36
   1043.00876099      0.777062419987E-36
   1049.29194630      0.762062312720E-36
   1055.57513161      0.743062311298E-36
   1061.85831691      0.701474613997E-36
   1068.14150222      0.718099585318E-36
   1074.42468753      0.631628806878E-36
   1080.70787283      0.662319131961E-36
   1086.99105814      0.604962184898E-36
   1093.27424345      0.560733225227E-36
   1099.55742876      0.592554018967E-36
   1105.84061406      0.501212193961E-36
   1112.12379937      0.554376455581E-36
   1118.40698468      0.446826042099E-36
   1124.69016999      0.473591959561E-36
   1130.97335529      0.390086519825E-36
   1137.25654060      0.336332285840E-36
   1143.53972591      0.302858263137E-36
   1149.82291121      0.270080189468E-36
   1156.10609652      0.253587951723E-36
   1162.38928183      0.233767195417E-36
   1168.67246714      0.218217620546E-36
   1174.95565244      0.202190805395E-36
   1181.23883775      0.194885973594E-36
   1187.52202306      0.177633553141E-36
   1193.80520836      0.165520536401E-36
   1200.08839367      0.153565443432E-36
   1206.37157898      0.146945938989E-36
   1212.65476429      0.132398785229E-36
   1218.93794959      0.123358317615E-36
   1225.22113490      0.116964480679E-36
   1231.50432021      0.107130082586E-36
   1237.78750551      0.984908505307E-37
   1244.07069082      0.913581674383E-37
   1250.35387613      0.874229040008E-37
   1256.63706144      0.799443916131E-37
   1262.92024674      0.698328227795E-37
   1269.20343205      0.699075701184E-37
   1275.48661736      0.614400293236E-37
   1281.76980266      0.560135812706E-37
   1288.05298797      0.482190607806E-37
   1294.33617328      0.485214093094E-37
   1300.61935859      0.410330326078E-37
   1306.90254389      0.361401239354E-37
   1313.18572920      0.312653899325E-37
   1319.46891451      0.308934052811E-37
   1325.75209981      0.264659615941E-37
   1332.03528512      0.208429247200E-37
   1338.31847043      0.161055708887E-37
   1344.60165574      0.173885155536E-37
   1350.88484104      0.137900477755E-37
   1357.16802635      0.945162805933E-38
   1363.45121166      0.549114003398E-38
   1369.73439697      0.647260201738E-38
   1376.01758227      0.415488202283E-38
   1382.30076758      0.183437046074E-38
   1388.58395289      0.377997710901E-39
   1394.86713819      0.483444426962E-40
   6.28318530718      0.926045876672E-40
   12.5663706144      0.337160945423E-03
   18.8495559215      0.313611480301E-03
   25.1327412287      0.210966446898E-03
   31.4159265359      0.232335734337E-03
   37.6991118431      0.256911367586E-03
   43.9822971503      0.134160651605E-03
   50.2654824574      0.106746766723E-03
   56.5486677646      0.810640014009E-04
   62.8318530718      0.671473245466E-04
   69.1150383790      0.467615925700E-04
   75.3982236862      0.325187776935E-04
   81.6814089933      0.225776571812E-04
   87.9645943005      0.164095523810E-04
   94.2477796077      0.124176185654E-04
   100.530964915      0.896586770829E-05
   106.814150222      0.678022981781E-05
   113.097335529      0.503793020079E-05
   119.380520836      0.384261154485E-05
   125.663706144      0.302520026194E-05
   131.946891451      0.222447038249E-05
   138.230076758      0.168191660234E-05
   144.513262065      0.129738594572E-05
   150.796447372      0.103294227365E-05
   157.079632679      0.846627761938E-06
   163.362817987      0.652019313969E-06
   169.646003294      0.492124745187E-06
   175.929188601      0.403975594760E-06
   182.212373908      0.284800046428E-06
   188.495559215      0.232612525180E-06
   194.778744523      0.159645087063E-06
   201.061929830      0.131107067138E-06
   207.345115137      0.933294209526E-07
   213.628300444      0.712381885846E-07
   219.911485751      0.524218162035E-07
   226.194671058      0.383610208536E-07
   232.477856366      0.279546657233E-07
   238.761041673      0.195336097540E-07
   245.044226980      0.148204969445E-07
   251.327412287      0.103725810020E-07
   257.610597594      0.747733608978E-08
   263.893782902      0.551881208998E-08
   270.176968209      0.386239285294E-08
   276.460153516      0.283212429146E-08
   282.743338823      0.204946296327E-08
   289.026524130      0.141392015208E-08
   295.309709437      0.102941189907E-08
   301.592894745      0.761982201932E-09
   307.876080052      0.536583673114E-09
   314.159265359      0.390423935930E-09
   320.442450666      0.269701688772E-09
   326.725635973      0.203141765607E-09
   333.008821281      0.138294853073E-09
   339.292006588      0.102980412015E-09
   345.575191895      0.719188629896E-10
   351.858377202      0.523945236461E-10
   358.141562509      0.374279762874E-10
   364.424747816      0.262616253366E-10
   370.707933124      0.198249409401E-10
   376.991118431      0.135492093669E-10
   383.274303738      0.994463904580E-11
   389.557489045      0.692290223727E-11
   395.840674352      0.513316984092E-11
   402.123859659      0.361567402011E-11
   408.407044967      0.253264006833E-11
   414.690230274      0.186435549627E-11
   420.973415581      0.129153104799E-11
   427.256600888      0.921788019235E-12
   433.539786195      0.671370796309E-12
   439.822971503      0.467187896824E-12
   446.106156810      0.336064151150E-12
   452.389342117      0.239759547405E-12
   458.672527424      0.169560532360E-12
   464.955712731      0.122115711266E-12
   471.238898038      0.839229813857E-13
   477.522083346      0.611418616829E-13
   483.805268653      0.417655144504E-13
   490.088453960      0.303786835801E-13
   496.371639267      0.210835305829E-13
   502.654824574      0.151416310478E-13
   508.938009882      0.106435898676E-13
   515.221195189      0.753817632796E-14
   521.504380496      0.537456244914E-14
   527.787565803      0.372697558876E-14
   534.070751110      0.265224195239E-14
   540.353936417      0.188285124196E-14
   546.637121725      0.131595887665E-14
   552.920307032      0.922655285549E-15
   559.203492339      0.639174004413E-15
   565.486677646      0.457807536047E-15
   571.769862953      0.312451040214E-15
   578.053048261      0.214786622502E-15
   584.336233568      0.150721159937E-15
   590.619418875      0.102877318216E-15
   596.902604182      0.718018382909E-16
   603.185789489      0.488166022935E-16
   609.468974796      0.331715013870E-16
   615.752160104      0.228868160438E-16
   622.035345411      0.151591068577E-16
   628.318530718      0.104476505048E-16
   634.601716025      0.687804562786E-17
   640.884901332      0.465649738244E-17
   647.168086639      0.305014668897E-17
   653.451271947      0.204185948031E-17
   659.734457254      0.134795108168E-17
   666.017642561      0.866027592752E-18
   672.300827868      0.569333705980E-18
   678.584013175      0.365910850147E-18
   684.867198483      0.239964932059E-18
   691.150383790      0.153020023133E-18
   697.433569097      0.945597353842E-19
   703.716754404      0.603365522163E-19
   709.999939711      0.380002170108E-19
   716.283125018      0.233670902623E-19
   722.566310326      0.144981551440E-19
   728.849495633      0.822374596665E-20
   735.132680940      0.517299892732E-20
   741.415866247      0.287239183154E-20
   747.699051554      0.172841799423E-20
   753.982236862      0.844747255542E-21
   760.265422169      0.433653226139E-21
   766.548607476      0.201505726004E-21
   772.831792783      0.954752651062E-22
   779.114978090      0.455227547769E-22
   785.398163397      0.206837981682E-22
   791.681348705      0.100094768624E-22
   797.964534012      0.447231398817E-23
   804.247719319      0.196238874724E-23
   810.530904626      0.838569594665E-24
   816.814089933      0.370592148765E-24
   823.097275241      0.148353648365E-24
   829.380460548      0.598699128175E-25
   835.663645855      0.251987919456E-25
   841.946831162      0.108543419292E-25
   848.230016469      0.417280159776E-26
   854.513201776      0.160737762915E-26
   860.796387084      0.634745547587E-27
   867.079572391      0.260033481129E-27
   873.362757698      0.115349603320E-27
   879.645943005      0.588298623222E-28
   885.929128312      0.291623182618E-28
   892.212313620      0.123350865029E-28
   898.495498927      0.146624013354E-28
   904.778684234      0.816857429367E-29
   911.061869541      0.442163125317E-29
   917.345054848      0.107675437004E-29
   923.628240155      0.933044731383E-30
   929.911425463      0.661714987066E-31
   936.194610770      0.125188004930E-35
   942.477796077      0.122630696187E-35
   948.760981384      0.119239078551E-35
   955.044166691      0.115656975703E-35
   961.327351998      0.115754442005E-35
   967.610537306      0.111658517461E-35
   973.893722613      0.108254563268E-35
   980.176907920      0.106846086295E-35
   986.460093227      0.102468934017E-35
   992.743278534      0.102343513154E-35
   999.026463842      0.992073685528E-36
   1005.30964915      0.100663748431E-35
   1011.59283446      0.895647795620E-36
   1017.87601976      0.907122083967E-36
   1024.15920507      0.870850871680E-36
   1030.44239038      0.802087834488E-36
   1036.72557568      0.840335247766E-36
   1043.00876099      0.778669408238E-36
   1049.29194630      0.758159134025E-36
   1055.57513161      0.742921668667E-36
   1061.85831691      0.709779757541E-36
   1068.14150222      0.738473110088E-36
   1074.42468753      0.624417366869E-36
   1080.70787283      0.663248010950E-36
   1086.99105814      0.615157502848E-36
   1093.27424345      0.558655428633E-36
   1099.55742876      0.568634820350E-36
   1105.84061406      0.490513834955E-36
   1112.12379937      0.544691564664E-36
   1118.40698468      0.447774319848E-36
   1124.69016999      0.460853670804E-36
   1130.97335529      0.381295775493E-36
   1137.25654060      0.333747103545E-36
   1143.53972591      0.298645196957E-36
   1149.82291121      0.266671216770E-36
   1156.10609652      0.251225446059E-36
   1162.38928183      0.234827333929E-36
   1168.67246714      0.215635312795E-36
   1174.95565244      0.203279107348E-36
   1181.23883775      0.194267451018E-36
   1187.52202306      0.176015982042E-36
   1193.80520836      0.163648622503E-36
   1200.08839367      0.151100451362E-36
   1206.37157898      0.144271999021E-36
   1212.65476429      0.130526665052E-36
   1218.93794959      0.121083901247E-36
   1225.22113490      0.115168392842E-36
   1231.50432021      0.106403088635E-36
   1237.78750551      0.979867850527E-37
   1244.07069082      0.910005079248E-37
   1250.35387613      0.859285162705E-37
   1256.63706144      0.787806743567E-37
   1262.92024674      0.692828622381E-37
   1269.20343205      0.674758237349E-37
   1275.48661736      0.600122530322E-37
   1281.76980266      0.528311293805E-37
   1288.05298797      0.475766730349E-37
   1294.33617328      0.459404473746E-37
   1300.61935859      0.397633938032E-37
   1306.90254389      0.347432442971E-37
   1313.18572920      0.295973889824E-37
   1319.46891451      0.305859833126E-37
   1325.75209981      0.255853114372E-37
   1332.03528512      0.208536546652E-37
   1338.31847043      0.157004528575E-37
   1344.60165574      0.188861211084E-37
   1350.88484104      0.146160306853E-37
   1357.16802635      0.104225394732E-37
   1363.45121166      0.553293607783E-38
   1369.73439697      0.655940808990E-38
   1376.01758227      0.384482199145E-38
   1382.30076758      0.146930752731E-38
   1388.58395289      0.311238506584E-39
   1394.86713819      0.420891728028E-40
   6.28318530718      0.155994289915E-39
   12.5663706144      0.316195472415E-03
   18.8495559215      0.308691728125E-03
   25.1327412287      0.202510210784E-03
   31.4159265359      0.228793178796E-03
   37.6991118431      0.249835696984E-03
   43.9822971503      0.132430816516E-03
   50.2654824574      0.105932956760E-03
   56.5486677646      0.812319406642E-04
   62.8318530718      0.713949995284E-04
   69.1150383790      0.494566164436E-04
   75.3982236862      0.356045323089E-04
   81.6814089933      0.253791450525E-04
   87.9645943005      0.176345443407E-04
   94.2477796077      0.137402219566E-04
   100.530964915      0.968066195797E-05
   106.814150222      0.724794266193E-05
   113.097335529      0.548744108465E-05
   119.380520836      0.435300969313E-05
   125.663706144      0.325269428183E-05
   131.946891451      0.250277043836E-05
   138.230076758      0.179362632613E-05
   144.513262065      0.145873975208E-05
   150.796447372      0.114570467437E-05
   157.079632679      0.948303838891E-06
   163.362817987      0.715194873562E-06
   169.646003294      0.551052733912E-06
   175.929188601      0.455600233646E-06
   182.212373908      0.329223115507E-06
   188.495559215      0.269123845242E-06
   194.778744523      0.188684819159E-06
   201.061929830      0.156244061149E-06
   207.345115137      0.111956983081E-06
   213.628300444      0.875743390795E-07
   219.911485751      0.636249496429E-07
   226.194671058      0.475432730155E-07
   232.477856366      0.350449632821E-07
   238.761041673      0.246750794384E-07
   245.044226980      0.189889717529E-07
   251.327412287      0.134580366428E-07
   257.610597594      0.972819360859E-08
   263.893782902      0.727958700392E-08
   270.176968209      0.509749944593E-08
   276.460153516      0.375433857509E-08
   282.743338823      0.274491907579E-08
   289.026524130      0.190899738014E-08
   295.309709437      0.138425280374E-08
   301.592894745      0.103798784274E-08
   307.876080052      0.726788355191E-09
   314.159265359      0.539004290912E-09
   320.442450666      0.372043983306E-09
   326.725635973      0.282110449838E-09
   333.008821281      0.193492084113E-09
   339.292006588      0.144778593225E-09
   345.575191895      0.101810725560E-09
   351.858377202      0.746161850214E-10
   358.141562509      0.535137093894E-10
   364.424747816      0.380714219431E-10
   370.707933124      0.286129932466E-10
   376.991118431      0.198632365572E-10
   383.274303738      0.146813040371E-10
   389.557489045      0.102641519290E-10
   395.840674352      0.768176259156E-11
   402.123859659      0.543689644110E-11
   408.407044967      0.384870260151E-11
   414.690230274      0.285279301638E-11
   420.973415581      0.199044390239E-11
   427.256600888      0.142900566694E-11
   433.539786195      0.104906361749E-11
   439.822971503      0.731960025309E-12
   446.106156810      0.531990998997E-12
   452.389342117      0.382198493449E-12
   458.672527424      0.272524919706E-12
   464.955712731      0.197528394486E-12
   471.238898038      0.136599393615E-12
   477.522083346      0.100620347858E-12
   483.805268653      0.690811181220E-13
   490.088453960      0.504787111641E-13
   496.371639267      0.353210304623E-13
   502.654824574      0.255431302539E-13
   508.938009882      0.180217238581E-13
   515.221195189      0.128753914021E-13
   521.504380496      0.925428276009E-14
   527.787565803      0.644574677279E-14
   534.070751110      0.462781404625E-14
   540.353936417      0.329897810498E-14
   546.637121725      0.232238976318E-14
   552.920307032      0.164474726582E-14
   559.203492339      0.114745578516E-14
   565.486677646      0.828927994191E-15
   571.769862953      0.572987500367E-15
   578.053048261      0.396779640401E-15
   584.336233568      0.282246885606E-15
   590.619418875      0.194076276670E-15
   596.902604182      0.137345444399E-15
   603.185789489      0.946548861102E-16
   609.468974796      0.651923981295E-16
   615.752160104      0.456641398644E-16
   622.035345411      0.306156353473E-16
   628.318530718      0.214631783527E-16
   634.601716025      0.143673785181E-16
   640.884901332      0.987941279942E-17
   647.168086639      0.658546059633E-17
   653.451271947      0.448190841311E-17
   659.734457254      0.300297243778E-17
   666.017642561      0.196648944854E-17
   672.300827868      0.131856084811E-17
   678.584013175      0.861674170438E-18
   684.867198483      0.571987344343E-18
   691.150383790      0.372612890668E-18
   697.433569097      0.235536330464E-18
   703.716754404      0.153109371910E-18
   709.999939711      0.980996719438E-19
   716.283125018      0.612594038452E-19
   722.566310326      0.388392727115E-19
   728.849495633      0.226241146671E-19
   735.132680940      0.145049971649E-19
   741.415866247      0.824880452711E-20
   747.699051554      0.500169815826E-20
   753.982236862      0.256761802145E-20
   760.265422169      0.138705867504E-20
   766.548607476      0.682644650008E-21
   772.831792783      0.340601968026E-21
   779.114978090      0.172419417226E-21
   785.398163397      0.846397058867E-22
   791.681348705      0.424824640942E-22
   797.964534012      0.203091206847E-22
   804.247719319      0.967785469544E-23
   810.530904626      0.432523603236E-23
   816.814089933      0.205693052439E-23
   823.097275241      0.892013860279E-24
   829.380460548      0.387192115403E-24
   835.663645855      0.171460329980E-24
   841.946831162      0.790550014569E-25
   848.230016469      0.328449753201E-25
   854.513201776      0.135576068297E-25
   860.796387084      0.559623534595E-26
   867.079572391      0.252105907852E-26
   873.362757698      0.104006189676E-26
   879.645943005      0.447125396872E-27
   885.929128312      0.160675494825E-27
   892.212313620      0.562521277859E-28
   898.495498927      0.407034938387E-28
   904.778684234      0.171598702320E-28
   911.061869541      0.802816433440E-29
   917.345054848      0.174163915279E-29
   923.628240155      0.168508878427E-29
   929.911425463      0.269309875108E-30
   936.194610770      0.124272527227E-35
   942.477796077      0.124141968745E-35
   948.760981384      0.119890950281E-35
   955.044166691      0.112772204360E-35
   961.327351998      0.116259658385E-35
   967.610537306      0.112096381597E-35
   973.893722613      0.107594518125E-35
   980.176907920      0.107475428786E-35
   986.460093227      0.101348269050E-35
   992.743278534      0.101079902845E-35
   999.026463842      0.976091476633E-36
   1005.30964915      0.991647670502E-36
   1011.59283446      0.894102698756E-36
   1017.87601976      0.891477124627E-36
   1024.15920507      0.858732227072E-36
   1030.44239038      0.785791988466E-36
   1036.72557568      0.830791542967E-36
   1043.00876099      0.737197463494E-36
   1049.29194630      0.738224868940E-36
   1055.57513161      0.729016279080E-36
   1061.85831691      0.686227521328E-36
   1068.14150222      0.715343925637E-36
   1074.42468753      0.618346916187E-36
   1080.70787283      0.632419198587E-36
   1086.99105814      0.602196804687E-36
   1093.27424345      0.550981862366E-36
   1099.55742876      0.562314350562E-36
   1105.84061406      0.490422476526E-36
   1112.12379937      0.521612120876E-36
   1118.40698468      0.438069949823E-36
   1124.69016999      0.433406993301E-36
   1130.97335529      0.374033850753E-36
   1137.25654060      0.330273453055E-36
   1143.53972591      0.297445918062E-36
   1149.82291121      0.266324261681E-36
   1156.10609652      0.248106460455E-36
   1162.38928183      0.234387559387E-36
   1168.67246714      0.219163307721E-36
   1174.95565244      0.202605117815E-36
   1181.23883775      0.189772238322E-36
   1187.52202306      0.174942907823E-36
   1193.80520836      0.162517846153E-36
   1200.08839367      0.151117701629E-36
   1206.37157898      0.147118623975E-36
   1212.65476429      0.132740386082E-36
   1218.93794959      0.120220034032E-36
   1225.22113490      0.115952326932E-36
   1231.50432021      0.107315130182E-36
   1237.78750551      0.968339725522E-37
   1244.07069082      0.891822063423E-37
   1250.35387613      0.852675020870E-37
   1256.63706144      0.793033419544E-37
   1262.92024674      0.697065777742E-37
   1269.20343205      0.661939845463E-37
   1275.48661736      0.592311370834E-37
   1281.76980266      0.539250940036E-37
   1288.05298797      0.465467928507E-37
   1294.33617328      0.469481517023E-37
   1300.61935859      0.402988242062E-37
   1306.90254389      0.335184120131E-37
   1313.18572920      0.290167941264E-37
   1319.46891451      0.302130980622E-37
   1325.75209981      0.263631624625E-37
   1332.03528512      0.207401679965E-37
   1338.31847043      0.143916207135E-37
   1344.60165574      0.179549832854E-37
   1350.88484104      0.135215730069E-37
   1357.16802635      0.991907672093E-38
   1363.45121166      0.487720335970E-38
   1369.73439697      0.644216965301E-38
   1376.01758227      0.348786892014E-38
   1382.30076758      0.192334594060E-38
   1388.58395289      0.183354829914E-39
   1394.86713819      0.567158765084E-40
   6.28318530718      0.739903464614E-40
   12.5663706144      0.296570422667E-03
   18.8495559215      0.303600506808E-03
   25.1327412287      0.195030060821E-03
   31.4159265359      0.225986476614E-03
   37.6991118431      0.240183147244E-03
   43.9822971503      0.130979914437E-03
   50.2654824574      0.106117974141E-03
   56.5486677646      0.811779747156E-04
   62.8318530718      0.746946045441E-04
   69.1150383790      0.517640592665E-04
   75.3982236862      0.385718386058E-04
   81.6814089933      0.283848361155E-04
   87.9645943005      0.189768195488E-04
   94.2477796077      0.151508372803E-04
   100.530964915      0.102890485934E-04
   106.814150222      0.764799770909E-05
   113.097335529      0.600098233349E-05
   119.380520836      0.487088105538E-05
   125.663706144      0.346120253830E-05
   131.946891451      0.280350125387E-05
   138.230076758      0.193773375223E-05
   144.513262065      0.163924594583E-05
   150.796447372      0.127732714945E-05
   157.079632679      0.104542227780E-05
   163.362817987      0.781448341408E-06
   169.646003294      0.610940419334E-06
   175.929188601      0.510663693067E-06
   182.212373908      0.378043093761E-06
   188.495559215      0.305930748035E-06
   194.778744523      0.220946407897E-06
   201.061929830      0.183977138476E-06
   207.345115137      0.132985772707E-06
   213.628300444      0.105301375259E-06
   219.911485751      0.764090867886E-07
   226.194671058      0.573817286790E-07
   232.477856366      0.434368036697E-07
   238.761041673      0.306604602610E-07
   245.044226980      0.239973181229E-07
   251.327412287      0.172195802415E-07
   257.610597594      0.124201115597E-07
   263.893782902      0.944201712379E-08
   270.176968209      0.660943955146E-08
   276.460153516      0.487577673043E-08
   282.743338823      0.360166855276E-08
   289.026524130      0.253213837579E-08
   295.309709437      0.182198765839E-08
   301.592894745      0.138533920550E-08
   307.876080052      0.965945053532E-09
   314.159265359      0.727437255185E-09
   320.442450666      0.503060877907E-09
   326.725635973      0.380619487869E-09
   333.008821281      0.264181953740E-09
   339.292006588      0.197869621647E-09
   345.575191895      0.139705772170E-09
   351.858377202      0.103297773692E-09
   358.141562509      0.737496065296E-10
   364.424747816      0.534412849596E-10
   370.707933124      0.397861460792E-10
   376.991118431      0.280504863670E-10
   383.274303738      0.208342756285E-10
   389.557489045      0.146088043045E-10
   395.840674352      0.110056902195E-10
   402.123859659      0.784322148703E-11
   408.407044967      0.558701329499E-11
   414.690230274      0.417080128919E-11
   420.973415581      0.292488065601E-11
   427.256600888      0.211459374765E-11
   433.539786195      0.156107780224E-11
   439.822971503      0.109184364151E-11
   446.106156810      0.800116691282E-12
   452.389342117      0.577944315343E-12
   458.672527424      0.415391279560E-12
   464.955712731      0.302833036787E-12
   471.238898038      0.210569373304E-12
   477.522083346      0.156546417300E-12
   483.805268653      0.108140338486E-12
   490.088453960      0.791284543830E-13
   496.371639267      0.560029815074E-13
   502.654824574      0.406054917923E-13
   508.938009882      0.288060954006E-13
   515.221195189      0.207184446294E-13
   521.504380496      0.150159346874E-13
   527.787565803      0.104897441224E-13
   534.070751110      0.759626007076E-14
   540.353936417      0.542950310711E-14
   546.637121725      0.384554034309E-14
   552.920307032      0.275067744551E-14
   559.203492339      0.192932971668E-14
   565.486677646      0.140521945000E-14
   571.769862953      0.980914010726E-15
   578.053048261      0.684039799893E-15
   584.336233568      0.492172181357E-15
   590.619418875      0.340569452789E-15
   596.902604182      0.243532149423E-15
   603.185789489      0.169785086489E-15
   609.468974796      0.118275504859E-15
   615.752160104      0.837569845157E-16
   622.035345411      0.568070402540E-16
   628.318530718      0.403646050872E-16
   634.601716025      0.273957909936E-16
   640.884901332      0.190616055496E-16
   647.168086639      0.129039135748E-16
   653.451271947      0.891066525722E-17
   659.734457254      0.604962557197E-17
   666.017642561      0.402543118927E-17
   672.300827868      0.273847512083E-17
   678.584013175      0.182147217788E-17
   684.867198483      0.121816446166E-17
   691.150383790      0.809912024948E-18
   697.433569097      0.520935885886E-18
   703.716754404      0.345056187249E-18
   709.999939711      0.223896165112E-18
   716.283125018      0.142218846810E-18
   722.566310326      0.918374781402E-19
   728.849495633      0.548814349764E-19
   735.132680940      0.356910406396E-19
   741.415866247      0.208106517220E-19
   747.699051554      0.127236488114E-19
   753.982236862      0.686480711078E-20
   760.265422169      0.385828414065E-20
   766.548607476      0.199901298542E-20
   772.831792783      0.104772663369E-20
   779.114978090      0.557120215594E-21
   785.398163397      0.291758756738E-21
   791.681348705      0.152161244332E-21
   797.964534012      0.771235606154E-22
   804.247719319      0.394423732360E-22
   810.530904626      0.184015237549E-22
   816.814089933      0.935868703330E-23
   823.097275241      0.433178318677E-23
   829.380460548      0.200485947905E-23
   835.663645855      0.949665384437E-24
   841.946831162      0.450116695815E-24
   848.230016469      0.202888825902E-24
   854.513201776      0.884882410838E-25
   860.796387084      0.382129878603E-25
   867.079572391      0.188373953715E-25
   873.362757698      0.821489229587E-26
   879.645943005      0.350752455541E-26
   885.929128312      0.135119841258E-26
   892.212313620      0.477416194003E-27
   898.495498927      0.301241280743E-27
   904.778684234      0.106623952996E-27
   911.061869541      0.338725328728E-28
   917.345054848      0.583862362688E-29
   923.628240155      0.444591836558E-29
   929.911425463      0.610642932666E-30
   936.194610770      0.124896781164E-35
   942.477796077      0.120444825128E-35
   948.760981384      0.116766008034E-35
   955.044166691      0.112262849458E-35
   961.327351998      0.113318304310E-35
   967.610537306      0.109558369853E-35
   973.893722613      0.106370572123E-35
   980.176907920      0.104810632758E-35
   986.460093227      0.100908267560E-35
   992.743278534      0.100114703156E-35
   999.026463842      0.960713985134E-36
   1005.30964915      0.967213228737E-36
   1011.59283446      0.893883809467E-36
   1017.87601976      0.886757129982E-36
   1024.15920507      0.860266163730E-36
   1030.44239038      0.790022360815E-36
   1036.72557568      0.825639798776E-36
   1043.00876099      0.746289888676E-36
   1049.29194630      0.751551719180E-36
   1055.57513161      0.715657817393E-36
   1061.85831691      0.678336087657E-36
   1068.14150222      0.721534181024E-36
   1074.42468753      0.635822000438E-36
   1080.70787283      0.623209199223E-36
   1086.99105814      0.605690001291E-36
   1093.27424345      0.557118267026E-36
   1099.55742876      0.557154581549E-36
   1105.84061406      0.479937610625E-36
   1112.12379937      0.529487060737E-36
   1118.40698468      0.441018080479E-36
   1124.69016999      0.449044034262E-36
   1130.97335529      0.373038068286E-36
   1137.25654060      0.329356990392E-36
   1143.53972591      0.288318733465E-36
   1149.82291121      0.262786794614E-36
   1156.10609652      0.247358384437E-36
   1162.38928183      0.229717965202E-36
   1168.67246714      0.213211866942E-36
   1174.95565244      0.195835664623E-36
   1181.23883775      0.188667899345E-36
   1187.52202306      0.173251338369E-36
   1193.80520836      0.160530189353E-36
   1200.08839367      0.148847651514E-36
   1206.37157898      0.141553427248E-36
   1212.65476429      0.130312422702E-36
   1218.93794959      0.118987613958E-36
   1225.22113490      0.115121729315E-36
   1231.50432021      0.104969806654E-36
   1237.78750551      0.940418431640E-37
   1244.07069082      0.892616301679E-37
   1250.35387613      0.841128692170E-37
   1256.63706144      0.759513504726E-37
   1262.92024674      0.703591128852E-37
   1269.20343205      0.642590991919E-37
   1275.48661736      0.582216089915E-37
   1281.76980266      0.528281762252E-37
   1288.05298797      0.469435273765E-37
   1294.33617328      0.459139249779E-37
   1300.61935859      0.400515324225E-37
   1306.90254389      0.349346343807E-37
   1313.18572920      0.294826419591E-37
   1319.46891451      0.306208194841E-37
   1325.75209981      0.269159736531E-37
   1332.03528512      0.204419147734E-37
   1338.31847043      0.159988390536E-37
   1344.60165574      0.177654462792E-37
   1350.88484104      0.143745078779E-37
   1357.16802635      0.955283700267E-38
   1363.45121166      0.513386852950E-38
   1369.73439697      0.648007812059E-38
   1376.01758227      0.353819759152E-38
   1382.30076758      0.170983515772E-38
   1388.58395289      0.163253135144E-39
   1394.86713819      0.798223795991E-40
   6.28318530718      0.372779452369E-40
   12.5663706144      0.278213089735E-03
   18.8495559215      0.298299022819E-03
   25.1327412287      0.188623251451E-03
   31.4159265359      0.223892183736E-03
   37.6991118431      0.228566902238E-03
   43.9822971503      0.129532250402E-03
   50.2654824574      0.107393872650E-03
   56.5486677646      0.811446404140E-04
   62.8318530718      0.769339722970E-04
   69.1150383790      0.540130893367E-04
   75.3982236862      0.412312500366E-04
   81.6814089933      0.312620053400E-04
   87.9645943005      0.204883254648E-04
   94.2477796077      0.165639839712E-04
   100.530964915      0.108221254898E-04
   106.814150222      0.803300230001E-05
   113.097335529      0.655167510978E-05
   119.380520836      0.532586049785E-05
   125.663706144      0.365737844471E-05
   131.946891451      0.311561245907E-05
   138.230076758      0.213738670429E-05
   144.513262065      0.182649458782E-05
   150.796447372      0.142548316932E-05
   157.079632679      0.114047090389E-05
   163.362817987      0.860802671964E-06
   169.646003294      0.676490732308E-06
   175.929188601      0.569758877173E-06
   182.212373908      0.428900177002E-06
   188.495559215      0.343770170810E-06
   194.778744523      0.256846365538E-06
   201.061929830      0.214241716096E-06
   207.345115137      0.155702427269E-06
   213.628300444      0.123601116884E-06
   219.911485751      0.908436617022E-07
   226.194671058      0.679936382929E-07
   232.477856366      0.532745824018E-07
   238.761041673      0.377205517080E-07
   245.044226980      0.298810725416E-07
   251.327412287      0.217346010957E-07
   257.610597594      0.156276188205E-07
   263.893782902      0.120581293183E-07
   270.176968209      0.844860536384E-08
   276.460153516      0.622660977888E-08
   282.743338823      0.463676481453E-08
   289.026524130      0.330319288577E-08
   295.309709437      0.236543277111E-08
   301.592894745      0.182131519611E-08
   307.876080052      0.126998550678E-08
   314.159265359      0.963148589833E-09
   320.442450666      0.671522505482E-09
   326.725635973      0.503813813779E-09
   333.008821281      0.354916667863E-09
   339.292006588      0.266028261171E-09
   345.575191895      0.187093669879E-09
   351.858377202      0.140351836521E-09
   358.141562509      0.990688725510E-10
   364.424747816      0.732862825454E-10
   370.707933124      0.540596161228E-10
   376.991118431      0.384446449179E-10
   383.274303738      0.286935498101E-10
   389.557489045      0.201421235283E-10
   395.840674352      0.152465488605E-10
   402.123859659      0.109502718764E-10
   408.407044967      0.781183363227E-11
   414.690230274      0.586732173291E-11
   420.973415581      0.413401839931E-11
   427.256600888      0.301158646313E-11
   433.539786195      0.223158726947E-11
   439.822971503      0.156327378277E-11
   446.106156810      0.115314759793E-11
   452.389342117      0.836052898232E-12
   458.672527424      0.605467598219E-12
   464.955712731      0.443310722979E-12
   471.238898038      0.309864586941E-12
   477.522083346      0.231842280575E-12
   483.805268653      0.161263429817E-12
   490.088453960      0.117987182560E-12
   496.371639267      0.844393566473E-13
   502.654824574      0.612958024656E-13
   508.938009882      0.437426962097E-13
   515.221195189      0.315962806978E-13
   521.504380496      0.230926399695E-13
   527.787565803      0.161669219854E-13
   534.070751110      0.117892342898E-13
   540.353936417      0.845445264302E-14
   546.637121725      0.601135526581E-14
   552.920307032      0.434074666995E-14
   559.203492339      0.305337238123E-14
   565.486677646      0.224361041471E-14
   571.769862953      0.157611373794E-14
   578.053048261      0.110746613807E-14
   584.336233568      0.803822701306E-15
   590.619418875      0.559870478485E-15
   596.902604182      0.403316962884E-15
   603.185789489      0.283976091814E-15
   609.468974796      0.199913214569E-15
   615.752160104      0.142680450066E-15
   622.035345411      0.977702999545E-16
   628.318530718      0.702933754407E-16
   634.601716025      0.482150485433E-16
   640.884901332      0.338971997853E-16
   647.168086639      0.232332194831E-16
   653.451271947      0.162550483427E-16
   659.734457254      0.111672175083E-16
   666.017642561      0.752950919656E-17
   672.300827868      0.518608825157E-17
   678.584013175      0.350844086633E-17
   684.867198483      0.235957368943E-17
   691.150383790      0.159724296237E-17
   697.433569097      0.104251008464E-17
   703.716754404      0.702353384327E-18
   709.999939711      0.460722389827E-18
   716.283125018      0.297636983092E-18
   722.566310326      0.195332688395E-18
   728.849495633      0.119511798254E-18
   735.132680940      0.786305300132E-19
   741.415866247      0.470138805394E-19
   747.699051554      0.290284995130E-19
   753.982236862      0.164305063982E-19
   760.265422169      0.952834446410E-20
   766.548607476      0.516694375460E-20
   772.831792783      0.283694999283E-20
   779.114978090      0.157578278704E-20
   785.398163397      0.867167409731E-21
   791.681348705      0.471227750110E-21
   797.964534012      0.251607562319E-21
   804.247719319      0.136169578677E-21
   810.530904626      0.664396814218E-22
   816.814089933      0.358438501662E-22
   823.097275241      0.175300775582E-22
   829.380460548      0.857028571559E-23
   835.663645855      0.438058550865E-23
   841.946831162      0.210606353932E-23
   848.230016469      0.102310510930E-23
   854.513201776      0.467882333746E-24
   860.796387084      0.208907016816E-24
   867.079572391      0.109549841003E-24
   873.362757698      0.507170748973E-25
   879.645943005      0.218200786212E-25
   885.929128312      0.912015994156E-26
   892.212313620      0.332297180719E-26
   898.495498927      0.211466881557E-26
   904.778684234      0.751292285349E-27
   911.061869541      0.247665527452E-27
   917.345054848      0.443854783642E-28
   923.628240155      0.292386976221E-28
   929.911425463      0.248366767565E-29
   936.194610770      0.120524265316E-35
   942.477796077      0.118514096514E-35
   948.760981384      0.116962012682E-35
   955.044166691      0.111100269927E-35
   961.327351998      0.112434465229E-35
   967.610537306      0.107481266464E-35
   973.893722613      0.106371119662E-35
   980.176907920      0.104233025840E-35
   986.460093227      0.986632857219E-36
   992.743278534      0.991680510758E-36
   999.026463842      0.944814628846E-36
   1005.30964915      0.950734591830E-36
   1011.59283446      0.868148107894E-36
   1017.87601976      0.865701627010E-36
   1024.15920507      0.845923979244E-36
   1030.44239038      0.771576075924E-36
   1036.72557568      0.820576153433E-36
   1043.00876099      0.733225559623E-36
   1049.29194630      0.736289826925E-36
   1055.57513161      0.719580418393E-36
   1061.85831691      0.673268269329E-36
   1068.14150222      0.701290191938E-36
   1074.42468753      0.607717143066E-36
   1080.70787283      0.627042995570E-36
   1086.99105814      0.586624389559E-36
   1093.27424345      0.536808134622E-36
   1099.55742876      0.556018803240E-36
   1105.84061406      0.467822940858E-36
   1112.12379937      0.519194936517E-36
   1118.40698468      0.431977271185E-36
   1124.69016999      0.442172048545E-36
   1130.97335529      0.384231438328E-36
   1137.25654060      0.320587103185E-36
   1143.53972591      0.288356587050E-36
   1149.82291121      0.261892862068E-36
   1156.10609652      0.246647392737E-36
   1162.38928183      0.229305193561E-36
   1168.67246714      0.210627571214E-36
   1174.95565244      0.195990668474E-36
   1181.23883775      0.183210964389E-36
   1187.52202306      0.171775237886E-36
   1193.80520836      0.156084409970E-36
   1200.08839367      0.147346353726E-36
   1206.37157898      0.139691181783E-36
   1212.65476429      0.124024700921E-36
   1218.93794959      0.116355518778E-36
   1225.22113490      0.111780785992E-36
   1231.50432021      0.103186854006E-36
   1237.78750551      0.915275255417E-37
   1244.07069082      0.870748847083E-37
   1250.35387613      0.826057828576E-37
   1256.63706144      0.778509073401E-37
   1262.92024674      0.694552999872E-37
   1269.20343205      0.651648866600E-37
   1275.48661736      0.572387860838E-37
   1281.76980266      0.521384177180E-37
   1288.05298797      0.467998531137E-37
   1294.33617328      0.454923726780E-37
   1300.61935859      0.401182476830E-37
   1306.90254389      0.343073709863E-37
   1313.18572920      0.285939348800E-37
   1319.46891451      0.294966229319E-37
   1325.75209981      0.247836344381E-37
   1332.03528512      0.202792216732E-37
   1338.31847043      0.143388819263E-37
   1344.60165574      0.162915633478E-37
   1350.88484104      0.138594078229E-37
   1357.16802635      0.888614884573E-38
   1363.45121166      0.438388246782E-38
   1369.73439697      0.572115815972E-38
   1376.01758227      0.378274341562E-38
   1382.30076758      0.125733086496E-38
   1388.58395289      0.170519024730E-39
   1394.86713819      0.926078956346E-40
   6.28318530718      0.697919560229E-40
   12.5663706144      0.261049501636E-03
   18.8495559215      0.292790766952E-03
   25.1327412287      0.183336122128E-03
   31.4159265359      0.222410337832E-03
   37.6991118431      0.215799663413E-03
   43.9822971503      0.127819952172E-03
   50.2654824574      0.109601677373E-03
   56.5486677646      0.812484713398E-04
   62.8318530718      0.782138134105E-04
   69.1150383790      0.565413398188E-04
   75.3982236862      0.434193800214E-04
   81.6814089933      0.336893175153E-04
   87.9645943005      0.221279221612E-04
   94.2477796077      0.178893582579E-04
   100.530964915      0.113456280047E-04
   106.814150222      0.847648548165E-05
   113.097335529      0.710394842763E-05
   119.380520836      0.568744928080E-05
   125.663706144      0.385683386250E-05
   131.946891451      0.342549991800E-05
   138.230076758      0.239089686954E-05
   144.513262065      0.200554834669E-05
   150.796447372      0.158706987297E-05
   157.079632679      0.124292669523E-05
   163.362817987      0.959431335327E-06
   169.646003294      0.748461259512E-06
   175.929188601      0.631704854901E-06
   182.212373908      0.480773438715E-06
   188.495559215      0.386158320559E-06
   194.778744523      0.296044286169E-06
   201.061929830      0.246110191407E-06
   207.345115137      0.178624552492E-06
   213.628300444      0.142360237206E-06
   219.911485751      0.107103866364E-06
   226.194671058      0.799640169442E-07
   232.477856366      0.643209083542E-07
   238.761041673      0.460767102537E-07
   245.044226980      0.366320554090E-07
   251.327412287      0.271185781747E-07
   257.610597594      0.194621667944E-07
   263.893782902      0.151700987355E-07
   270.176968209      0.106485581914E-07
   276.460153516      0.786193190417E-08
   282.743338823      0.588145380471E-08
   289.026524130      0.425565059012E-08
   295.309709437      0.304942125318E-08
   301.592894745      0.236401486851E-08
   307.876080052      0.165876563257E-08
   314.159265359      0.125725935795E-08
   320.442450666      0.889816405900E-09
   326.725635973      0.662194352660E-09
   333.008821281      0.471234211735E-09
   339.292006588      0.354955515532E-09
   345.575191895      0.247019364363E-09
   351.858377202      0.188851035057E-09
   358.141562509      0.131783365958E-09
   364.424747816      0.989138569350E-10
   370.707933124      0.727029432574E-10
   376.991118431      0.517250693204E-10
   383.274303738      0.388949338528E-10
   389.557489045      0.272717076592E-10
   395.840674352      0.206876490008E-10
   402.123859659      0.149486203038E-10
   408.407044967      0.106750027422E-10
   414.690230274      0.804865582016E-11
   420.973415581      0.569536422690E-11
   427.256600888      0.417723381134E-11
   433.539786195      0.310042672439E-11
   439.822971503      0.217714858420E-11
   446.106156810      0.161429307810E-11
   452.389342117      0.117155656791E-11
   458.672527424      0.855137009742E-12
   464.955712731      0.626625088405E-12
   471.238898038      0.440909696648E-12
   477.522083346      0.330792835216E-12
   483.805268653      0.231606090831E-12
   490.088453960      0.169584952609E-12
   496.371639267      0.122184457004E-12
   502.654824574      0.888925564132E-13
   508.938009882      0.637503948216E-13
   515.221195189      0.461858667537E-13
   521.504380496      0.339894930147E-13
   527.787565803      0.238471042687E-13
   534.070751110      0.174645139120E-13
   540.353936417      0.125906197196E-13
   546.637121725      0.896733701737E-14
   552.920307032      0.652441373148E-14
   559.203492339      0.459378802159E-14
   565.486677646      0.340142383184E-14
   571.769862953      0.239828438960E-14
   578.053048261      0.169622630655E-14
   584.336233568      0.123858106175E-14
   590.619418875      0.867439029177E-15
   596.902604182      0.628556086747E-15
   603.185789489      0.446576831402E-15
   609.468974796      0.316960863396E-15
   615.752160104      0.227953051635E-15
   622.035345411      0.157414862861E-15
   628.318530718      0.114402603703E-15
   634.601716025      0.791302523184E-16
   640.884901332      0.561930424151E-16
   647.168086639      0.388662501731E-16
   653.451271947      0.275180292812E-16
   659.734457254      0.191022791562E-16
   666.017642561      0.130221301134E-16
   672.300827868      0.907541035368E-17
   678.584013175      0.623228048253E-17
   684.867198483      0.421766978070E-17
   691.150383790      0.289738685389E-17
   697.433569097      0.191743685687E-17
   703.716754404      0.130972233961E-17
   709.999939711      0.869064238685E-18
   716.283125018      0.569980214817E-18
   722.566310326      0.379749212643E-18
   728.849495633      0.237188566863E-18
   735.132680940      0.157837500222E-18
   741.415866247      0.965868666669E-19
   747.699051554      0.603960017840E-19
   753.982236862      0.357205757155E-19
   760.265422169      0.212546038288E-19
   766.548607476      0.120020881829E-19
   772.831792783      0.687884224680E-20
   779.114978090      0.397638157113E-20
   785.398163397      0.227076899808E-20
   791.681348705      0.128610037610E-20
   797.964534012      0.719250372244E-21
   804.247719319      0.407043245847E-21
   810.530904626      0.208110703491E-21
   816.814089933      0.117701997942E-21
   823.097275241      0.605339711539E-22
   829.380460548      0.309898825837E-22
   835.663645855      0.169845714228E-22
   841.946831162      0.834515942369E-23
   848.230016469      0.430032030531E-23
   854.513201776      0.205950265532E-23
   860.796387084      0.949822363193E-24
   867.079572391      0.513678822240E-24
   873.362757698      0.252258484929E-24
   879.645943005      0.112177889784E-24
   885.929128312      0.486121962247E-25
   892.212313620      0.181490123984E-25
   898.495498927      0.118881136851E-25
   904.778684234      0.429888636596E-26
   911.061869541      0.152448460916E-26
   917.345054848      0.285910271560E-27
   923.628240155      0.169325334471E-27
   929.911425463      0.676549948653E-29
   936.194610770      0.117918194911E-35
   942.477796077      0.115944424477E-35
   948.760981384      0.113677077397E-35
   955.044166691      0.108184368491E-35
   961.327351998      0.109799711062E-35
   967.610537306      0.106298924396E-35
   973.893722613      0.102999963389E-35
   980.176907920      0.101121941343E-35
   986.460093227      0.975722710531E-36
   992.743278534      0.974407405916E-36
   999.026463842      0.920873564104E-36
   1005.30964915      0.932915238659E-36
   1011.59283446      0.846815940236E-36
   1017.87601976      0.843517397295E-36
   1024.15920507      0.827688563467E-36
   1030.44239038      0.760334945273E-36
   1036.72557568      0.814747452491E-36
   1043.00876099      0.734105896105E-36
   1049.29194630      0.711983646896E-36
   1055.57513161      0.695178053098E-36
   1061.85831691      0.648570742320E-36
   1068.14150222      0.680079529557E-36
   1074.42468753      0.594170638793E-36
   1080.70787283      0.604628734786E-36
   1086.99105814      0.563240551305E-36
   1093.27424345      0.540847492000E-36
   1099.55742876      0.538131326128E-36
   1105.84061406      0.467748133771E-36
   1112.12379937      0.512328129802E-36
   1118.40698468      0.424260645334E-36
   1124.69016999      0.437415573051E-36
   1130.97335529      0.362149447829E-36
   1137.25654060      0.311424353008E-36
   1143.53972591      0.279387453513E-36
   1149.82291121      0.253842710171E-36
   1156.10609652      0.240471304516E-36
   1162.38928183      0.222520668018E-36
   1168.67246714      0.207861608461E-36
   1174.95565244      0.191129554515E-36
   1181.23883775      0.181214472912E-36
   1187.52202306      0.171243093378E-36
   1193.80520836      0.155689095569E-36
   1200.08839367      0.143993688128E-36
   1206.37157898      0.137841921363E-36
   1212.65476429      0.123085066586E-36
   1218.93794959      0.113471183283E-36
   1225.22113490      0.109827464316E-36
   1231.50432021      0.100388745526E-36
   1237.78750551      0.916592175575E-37
   1244.07069082      0.871377799487E-37
   1250.35387613      0.820739684546E-37
   1256.63706144      0.740890257877E-37
   1262.92024674      0.658466156598E-37
   1269.20343205      0.628066495034E-37
   1275.48661736      0.563132451873E-37
   1281.76980266      0.530574278016E-37
   1288.05298797      0.453253014343E-37
   1294.33617328      0.454383386676E-37
   1300.61935859      0.391565675483E-37
   1306.90254389      0.329734090027E-37
   1313.18572920      0.288332386384E-37
   1319.46891451      0.291026190353E-37
   1325.75209981      0.249114661596E-37
   1332.03528512      0.195623587705E-37
   1338.31847043      0.145572252424E-37
   1344.60165574      0.168699392341E-37
   1350.88484104      0.135731541019E-37
   1357.16802635      0.963785647731E-38
   1363.45121166      0.480014622707E-38
   1369.73439697      0.617300502430E-38
   1376.01758227      0.369577502825E-38
   1382.30076758      0.142514638730E-38
   1388.58395289      0.206298434687E-39
   1394.86713819      0.645075291898E-40
