   6.28318530718       0.00000000000    
   12.5663706144      0.316628698882E-02
   18.8495559215      0.543468563188E-35
   25.1327412287      0.999132851870E-35
   31.4159265359      0.276157955104E-35
   37.6991118431      0.194115317751E-34
   43.9822971503      0.307691253853E-35
   50.2654824574      0.462771493652E-35
   56.5486677646      0.163410178720E-35
   62.8318530718      0.206970651814E-34
   69.1150383790      0.751075924376E-36
   75.3982236862      0.342132439676E-35
   81.6814089933      0.276096478229E-35
   87.9645943005      0.123244519446E-34
   94.2477796077      0.309589032723E-35
   100.530964915      0.778950799954E-35
   106.814150222      0.155746868615E-35
   113.097335529      0.809660216710E-35
   119.380520836      0.162582759274E-35
   125.663706144      0.568480858020E-35
   131.946891451      0.230655571296E-35
   138.230076758      0.815517083498E-35
   144.513262065      0.676592524797E-35
   150.796447372      0.255895205335E-34
   157.079632679      0.323465559560E-34
   163.362817987      0.324716345176E-34
   169.646003294      0.121239894431E-34
   175.929188601      0.488474225050E-35
   182.212373908      0.596265437557E-35
   188.495559215      0.328135448560E-35
   194.778744523      0.393987003163E-35
   201.061929830      0.208349172312E-34
   207.345115137      0.514271538852E-35
   213.628300444      0.253626477716E-34
   219.911485751      0.395576967308E-35
   226.194671058      0.624718107213E-35
   232.477856366      0.559816346613E-35
   238.761041673      0.105697646808E-34
   245.044226980      0.485418489241E-35
   251.327412287      0.668469750248E-35
   257.610597594      0.411110302886E-35
   263.893782902      0.524546651317E-35
   270.176968209      0.571836879485E-35
   276.460153516      0.308075858729E-35
   282.743338823      0.211261385468E-35
   289.026524130      0.262642765724E-35
   295.309709437      0.265614065441E-35
   301.592894745      0.164755571296E-35
   307.876080052      0.185395577847E-35
   314.159265359      0.162842594615E-35
   320.442450666      0.117526942907E-35
   326.725635973      0.149454368684E-35
   333.008821281      0.135068502836E-35
   339.292006588      0.111083254136E-35
   345.575191895      0.751568392608E-36
   351.858377202      0.738348671781E-36
   358.141562509      0.532538408999E-36
   364.424747816      0.558101936385E-36
   370.707933124      0.403285864035E-36
   376.991118431      0.323232133550E-36
   383.274303738      0.250139243834E-36
   389.557489045      0.191953111460E-36
   395.840674352      0.151837641784E-36
   402.123859659      0.139207699942E-36
   408.407044967      0.101538254528E-36
   414.690230274      0.683786282187E-37
   420.973415581      0.474618803225E-37
   427.256600888      0.357137466176E-37
   433.539786195      0.198635644537E-37
   439.822971503      0.103967354141E-37
   446.106156810      0.298352241243E-38
   452.389342117      0.313708941629E-38
   458.672527424      0.323091754291E-39
   464.955712731       0.00000000000    
   471.238898038       0.00000000000    
   477.522083346       0.00000000000    
   483.805268653       0.00000000000    
   490.088453960       0.00000000000    
   496.371639267       0.00000000000    
   502.654824574       0.00000000000    
   508.938009882       0.00000000000    
   515.221195189       0.00000000000    
   521.504380496       0.00000000000    
   527.787565803       0.00000000000    
   534.070751110       0.00000000000    
   540.353936417       0.00000000000    
   546.637121725       0.00000000000    
   552.920307032       0.00000000000    
   559.203492339       0.00000000000    
   565.486677646       0.00000000000    
   571.769862953       0.00000000000    
   578.053048261       0.00000000000    
   584.336233568       0.00000000000    
   590.619418875       0.00000000000    
   596.902604182       0.00000000000    
   603.185789489       0.00000000000    
   609.468974796       0.00000000000    
   615.752160104       0.00000000000    
   622.035345411       0.00000000000    
   628.318530718       0.00000000000    
   634.601716025       0.00000000000    
   640.884901332       0.00000000000    
   647.168086639       0.00000000000    
   653.451271947       0.00000000000    
   659.734457254       0.00000000000    
   666.017642561       0.00000000000    
   672.300827868       0.00000000000    
   678.584013175       0.00000000000    
   684.867198483       0.00000000000    
   691.150383790       0.00000000000    
   697.433569097       0.00000000000    
   6.28318530718      0.250726793759E-41
   12.5663706144      0.316615460425E-02
   18.8495559215      0.112874170396E-06
   25.1327412287      0.470945442167E-11
   31.4159265359      0.114765823489E-11
   37.6991118431      0.124879334616E-16
   43.9822971503      0.136480930364E-17
   50.2654824574      0.794696946061E-22
   56.5486677646      0.123457611721E-30
   62.8318530718      0.190996499682E-31
   69.1150383790      0.257526529302E-35
   75.3982236862      0.118094188439E-34
   81.6814089933      0.480094452248E-35
   87.9645943005      0.203360265870E-34
   94.2477796077      0.804967095212E-35
   100.530964915      0.145333330120E-34
   106.814150222      0.548397439402E-35
   113.097335529      0.166660586315E-34
   119.380520836      0.627971394133E-35
   125.663706144      0.165143211937E-34
   131.946891451      0.482395454886E-35
   138.230076758      0.142971868126E-34
   144.513262065      0.796698443510E-35
   150.796447372      0.312754922910E-34
   157.079632679      0.334444898162E-34
   163.362817987      0.463670324816E-34
   169.646003294      0.132722658736E-34
   175.929188601      0.210547030644E-34
   182.212373908      0.773544936971E-35
   188.495559215      0.140123322702E-34
   194.778744523      0.791448906323E-35
   201.061929830      0.459285008839E-34
   207.345115137      0.107655226655E-34
   213.628300444      0.552833662938E-34
   219.911485751      0.807381120068E-35
   226.194671058      0.135054711280E-34
   232.477856366      0.962385882854E-35
   238.761041673      0.286285482863E-34
   245.044226980      0.106222669223E-34
   251.327412287      0.220484284864E-34
   257.610597594      0.870180319168E-35
   263.893782902      0.165696267721E-34
   270.176968209      0.119893774416E-34
   276.460153516      0.966727974999E-35
   282.743338823      0.786313737691E-35
   289.026524130      0.881206333292E-35
   295.309709437      0.939543614336E-35
   301.592894745      0.120096685107E-34
   307.876080052      0.712100893372E-35
   314.159265359      0.122174687320E-34
   320.442450666      0.688100164758E-35
   326.725635973      0.115078692139E-34
   333.008821281      0.732061679173E-35
   339.292006588      0.873030642112E-35
   345.575191895      0.621217654251E-35
   351.858377202      0.165741739130E-34
   358.141562509      0.603607634497E-35
   364.424747816      0.118406668646E-34
   370.707933124      0.613165069305E-35
   376.991118431      0.842101137223E-35
   383.274303738      0.561449751393E-35
   389.557489045      0.862213057124E-35
   395.840674352      0.576838214205E-35
   402.123859659      0.366626276382E-34
   408.407044967      0.624327680941E-35
   414.690230274      0.672018801273E-35
   420.973415581      0.574436901752E-35
   427.256600888      0.574195267449E-35
   433.539786195      0.584649636132E-35
   439.822971503      0.474942735567E-35
   446.106156810      0.493182326696E-35
   452.389342117      0.507620692941E-35
   458.672527424      0.562705689442E-35
   464.955712731      0.588587355405E-35
   471.238898038      0.494736114172E-35
   477.522083346      0.400685991977E-35
   483.805268653      0.326224345545E-35
   490.088453960      0.350358843272E-35
   496.371639267      0.297710170632E-35
   502.654824574      0.307899472769E-35
   508.938009882      0.245105582403E-35
   515.221195189      0.259156823088E-35
   521.504380496      0.255927709356E-35
   527.787565803      0.234668376703E-35
   534.070751110      0.265443542355E-35
   540.353936417      0.173130327841E-35
   546.637121725      0.179268690695E-35
   552.920307032      0.222839372542E-35
   559.203492339      0.139705721351E-35
   565.486677646      0.160917905836E-35
   571.769862953      0.993873157167E-36
   578.053048261      0.933032716485E-36
   584.336233568      0.726699656098E-36
   590.619418875      0.760144699530E-36
   596.902604182      0.590158893583E-36
   603.185789489      0.580049296964E-36
   609.468974796      0.445591010861E-36
   615.752160104      0.365826215829E-36
   622.035345411      0.312811555883E-36
   628.318530718      0.284860417247E-36
   634.601716025      0.270170782524E-36
   640.884901332      0.236854176358E-36
   647.168086639      0.166321604941E-36
   653.451271947      0.133563985865E-36
   659.734457254      0.121707336662E-36
   666.017642561      0.120354437459E-36
   672.300827868      0.716070567088E-37
   678.584013175      0.381193723145E-37
   684.867198483      0.190342106553E-37
   691.150383790      0.957775934628E-38
   697.433569097      0.281401792475E-39
   6.28318530718      0.740883326867E-42
   12.5663706144      0.316575749603E-02
   18.8495559215      0.451378169755E-06
   25.1327412287      0.753264791211E-10
   31.4159265359      0.183601546513E-10
   37.6991118431      0.800312228601E-15
   43.9822971503      0.872090759098E-16
   50.2654824574      0.203498323580E-19
   56.5486677646      0.283093310545E-24
   62.8318530718      0.662436594349E-28
   69.1150383790      0.751265734948E-31
   75.3982236862      0.153341906118E-34
   81.6814089933      0.565192232872E-35
   87.9645943005      0.251828842524E-34
   94.2477796077      0.777160440518E-35
   100.530964915      0.344693145238E-34
   106.814150222      0.517248250602E-35
   113.097335529      0.413539555198E-34
   119.380520836      0.715729620108E-35
   125.663706144      0.187046918329E-34
   131.946891451      0.785199234675E-35
   138.230076758      0.224642755998E-34
   144.513262065      0.856573395759E-35
   150.796447372      0.358352351045E-34
   157.079632679      0.319293290475E-34
   163.362817987      0.726053903233E-34
   169.646003294      0.157528197707E-34
   175.929188601      0.434533508992E-34
   182.212373908      0.122520859993E-34
   188.495559215      0.193282912259E-34
   194.778744523      0.806105543437E-35
   201.061929830      0.544811992224E-34
   207.345115137      0.147270488609E-34
   213.628300444      0.636429993155E-34
   219.911485751      0.125842441733E-34
   226.194671058      0.150837898311E-34
   232.477856366      0.108077572435E-34
   238.761041673      0.307742272396E-34
   245.044226980      0.150832690221E-34
   251.327412287      0.276279324848E-34
   257.610597594      0.144175621762E-34
   263.893782902      0.256974438285E-34
   270.176968209      0.157429520507E-34
   276.460153516      0.108544825834E-34
   282.743338823      0.814941832292E-35
   289.026524130      0.899025550788E-35
   295.309709437      0.925967943023E-35
   301.592894745      0.132778038184E-34
   307.876080052      0.850236397965E-35
   314.159265359      0.138957639813E-34
   320.442450666      0.707420867813E-35
   326.725635973      0.144503735826E-34
   333.008821281      0.862062131594E-35
   339.292006588      0.103578322480E-34
   345.575191895      0.683388745457E-35
   351.858377202      0.132853033748E-34
   358.141562509      0.600730850818E-35
   364.424747816      0.134183152620E-34
   370.707933124      0.675145189956E-35
   376.991118431      0.901947464468E-35
   383.274303738      0.627372729752E-35
   389.557489045      0.826015623621E-35
   395.840674352      0.553338382119E-35
   402.123859659      0.218543979559E-34
   408.407044967      0.650091432662E-35
   414.690230274      0.687182570847E-35
   420.973415581      0.539961442292E-35
   427.256600888      0.590094777402E-35
   433.539786195      0.541314560954E-35
   439.822971503      0.557609317306E-35
   446.106156810      0.548615003619E-35
   452.389342117      0.532834954625E-35
   458.672527424      0.485132915514E-35
   464.955712731      0.483685782214E-35
   471.238898038      0.427133721405E-35
   477.522083346      0.447014053296E-35
   483.805268653      0.346439054459E-35
   490.088453960      0.303002782364E-35
   496.371639267      0.383386735994E-35
   502.654824574      0.324482857794E-35
   508.938009882      0.259700197839E-35
   515.221195189      0.305355159275E-35
   521.504380496      0.388704648502E-35
   527.787565803      0.263142327455E-35
   534.070751110      0.235292814648E-35
   540.353936417      0.175178139684E-35
   546.637121725      0.216625538482E-35
   552.920307032      0.217507972747E-35
   559.203492339      0.137377923458E-35
   565.486677646      0.189824853535E-35
   571.769862953      0.988325994129E-36
   578.053048261      0.912209353719E-36
   584.336233568      0.699066858697E-36
   590.619418875      0.762018278929E-36
   596.902604182      0.602770552292E-36
   603.185789489      0.547981547610E-36
   609.468974796      0.470483954403E-36
   615.752160104      0.430116097178E-36
   622.035345411      0.351174342253E-36
   628.318530718      0.314901198725E-36
   634.601716025      0.246423510743E-36
   640.884901332      0.238043050857E-36
   647.168086639      0.195545291870E-36
   653.451271947      0.125241999522E-36
   659.734457254      0.134979400147E-36
   666.017642561      0.116175718787E-36
   672.300827868      0.859058229288E-37
   678.584013175      0.377992619892E-37
   684.867198483      0.125726265362E-37
   691.150383790      0.267807577214E-37
   697.433569097      0.264615127184E-39
   6.28318530718      0.436483309299E-41
   12.5663706144      0.316509580065E-02
   18.8495559215      0.101515667852E-05
   25.1327412287      0.381131253287E-09
   31.4159265359      0.929281945444E-10
   37.6991118431      0.913817232803E-14
   43.9822971503      0.991091268541E-15
   50.2654824574      0.521690594857E-18
   56.5486677646      0.181682526022E-22
   62.8318530718      0.571620217339E-26
   69.1150383790      0.146759260466E-28
   75.3982236862      0.234406613762E-33
   81.6814089933      0.594116731302E-35
   87.9645943005      0.337364826558E-34
   94.2477796077      0.916086753234E-35
   100.530964915      0.378077915333E-34
   106.814150222      0.562361076471E-35
   113.097335529      0.514294602916E-34
   119.380520836      0.564119344644E-35
   125.663706144      0.212304860108E-34
   131.946891451      0.944804681349E-35
   138.230076758      0.193522702657E-34
   144.513262065      0.975014714387E-35
   150.796447372      0.516434278583E-34
   157.079632679      0.334660373124E-34
   163.362817987      0.666620676694E-34
   169.646003294      0.163542963957E-34
   175.929188601      0.676791733560E-34
   182.212373908      0.102460170639E-34
   188.495559215      0.263821505692E-34
   194.778744523      0.135608422019E-34
   201.061929830      0.732597808295E-34
   207.345115137      0.103408533431E-34
   213.628300444      0.152434693752E-33
   219.911485751      0.109162318630E-34
   226.194671058      0.188240281139E-34
   232.477856366      0.119881832038E-34
   238.761041673      0.460582168767E-34
   245.044226980      0.159866273304E-34
   251.327412287      0.273386047093E-34
   257.610597594      0.165210181518E-34
   263.893782902      0.285463636506E-34
   270.176968209      0.215400492964E-34
   276.460153516      0.171947095488E-34
   282.743338823      0.108060342708E-34
   289.026524130      0.146473159203E-34
   295.309709437      0.106411431865E-34
   301.592894745      0.179367665458E-34
   307.876080052      0.960944178598E-35
   314.159265359      0.141278247688E-34
   320.442450666      0.831753720673E-35
   326.725635973      0.154226144464E-34
   333.008821281      0.905111682279E-35
   339.292006588      0.142146347160E-34
   345.575191895      0.687228806309E-35
   351.858377202      0.141898225739E-34
   358.141562509      0.640617473594E-35
   364.424747816      0.153202313677E-34
   370.707933124      0.629774127664E-35
   376.991118431      0.102784747712E-34
   383.274303738      0.611859545568E-35
   389.557489045      0.879065922527E-35
   395.840674352      0.621179603306E-35
   402.123859659      0.212475152618E-34
   408.407044967      0.694696303639E-35
   414.690230274      0.758009365112E-35
   420.973415581      0.552807217401E-35
   427.256600888      0.584283556457E-35
   433.539786195      0.526212291841E-35
   439.822971503      0.519937576613E-35
   446.106156810      0.467571551745E-35
   452.389342117      0.442859426524E-35
   458.672527424      0.437280328760E-35
   464.955712731      0.459282070233E-35
   471.238898038      0.421005725943E-35
   477.522083346      0.460180712178E-35
   483.805268653      0.342684386627E-35
   490.088453960      0.317773320741E-35
   496.371639267      0.298472850410E-35
   502.654824574      0.316954387013E-35
   508.938009882      0.266516876608E-35
   515.221195189      0.272081773752E-35
   521.504380496      0.298603371207E-35
   527.787565803      0.254528170807E-35
   534.070751110      0.263475826945E-35
   540.353936417      0.192474012225E-35
   546.637121725      0.196412994074E-35
   552.920307032      0.198678265712E-35
   559.203492339      0.146185887092E-35
   565.486677646      0.159130333362E-35
   571.769862953      0.101865546264E-35
   578.053048261      0.910227627833E-36
   584.336233568      0.730686973397E-36
   590.619418875      0.702961743602E-36
   596.902604182      0.568126859919E-36
   603.185789489      0.505385646868E-36
   609.468974796      0.418517402614E-36
   615.752160104      0.389908589261E-36
   622.035345411      0.348075840497E-36
   628.318530718      0.301446234718E-36
   634.601716025      0.270391041981E-36
   640.884901332      0.223568460515E-36
   647.168086639      0.206271248763E-36
   653.451271947      0.127539759230E-36
   659.734457254      0.101133038973E-36
   666.017642561      0.910317997401E-37
   672.300827868      0.710578398502E-37
   678.584013175      0.404368482717E-37
   684.867198483      0.169589762686E-37
   691.150383790      0.682698313254E-38
   697.433569097      0.150356043100E-39
   6.28318530718      0.133246470772E-40
   12.5663706144      0.316416974558E-02
   18.8495559215      0.180361821664E-05
   25.1327412287      0.120363885633E-08
   31.4159265359      0.293609880152E-09
   37.6991118431      0.515187640024E-13
   43.9822971503      0.555109627176E-14
   50.2654824574      0.521316189748E-17
   56.5486677646      0.329411698748E-21
   62.8318530718      0.139261778405E-24
   69.1150383790      0.593848299496E-27
   75.3982236862      0.384102539845E-30
   81.6814089933      0.727360432529E-35
   87.9645943005      0.263217199365E-34
   94.2477796077      0.139608917253E-34
   100.530964915      0.378876374764E-34
   106.814150222      0.769932700075E-35
   113.097335529      0.439384452864E-34
   119.380520836      0.925952297776E-35
   125.663706144      0.217036744607E-34
   131.946891451      0.719709708247E-35
   138.230076758      0.386626370425E-34
   144.513262065      0.103879481302E-34
   150.796447372      0.501304309689E-34
   157.079632679      0.311448913632E-34
   163.362817987      0.857798253297E-34
   169.646003294      0.213601501830E-34
   175.929188601      0.815677872221E-34
   182.212373908      0.110530864093E-34
   188.495559215      0.327075556226E-34
   194.778744523      0.143039514738E-34
   201.061929830      0.107910296453E-33
   207.345115137      0.180428094298E-34
   213.628300444      0.168156415266E-33
   219.911485751      0.156990266141E-34
   226.194671058      0.227043281508E-34
   232.477856366      0.137694418842E-34
   238.761041673      0.507928096862E-34
   245.044226980      0.195720692048E-34
   251.327412287      0.351839096859E-34
   257.610597594      0.178345092839E-34
   263.893782902      0.355968356961E-34
   270.176968209      0.225319973903E-34
   276.460153516      0.165444779263E-34
   282.743338823      0.120319827747E-34
   289.026524130      0.124396060888E-34
   295.309709437      0.119760417263E-34
   301.592894745      0.169585662057E-34
   307.876080052      0.124328039233E-34
   314.159265359      0.232256904483E-34
   320.442450666      0.994938221674E-35
   326.725635973      0.190392152127E-34
   333.008821281      0.111591560104E-34
   339.292006588      0.131415141666E-34
   345.575191895      0.898063912066E-35
   351.858377202      0.123532310197E-34
   358.141562509      0.805247070878E-35
   364.424747816      0.988797977923E-35
   370.707933124      0.756408807519E-35
   376.991118431      0.943470154654E-35
   383.274303738      0.716876349465E-35
   389.557489045      0.111032095249E-34
   395.840674352      0.583080720697E-35
   402.123859659      0.304618864575E-34
   408.407044967      0.660010389632E-35
   414.690230274      0.707643244444E-35
   420.973415581      0.644057669929E-35
   427.256600888      0.597129648266E-35
   433.539786195      0.536674554812E-35
   439.822971503      0.495660522596E-35
   446.106156810      0.536030313140E-35
   452.389342117      0.496269975859E-35
   458.672527424      0.441969309605E-35
   464.955712731      0.429031864128E-35
   471.238898038      0.399823528889E-35
   477.522083346      0.456789896110E-35
   483.805268653      0.347100469071E-35
   490.088453960      0.333462078646E-35
   496.371639267      0.294804231725E-35
   502.654824574      0.319840222129E-35
   508.938009882      0.269584801702E-35
   515.221195189      0.263673717099E-35
   521.504380496      0.278922385004E-35
   527.787565803      0.233954364434E-35
   534.070751110      0.257664811075E-35
   540.353936417      0.201981280304E-35
   546.637121725      0.173100075117E-35
   552.920307032      0.220268426009E-35
   559.203492339      0.155677195667E-35
   565.486677646      0.167617592319E-35
   571.769862953      0.994342325483E-36
   578.053048261      0.946657572063E-36
   584.336233568      0.789671821281E-36
   590.619418875      0.739711371944E-36
   596.902604182      0.581135455179E-36
   603.185789489      0.562129678690E-36
   609.468974796      0.416825204265E-36
   615.752160104      0.416419669626E-36
   622.035345411      0.360574819055E-36
   628.318530718      0.274580996898E-36
   634.601716025      0.228239921138E-36
   640.884901332      0.205582350324E-36
   647.168086639      0.186676557948E-36
   653.451271947      0.138854445951E-36
   659.734457254      0.119739174205E-36
   666.017642561      0.120655406400E-36
   672.300827868      0.910010822888E-37
   678.584013175      0.518255815812E-37
   684.867198483      0.189485377822E-37
   691.150383790      0.378637784421E-37
   697.433569097      0.882464805129E-39
   6.28318530718      0.208220227514E-40
   12.5663706144      0.316297964926E-02
   18.8495559215      0.281593622029E-05
   25.1327412287      0.293567422331E-08
   31.4159265359      0.716540377998E-09
   37.6991118431      0.197381681667E-12
   43.9822971503      0.210910240566E-13
   50.2654824574      0.310898694816E-16
   56.5486677646      0.309733249612E-20
   62.8318530718      0.174356741798E-23
   69.1150383790      0.110314810740E-25
   75.3982236862      0.819235581946E-29
   81.6814089933      0.391895039573E-32
   87.9645943005      0.270702398600E-34
   94.2477796077      0.160857741249E-34
   100.530964915      0.547259469128E-34
   106.814150222      0.124540222510E-34
   113.097335529      0.550309518151E-34
   119.380520836      0.940685297693E-35
   125.663706144      0.367860472588E-34
   131.946891451      0.654404272307E-35
   138.230076758      0.538699535995E-34
   144.513262065      0.146193227582E-34
   150.796447372      0.442919503217E-34
   157.079632679      0.294404137624E-34
   163.362817987      0.905564722653E-34
   169.646003294      0.285382861223E-34
   175.929188601      0.107347592798E-33
   182.212373908      0.112769532401E-34
   188.495559215      0.439327162140E-34
   194.778744523      0.123849214514E-34
   201.061929830      0.121078831981E-33
   207.345115137      0.169127590505E-34
   213.628300444      0.143013479832E-33
   219.911485751      0.164797126755E-34
   226.194671058      0.312418240594E-34
   232.477856366      0.201964478444E-34
   238.761041673      0.773729830937E-34
   245.044226980      0.235291257107E-34
   251.327412287      0.382083443720E-34
   257.610597594      0.204248541907E-34
   263.893782902      0.330742788258E-34
   270.176968209      0.227676817725E-34
   276.460153516      0.174767142376E-34
   282.743338823      0.130012167963E-34
   289.026524130      0.155261938438E-34
   295.309709437      0.146925608757E-34
   301.592894745      0.200081995071E-34
   307.876080052      0.135021729201E-34
   314.159265359      0.235798476117E-34
   320.442450666      0.125114747184E-34
   326.725635973      0.177676349912E-34
   333.008821281      0.108586192722E-34
   339.292006588      0.147866070422E-34
   345.575191895      0.894231667249E-35
   351.858377202      0.218270682077E-34
   358.141562509      0.859659294375E-35
   364.424747816      0.114003235889E-34
   370.707933124      0.893465903717E-35
   376.991118431      0.853680107968E-35
   383.274303738      0.653711005700E-35
   389.557489045      0.883180432003E-35
   395.840674352      0.663682648859E-35
   402.123859659      0.251094262345E-34
   408.407044967      0.728609816221E-35
   414.690230274      0.682008946710E-35
   420.973415581      0.535900489563E-35
   427.256600888      0.593309573333E-35
   433.539786195      0.536991390916E-35
   439.822971503      0.478920660491E-35
   446.106156810      0.473816874976E-35
   452.389342117      0.455150696395E-35
   458.672527424      0.430994009356E-35
   464.955712731      0.426963868007E-35
   471.238898038      0.389017958942E-35
   477.522083346      0.376337225200E-35
   483.805268653      0.348801731563E-35
   490.088453960      0.346678636631E-35
   496.371639267      0.327743019353E-35
   502.654824574      0.340058519048E-35
   508.938009882      0.257585297564E-35
   515.221195189      0.298140832493E-35
   521.504380496      0.352038414978E-35
   527.787565803      0.249329770806E-35
   534.070751110      0.258429430801E-35
   540.353936417      0.182694678382E-35
   546.637121725      0.206162760457E-35
   552.920307032      0.210508549298E-35
   559.203492339      0.133942925048E-35
   565.486677646      0.166707055881E-35
   571.769862953      0.102510313214E-35
   578.053048261      0.987904953796E-36
   584.336233568      0.774217925006E-36
   590.619418875      0.689916603522E-36
   596.902604182      0.618652234492E-36
   603.185789489      0.597272747516E-36
   609.468974796      0.441676192135E-36
   615.752160104      0.387771242300E-36
   622.035345411      0.330825692816E-36
   628.318530718      0.296537921114E-36
   634.601716025      0.252371030938E-36
   640.884901332      0.227690618118E-36
   647.168086639      0.179025076641E-36
   653.451271947      0.121636139083E-36
   659.734457254      0.113801439595E-36
   666.017642561      0.921579559166E-37
   672.300827868      0.622721134777E-37
   678.584013175      0.457523171765E-37
   684.867198483      0.146171093551E-37
   691.150383790      0.253523054758E-37
   697.433569097      0.196512676608E-38
   6.28318530718      0.164635846754E-40
   12.5663706144      0.316152592103E-02
   18.8495559215      0.405105054521E-05
   25.1327412287      0.608008263415E-08
   31.4159265359      0.148510402138E-08
   37.6991118431      0.592475619845E-12
   43.9822971503      0.626724290882E-13
   50.2654824574      0.133772635009E-15
   56.5486677646      0.193276287482E-19
   62.8318530718      0.143005277900E-22
   69.1150383790      0.123760825825E-24
   75.3982236862      0.104095477292E-27
   81.6814089933      0.370197156133E-30
   87.9645943005      0.456245406534E-34
   94.2477796077      0.154600810021E-34
   100.530964915      0.457380971568E-34
   106.814150222      0.753132095419E-35
   113.097335529      0.393600034059E-34
   119.380520836      0.758953383519E-35
   125.663706144      0.350645810985E-34
   131.946891451      0.875179476244E-35
   138.230076758      0.443596094200E-34
   144.513262065      0.157560684410E-34
   150.796447372      0.503545763566E-34
   157.079632679      0.371070121652E-34
   163.362817987      0.116867248308E-33
   169.646003294      0.230959290939E-34
   175.929188601      0.148272614784E-33
   182.212373908      0.159561316507E-34
   188.495559215      0.507928030825E-34
   194.778744523      0.136067623949E-34
   201.061929830      0.118410410843E-33
   207.345115137      0.173941305505E-34
   213.628300444      0.172912718194E-33
   219.911485751      0.186700157628E-34
   226.194671058      0.302362478013E-34
   232.477856366      0.173555471613E-34
   238.761041673      0.814044950196E-34
   245.044226980      0.228188303022E-34
   251.327412287      0.449010625286E-34
   257.610597594      0.234929972625E-34
   263.893782902      0.405634985488E-34
   270.176968209      0.244278241083E-34
   276.460153516      0.208214577869E-34
   282.743338823      0.149398214380E-34
   289.026524130      0.178043014791E-34
   295.309709437      0.157704841435E-34
   301.592894745      0.173410545941E-34
   307.876080052      0.131623689150E-34
   314.159265359      0.213532916865E-34
   320.442450666      0.117566409879E-34
   326.725635973      0.155940680305E-34
   333.008821281      0.120286467164E-34
   339.292006588      0.166449422787E-34
   345.575191895      0.105767561628E-34
   351.858377202      0.208283543767E-34
   358.141562509      0.846580343208E-35
   364.424747816      0.141208992691E-34
   370.707933124      0.785956426285E-35
   376.991118431      0.855302435625E-35
   383.274303738      0.759221439376E-35
   389.557489045      0.841129912347E-35
   395.840674352      0.643481237819E-35
   402.123859659      0.136707649677E-34
   408.407044967      0.719464374703E-35
   414.690230274      0.777803082669E-35
   420.973415581      0.556974856198E-35
   427.256600888      0.572430481225E-35
   433.539786195      0.517998996380E-35
   439.822971503      0.545066538141E-35
   446.106156810      0.537718381011E-35
   452.389342117      0.505790990190E-35
   458.672527424      0.437828961838E-35
   464.955712731      0.409486012108E-35
   471.238898038      0.369559337455E-35
   477.522083346      0.391343756587E-35
   483.805268653      0.382634366412E-35
   490.088453960      0.334875094293E-35
   496.371639267      0.353420887573E-35
   502.654824574      0.331110884802E-35
   508.938009882      0.276780749605E-35
   515.221195189      0.314606189648E-35
   521.504380496      0.271848531618E-35
   527.787565803      0.301294838989E-35
   534.070751110      0.301364743828E-35
   540.353936417      0.212504572199E-35
   546.637121725      0.228562530315E-35
   552.920307032      0.257781357216E-35
   559.203492339      0.147358149876E-35
   565.486677646      0.147932588977E-35
   571.769862953      0.105479049452E-35
   578.053048261      0.988747724852E-36
   584.336233568      0.714146354941E-36
   590.619418875      0.727593219170E-36
   596.902604182      0.582866887769E-36
   603.185789489      0.550477406162E-36
   609.468974796      0.399898576130E-36
   615.752160104      0.397430990465E-36
   622.035345411      0.324921222855E-36
   628.318530718      0.286006480653E-36
   634.601716025      0.232797328231E-36
   640.884901332      0.206472448822E-36
   647.168086639      0.186443552739E-36
   653.451271947      0.123728169404E-36
   659.734457254      0.102168806085E-36
   666.017642561      0.907324215105E-37
   672.300827868      0.551996334828E-37
   678.584013175      0.413803268357E-37
   684.867198483      0.135095279092E-37
   691.150383790      0.316642607482E-37
   697.433569097      0.115110484537E-38
   6.28318530718      0.306434759918E-40
   12.5663706144      0.315980906114E-02
   18.8495559215      0.550766939255E-05
   25.1327412287      0.112480812511E-07
   31.4159265359      0.274976744915E-08
   37.6991118431      0.150316905528E-11
   43.9822971503      0.157141550981E-12
   50.2654824574      0.459518895260E-15
   56.5486677646      0.910240521690E-19
   62.8318530718      0.872155672819E-22
   69.1150383790      0.975071328997E-24
   75.3982236862      0.913427536282E-27
   81.6814089933      0.224707698121E-29
   87.9645943005      0.584167738742E-34
   94.2477796077      0.208940624862E-34
   100.530964915      0.475141107068E-34
   106.814150222      0.101047089933E-34
   113.097335529      0.681369445840E-34
   119.380520836      0.963055719172E-35
   125.663706144      0.484591704847E-34
   131.946891451      0.134575881114E-34
   138.230076758      0.448265251422E-34
   144.513262065      0.194991275937E-34
   150.796447372      0.454580255923E-34
   157.079632679      0.397437180990E-34
   163.362817987      0.103311311133E-33
   169.646003294      0.253662475901E-34
   175.929188601      0.213374963708E-33
   182.212373908      0.249057207478E-34
   188.495559215      0.919029603072E-34
   194.778744523      0.162207992015E-34
   201.061929830      0.180411935700E-33
   207.345115137      0.201671760242E-34
   213.628300444      0.253919192523E-33
   219.911485751      0.230455475042E-34
   226.194671058      0.350017371480E-34
   232.477856366      0.221317778271E-34
   238.761041673      0.844802181970E-34
   245.044226980      0.276528853258E-34
   251.327412287      0.453446405634E-34
   257.610597594      0.283358960236E-34
   263.893782902      0.555329436758E-34
   270.176968209      0.271846547457E-34
   276.460153516      0.233256088217E-34
   282.743338823      0.171157416468E-34
   289.026524130      0.194694146162E-34
   295.309709437      0.182532555698E-34
   301.592894745      0.233722684030E-34
   307.876080052      0.154965269798E-34
   314.159265359      0.221771277274E-34
   320.442450666      0.132104704737E-34
   326.725635973      0.177784569629E-34
   333.008821281      0.133961754702E-34
   339.292006588      0.174182500709E-34
   345.575191895      0.114435440622E-34
   351.858377202      0.166334794667E-34
   358.141562509      0.966969013403E-35
   364.424747816      0.170493519824E-34
   370.707933124      0.852247709417E-35
   376.991118431      0.101328469754E-34
   383.274303738      0.735124411702E-35
   389.557489045      0.114390675057E-34
   395.840674352      0.700541469530E-35
   402.123859659      0.174810304504E-34
   408.407044967      0.784681077487E-35
   414.690230274      0.768480899162E-35
   420.973415581      0.643964482778E-35
   427.256600888      0.580326218970E-35
   433.539786195      0.509508253091E-35
   439.822971503      0.550302243324E-35
   446.106156810      0.565098807360E-35
   452.389342117      0.548385212774E-35
   458.672527424      0.442875985761E-35
   464.955712731      0.454761331719E-35
   471.238898038      0.448529637586E-35
   477.522083346      0.502928960706E-35
   483.805268653      0.434172821079E-35
   490.088453960      0.341181457461E-35
   496.371639267      0.325143209132E-35
   502.654824574      0.362743013650E-35
   508.938009882      0.268993940438E-35
   515.221195189      0.268130302541E-35
   521.504380496      0.262232951424E-35
   527.787565803      0.223803598421E-35
   534.070751110      0.236346311325E-35
   540.353936417      0.186396908602E-35
   546.637121725      0.204959739532E-35
   552.920307032      0.200652114776E-35
   559.203492339      0.132064864525E-35
   565.486677646      0.145091201990E-35
   571.769862953      0.972322446950E-36
   578.053048261      0.955648657165E-36
   584.336233568      0.772135263577E-36
   590.619418875      0.750397732136E-36
   596.902604182      0.607993910266E-36
   603.185789489      0.540892490351E-36
   609.468974796      0.409804694160E-36
   615.752160104      0.392583493699E-36
   622.035345411      0.360461662011E-36
   628.318530718      0.277726658214E-36
   634.601716025      0.248836369638E-36
   640.884901332      0.223218919565E-36
   647.168086639      0.189575154450E-36
   653.451271947      0.146374657769E-36
   659.734457254      0.123202140225E-36
   666.017642561      0.101051928674E-36
   672.300827868      0.633708780390E-37
   678.584013175      0.392204556457E-37
   684.867198483      0.146992006106E-37
   691.150383790      0.270265569268E-37
   697.433569097      0.330512969999E-38
   6.28318530718      0.631832607815E-41
   12.5663706144      0.315782966066E-02
   18.8495559215      0.718427165197E-05
   25.1327412287      0.191572587413E-07
   31.4159265359      0.468787202865E-08
   37.6991118431      0.337272012573E-11
   43.9822971503      0.347881376287E-12
   50.2654824574      0.133865107079E-14
   56.5486677646      0.349137291990E-18
   62.8318530718      0.426823969763E-21
   69.1150383790      0.590875477742E-23
   75.3982236862      0.607515554122E-26
   81.6814089933      0.122208820677E-28
   87.9645943005      0.341807652654E-32
   94.2477796077      0.272806673227E-34
   100.530964915      0.322142244642E-34
   106.814150222      0.905291582931E-35
   113.097335529      0.411212366383E-34
   119.380520836      0.914473608527E-35
   125.663706144      0.547716736761E-34
   131.946891451      0.170040930005E-34
   138.230076758      0.632030854873E-34
   144.513262065      0.197887503028E-34
   150.796447372      0.496408412914E-34
   157.079632679      0.371370552106E-34
   163.362817987      0.110136952748E-33
   169.646003294      0.324498477515E-34
   175.929188601      0.273316287688E-33
   182.212373908      0.225887122105E-34
   188.495559215      0.111000912270E-33
   194.778744523      0.167954872200E-34
   201.061929830      0.153080280261E-33
   207.345115137      0.257497519141E-34
   213.628300444      0.308891447311E-33
   219.911485751      0.273692241827E-34
   226.194671058      0.525830648876E-34
   232.477856366      0.230878678223E-34
   238.761041673      0.875935436090E-34
   245.044226980      0.323329951358E-34
   251.327412287      0.627000597702E-34
   257.610597594      0.279635836782E-34
   263.893782902      0.632131603451E-34
   270.176968209      0.280566170715E-34
   276.460153516      0.263071907818E-34
   282.743338823      0.185845140336E-34
   289.026524130      0.239952181658E-34
   295.309709437      0.208449348857E-34
   301.592894745      0.260897365779E-34
   307.876080052      0.178091585174E-34
   314.159265359      0.258153889465E-34
   320.442450666      0.140326890441E-34
   326.725635973      0.195736172223E-34
   333.008821281      0.129522378090E-34
   339.292006588      0.164269915445E-34
   345.575191895      0.124606916817E-34
   351.858377202      0.151250776278E-34
   358.141562509      0.981652826133E-35
   364.424747816      0.108987003424E-34
   370.707933124      0.867623594317E-35
   376.991118431      0.110134240652E-34
   383.274303738      0.767216028042E-35
   389.557489045      0.105769748586E-34
   395.840674352      0.662676986675E-35
   402.123859659      0.188385126961E-34
   408.407044967      0.738342853916E-35
   414.690230274      0.717038073611E-35
   420.973415581      0.553961887176E-35
   427.256600888      0.690561674701E-35
   433.539786195      0.510503274990E-35
   439.822971503      0.482196193584E-35
   446.106156810      0.487083224024E-35
   452.389342117      0.474397812809E-35
   458.672527424      0.462518744129E-35
   464.955712731      0.476576613840E-35
   471.238898038      0.370938119589E-35
   477.522083346      0.523027047739E-35
   483.805268653      0.400896703404E-35
   490.088453960      0.369306765538E-35
   496.371639267      0.351611183369E-35
   502.654824574      0.430330555308E-35
   508.938009882      0.280050308723E-35
   515.221195189      0.256043782380E-35
   521.504380496      0.327041245058E-35
   527.787565803      0.262290436329E-35
   534.070751110      0.215012182270E-35
   540.353936417      0.197351052471E-35
   546.637121725      0.200106280400E-35
   552.920307032      0.233630535632E-35
   559.203492339      0.135709035389E-35
   565.486677646      0.242469916297E-35
   571.769862953      0.102009107653E-35
   578.053048261      0.958079939262E-36
   584.336233568      0.766903937711E-36
   590.619418875      0.748373502623E-36
   596.902604182      0.625472513053E-36
   603.185789489      0.522094586983E-36
   609.468974796      0.430071884605E-36
   615.752160104      0.408506422366E-36
   622.035345411      0.313784148618E-36
   628.318530718      0.285607072605E-36
   634.601716025      0.243151588097E-36
   640.884901332      0.217272791894E-36
   647.168086639      0.201024602678E-36
   653.451271947      0.146250928290E-36
   659.734457254      0.103921397914E-36
   666.017642561      0.924337352025E-37
   672.300827868      0.716813243899E-37
   678.584013175      0.417189636947E-37
   684.867198483      0.155895429102E-37
   691.150383790      0.362329382729E-37
   697.433569097      0.483308228933E-39
   6.28318530718      0.100639760628E-39
   12.5663706144      0.315558840144E-02
   18.8495559215      0.907910965566E-05
   25.1327412287      0.306292315053E-07
   31.4159265359      0.750338349152E-08
   37.6991118431      0.689068490013E-11
   43.9822971503      0.700170868337E-12
   50.2654824574      0.343863869477E-14
   56.5486677646      0.114543227582E-17
   62.8318530718      0.176186264638E-20
   69.1150383790      0.292227637142E-22
   75.3982236862      0.326324095928E-25
   81.6814089933      0.623084725413E-28
   87.9645943005      0.147782150997E-30
   94.2477796077      0.230827435792E-34
   100.530964915      0.570887068044E-34
   106.814150222      0.947650713326E-35
   113.097335529      0.584712579696E-34
   119.380520836      0.978891121343E-35
   125.663706144      0.471476172749E-34
   131.946891451      0.127578864510E-34
   138.230076758      0.637489915316E-34
   144.513262065      0.190330889112E-34
   150.796447372      0.487927291285E-34
   157.079632679      0.356870114866E-34
   163.362817987      0.150525926023E-33
   169.646003294      0.351448848920E-34
   175.929188601      0.284052596515E-33
   182.212373908      0.234461472942E-34
   188.495559215      0.121190305558E-33
   194.778744523      0.211306018940E-34
   201.061929830      0.212967748916E-33
   207.345115137      0.230019730050E-34
   213.628300444      0.371232222240E-33
   219.911485751      0.264781013577E-34
   226.194671058      0.556830159326E-34
   232.477856366      0.255464450440E-34
   238.761041673      0.111819173352E-33
   245.044226980      0.392592204112E-34
   251.327412287      0.625459482418E-34
   257.610597594      0.359236010082E-34
   263.893782902      0.680920984985E-34
   270.176968209      0.355524186240E-34
   276.460153516      0.289829591914E-34
   282.743338823      0.193743416397E-34
   289.026524130      0.267711252073E-34
   295.309709437      0.205417811196E-34
   301.592894745      0.237496580030E-34
   307.876080052      0.186027565770E-34
   314.159265359      0.234373625018E-34
   320.442450666      0.151221159650E-34
   326.725635973      0.198198793538E-34
   333.008821281      0.137721133716E-34
   339.292006588      0.153669342699E-34
   345.575191895      0.129216808040E-34
   351.858377202      0.170687491422E-34
   358.141562509      0.109342829965E-34
   364.424747816      0.180751379519E-34
   370.707933124      0.897341554679E-35
   376.991118431      0.871205730834E-35
   383.274303738      0.793650677766E-35
   389.557489045      0.998136689665E-35
   395.840674352      0.714728685926E-35
   402.123859659      0.432527680273E-34
   408.407044967      0.833248173998E-35
   414.690230274      0.730706953364E-35
   420.973415581      0.546343256082E-35
   427.256600888      0.635929372403E-35
   433.539786195      0.493481829718E-35
   439.822971503      0.466875587182E-35
   446.106156810      0.478239856450E-35
   452.389342117      0.465211314662E-35
   458.672527424      0.472268924078E-35
   464.955712731      0.390939026067E-35
   471.238898038      0.419678288500E-35
   477.522083346      0.464200835564E-35
   483.805268653      0.346844528156E-35
   490.088453960      0.338233908572E-35
   496.371639267      0.332342687413E-35
   502.654824574      0.347794167012E-35
   508.938009882      0.279355382363E-35
   515.221195189      0.287431131439E-35
   521.504380496      0.284017916385E-35
   527.787565803      0.224490414524E-35
   534.070751110      0.286690577430E-35
   540.353936417      0.194720244985E-35
   546.637121725      0.226249500875E-35
   552.920307032      0.215871616671E-35
   559.203492339      0.136146551483E-35
   565.486677646      0.163699983996E-35
   571.769862953      0.104881458885E-35
   578.053048261      0.932851130381E-36
   584.336233568      0.747853711489E-36
   590.619418875      0.746884121970E-36
   596.902604182      0.657725621468E-36
   603.185789489      0.568316439889E-36
   609.468974796      0.409047538056E-36
   615.752160104      0.395498299835E-36
   622.035345411      0.341087142098E-36
   628.318530718      0.335790400861E-36
   634.601716025      0.280577307515E-36
   640.884901332      0.229748700557E-36
   647.168086639      0.200619461858E-36
   653.451271947      0.144284669350E-36
   659.734457254      0.109191154045E-36
   666.017642561      0.899782815234E-37
   672.300827868      0.627758395424E-37
   678.584013175      0.367185608978E-37
   684.867198483      0.235601457674E-37
   691.150383790      0.135291975622E-37
   697.433569097      0.470335952090E-39
   6.28318530718      0.542649842033E-40
   12.5663706144      0.315308605598E-02
   18.8495559215      0.111902123358E-04
   25.1327412287      0.465869664673E-07
   31.4159265359      0.114265964323E-07
   37.6991118431      0.130767797055E-10
   43.9822971503      0.130705168584E-11
   50.2654824574      0.799871614483E-14
   56.5486677646      0.332340488462E-17
   62.8318530718      0.634999237641E-20
   69.1150383790      0.122896166422E-21
   75.3982236862      0.148192236942E-24
   81.6814089933      0.295668590381E-27
   87.9645943005      0.203375166669E-29
   94.2477796077      0.844331996630E-33
   100.530964915      0.546157351497E-34
   106.814150222      0.155101238127E-34
   113.097335529      0.605647595910E-34
   119.380520836      0.127261848397E-34
   125.663706144      0.564381482735E-34
   131.946891451      0.140573355806E-34
   138.230076758      0.643048365274E-34
   144.513262065      0.218460398475E-34
   150.796447372      0.554017805281E-34
   157.079632679      0.423345050103E-34
   163.362817987      0.178589648118E-33
   169.646003294      0.320714700227E-34
   175.929188601      0.295562793898E-33
   182.212373908      0.315852865011E-34
   188.495559215      0.138899387257E-33
   194.778744523      0.257483644806E-34
   201.061929830      0.238163583489E-33
   207.345115137      0.254143855847E-34
   213.628300444      0.415535611463E-33
   219.911485751      0.301653576780E-34
   226.194671058      0.542163870868E-34
   232.477856366      0.302373931498E-34
   238.761041673      0.120403837650E-33
   245.044226980      0.408324140810E-34
   251.327412287      0.865876360741E-34
   257.610597594      0.344682341775E-34
   263.893782902      0.725485186990E-34
   270.176968209      0.343316071674E-34
   276.460153516      0.289665726812E-34
   282.743338823      0.211131825266E-34
   289.026524130      0.270998462871E-34
   295.309709437      0.231976980499E-34
   301.592894745      0.213664811585E-34
   307.876080052      0.204664402055E-34
   314.159265359      0.255453314621E-34
   320.442450666      0.166673805559E-34
   326.725635973      0.216373598310E-34
   333.008821281      0.161642892510E-34
   339.292006588      0.221020386476E-34
   345.575191895      0.130270875881E-34
   351.858377202      0.199159637198E-34
   358.141562509      0.102594406299E-34
   364.424747816      0.150290081773E-34
   370.707933124      0.974634950312E-35
   376.991118431      0.912655957061E-35
   383.274303738      0.844065122596E-35
   389.557489045      0.812696960624E-35
   395.840674352      0.810462448865E-35
   402.123859659      0.293484693737E-34
   408.407044967      0.822761245786E-35
   414.690230274      0.765381285207E-35
   420.973415581      0.618148848146E-35
   427.256600888      0.597688251791E-35
   433.539786195      0.522850731759E-35
   439.822971503      0.513440107929E-35
   446.106156810      0.454339631557E-35
   452.389342117      0.433455571043E-35
   458.672527424      0.456766661449E-35
   464.955712731      0.440322190875E-35
   471.238898038      0.407479189853E-35
   477.522083346      0.407658556489E-35
   483.805268653      0.370144981761E-35
   490.088453960      0.366408574649E-35
   496.371639267      0.345853827667E-35
   502.654824574      0.391372434487E-35
   508.938009882      0.261876982774E-35
   515.221195189      0.277928860286E-35
   521.504380496      0.299925089674E-35
   527.787565803      0.230632777718E-35
   534.070751110      0.286481585701E-35
   540.353936417      0.203533948173E-35
   546.637121725      0.178108834970E-35
   552.920307032      0.216834180619E-35
   559.203492339      0.153380260482E-35
   565.486677646      0.201295491425E-35
   571.769862953      0.115816330805E-35
   578.053048261      0.983493067237E-36
   584.336233568      0.833495013111E-36
   590.619418875      0.762713813016E-36
   596.902604182      0.597625542688E-36
   603.185789489      0.525062165169E-36
   609.468974796      0.433690386324E-36
   615.752160104      0.398632713835E-36
   622.035345411      0.306853878888E-36
   628.318530718      0.288758005762E-36
   634.601716025      0.248117500465E-36
   640.884901332      0.226090666715E-36
   647.168086639      0.180617384066E-36
   653.451271947      0.107596283367E-36
   659.734457254      0.965799068583E-37
   666.017642561      0.104267058448E-36
   672.300827868      0.696768823467E-37
   678.584013175      0.343709051746E-37
   684.867198483      0.195961642333E-37
   691.150383790      0.144577962134E-37
   697.433569097      0.562431392310E-39
   6.28318530718      0.346600436771E-40
   12.5663706144      0.315032348740E-02
   18.8495559215      0.135153887770E-04
   25.1327412287      0.680517817652E-07
   31.4159265359      0.167137910870E-07
   37.6991118431      0.233806132925E-10
   43.9822971503      0.229560817241E-11
   50.2654824574      0.171717691195E-13
   56.5486677646      0.873339071685E-17
   62.8318530718      0.204877794708E-19
   69.1150383790      0.452732220010E-21
   75.3982236862      0.587635559943E-24
   81.6814089933      0.130290278953E-26
   87.9645943005      0.129759079900E-28
   94.2477796077      0.899675219189E-31
   100.530964915      0.762854558113E-34
   106.814150222      0.190423024184E-34
   113.097335529      0.757634589390E-34
   119.380520836      0.137771155335E-34
   125.663706144      0.850105316742E-34
   131.946891451      0.161893124548E-34
   138.230076758      0.111179009056E-33
   144.513262065      0.217823695690E-34
   150.796447372      0.506224606081E-34
   157.079632679      0.439747886669E-34
   163.362817987      0.162615880308E-33
   169.646003294      0.291183039034E-34
   175.929188601      0.278489163109E-33
   182.212373908      0.255197511695E-34
   188.495559215      0.123729701755E-33
   194.778744523      0.188887695313E-34
   201.061929830      0.380713423208E-33
   207.345115137      0.288823341486E-34
   213.628300444      0.593726753844E-33
   219.911485751      0.327069528804E-34
   226.194671058      0.644362708247E-34
   232.477856366      0.366899625736E-34
   238.761041673      0.129942121077E-33
   245.044226980      0.437665016869E-34
   251.327412287      0.114703605810E-33
   257.610597594      0.416311696128E-34
   263.893782902      0.902998790223E-34
   270.176968209      0.415982436754E-34
   276.460153516      0.327445431856E-34
   282.743338823      0.247200775641E-34
   289.026524130      0.305197036361E-34
   295.309709437      0.288069677151E-34
   301.592894745      0.322532843395E-34
   307.876080052      0.244351918664E-34
   314.159265359      0.361405796112E-34
   320.442450666      0.197644181207E-34
   326.725635973      0.222710902772E-34
   333.008821281      0.167746164795E-34
   339.292006588      0.189897727876E-34
   345.575191895      0.139089107408E-34
   351.858377202      0.208401163632E-34
   358.141562509      0.103440374254E-34
   364.424747816      0.231834478832E-34
   370.707933124      0.960903398426E-35
   376.991118431      0.105916437881E-34
   383.274303738      0.813542497750E-35
   389.557489045      0.926240991607E-35
   395.840674352      0.840080725385E-35
   402.123859659      0.390883812303E-34
   408.407044967      0.812625524707E-35
   414.690230274      0.728528012854E-35
   420.973415581      0.599783908422E-35
   427.256600888      0.610133427715E-35
   433.539786195      0.525470496656E-35
   439.822971503      0.527332285752E-35
   446.106156810      0.504838422568E-35
   452.389342117      0.477940702136E-35
   458.672527424      0.465559986764E-35
   464.955712731      0.418041440208E-35
   471.238898038      0.421362883525E-35
   477.522083346      0.451243967502E-35
   483.805268653      0.381037040912E-35
   490.088453960      0.378026209714E-35
   496.371639267      0.327770227554E-35
   502.654824574      0.357109499083E-35
   508.938009882      0.271419373989E-35
   515.221195189      0.299019660670E-35
   521.504380496      0.318796083906E-35
   527.787565803      0.235089558483E-35
   534.070751110      0.236032105674E-35
   540.353936417      0.223553872036E-35
   546.637121725      0.192040291745E-35
   552.920307032      0.195202450143E-35
   559.203492339      0.163430566831E-35
   565.486677646      0.193388689430E-35
   571.769862953      0.104806905597E-35
   578.053048261      0.935386170534E-36
   584.336233568      0.766248098407E-36
   590.619418875      0.722184782279E-36
   596.902604182      0.656289126879E-36
   603.185789489      0.550551829575E-36
   609.468974796      0.427486342285E-36
   615.752160104      0.416019719626E-36
   622.035345411      0.360723421735E-36
   628.318530718      0.330924449136E-36
   634.601716025      0.274698640970E-36
   640.884901332      0.231866054185E-36
   647.168086639      0.178093883879E-36
   653.451271947      0.117488026199E-36
   659.734457254      0.127916278868E-36
   666.017642561      0.109248385841E-36
   672.300827868      0.594124752500E-37
   678.584013175      0.506069844653E-37
   684.867198483      0.124310122888E-37
   691.150383790      0.218222322951E-37
   697.433569097      0.292739193916E-39
   6.28318530718      0.615061925660E-40
   12.5663706144      0.314730164923E-02
   18.8495559215      0.160522321538E-04
   25.1327412287      0.961400379948E-07
   31.4159265359      0.236468396289E-07
   37.6991118431      0.397987647265E-10
   43.9822971503      0.383357950785E-11
   50.2654824574      0.345033377911E-13
   56.5486677646      0.211547366299E-16
   62.8318530718      0.602867969188E-19
   69.1150383790      0.149375584018E-20
   75.3982236862      0.208475090087E-23
   81.6814089933      0.540155444986E-26
   87.9645943005      0.679399443888E-28
   94.2477796077      0.377386203598E-30
   100.530964915      0.848316593267E-34
   106.814150222      0.258695512688E-34
   113.097335529      0.669907956378E-34
   119.380520836      0.187854028355E-34
   125.663706144      0.875198030912E-34
   131.946891451      0.149028400728E-34
   138.230076758      0.119218369316E-33
   144.513262065      0.183850874181E-34
   150.796447372      0.624687896357E-34
   157.079632679      0.471155451434E-34
   163.362817987      0.149871167744E-33
   169.646003294      0.285152533174E-34
   175.929188601      0.287850266742E-33
   182.212373908      0.276071068331E-34
   188.495559215      0.139126210916E-33
   194.778744523      0.226895259887E-34
   201.061929830      0.452096998068E-33
   207.345115137      0.386782680980E-34
   213.628300444      0.809736785837E-33
   219.911485751      0.431115443087E-34
   226.194671058      0.626369641415E-34
   232.477856366      0.382570595275E-34
   238.761041673      0.175717392009E-33
   245.044226980      0.429403493523E-34
   251.327412287      0.109948822793E-33
   257.610597594      0.403389903873E-34
   263.893782902      0.781671300758E-34
   270.176968209      0.469218522033E-34
   276.460153516      0.324739532651E-34
   282.743338823      0.256736724080E-34
   289.026524130      0.298745124588E-34
   295.309709437      0.286986894972E-34
   301.592894745      0.287013027161E-34
   307.876080052      0.241543760158E-34
   314.159265359      0.330704248391E-34
   320.442450666      0.190172124044E-34
   326.725635973      0.218056494888E-34
   333.008821281      0.165908064770E-34
   339.292006588      0.188450182128E-34
   345.575191895      0.145373683607E-34
   351.858377202      0.195422141360E-34
   358.141562509      0.116135671845E-34
   364.424747816      0.178031290259E-34
   370.707933124      0.107918200011E-34
   376.991118431      0.126085065927E-34
   383.274303738      0.893555077624E-35
   389.557489045      0.114767482410E-34
   395.840674352      0.786734746634E-35
   402.123859659      0.275472152825E-34
   408.407044967      0.723317044234E-35
   414.690230274      0.744963363833E-35
   420.973415581      0.594546958498E-35
   427.256600888      0.655721453284E-35
   433.539786195      0.552301273753E-35
   439.822971503      0.559427261169E-35
   446.106156810      0.498102162611E-35
   452.389342117      0.464410610679E-35
   458.672527424      0.448770634052E-35
   464.955712731      0.424910854538E-35
   471.238898038      0.411539044896E-35
   477.522083346      0.433412690826E-35
   483.805268653      0.348607059355E-35
   490.088453960      0.330702087119E-35
   496.371639267      0.320602764423E-35
   502.654824574      0.358953785365E-35
   508.938009882      0.278586821704E-35
   515.221195189      0.258011204793E-35
   521.504380496      0.296533591944E-35
   527.787565803      0.246446069570E-35
   534.070751110      0.260723654877E-35
   540.353936417      0.198034462164E-35
   546.637121725      0.195263160784E-35
   552.920307032      0.202100644053E-35
   559.203492339      0.156940836327E-35
   565.486677646      0.156952764241E-35
   571.769862953      0.102528771152E-35
   578.053048261      0.951940504610E-36
   584.336233568      0.772370945732E-36
   590.619418875      0.742886672654E-36
   596.902604182      0.625572613753E-36
   603.185789489      0.542933797328E-36
   609.468974796      0.420796593107E-36
   615.752160104      0.444741452273E-36
   622.035345411      0.378917959383E-36
   628.318530718      0.321354317168E-36
   634.601716025      0.251987608808E-36
   640.884901332      0.217605064412E-36
   647.168086639      0.193255582159E-36
   653.451271947      0.140182875039E-36
   659.734457254      0.110847995314E-36
   666.017642561      0.967556067193E-37
   672.300827868      0.675878756663E-37
   678.584013175      0.320362765051E-37
   684.867198483      0.199760599795E-37
   691.150383790      0.141809993909E-37
   697.433569097      0.208167147221E-38
   6.28318530718      0.668969685111E-40
   12.5663706144      0.314402158536E-02
   18.8495559215      0.187981240434E-04
   25.1327412287      0.132059533914E-06
   31.4159265359      0.325327590932E-07
   37.6991118431      0.650107000813E-10
   43.9822971503      0.613624389757E-11
   50.2654824574      0.655820268145E-13
   56.5486677646      0.478695795584E-16
   62.8318530718      0.164111560707E-18
   69.1150383790      0.449025701440E-20
   75.3982236862      0.674122475625E-23
   81.6814089933      0.212228276133E-25
   87.9645943005      0.315189944038E-27
   94.2477796077      0.180210089054E-29
   100.530964915      0.767883001268E-34
   106.814150222      0.270667987572E-34
   113.097335529      0.702418787630E-34
   119.380520836      0.219196749292E-34
   125.663706144      0.897295943303E-34
   131.946891451      0.166398427286E-34
   138.230076758      0.154553740325E-33
   144.513262065      0.225043772786E-34
   150.796447372      0.565236239424E-34
   157.079632679      0.525047030932E-34
   163.362817987      0.180049492704E-33
   169.646003294      0.295827311743E-34
   175.929188601      0.388324669944E-33
   182.212373908      0.330603031036E-34
   188.495559215      0.192387522699E-33
   194.778744523      0.221067988064E-34
   201.061929830      0.505484950218E-33
   207.345115137      0.377896169938E-34
   213.628300444      0.813995599712E-33
   219.911485751      0.380230980940E-34
   226.194671058      0.579005586594E-34
   232.477856366      0.393284312650E-34
   238.761041673      0.195800334089E-33
   245.044226980      0.472201217175E-34
   251.327412287      0.122908935206E-33
   257.610597594      0.461795488096E-34
   263.893782902      0.961604532778E-34
   270.176968209      0.469507917953E-34
   276.460153516      0.377544588983E-34
   282.743338823      0.274723931038E-34
   289.026524130      0.326353507075E-34
   295.309709437      0.319846106340E-34
   301.592894745      0.261552115460E-34
   307.876080052      0.274806139671E-34
   314.159265359      0.295515443023E-34
   320.442450666      0.214733245437E-34
   326.725635973      0.249550367217E-34
   333.008821281      0.170969319530E-34
   339.292006588      0.203660390431E-34
   345.575191895      0.154137254191E-34
   351.858377202      0.217974178031E-34
   358.141562509      0.125327478562E-34
   364.424747816      0.164085709106E-34
   370.707933124      0.112470510211E-34
   376.991118431      0.102237658617E-34
   383.274303738      0.989318585334E-35
   389.557489045      0.119047215997E-34
   395.840674352      0.733391448080E-35
   402.123859659      0.158970546016E-34
   408.407044967      0.810514486938E-35
   414.690230274      0.700987533191E-35
   420.973415581      0.618317033316E-35
   427.256600888      0.708203115295E-35
   433.539786195      0.568299171171E-35
   439.822971503      0.517342448127E-35
   446.106156810      0.467272927772E-35
   452.389342117      0.433507077220E-35
   458.672527424      0.447961425864E-35
   464.955712731      0.429286188253E-35
   471.238898038      0.380721629442E-35
   477.522083346      0.385646594635E-35
   483.805268653      0.347224025497E-35
   490.088453960      0.385424573381E-35
   496.371639267      0.364570512760E-35
   502.654824574      0.359805038964E-35
   508.938009882      0.287913076844E-35
   515.221195189      0.276376648707E-35
   521.504380496      0.313788884891E-35
   527.787565803      0.263396015768E-35
   534.070751110      0.271727536380E-35
   540.353936417      0.207177468311E-35
   546.637121725      0.193053495470E-35
   552.920307032      0.245394111862E-35
   559.203492339      0.139689981000E-35
   565.486677646      0.149217862832E-35
   571.769862953      0.101607192592E-35
   578.053048261      0.965713692270E-36
   584.336233568      0.780195762830E-36
   590.619418875      0.680665999455E-36
   596.902604182      0.600620647571E-36
   603.185789489      0.565859483521E-36
   609.468974796      0.432388148501E-36
   615.752160104      0.400440459967E-36
   622.035345411      0.332922442642E-36
   628.318530718      0.318422750076E-36
   634.601716025      0.268408349963E-36
   640.884901332      0.216354534687E-36
   647.168086639      0.172996353299E-36
   653.451271947      0.136574624596E-36
   659.734457254      0.138266102296E-36
   666.017642561      0.103612792700E-36
   672.300827868      0.689361532387E-37
   678.584013175      0.401891496589E-37
   684.867198483      0.214475709790E-37
   691.150383790      0.157762931211E-37
   697.433569097      0.129661984919E-38
   6.28318530718      0.863819242343E-40
   12.5663706144      0.314048442979E-02
   18.8495559215      0.217502391010E-04
   25.1327412287      0.177105621678E-06
   31.4159265359      0.437032079779E-07
   37.6991118431      0.102534993207E-09
   43.9822971503      0.947354352071E-11
   50.2654824574      0.118900450189E-12
   56.5486677646      0.102246508564E-15
   62.8318530718      0.417903726357E-18
   69.1150383790      0.124636890258E-19
   75.3982236862      0.201592130687E-22
   81.6814089933      0.789961534696E-25
   87.9645943005      0.133638116135E-26
   94.2477796077      0.608619195289E-29
   100.530964915      0.118680145871E-33
   106.814150222      0.326284927818E-34
   113.097335529      0.767328266546E-34
   119.380520836      0.242569607847E-34
   125.663706144      0.901901195544E-34
   131.946891451      0.186168363202E-34
   138.230076758      0.134017855288E-33
   144.513262065      0.227545169328E-34
   150.796447372      0.754359245519E-34
   157.079632679      0.552522979846E-34
   163.362817987      0.188719071259E-33
   169.646003294      0.289535364150E-34
   175.929188601      0.413826872442E-33
   182.212373908      0.394701726126E-34
   188.495559215      0.192192765263E-33
   194.778744523      0.299706726558E-34
   201.061929830      0.551008845304E-33
   207.345115137      0.392292952097E-34
   213.628300444      0.868618863690E-33
   219.911485751      0.459010421676E-34
   226.194671058      0.750996489835E-34
   232.477856366      0.463873536823E-34
   238.761041673      0.221404936972E-33
   245.044226980      0.513917095353E-34
   251.327412287      0.166023459222E-33
   257.610597594      0.504066242545E-34
   263.893782902      0.951874291792E-34
   270.176968209      0.513031146891E-34
   276.460153516      0.406200655074E-34
   282.743338823      0.304184849922E-34
   289.026524130      0.308137707510E-34
   295.309709437      0.298835421873E-34
   301.592894745      0.306366855412E-34
   307.876080052      0.289833624968E-34
   314.159265359      0.404270626700E-34
   320.442450666      0.233907725097E-34
   326.725635973      0.271982325283E-34
   333.008821281      0.196650535556E-34
   339.292006588      0.213997850646E-34
   345.575191895      0.160426471350E-34
   351.858377202      0.205067639095E-34
   358.141562509      0.136436393465E-34
   364.424747816      0.170829272885E-34
   370.707933124      0.113706243433E-34
   376.991118431      0.124650508246E-34
   383.274303738      0.895005544031E-35
   389.557489045      0.103258592357E-34
   395.840674352      0.806022669867E-35
   402.123859659      0.139479147776E-34
   408.407044967      0.811489858761E-35
   414.690230274      0.759483334569E-35
   420.973415581      0.606111205281E-35
   427.256600888      0.618305881530E-35
   433.539786195      0.542045146888E-35
   439.822971503      0.526342008180E-35
   446.106156810      0.536063487305E-35
   452.389342117      0.550434318289E-35
   458.672527424      0.456968302987E-35
   464.955712731      0.423222886514E-35
   471.238898038      0.418809426670E-35
   477.522083346      0.475386390710E-35
   483.805268653      0.454129561057E-35
   490.088453960      0.367378667798E-35
   496.371639267      0.311368621857E-35
   502.654824574      0.308770782871E-35
   508.938009882      0.256173663053E-35
   515.221195189      0.277960593443E-35
   521.504380496      0.285579216900E-35
   527.787565803      0.222328525571E-35
   534.070751110      0.221096689474E-35
   540.353936417      0.210665358251E-35
   546.637121725      0.175659186030E-35
   552.920307032      0.218888784246E-35
   559.203492339      0.147787143805E-35
   565.486677646      0.173217418722E-35
   571.769862953      0.110317170790E-35
   578.053048261      0.951055763163E-36
   584.336233568      0.809844315149E-36
   590.619418875      0.741099491868E-36
   596.902604182      0.594753147349E-36
   603.185789489      0.585725266216E-36
   609.468974796      0.411109108934E-36
   615.752160104      0.408705260736E-36
   622.035345411      0.326269976398E-36
   628.318530718      0.281026603193E-36
   634.601716025      0.242399562348E-36
   640.884901332      0.222757974465E-36
   647.168086639      0.193727085731E-36
   653.451271947      0.163947902846E-36
   659.734457254      0.152518097479E-36
   666.017642561      0.123887358017E-36
   672.300827868      0.738126259226E-37
   678.584013175      0.426410881612E-37
   684.867198483      0.157510311868E-37
   691.150383790      0.119606553527E-37
   697.433569097      0.170336513939E-38
   6.28318530718      0.107618434404E-39
   12.5663706144      0.313669140647E-02
   18.8495559215      0.249055500857E-04
   25.1327412287      0.232657057779E-06
   31.4159265359      0.575139235685E-07
   37.6991118431      0.156907241808E-09
   43.9822971503      0.141774553831E-10
   50.2654824574      0.206971141765E-12
   56.5486677646      0.207848535205E-15
   62.8318530718      0.100432563800E-17
   69.1150383790      0.322904286269E-19
   75.3982236862      0.564004306540E-22
   81.6814089933      0.278248635819E-24
   87.9645943005      0.519388661747E-26
   94.2477796077      0.216138639240E-28
   100.530964915      0.147770567332E-31
   106.814150222      0.356431725844E-34
   113.097335529      0.704340839165E-34
   119.380520836      0.311599459927E-34
   125.663706144      0.103441908825E-33
   131.946891451      0.195396817006E-34
   138.230076758      0.160218871967E-33
   144.513262065      0.228089308011E-34
   150.796447372      0.680155806766E-34
   157.079632679      0.612058658699E-34
   163.362817987      0.168509373441E-33
   169.646003294      0.307931735270E-34
   175.929188601      0.436973684052E-33
   182.212373908      0.433346564668E-34
   188.495559215      0.207925612053E-33
   194.778744523      0.314291124776E-34
   201.061929830      0.544991623862E-33
   207.345115137      0.380219432441E-34
   213.628300444      0.956566519608E-33
   219.911485751      0.467575631275E-34
   226.194671058      0.732359647031E-34
   232.477856366      0.487765410648E-34
   238.761041673      0.224971977943E-33
   245.044226980      0.584130422843E-34
   251.327412287      0.188613757344E-33
   257.610597594      0.550557323552E-34
   263.893782902      0.117863389716E-33
   270.176968209      0.590431162480E-34
   276.460153516      0.423727647958E-34
   282.743338823      0.314898740331E-34
   289.026524130      0.344317715741E-34
   295.309709437      0.353910954419E-34
   301.592894745      0.312409161782E-34
   307.876080052      0.333914322060E-34
   314.159265359      0.394653454316E-34
   320.442450666      0.222078433807E-34
   326.725635973      0.276238151404E-34
   333.008821281      0.211496047796E-34
   339.292006588      0.251926458753E-34
   345.575191895      0.162703355231E-34
   351.858377202      0.216810019446E-34
   358.141562509      0.138584945019E-34
   364.424747816      0.156892788345E-34
   370.707933124      0.115610164105E-34
   376.991118431      0.136021882310E-34
   383.274303738      0.100159497637E-34
   389.557489045      0.111702969853E-34
   395.840674352      0.916654443710E-35
   402.123859659      0.270959594670E-34
   408.407044967      0.966518920367E-35
   414.690230274      0.719968257980E-35
   420.973415581      0.584035810560E-35
   427.256600888      0.677367743459E-35
   433.539786195      0.545911416206E-35
   439.822971503      0.506021365752E-35
   446.106156810      0.511885859391E-35
   452.389342117      0.496794729218E-35
   458.672527424      0.488755769304E-35
   464.955712731      0.434496817548E-35
   471.238898038      0.435767711711E-35
   477.522083346      0.430295306213E-35
   483.805268653      0.376347606669E-35
   490.088453960      0.396457202450E-35
   496.371639267      0.351736542310E-35
   502.654824574      0.331665997946E-35
   508.938009882      0.265360686890E-35
   515.221195189      0.288578909624E-35
   521.504380496      0.310628036252E-35
   527.787565803      0.242786561333E-35
   534.070751110      0.253906448912E-35
   540.353936417      0.193756423555E-35
   546.637121725      0.242572379912E-35
   552.920307032      0.211653601690E-35
   559.203492339      0.163431968734E-35
   565.486677646      0.189503155318E-35
   571.769862953      0.100460833139E-35
   578.053048261      0.968570507411E-36
   584.336233568      0.822314780302E-36
   590.619418875      0.796347784338E-36
   596.902604182      0.641600349455E-36
   603.185789489      0.572360194711E-36
   609.468974796      0.444798907155E-36
   615.752160104      0.413470879565E-36
   622.035345411      0.351250735763E-36
   628.318530718      0.312359726296E-36
   634.601716025      0.267495818785E-36
   640.884901332      0.225491518270E-36
   647.168086639      0.163554783845E-36
   653.451271947      0.129532996515E-36
   659.734457254      0.127857601945E-36
   666.017642561      0.113606356739E-36
   672.300827868      0.796352623119E-37
   678.584013175      0.512388737786E-37
   684.867198483      0.192931094455E-37
   691.150383790      0.200624079400E-37
   697.433569097      0.228396555658E-39
   6.28318530718      0.140565318351E-39
   12.5663706144      0.313264382905E-02
   18.8495559215      0.282608332244E-04
   25.1327412287      0.300171606847E-06
   31.4159265359      0.743440970914E-07
   37.6991118431      0.233880949446E-09
   43.9822971503      0.206496567039E-10
   50.2654824574      0.347747697148E-12
   56.5486677646      0.404791311243E-15
   62.8318530718      0.229422564188E-17
   69.1150383790      0.787679163172E-19
   75.3982236862      0.149012754284E-21
   81.6814089933      0.926890156184E-24
   87.9645943005      0.185567598836E-25
   94.2477796077      0.800313947173E-28
   100.530964915      0.437165352063E-30
   106.814150222      0.376898192831E-34
   113.097335529      0.114608829366E-33
   119.380520836      0.299467032097E-34
   125.663706144      0.887252188784E-34
   131.946891451      0.205627554335E-34
   138.230076758      0.145495203154E-33
   144.513262065      0.248234759771E-34
   150.796447372      0.111921873316E-33
   157.079632679      0.578446238468E-34
   163.362817987      0.258277941445E-33
   169.646003294      0.339339249120E-34
   175.929188601      0.479816854868E-33
   182.212373908      0.411574483711E-34
   188.495559215      0.217228670782E-33
   194.778744523      0.342640260521E-34
   201.061929830      0.768268731690E-33
   207.345115137      0.450587917206E-34
   213.628300444      0.123327289266E-32
   219.911485751      0.491596715750E-34
   226.194671058      0.809500982567E-34
   232.477856366      0.488431654903E-34
   238.761041673      0.251805016872E-33
   245.044226980      0.611076148791E-34
   251.327412287      0.199594718283E-33
   257.610597594      0.581076323089E-34
   263.893782902      0.127233868089E-33
   270.176968209      0.581393740736E-34
   276.460153516      0.474355980440E-34
   282.743338823      0.350648026421E-34
   289.026524130      0.386406218550E-34
   295.309709437      0.385942885760E-34
   301.592894745      0.316252132767E-34
   307.876080052      0.322362729968E-34
   314.159265359      0.374078587506E-34
   320.442450666      0.222125009736E-34
   326.725635973      0.270979703878E-34
   333.008821281      0.210932780770E-34
   339.292006588      0.271323689404E-34
   345.575191895      0.175486620638E-34
   351.858377202      0.208595048511E-34
   358.141562509      0.136784115526E-34
   364.424747816      0.170345290882E-34
   370.707933124      0.123392782383E-34
   376.991118431      0.120665984777E-34
   383.274303738      0.101426503590E-34
   389.557489045      0.136740894339E-34
   395.840674352      0.867795033907E-35
   402.123859659      0.183713938149E-34
   408.407044967      0.815824294889E-35
   414.690230274      0.842192424838E-35
   420.973415581      0.611732885475E-35
   427.256600888      0.645835023935E-35
   433.539786195      0.599028257162E-35
   439.822971503      0.512237673500E-35
   446.106156810      0.488347518915E-35
   452.389342117      0.465761274837E-35
   458.672527424      0.420340092204E-35
   464.955712731      0.433699309221E-35
   471.238898038      0.374232328861E-35
   477.522083346      0.398834424852E-35
   483.805268653      0.418405064348E-35
   490.088453960      0.386736905940E-35
   496.371639267      0.323790028909E-35
   502.654824574      0.345603598332E-35
   508.938009882      0.287595584887E-35
   515.221195189      0.252536384317E-35
   521.504380496      0.254363868245E-35
   527.787565803      0.271842649849E-35
   534.070751110      0.322433274845E-35
   540.353936417      0.210462983348E-35
   546.637121725      0.206813037524E-35
   552.920307032      0.180248683394E-35
   559.203492339      0.141636164999E-35
   565.486677646      0.203932550427E-35
   571.769862953      0.106871073663E-35
   578.053048261      0.101142574367E-35
   584.336233568      0.828546597734E-36
   590.619418875      0.770124802318E-36
   596.902604182      0.631721882881E-36
   603.185789489      0.588778983522E-36
   609.468974796      0.431730480994E-36
   615.752160104      0.435393702236E-36
   622.035345411      0.352118325661E-36
   628.318530718      0.311490485024E-36
   634.601716025      0.259811464363E-36
   640.884901332      0.227806900205E-36
   647.168086639      0.190727283364E-36
   653.451271947      0.126392500026E-36
   659.734457254      0.116864928739E-36
   666.017642561      0.958526350568E-37
   672.300827868      0.606555185488E-37
   678.584013175      0.339887893720E-37
   684.867198483      0.166799168232E-37
   691.150383790      0.230010041761E-37
   697.433569097      0.289324796105E-38
   6.28318530718      0.136142837115E-39
   12.5663706144      0.312834310064E-02
   18.8495559215      0.318126738970E-04
   25.1327412287      0.381181416391E-06
   31.4159265359      0.945956839371E-07
   37.6991118431      0.340652477441E-09
   43.9822971503      0.293695832286E-10
   50.2654824574      0.566407840678E-12
   56.5486677646      0.759360226578E-15
   62.8318530718      0.501072366394E-17
   69.1150383790      0.182223010714E-18
   75.3982236862      0.374635365579E-21
   81.6814089933      0.292172653329E-23
   87.9645943005      0.615798031067E-25
   94.2477796077      0.287455332340E-27
   100.530964915      0.143294415901E-29
   106.814150222      0.991848856062E-33
   113.097335529      0.100770347289E-33
   119.380520836      0.357386390563E-34
   125.663706144      0.945351516045E-34
   131.946891451      0.233037593845E-34
   138.230076758      0.149198439982E-33
   144.513262065      0.269324743851E-34
   150.796447372      0.108917077537E-33
   157.079632679      0.613615679858E-34
   163.362817987      0.250315843992E-33
   169.646003294      0.348722373761E-34
   175.929188601      0.501003031066E-33
   182.212373908      0.528359153072E-34
   188.495559215      0.215958357391E-33
   194.778744523      0.323092306668E-34
   201.061929830      0.751028720741E-33
   207.345115137      0.455632865561E-34
   213.628300444      0.123388840606E-32
   219.911485751      0.480028069808E-34
   226.194671058      0.759173003013E-34
   232.477856366      0.491297629176E-34
   238.761041673      0.312705716236E-33
   245.044226980      0.610313335373E-34
   251.327412287      0.216650054459E-33
   257.610597594      0.637394924538E-34
   263.893782902      0.166235955321E-33
   270.176968209      0.628668187229E-34
   276.460153516      0.482005471923E-34
   282.743338823      0.357142348459E-34
   289.026524130      0.380189601200E-34
   295.309709437      0.359377472396E-34
   301.592894745      0.283884840082E-34
   307.876080052      0.334859124535E-34
   314.159265359      0.373944148945E-34
   320.442450666      0.271247431978E-34
   326.725635973      0.288962155010E-34
   333.008821281      0.226025727351E-34
   339.292006588      0.271186504500E-34
   345.575191895      0.170649631451E-34
   351.858377202      0.279119198778E-34
   358.141562509      0.145152919944E-34
   364.424747816      0.173436619500E-34
   370.707933124      0.131470614815E-34
   376.991118431      0.136040741160E-34
   383.274303738      0.100413616859E-34
   389.557489045      0.104203331884E-34
   395.840674352      0.892298647709E-35
   402.123859659      0.382991013994E-34
   408.407044967      0.901602153359E-35
   414.690230274      0.803947029160E-35
   420.973415581      0.658741390332E-35
   427.256600888      0.650301414965E-35
   433.539786195      0.542422624404E-35
   439.822971503      0.538930743353E-35
   446.106156810      0.561072801064E-35
   452.389342117      0.484900477974E-35
   458.672527424      0.491296104521E-35
   464.955712731      0.417964241978E-35
   471.238898038      0.397138335467E-35
   477.522083346      0.448813218310E-35
   483.805268653      0.409261314760E-35
   490.088453960      0.350873382824E-35
   496.371639267      0.306812944157E-35
   502.654824574      0.314406949617E-35
   508.938009882      0.256862070725E-35
   515.221195189      0.270045874160E-35
   521.504380496      0.321486429503E-35
   527.787565803      0.386560823686E-35
   534.070751110      0.284713960650E-35
   540.353936417      0.196722253344E-35
   546.637121725      0.194371407091E-35
   552.920307032      0.213169418145E-35
   559.203492339      0.144063307567E-35
   565.486677646      0.217712243804E-35
   571.769862953      0.103595070757E-35
   578.053048261      0.937573963942E-36
   584.336233568      0.780870065560E-36
   590.619418875      0.734189514581E-36
   596.902604182      0.624935556628E-36
   603.185789489      0.556520357715E-36
   609.468974796      0.443547525040E-36
   615.752160104      0.421610924066E-36
   622.035345411      0.316787244573E-36
   628.318530718      0.295078546545E-36
   634.601716025      0.225481107547E-36
   640.884901332      0.195888020544E-36
   647.168086639      0.178865898452E-36
   653.451271947      0.130807515548E-36
   659.734457254      0.121451998214E-36
   666.017642561      0.111536397630E-36
   672.300827868      0.752270068894E-37
   678.584013175      0.382156346577E-37
   684.867198483      0.126305588211E-37
   691.150383790      0.274091873008E-37
   697.433569097      0.136355296289E-38
   6.28318530718      0.111473730498E-39
   12.5663706144      0.312379071347E-02
   18.8495559215      0.355574726316E-04
   25.1327412287      0.477288181378E-06
   31.4159265359      0.118692646382E-06
   37.6991118431      0.486110959357E-09
   43.9822971503      0.409030339107E-10
   50.2654824574      0.897562182064E-12
   56.5486677646      0.137826776718E-14
   62.8318530718      0.105140923907E-16
   69.1150383790      0.402204106860E-18
   75.3982236862      0.901902217317E-21
   81.6814089933      0.872992293926E-23
   87.9645943005      0.191173359249E-24
   94.2477796077      0.984018390996E-27
   100.530964915      0.620722374576E-29
   106.814150222      0.211860555757E-31
   113.097335529      0.787098173383E-34
   119.380520836      0.347099197768E-34
   125.663706144      0.947658429091E-34
   131.946891451      0.240474590281E-34
   138.230076758      0.157082327436E-33
   144.513262065      0.266360375739E-34
   150.796447372      0.113553049860E-33
   157.079632679      0.678909283283E-34
   163.362817987      0.279042166455E-33
   169.646003294      0.357877760107E-34
   175.929188601      0.592446403225E-33
   182.212373908      0.618620618751E-34
   188.495559215      0.211305648329E-33
   194.778744523      0.400888674231E-34
   201.061929830      0.782954689490E-33
   207.345115137      0.526932942443E-34
   213.628300444      0.137098240476E-32
   219.911485751      0.526160674388E-34
   226.194671058      0.873953777802E-34
   232.477856366      0.522021046554E-34
   238.761041673      0.281324718857E-33
   245.044226980      0.691555957574E-34
   251.327412287      0.245254948685E-33
   257.610597594      0.638661811768E-34
   263.893782902      0.157858112740E-33
   270.176968209      0.611673995880E-34
   276.460153516      0.498013053432E-34
   282.743338823      0.380731196461E-34
   289.026524130      0.379706226347E-34
   295.309709437      0.379413172436E-34
   301.592894745      0.323978914741E-34
   307.876080052      0.372525105895E-34
   314.159265359      0.403179765086E-34
   320.442450666      0.268439677478E-34
   326.725635973      0.291511164717E-34
   333.008821281      0.222831092693E-34
   339.292006588      0.258791338919E-34
   345.575191895      0.176192997551E-34
   351.858377202      0.272448192362E-34
   358.141562509      0.152720201347E-34
   364.424747816      0.225376042820E-34
   370.707933124      0.133130968566E-34
   376.991118431      0.143487338895E-34
   383.274303738      0.979935339025E-35
   389.557489045      0.109376407228E-34
   395.840674352      0.864432349002E-35
   402.123859659      0.516131431298E-34
   408.407044967      0.978917392505E-35
   414.690230274      0.803602721090E-35
   420.973415581      0.651400065951E-35
   427.256600888      0.625024718651E-35
   433.539786195      0.579394211675E-35
   439.822971503      0.520736280010E-35
   446.106156810      0.511926181522E-35
   452.389342117      0.527232925256E-35
   458.672527424      0.451928722336E-35
   464.955712731      0.457425363758E-35
   471.238898038      0.415186020984E-35
   477.522083346      0.419483062595E-35
   483.805268653      0.358161671758E-35
   490.088453960      0.339503587215E-35
   496.371639267      0.323030117926E-35
   502.654824574      0.353694859005E-35
   508.938009882      0.264083916710E-35
   515.221195189      0.307083877372E-35
   521.504380496      0.303270569510E-35
   527.787565803      0.257929576517E-35
   534.070751110      0.286266550908E-35
   540.353936417      0.211891339020E-35
   546.637121725      0.196034624722E-35
   552.920307032      0.230652293718E-35
   559.203492339      0.157567565185E-35
   565.486677646      0.169194681589E-35
   571.769862953      0.105736334008E-35
   578.053048261      0.983991855747E-36
   584.336233568      0.795125049536E-36
   590.619418875      0.749068329775E-36
   596.902604182      0.639932610079E-36
   603.185789489      0.567061563010E-36
   609.468974796      0.414672207658E-36
   615.752160104      0.365806735375E-36
   622.035345411      0.304605796704E-36
   628.318530718      0.284767611801E-36
   634.601716025      0.236849612264E-36
   640.884901332      0.231323125307E-36
   647.168086639      0.197780441571E-36
   653.451271947      0.128888057323E-36
   659.734457254      0.125314228151E-36
   666.017642561      0.112227926023E-36
   672.300827868      0.905713791367E-37
   678.584013175      0.364100313395E-37
   684.867198483      0.169874040760E-37
   691.150383790      0.734799635947E-38
   697.433569097      0.377491415846E-39
   6.28318530718      0.192251478522E-39
   12.5663706144      0.311898824854E-02
   18.8495559215      0.394914513890E-04
   25.1327412287      0.590158118219E-06
   31.4159265359      0.147080126499E-06
   37.6991118431      0.681113817167E-09
   43.9822971503      0.559115345250E-10
   50.2654824574      0.138796017528E-11
   56.5486677646      0.242941730607E-14
   62.8318530718      0.212820226421E-16
   69.1150383790      0.851295133650E-18
   75.3982236862      0.208986421618E-20
   81.6814089933      0.247874887297E-22
   87.9645943005      0.559185570645E-24
   94.2477796077      0.318001037499E-26
   100.530964915      0.248379515633E-28
   106.814150222      0.407557650773E-30
   113.097335529      0.814498714584E-34
   119.380520836      0.346828797476E-34
   125.663706144      0.952614316527E-34
   131.946891451      0.254687417173E-34
   138.230076758      0.181743557852E-33
   144.513262065      0.277407212682E-34
   150.796447372      0.107717674111E-33
   157.079632679      0.654534610997E-34
   163.362817987      0.250843188319E-33
   169.646003294      0.372335504055E-34
   175.929188601      0.614162745412E-33
   182.212373908      0.596653348630E-34
   188.495559215      0.260420755497E-33
   194.778744523      0.409340188900E-34
   201.061929830      0.830456409042E-33
   207.345115137      0.528710060985E-34
   213.628300444      0.149706359114E-32
   219.911485751      0.483172069396E-34
   226.194671058      0.939543922936E-34
   232.477856366      0.641004630346E-34
   238.761041673      0.334002182696E-33
   245.044226980      0.804555780020E-34
   251.327412287      0.219047612650E-33
   257.610597594      0.691425886459E-34
   263.893782902      0.133520685729E-33
   270.176968209      0.645253074968E-34
   276.460153516      0.561746801244E-34
   282.743338823      0.425973599480E-34
   289.026524130      0.422889192555E-34
   295.309709437      0.385067296528E-34
   301.592894745      0.376392276429E-34
   307.876080052      0.363702263616E-34
   314.159265359      0.429874274093E-34
   320.442450666      0.284224025198E-34
   326.725635973      0.314593415133E-34
   333.008821281      0.237036033027E-34
   339.292006588      0.283476644269E-34
   345.575191895      0.189071672792E-34
   351.858377202      0.243382932940E-34
   358.141562509      0.159227578614E-34
   364.424747816      0.181478026555E-34
   370.707933124      0.130278265162E-34
   376.991118431      0.111961993821E-34
   383.274303738      0.989663725412E-35
   389.557489045      0.112201505070E-34
   395.840674352      0.855567167132E-35
   402.123859659      0.409781988263E-34
   408.407044967      0.816907945136E-35
   414.690230274      0.736874119270E-35
   420.973415581      0.637914299297E-35
   427.256600888      0.756108065425E-35
   433.539786195      0.572199559050E-35
   439.822971503      0.559547762311E-35
   446.106156810      0.526505403154E-35
   452.389342117      0.471695708209E-35
   458.672527424      0.509038149573E-35
   464.955712731      0.507881117998E-35
   471.238898038      0.397139316567E-35
   477.522083346      0.403971993154E-35
   483.805268653      0.360573043980E-35
   490.088453960      0.352375206371E-35
   496.371639267      0.330044666881E-35
   502.654824574      0.328277005732E-35
   508.938009882      0.280286628327E-35
   515.221195189      0.292253368353E-35
   521.504380496      0.273175466961E-35
   527.787565803      0.241391792170E-35
   534.070751110      0.238223291647E-35
   540.353936417      0.196925237820E-35
   546.637121725      0.182838433573E-35
   552.920307032      0.213388637902E-35
   559.203492339      0.155838480874E-35
   565.486677646      0.180792546167E-35
   571.769862953      0.104733291511E-35
   578.053048261      0.976721334612E-36
   584.336233568      0.775388768224E-36
   590.619418875      0.747776259060E-36
   596.902604182      0.587305380615E-36
   603.185789489      0.540873914250E-36
   609.468974796      0.433985219911E-36
   615.752160104      0.400619611274E-36
   622.035345411      0.319546484890E-36
   628.318530718      0.303461458901E-36
   634.601716025      0.253252848693E-36
   640.884901332      0.217522769845E-36
   647.168086639      0.175042262607E-36
   653.451271947      0.120738070779E-36
   659.734457254      0.118979681112E-36
   666.017642561      0.128050498912E-36
   672.300827868      0.829687347728E-37
   678.584013175      0.531494140029E-37
   684.867198483      0.191681878109E-37
   691.150383790      0.164152320446E-37
   697.433569097      0.113038551977E-38
   6.28318530718      0.172867783849E-39
   12.5663706144      0.311393737525E-02
   18.8495559215      0.436106601254E-04
   25.1327412287      0.721516768398E-06
   31.4159265359      0.180223547274E-06
   37.6991118431      0.938788225377E-09
   43.9822971503      0.751627345815E-10
   50.2654824574      0.209977323137E-11
   56.5486677646      0.417166135920E-14
   62.8318530718      0.416979903602E-16
   69.1150383790      0.173530725657E-17
   75.3982236862      0.468094663038E-20
   81.6814089933      0.670790436213E-22
   87.9645943005      0.155037657842E-23
   94.2477796077      0.970620498405E-26
   100.530964915      0.934165581077E-28
   106.814150222      0.147683657362E-29
   113.097335529      0.565217450419E-32
   119.380520836      0.394623549931E-34
   125.663706144      0.114253500181E-33
   131.946891451      0.242724225111E-34
   138.230076758      0.193679137500E-33
   144.513262065      0.279084785982E-34
   150.796447372      0.171654178614E-33
   157.079632679      0.640381051238E-34
   163.362817987      0.317404322894E-33
   169.646003294      0.403135641451E-34
   175.929188601      0.654598343051E-33
   182.212373908      0.585185232205E-34
   188.495559215      0.291919487127E-33
   194.778744523      0.454258063159E-34
   201.061929830      0.111478752668E-32
   207.345115137      0.521458580388E-34
   213.628300444      0.188492511709E-32
   219.911485751      0.550705903897E-34
   226.194671058      0.947234970702E-34
   232.477856366      0.706709337263E-34
   238.761041673      0.315883068265E-33
   245.044226980      0.779971742147E-34
   251.327412287      0.229588832852E-33
   257.610597594      0.740771180573E-34
   263.893782902      0.151943362647E-33
   270.176968209      0.749008683843E-34
   276.460153516      0.582655508137E-34
   282.743338823      0.429467155736E-34
   289.026524130      0.424991164611E-34
   295.309709437      0.421318147712E-34
   301.592894745      0.350262584999E-34
   307.876080052      0.396143402675E-34
   314.159265359      0.455290585580E-34
   320.442450666      0.289732902055E-34
   326.725635973      0.317889547374E-34
   333.008821281      0.257802320181E-34
   339.292006588      0.294277453451E-34
   345.575191895      0.217176686825E-34
   351.858377202      0.227445831772E-34
   358.141562509      0.171691925601E-34
   364.424747816      0.178677850602E-34
   370.707933124      0.130540785338E-34
   376.991118431      0.127925409201E-34
   383.274303738      0.988610185227E-35
   389.557489045      0.104969271064E-34
   395.840674352      0.920472137607E-35
   402.123859659      0.207807917046E-34
   408.407044967      0.865558112073E-35
   414.690230274      0.946001833088E-35
   420.973415581      0.793432207300E-35
   427.256600888      0.680741178749E-35
   433.539786195      0.558950191435E-35
   439.822971503      0.550834080066E-35
   446.106156810      0.513253092007E-35
   452.389342117      0.566883299711E-35
   458.672527424      0.555933605382E-35
   464.955712731      0.484875910352E-35
   471.238898038      0.376660146097E-35
   477.522083346      0.363970418709E-35
   483.805268653      0.348812869981E-35
   490.088453960      0.343564525926E-35
   496.371639267      0.367414010332E-35
   502.654824574      0.417523376914E-35
   508.938009882      0.303002969976E-35
   515.221195189      0.290924732734E-35
   521.504380496      0.249941200938E-35
   527.787565803      0.284431882391E-35
   534.070751110      0.345897862081E-35
   540.353936417      0.252981219791E-35
   546.637121725      0.212433795176E-35
   552.920307032      0.252130754374E-35
   559.203492339      0.138075487915E-35
   565.486677646      0.177901863134E-35
   571.769862953      0.102183892200E-35
   578.053048261      0.946025095495E-36
   584.336233568      0.774620712459E-36
   590.619418875      0.745309156152E-36
   596.902604182      0.629660064629E-36
   603.185789489      0.543965899872E-36
   609.468974796      0.420994906432E-36
   615.752160104      0.414026136106E-36
   622.035345411      0.315624099867E-36
   628.318530718      0.287792199730E-36
   634.601716025      0.243595247413E-36
   640.884901332      0.208220960187E-36
   647.168086639      0.175942239632E-36
   653.451271947      0.124447273693E-36
   659.734457254      0.104285900864E-36
   666.017642561      0.731425934008E-37
   672.300827868      0.595287364099E-37
   678.584013175      0.428537495312E-37
   684.867198483      0.184514598085E-37
   691.150383790      0.101100909596E-37
   697.433569097      0.132126406041E-38
   6.28318530718      0.140545382019E-39
   12.5663706144      0.310863985093E-02
   18.8495559215      0.479109836111E-04
   25.1327412287      0.873143652420E-06
   31.4159265359      0.218607640315E-06
   37.6991118431      0.127485854118E-08
   43.9822971503      0.995421748585E-10
   50.2654824574      0.311454405517E-11
   56.5486677646      0.699682902274E-14
   62.8318530718      0.793143148784E-16
   69.1150383790      0.341932717819E-17
   75.3982236862      0.101701844796E-19
   81.6814089933      0.173548656757E-21
   87.9645943005      0.409574612259E-23
   94.2477796077      0.281495049438E-25
   100.530964915      0.336158112182E-27
   106.814150222      0.471284731527E-29
   113.097335529      0.970307521483E-32
   119.380520836      0.373749714723E-34
   125.663706144      0.113285282496E-33
   131.946891451      0.270500117032E-34
   138.230076758      0.222040725264E-33
   144.513262065      0.317661114574E-34
   150.796447372      0.156975816413E-33
   157.079632679      0.607008041463E-34
   163.362817987      0.325727946630E-33
   169.646003294      0.411032586578E-34
   175.929188601      0.647774617310E-33
   182.212373908      0.692558102785E-34
   188.495559215      0.279974856350E-33
   194.778744523      0.443068465356E-34
   201.061929830      0.105340817072E-32
   207.345115137      0.576397649766E-34
   213.628300444      0.188907021862E-32
   219.911485751      0.573798172127E-34
   226.194671058      0.109194202302E-33
   232.477856366      0.683376903773E-34
   238.761041673      0.335365551900E-33
   245.044226980      0.864521100441E-34
   251.327412287      0.247596387663E-33
   257.610597594      0.772159288229E-34
   263.893782902      0.168330046119E-33
   270.176968209      0.688439602042E-34
   276.460153516      0.629802861699E-34
   282.743338823      0.470864574645E-34
   289.026524130      0.425123003313E-34
   295.309709437      0.410529479790E-34
   301.592894745      0.406729441038E-34
   307.876080052      0.415926859299E-34
   314.159265359      0.551126128509E-34
   320.442450666      0.314227141063E-34
   326.725635973      0.357768429917E-34
   333.008821281      0.269182052713E-34
   339.292006588      0.323695067929E-34
   345.575191895      0.218165117975E-34
   351.858377202      0.308868910023E-34
   358.141562509      0.173362802975E-34
   364.424747816      0.213892952502E-34
   370.707933124      0.139874991641E-34
   376.991118431      0.139886507364E-34
   383.274303738      0.115595356552E-34
   389.557489045      0.124451450226E-34
   395.840674352      0.961831377685E-35
   402.123859659      0.241322356475E-34
   408.407044967      0.801462470662E-35
   414.690230274      0.736513319923E-35
   420.973415581      0.614915191633E-35
   427.256600888      0.665360020675E-35
   433.539786195      0.571264608058E-35
   439.822971503      0.516012936988E-35
   446.106156810      0.516394035469E-35
   452.389342117      0.488338047730E-35
   458.672527424      0.436876936896E-35
   464.955712731      0.470637751535E-35
   471.238898038      0.394518661416E-35
   477.522083346      0.374678779864E-35
   483.805268653      0.330798338820E-35
   490.088453960      0.361169111229E-35
   496.371639267      0.306631471171E-35
   502.654824574      0.334587133355E-35
   508.938009882      0.265956541857E-35
   515.221195189      0.325642174169E-35
   521.504380496      0.290879545540E-35
   527.787565803      0.269418495863E-35
   534.070751110      0.295720948016E-35
   540.353936417      0.194244059416E-35
   546.637121725      0.217348096201E-35
   552.920307032      0.204871851843E-35
   559.203492339      0.161678528255E-35
   565.486677646      0.191229053916E-35
   571.769862953      0.104272430364E-35
   578.053048261      0.101703814547E-35
   584.336233568      0.800426964400E-36
   590.619418875      0.693656439653E-36
   596.902604182      0.580425145274E-36
   603.185789489      0.541108442017E-36
   609.468974796      0.410150060608E-36
   615.752160104      0.408999696095E-36
   622.035345411      0.324349980997E-36
   628.318530718      0.300776969526E-36
   634.601716025      0.265253872442E-36
   640.884901332      0.241896904662E-36
   647.168086639      0.216490957030E-36
   653.451271947      0.128146163284E-36
   659.734457254      0.113428712571E-36
   666.017642561      0.117563353856E-36
   672.300827868      0.104403941377E-36
   678.584013175      0.574759235037E-37
   684.867198483      0.141317766757E-37
   691.150383790      0.154993015272E-37
   697.433569097      0.595533603719E-39
   6.28318530718      0.156431798023E-39
   12.5663706144      0.310309752036E-02
   18.8495559215      0.523881484906E-04
   25.1327412287      0.104686679519E-05
   31.4159265359      0.262735399003E-06
   37.6991118431      0.170799935982E-08
   43.9822971503      0.130066825316E-09
   50.2654824574      0.453790103300E-11
   56.5486677646      0.114882788266E-13
   62.8318530718      0.146831112008E-15
   69.1150383790      0.653370496833E-17
   75.3982236862      0.214958411887E-19
   81.6814089933      0.430596497852E-21
   87.9645943005      0.103563911517E-22
   94.2477796077      0.780351788337E-25
   100.530964915      0.112268941351E-26
   106.814150222      0.166364472806E-28
   113.097335529      0.164282703177E-30
   119.380520836      0.354800510570E-34
   125.663706144      0.116707894342E-33
   131.946891451      0.264326574774E-34
   138.230076758      0.215257576512E-33
   144.513262065      0.292981945706E-34
   150.796447372      0.142049978850E-33
   157.079632679      0.689349107175E-34
   163.362817987      0.314795566817E-33
   169.646003294      0.430499802193E-34
   175.929188601      0.774757540173E-33
   182.212373908      0.669945715171E-34
   188.495559215      0.328400593638E-33
   194.778744523      0.490612719432E-34
   201.061929830      0.107358472009E-32
   207.345115137      0.758841568062E-34
   213.628300444      0.198858571426E-32
   219.911485751      0.604354395346E-34
   226.194671058      0.108935461939E-33
   232.477856366      0.733623775102E-34
   238.761041673      0.346859294205E-33
   245.044226980      0.886772548898E-34
   251.327412287      0.258196899131E-33
   257.610597594      0.866567054363E-34
   263.893782902      0.186385206087E-33
   270.176968209      0.761402851018E-34
   276.460153516      0.631981920319E-34
   282.743338823      0.476076179088E-34
   289.026524130      0.432152381239E-34
   295.309709437      0.441027184988E-34
   301.592894745      0.381095855142E-34
   307.876080052      0.441005493630E-34
   314.159265359      0.445403414586E-34
   320.442450666      0.307872704015E-34
   326.725635973      0.323034735993E-34
   333.008821281      0.269989109801E-34
   339.292006588      0.355791090603E-34
   345.575191895      0.230688204942E-34
   351.858377202      0.290138143441E-34
   358.141562509      0.181087461555E-34
   364.424747816      0.214049779127E-34
   370.707933124      0.139160504576E-34
   376.991118431      0.137660060905E-34
   383.274303738      0.120628990607E-34
   389.557489045      0.115498940201E-34
   395.840674352      0.101996744759E-34
   402.123859659      0.357377210904E-34
   408.407044967      0.844717783693E-35
   414.690230274      0.891592661943E-35
   420.973415581      0.612158821053E-35
   427.256600888      0.647451005594E-35
   433.539786195      0.543966918981E-35
   439.822971503      0.566554795892E-35
   446.106156810      0.549294044242E-35
   452.389342117      0.548749538859E-35
   458.672527424      0.428015202535E-35
   464.955712731      0.392661175776E-35
   471.238898038      0.367143627549E-35
   477.522083346      0.388549396447E-35
   483.805268653      0.368519371326E-35
   490.088453960      0.393930419861E-35
   496.371639267      0.369559732202E-35
   502.654824574      0.353494638587E-35
   508.938009882      0.278629398684E-35
   515.221195189      0.274800606444E-35
   521.504380496      0.273129774248E-35
   527.787565803      0.256309531277E-35
   534.070751110      0.312835121270E-35
   540.353936417      0.219832812590E-35
   546.637121725      0.187256927627E-35
   552.920307032      0.229871706800E-35
   559.203492339      0.158990252137E-35
   565.486677646      0.220430666640E-35
   571.769862953      0.101576938665E-35
   578.053048261      0.935984054206E-36
   584.336233568      0.756669967560E-36
   590.619418875      0.709172929830E-36
   596.902604182      0.608856909012E-36
   603.185789489      0.543909705505E-36
   609.468974796      0.398717872144E-36
   615.752160104      0.371788771457E-36
   622.035345411      0.286533408080E-36
   628.318530718      0.267863958289E-36
   634.601716025      0.240290386209E-36
   640.884901332      0.198157830837E-36
   647.168086639      0.153176078322E-36
   653.451271947      0.108447979825E-36
   659.734457254      0.113085721594E-36
   666.017642561      0.995758282067E-37
   672.300827868      0.694309664466E-37
   678.584013175      0.358717068695E-37
   684.867198483      0.177466269768E-37
   691.150383790      0.190981286346E-37
   697.433569097      0.567143073532E-39
   6.28318530718      0.208411007401E-39
   12.5663706144      0.309731231517E-02
   18.8495559215      0.570377305657E-04
   25.1327412287      0.124455714417E-05
   31.4159265359      0.313126956392E-06
   37.6991118431      0.226021346985E-08
   43.9822971503      0.167900853354E-09
   50.2654824574      0.650514681929E-11
   56.5486677646      0.185014411274E-13
   62.8318530718      0.265133780825E-15
   69.1150383790      0.121405395419E-16
   75.3982236862      0.443033569233E-19
   81.6814089933      0.102756626405E-20
   87.9645943005      0.251637418182E-22
   94.2477796077      0.207731376613E-24
   100.530964915      0.349556791524E-26
   106.814150222      0.568601460404E-28
   113.097335529      0.497511782329E-30
   119.380520836      0.405247280510E-34
   125.663706144      0.109983779094E-33
   131.946891451      0.277525389171E-34
   138.230076758      0.216695305917E-33
   144.513262065      0.328380470644E-34
   150.796447372      0.130442004446E-33
   157.079632679      0.716805749896E-34
   163.362817987      0.329612638329E-33
   169.646003294      0.423436321619E-34
   175.929188601      0.779602036663E-33
   182.212373908      0.708493505917E-34
   188.495559215      0.309786286675E-33
   194.778744523      0.481271843229E-34
   201.061929830      0.115500305023E-32
   207.345115137      0.655122431266E-34
   213.628300444      0.202993625606E-32
   219.911485751      0.623967886202E-34
   226.194671058      0.109974333134E-33
   232.477856366      0.850362584013E-34
   238.761041673      0.411009072467E-33
   245.044226980      0.921882905445E-34
   251.327412287      0.296063267635E-33
   257.610597594      0.907233519259E-34
   263.893782902      0.214423201935E-33
   270.176968209      0.810336522363E-34
   276.460153516      0.678825610287E-34
   282.743338823      0.488153011971E-34
   289.026524130      0.492340616330E-34
   295.309709437      0.454710432970E-34
   301.592894745      0.427182198907E-34
   307.876080052      0.440292578597E-34
   314.159265359      0.518896999576E-34
   320.442450666      0.330848725035E-34
   326.725635973      0.363499278310E-34
   333.008821281      0.273182343907E-34
   339.292006588      0.331388883691E-34
   345.575191895      0.237752087309E-34
   351.858377202      0.270842920533E-34
   358.141562509      0.177591320522E-34
   364.424747816      0.215618060026E-34
   370.707933124      0.141540426422E-34
   376.991118431      0.136133748094E-34
   383.274303738      0.110412362944E-34
   389.557489045      0.120797239864E-34
   395.840674352      0.965716771464E-35
   402.123859659      0.403246461309E-34
   408.407044967      0.879161034074E-35
   414.690230274      0.808286750716E-35
   420.973415581      0.616989184191E-35
   427.256600888      0.646243319064E-35
   433.539786195      0.593393681965E-35
   439.822971503      0.553277551666E-35
   446.106156810      0.517178746154E-35
   452.389342117      0.499581584049E-35
   458.672527424      0.468627544807E-35
   464.955712731      0.436771247248E-35
   471.238898038      0.405790445602E-35
   477.522083346      0.412052564352E-35
   483.805268653      0.378961925831E-35
   490.088453960      0.367602608905E-35
   496.371639267      0.380533559044E-35
   502.654824574      0.388551516961E-35
   508.938009882      0.284040123175E-35
   515.221195189      0.344258727935E-35
   521.504380496      0.321394943108E-35
   527.787565803      0.285549850109E-35
   534.070751110      0.276547715376E-35
   540.353936417      0.188348874126E-35
   546.637121725      0.171694060682E-35
   552.920307032      0.209211093383E-35
   559.203492339      0.169459234896E-35
   565.486677646      0.148141437878E-35
   571.769862953      0.103811739334E-35
   578.053048261      0.933264794248E-36
   584.336233568      0.750590741531E-36
   590.619418875      0.722170278355E-36
   596.902604182      0.616795473484E-36
   603.185789489      0.557227609430E-36
   609.468974796      0.433135732942E-36
   615.752160104      0.419135441777E-36
   622.035345411      0.328098139702E-36
   628.318530718      0.312771648055E-36
   634.601716025      0.259062728400E-36
   640.884901332      0.215124669124E-36
   647.168086639      0.178120139131E-36
   653.451271947      0.115881000258E-36
   659.734457254      0.133599631673E-36
   666.017642561      0.101880623415E-36
   672.300827868      0.712185861709E-37
   678.584013175      0.396967659590E-37
   684.867198483      0.130945890325E-37
   691.150383790      0.111128954920E-37
   697.433569097      0.177115010571E-38
   6.28318530718      0.141256576047E-39
   12.5663706144      0.309128625329E-02
   18.8495559215      0.618551622804E-04
   25.1327412287      0.146812290194E-05
   31.4159265359      0.370318387741E-06
   37.6991118431      0.295723357856E-08
   43.9822971503      0.214374138573E-09
   50.2654824574      0.918784104519E-11
   56.5486677646      0.292732805371E-13
   62.8318530718      0.467867171971E-15
   69.1150383790      0.219901978413E-16
   75.3982236862      0.892107316840E-19
   81.6814089933      0.236500227979E-20
   87.9645943005      0.589563780209E-22
   94.2477796077      0.533007360626E-24
   100.530964915      0.102447165252E-25
   106.814150222      0.183492387476E-27
   113.097335529      0.147976233471E-29
   119.380520836      0.450948796864E-33
   125.663706144      0.105898525455E-33
   131.946891451      0.280355491655E-34
   138.230076758      0.228128172649E-33
   144.513262065      0.365689054481E-34
   150.796447372      0.146590097023E-33
   157.079632679      0.772532878589E-34
   163.362817987      0.346103403747E-33
   169.646003294      0.483740324868E-34
   175.929188601      0.837819088080E-33
   182.212373908      0.693482269457E-34
   188.495559215      0.309288864945E-33
   194.778744523      0.493492491274E-34
   201.061929830      0.132613702952E-32
   207.345115137      0.654997976722E-34
   213.628300444      0.230400082534E-32
   219.911485751      0.690381985912E-34
   226.194671058      0.114833449330E-33
   232.477856366      0.867742947715E-34
   238.761041673      0.473754426600E-33
   245.044226980      0.969660167042E-34
   251.327412287      0.270837714638E-33
   257.610597594      0.943965865274E-34
   263.893782902      0.207320190764E-33
   270.176968209      0.853451258312E-34
   276.460153516      0.728718583696E-34
   282.743338823      0.530925465989E-34
   289.026524130      0.478296908351E-34
   295.309709437      0.463941028973E-34
   301.592894745      0.477069175445E-34
   307.876080052      0.462675195550E-34
   314.159265359      0.513613826806E-34
   320.442450666      0.344761638220E-34
   326.725635973      0.358780890014E-34
   333.008821281      0.294739966210E-34
   339.292006588      0.349031637661E-34
   345.575191895      0.236510220641E-34
   351.858377202      0.281091633131E-34
   358.141562509      0.198253275440E-34
   364.424747816      0.207628990620E-34
   370.707933124      0.146620087599E-34
   376.991118431      0.138392705418E-34
   383.274303738      0.121051730114E-34
   389.557489045      0.141315305016E-34
   395.840674352      0.101324780761E-34
   402.123859659      0.220364259148E-34
   408.407044967      0.865172687182E-35
   414.690230274      0.800016463029E-35
   420.973415581      0.635002127642E-35
   427.256600888      0.700291032644E-35
   433.539786195      0.596267413625E-35
   439.822971503      0.536516166410E-35
   446.106156810      0.536516305126E-35
   452.389342117      0.511550486769E-35
   458.672527424      0.468795674407E-35
   464.955712731      0.445254766801E-35
   471.238898038      0.393524309988E-35
   477.522083346      0.396955514227E-35
   483.805268653      0.366840689434E-35
   490.088453960      0.400320173657E-35
   496.371639267      0.324915509935E-35
   502.654824574      0.373402702600E-35
   508.938009882      0.285250428044E-35
   515.221195189      0.349783413023E-35
   521.504380496      0.286015628796E-35
   527.787565803      0.239894769614E-35
   534.070751110      0.274752575969E-35
   540.353936417      0.190842777250E-35
   546.637121725      0.210331245803E-35
   552.920307032      0.272152819769E-35
   559.203492339      0.153490845213E-35
   565.486677646      0.231409962620E-35
   571.769862953      0.105328449177E-35
   578.053048261      0.950771251121E-36
   584.336233568      0.778986987193E-36
   590.619418875      0.706789124459E-36
   596.902604182      0.592375575929E-36
   603.185789489      0.567551721609E-36
   609.468974796      0.424001751149E-36
   615.752160104      0.385037020097E-36
   622.035345411      0.302610211650E-36
   628.318530718      0.258622280334E-36
   634.601716025      0.237372566139E-36
   640.884901332      0.213717612883E-36
   647.168086639      0.195317746135E-36
   653.451271947      0.139059842519E-36
   659.734457254      0.117515037248E-36
   666.017642561      0.100888737591E-36
   672.300827868      0.804337204970E-37
   678.584013175      0.468058727822E-37
   684.867198483      0.160765614560E-37
   691.150383790      0.133607341421E-37
   697.433569097      0.471487917687E-39
   6.28318530718      0.191119559362E-39
   12.5663706144      0.308502143819E-02
   18.8495559215      0.668357403916E-04
   25.1327412287      0.171950379462E-05
   31.4159265359      0.434860438118E-06
   37.6991118431      0.382894626013E-08
   43.9822971503      0.271004100669E-09
   50.2654824574      0.128015081524E-10
   56.5486677646      0.455693652573E-13
   62.8318530718      0.808202653702E-15
   69.1150383790      0.389096878088E-16
   75.3982236862      0.175787627943E-18
   81.6814089933      0.526302926627E-20
   87.9645943005      0.133595066812E-21
   94.2477796077      0.132227369045E-23
   100.530964915      0.285281661776E-25
   106.814150222      0.564939198672E-27
   113.097335529      0.465577373147E-29
   119.380520836      0.161044133712E-32
   125.663706144      0.123101441516E-33
   131.946891451      0.275035561657E-34
   138.230076758      0.234046189576E-33
   144.513262065      0.362444015525E-34
   150.796447372      0.125237264830E-33
   157.079632679      0.746393788725E-34
   163.362817987      0.316844892219E-33
   169.646003294      0.500567515482E-34
   175.929188601      0.940279197496E-33
   182.212373908      0.684934686840E-34
   188.495559215      0.355981309343E-33
   194.778744523      0.501626007287E-34
   201.061929830      0.131973141795E-32
   207.345115137      0.752460821072E-34
   213.628300444      0.218116783473E-32
   219.911485751      0.813106664369E-34
   226.194671058      0.139560687416E-33
   232.477856366      0.856190114981E-34
   238.761041673      0.486337348546E-33
   245.044226980      0.979351700194E-34
   251.327412287      0.301574807278E-33
   257.610597594      0.949904718876E-34
   263.893782902      0.214765689825E-33
   270.176968209      0.861525139166E-34
   276.460153516      0.754555288846E-34
   282.743338823      0.552005926627E-34
   289.026524130      0.533428138829E-34
   295.309709437      0.514008455061E-34
   301.592894745      0.482209580086E-34
   307.876080052      0.514951879298E-34
   314.159265359      0.594231652247E-34
   320.442450666      0.369514815595E-34
   326.725635973      0.385324926601E-34
   333.008821281      0.311668835753E-34
   339.292006588      0.357695779959E-34
   345.575191895      0.245902373541E-34
   351.858377202      0.276196647107E-34
   358.141562509      0.198003496368E-34
   364.424747816      0.204332102321E-34
   370.707933124      0.153651005692E-34
   376.991118431      0.152134420285E-34
   383.274303738      0.118682163964E-34
   389.557489045      0.131092317756E-34
   395.840674352      0.969306256051E-35
   402.123859659      0.360510422891E-34
   408.407044967      0.885375050589E-35
   414.690230274      0.777613873411E-35
   420.973415581      0.677471140948E-35
   427.256600888      0.696315169610E-35
   433.539786195      0.560019421423E-35
   439.822971503      0.525908191327E-35
   446.106156810      0.490373682630E-35
   452.389342117      0.471962946629E-35
   458.672527424      0.421472601793E-35
   464.955712731      0.413710507875E-35
   471.238898038      0.402027253436E-35
   477.522083346      0.374097892657E-35
   483.805268653      0.335934678124E-35
   490.088453960      0.323771402869E-35
   496.371639267      0.330299035873E-35
   502.654824574      0.328649139292E-35
   508.938009882      0.269681587771E-35
   515.221195189      0.294814308372E-35
   521.504380496      0.313311482977E-35
   527.787565803      0.232417918970E-35
   534.070751110      0.259305233310E-35
   540.353936417      0.200608995562E-35
   546.637121725      0.188039259499E-35
   552.920307032      0.211496540890E-35
   559.203492339      0.142234268021E-35
   565.486677646      0.170819470401E-35
   571.769862953      0.100346712476E-35
   578.053048261      0.927903769843E-36
   584.336233568      0.765228306191E-36
   590.619418875      0.721861556066E-36
   596.902604182      0.627213542777E-36
   603.185789489      0.561293868828E-36
   609.468974796      0.433204230155E-36
   615.752160104      0.387999492696E-36
   622.035345411      0.341962936975E-36
   628.318530718      0.271058772856E-36
   634.601716025      0.233074605880E-36
   640.884901332      0.215627851528E-36
   647.168086639      0.172528503685E-36
   653.451271947      0.112954386054E-36
   659.734457254      0.112417908154E-36
   666.017642561      0.998994151001E-37
   672.300827868      0.750227174775E-37
   678.584013175      0.572734799976E-37
   684.867198483      0.167600051714E-37
   691.150383790      0.247732086984E-37
   697.433569097      0.144319580429E-38
   6.28318530718      0.118709692389E-39
   12.5663706144      0.307852005819E-02
   18.8495559215      0.719746338040E-04
   25.1327412287      0.200066529795E-05
   31.4159265359      0.507317176125E-06
   37.6991118431      0.490983615376E-08
   43.9822971503      0.339521450052E-09
   50.2654824574      0.176146125541E-10
   56.5486677646      0.698793061051E-13
   62.8318530718      0.136868465984E-14
   69.1150383790      0.673813036981E-16
   75.3982236862      0.339409339100E-18
   81.6814089933      0.113508845354E-19
   87.9645943005      0.293570575223E-21
   94.2477796077      0.317970070523E-23
   100.530964915      0.760086574850E-25
   106.814150222      0.164740196304E-26
   113.097335529      0.150953881956E-28
   119.380520836      0.124194653546E-30
   125.663706144      0.127008841705E-33
   131.946891451      0.292454980041E-34
   138.230076758      0.238245013010E-33
   144.513262065      0.372022107936E-34
   150.796447372      0.120055932773E-33
   157.079632679      0.790500895773E-34
   163.362817987      0.257617978787E-33
   169.646003294      0.506260142079E-34
   175.929188601      0.961252150463E-33
   182.212373908      0.814456111895E-34
   188.495559215      0.392934222272E-33
   194.778744523      0.559482068369E-34
   201.061929830      0.154524090992E-32
   207.345115137      0.737395763094E-34
   213.628300444      0.254104878418E-32
   219.911485751      0.749310042475E-34
   226.194671058      0.128162774596E-33
   232.477856366      0.892942202111E-34
   238.761041673      0.534586000549E-33
   245.044226980      0.104380854605E-33
   251.327412287      0.304140722785E-33
   257.610597594      0.962997160270E-34
   263.893782902      0.243988091864E-33
   270.176968209      0.887563725171E-34
   276.460153516      0.774779287818E-34
   282.743338823      0.591826168154E-34
   289.026524130      0.522982968289E-34
   295.309709437      0.517449071311E-34
   301.592894745      0.447416712114E-34
   307.876080052      0.519123115494E-34
   314.159265359      0.550029937597E-34
   320.442450666      0.394184924830E-34
   326.725635973      0.413316177424E-34
   333.008821281      0.333280545422E-34
   339.292006588      0.383154364422E-34
   345.575191895      0.255911337035E-34
   351.858377202      0.349764999296E-34
   358.141562509      0.221393755982E-34
   364.424747816      0.261553351147E-34
   370.707933124      0.167968907640E-34
   376.991118431      0.153859216107E-34
   383.274303738      0.135274823967E-34
   389.557489045      0.121378343460E-34
   395.840674352      0.103813758366E-34
   402.123859659      0.280263704978E-34
   408.407044967      0.912945147872E-35
   414.690230274      0.898498524409E-35
   420.973415581      0.677614641569E-35
   427.256600888      0.702929579095E-35
   433.539786195      0.560179775269E-35
   439.822971503      0.554597660085E-35
   446.106156810      0.503523811581E-35
   452.389342117      0.504543181605E-35
   458.672527424      0.503068217997E-35
   464.955712731      0.406148366357E-35
   471.238898038      0.422374680127E-35
   477.522083346      0.395394894542E-35
   483.805268653      0.332209771850E-35
   490.088453960      0.333923235101E-35
   496.371639267      0.333851062141E-35
   502.654824574      0.327802941200E-35
   508.938009882      0.285035282120E-35
   515.221195189      0.300266172824E-35
   521.504380496      0.287771220920E-35
   527.787565803      0.235249944763E-35
   534.070751110      0.255424389262E-35
   540.353936417      0.196563639161E-35
   546.637121725      0.172427403470E-35
   552.920307032      0.296708897615E-35
   559.203492339      0.139893133407E-35
   565.486677646      0.200509642958E-35
   571.769862953      0.108474243711E-35
   578.053048261      0.974800154645E-36
   584.336233568      0.735048821457E-36
   590.619418875      0.703971554463E-36
   596.902604182      0.557769097954E-36
   603.185789489      0.502740074210E-36
   609.468974796      0.402537172265E-36
   615.752160104      0.384431242112E-36
   622.035345411      0.317327431368E-36
   628.318530718      0.269123895211E-36
   634.601716025      0.245467420297E-36
   640.884901332      0.205198611261E-36
   647.168086639      0.179011078397E-36
   653.451271947      0.128510107366E-36
   659.734457254      0.107616152463E-36
   666.017642561      0.994616427934E-37
   672.300827868      0.690122155437E-37
   678.584013175      0.417883571803E-37
   684.867198483      0.219267494903E-37
   691.150383790      0.201470861734E-37
   697.433569097      0.437431634939E-39
   6.28318530718      0.786303165538E-40
   12.5663706144      0.307178438560E-02
   18.8495559215      0.772668915503E-04
   25.1327412287      0.231359284220E-05
   31.4159265359      0.588264575471E-06
   37.6991118431      0.623944801382E-08
   43.9822971503      0.421900504736E-09
   50.2654824574      0.239589544144E-10
   56.5486677646      0.105673749477E-12
   62.8318530718      0.227533693519E-14
   69.1150383790      0.114392123568E-15
   75.3982236862      0.642841434287E-18
   81.6814089933      0.237755991185E-19
   87.9645943005      0.627076567409E-21
   94.2477796077      0.742785399589E-23
   100.530964915      0.194720690651E-24
   106.814150222      0.455461656252E-26
   113.097335529      0.505824964875E-28
   119.380520836      0.389469356381E-30
   125.663706144      0.139948723325E-33
   131.946891451      0.292146507860E-34
   138.230076758      0.268544700178E-33
   144.513262065      0.393014275793E-34
   150.796447372      0.128984582904E-33
   157.079632679      0.752630891064E-34
   163.362817987      0.298331981259E-33
   169.646003294      0.549861035113E-34
   175.929188601      0.108994205551E-32
   182.212373908      0.797334590716E-34
   188.495559215      0.438704800328E-33
   194.778744523      0.612560722267E-34
   201.061929830      0.152166404473E-32
   207.345115137      0.699837222268E-34
   213.628300444      0.247307545655E-32
   219.911485751      0.794021529199E-34
   226.194671058      0.123931479147E-33
   232.477856366      0.898617405329E-34
   238.761041673      0.599393108750E-33
   245.044226980      0.108043438800E-33
   251.327412287      0.306282140163E-33
   257.610597594      0.101522963259E-33
   263.893782902      0.223639897418E-33
   270.176968209      0.936244171339E-34
   276.460153516      0.789842788160E-34
   282.743338823      0.623209149811E-34
   289.026524130      0.574192592411E-34
   295.309709437      0.539597460534E-34
   301.592894745      0.519617717954E-34
   307.876080052      0.537120657188E-34
   314.159265359      0.574358719147E-34
   320.442450666      0.402799772865E-34
   326.725635973      0.413006309425E-34
   333.008821281      0.333020436262E-34
   339.292006588      0.388158245508E-34
   345.575191895      0.243993016813E-34
   351.858377202      0.309399275167E-34
   358.141562509      0.227797078322E-34
   364.424747816      0.234929768575E-34
   370.707933124      0.160235237372E-34
   376.991118431      0.152368534516E-34
   383.274303738      0.121941511578E-34
   389.557489045      0.147548183755E-34
   395.840674352      0.102718670028E-34
   402.123859659      0.218461955657E-34
   408.407044967      0.981504321200E-35
   414.690230274      0.856609425958E-35
   420.973415581      0.701306224400E-35
   427.256600888      0.655541204398E-35
   433.539786195      0.643642752315E-35
   439.822971503      0.578863047713E-35
   446.106156810      0.555993294874E-35
   452.389342117      0.508771651605E-35
   458.672527424      0.454010726909E-35
   464.955712731      0.410997147583E-35
   471.238898038      0.381000745571E-35
   477.522083346      0.372862375600E-35
   483.805268653      0.390144621677E-35
   490.088453960      0.392117267797E-35
   496.371639267      0.379104157925E-35
   502.654824574      0.371594742740E-35
   508.938009882      0.262713558226E-35
   515.221195189      0.278784730174E-35
   521.504380496      0.268332073346E-35
   527.787565803      0.226246201152E-35
   534.070751110      0.320127728616E-35
   540.353936417      0.197141011593E-35
   546.637121725      0.220368109593E-35
   552.920307032      0.196121193241E-35
   559.203492339      0.158694783171E-35
   565.486677646      0.229815895471E-35
   571.769862953      0.103906374189E-35
   578.053048261      0.970338957595E-36
   584.336233568      0.783121371999E-36
   590.619418875      0.742628925366E-36
   596.902604182      0.616329254370E-36
   603.185789489      0.541777030308E-36
   609.468974796      0.429096245737E-36
   615.752160104      0.391389937236E-36
   622.035345411      0.340661564500E-36
   628.318530718      0.276325930205E-36
   634.601716025      0.235116437206E-36
   640.884901332      0.216758017865E-36
   647.168086639      0.173014251128E-36
   653.451271947      0.112891510284E-36
   659.734457254      0.113073156019E-36
   666.017642561      0.945906938095E-37
   672.300827868      0.636454914205E-37
   678.584013175      0.373391126143E-37
   684.867198483      0.136972263978E-37
   691.150383790      0.224963231741E-37
   697.433569097      0.157843901697E-38
   6.28318530718      0.206833213665E-39
   12.5663706144      0.306481677585E-02
   18.8495559215      0.827074508966E-04
   25.1327412287      0.266028601728E-05
   31.4159265359      0.678289026733E-06
   37.6991118431      0.786286379502E-08
   43.9822971503      0.520394740410E-09
   50.2654824574      0.322416500614E-10
   56.5486677646      0.157738896281E-12
   62.8318530718      0.371757768616E-14
   69.1150383790      0.190664187057E-15
   75.3982236862      0.119546509753E-17
   81.6814089933      0.484592054085E-19
   87.9645943005      0.130473036498E-20
   94.2477796077      0.168867910543E-22
   100.530964915      0.481510705682E-24
   106.814150222      0.120311138221E-25
   113.097335529      0.162469552228E-27
   119.380520836      0.167778038343E-29
   125.663706144      0.302066246283E-32
   131.946891451      0.288939096468E-34
   138.230076758      0.278062586214E-33
   144.513262065      0.444285037589E-34
   150.796447372      0.123062822219E-33
   157.079632679      0.776798393310E-34
   163.362817987      0.307188774153E-33
   169.646003294      0.518658856281E-34
   175.929188601      0.118767159818E-32
   182.212373908      0.909650982711E-34
   188.495559215      0.463886616074E-33
   194.778744523      0.638498322775E-34
   201.061929830      0.169887307135E-32
   207.345115137      0.782518002549E-34
   213.628300444      0.270814265042E-32
   219.911485751      0.892380490227E-34
   226.194671058      0.128097689329E-33
   232.477856366      0.987632559555E-34
   238.761041673      0.597097706054E-33
   245.044226980      0.115351749837E-33
   251.327412287      0.334520763428E-33
   257.610597594      0.106436820901E-33
   263.893782902      0.232895596623E-33
   270.176968209      0.990361165165E-34
   276.460153516      0.845688276205E-34
   282.743338823      0.670208233913E-34
   289.026524130      0.590153669264E-34
   295.309709437      0.564896036852E-34
   301.592894745      0.495779018875E-34
   307.876080052      0.564513647696E-34
   314.159265359      0.656135236660E-34
   320.442450666      0.413369623248E-34
   326.725635973      0.444094997350E-34
   333.008821281      0.344865940980E-34
   339.292006588      0.386747535590E-34
   345.575191895      0.250832984806E-34
   351.858377202      0.349054565677E-34
   358.141562509      0.225733109687E-34
   364.424747816      0.260141740896E-34
   370.707933124      0.162884515825E-34
   376.991118431      0.148997978223E-34
   383.274303738      0.119093369699E-34
   389.557489045      0.130387939912E-34
   395.840674352      0.102328996554E-34
   402.123859659      0.270469767258E-34
   408.407044967      0.921349261043E-35
   414.690230274      0.786292704671E-35
   420.973415581      0.620341020125E-35
   427.256600888      0.627829009181E-35
   433.539786195      0.569509577813E-35
   439.822971503      0.505239129077E-35
   446.106156810      0.552837291690E-35
   452.389342117      0.478031633103E-35
   458.672527424      0.409056733091E-35
   464.955712731      0.449861911353E-35
   471.238898038      0.379336572234E-35
   477.522083346      0.372243538843E-35
   483.805268653      0.357679693904E-35
   490.088453960      0.364125270127E-35
   496.371639267      0.313807795902E-35
   502.654824574      0.351948206226E-35
   508.938009882      0.278063776947E-35
   515.221195189      0.285467485660E-35
   521.504380496      0.259579479953E-35
   527.787565803      0.256150681826E-35
   534.070751110      0.244380175189E-35
   540.353936417      0.179056969017E-35
   546.637121725      0.179556207764E-35
   552.920307032      0.212734207110E-35
   559.203492339      0.134203872294E-35
   565.486677646      0.166562307064E-35
   571.769862953      0.100113262021E-35
   578.053048261      0.911490241567E-36
   584.336233568      0.734541132398E-36
   590.619418875      0.701820732848E-36
   596.902604182      0.569281531030E-36
   603.185789489      0.519454793516E-36
   609.468974796      0.410537473134E-36
   615.752160104      0.403328532493E-36
   622.035345411      0.345537452250E-36
   628.318530718      0.314359074447E-36
   634.601716025      0.236362845742E-36
   640.884901332      0.200769155688E-36
   647.168086639      0.190527031910E-36
   653.451271947      0.118282140064E-36
   659.734457254      0.104653867321E-36
   666.017642561      0.998666136163E-37
   672.300827868      0.836834224130E-37
   678.584013175      0.479153853520E-37
   684.867198483      0.146521909709E-37
   691.150383790      0.217947469161E-37
   697.433569097      0.203650008009E-38
   6.28318530718      0.237209801463E-39
   12.5663706144      0.305761966650E-02
   18.8495559215      0.882911455533E-04
   25.1327412287      0.304275279872E-05
   31.4159265359      0.777985782367E-06
   37.6991118431      0.983119155007E-08
   43.9822971503      0.637578252148E-09
   50.2654824574      0.429588711013E-10
   56.5486677646      0.232607686720E-12
   62.8318530718      0.597595026740E-14
   69.1150383790      0.312413350799E-15
   75.3982236862      0.218462318037E-17
   81.6814089933      0.962772057516E-19
   87.9645943005      0.264921577229E-20
   94.2477796077      0.374222280418E-22
   100.530964915      0.115279021962E-23
   106.814150222      0.305447889049E-25
   113.097335529      0.495065173443E-27
   119.380520836      0.616257229125E-29
   125.663706144      0.303228105902E-31
   131.946891451      0.359089367501E-34
   138.230076758      0.300701102972E-33
   144.513262065      0.464154139729E-34
   150.796447372      0.134977544106E-33
   157.079632679      0.785087069528E-34
   163.362817987      0.285239739522E-33
   169.646003294      0.523743806932E-34
   175.929188601      0.112485948431E-32
   182.212373908      0.886154763619E-34
   188.495559215      0.465090912342E-33
   194.778744523      0.635991835810E-34
   201.061929830      0.175724994873E-32
   207.345115137      0.770736673769E-34
   213.628300444      0.277285472126E-32
   219.911485751      0.927884812983E-34
   226.194671058      0.117084364361E-33
   232.477856366      0.101655716745E-33
   238.761041673      0.575133942098E-33
   245.044226980      0.116694625633E-33
   251.327412287      0.335588459127E-33
   257.610597594      0.107645076066E-33
   263.893782902      0.241355578452E-33
   270.176968209      0.998385034855E-34
   276.460153516      0.877332436956E-34
   282.743338823      0.674362502432E-34
   289.026524130      0.623317353852E-34
   295.309709437      0.576130050952E-34
   301.592894745      0.570777946849E-34
   307.876080052      0.551171710927E-34
   314.159265359      0.675527681405E-34
   320.442450666      0.404963632210E-34
   326.725635973      0.433802151895E-34
   333.008821281      0.337296920755E-34
   339.292006588      0.395796253518E-34
   345.575191895      0.261737157237E-34
   351.858377202      0.363175832653E-34
   358.141562509      0.240180746573E-34
   364.424747816      0.294702707628E-34
   370.707933124      0.166845596955E-34
   376.991118431      0.160290592973E-34
   383.274303738      0.130091226142E-34
   389.557489045      0.120477718687E-34
   395.840674352      0.113464241834E-34
   402.123859659      0.199763530407E-34
   408.407044967      0.923197191874E-35
   414.690230274      0.852978210382E-35
   420.973415581      0.696910571796E-35
   427.256600888      0.633380845979E-35
   433.539786195      0.606534287147E-35
   439.822971503      0.556528790433E-35
   446.106156810      0.540532943205E-35
   452.389342117      0.488979816783E-35
   458.672527424      0.458917542178E-35
   464.955712731      0.479308837729E-35
   471.238898038      0.396207678950E-35
   477.522083346      0.404770401324E-35
   483.805268653      0.380370132523E-35
   490.088453960      0.356640011645E-35
   496.371639267      0.363505807837E-35
   502.654824574      0.335012167186E-35
   508.938009882      0.275420028900E-35
   515.221195189      0.302367858389E-35
   521.504380496      0.301393895843E-35
   527.787565803      0.249180058591E-35
   534.070751110      0.311843752444E-35
   540.353936417      0.207450724031E-35
   546.637121725      0.240523586394E-35
   552.920307032      0.191514558366E-35
   559.203492339      0.169134243748E-35
   565.486677646      0.171852025774E-35
   571.769862953      0.102446075360E-35
   578.053048261      0.932540237291E-36
   584.336233568      0.753171256813E-36
   590.619418875      0.744330796618E-36
   596.902604182      0.598426576180E-36
   603.185789489      0.555353517106E-36
   609.468974796      0.412479454468E-36
   615.752160104      0.368186450384E-36
   622.035345411      0.325310403782E-36
   628.318530718      0.317132760708E-36
   634.601716025      0.245171290757E-36
   640.884901332      0.204172812211E-36
   647.168086639      0.181025516815E-36
   653.451271947      0.113324578969E-36
   659.734457254      0.108767552319E-36
   666.017642561      0.108277741801E-36
   672.300827868      0.683671552256E-37
   678.584013175      0.297878617915E-37
   684.867198483      0.157005474499E-37
   691.150383790      0.173490384151E-37
   697.433569097      0.814989306985E-39
   6.28318530718      0.313728115060E-39
   12.5663706144      0.305019557621E-02
   18.8495559215      0.940127139709E-04
   25.1327412287      0.346300381495E-05
   31.4159265359      0.887957338684E-06
   37.6991118431      0.122020625317E-07
   43.9822971503      0.776393804802E-09
   50.2654824574      0.567115253688E-10
   56.5486677646      0.339110343753E-12
   62.8318530718      0.946023569378E-14
   69.1150383790      0.503834083208E-15
   75.3982236862      0.392586331540E-17
   81.6814089933      0.186751290329E-18
   87.9645943005      0.525805829747E-20
   94.2477796077      0.809498917637E-22
   100.530964915      0.267855269900E-23
   106.814150222      0.748985183799E-25
   113.097335529      0.141094341604E-26
   119.380520836      0.203532147483E-28
   125.663706144      0.532192580708E-31
   131.946891451      0.349497407980E-34
   138.230076758      0.339077630885E-33
   144.513262065      0.545835499336E-34
   150.796447372      0.146584844851E-33
   157.079632679      0.837963357781E-34
   163.362817987      0.353393633411E-33
   169.646003294      0.538662067181E-34
   175.929188601      0.120930336580E-32
   182.212373908      0.105363100980E-33
   188.495559215      0.446709211994E-33
   194.778744523      0.700894802839E-34
   201.061929830      0.193654873871E-32
   207.345115137      0.801389597542E-34
   213.628300444      0.313658386503E-32
   219.911485751      0.976161292156E-34
   226.194671058      0.124508478104E-33
   232.477856366      0.114036298271E-33
   238.761041673      0.618430979998E-33
   245.044226980      0.129151888085E-33
   251.327412287      0.382032414611E-33
   257.610597594      0.114983120872E-33
   263.893782902      0.264590443945E-33
   270.176968209      0.102413258492E-33
   276.460153516      0.895017403577E-34
   282.743338823      0.705648552599E-34
   289.026524130      0.610004087154E-34
   295.309709437      0.587833518346E-34
   301.592894745      0.531094496306E-34
   307.876080052      0.553207839829E-34
   314.159265359      0.604719704090E-34
   320.442450666      0.416295348217E-34
   326.725635973      0.430631482774E-34
   333.008821281      0.343099481931E-34
   339.292006588      0.412733246024E-34
   345.575191895      0.284685146555E-34
   351.858377202      0.347047464832E-34
   358.141562509      0.241939523232E-34
   364.424747816      0.303358050637E-34
   370.707933124      0.162661633246E-34
   376.991118431      0.185694659409E-34
   383.274303738      0.131050658559E-34
   389.557489045      0.149861044494E-34
   395.840674352      0.110197100360E-34
   402.123859659      0.452221689313E-34
   408.407044967      0.100705929407E-34
   414.690230274      0.104841833434E-34
   420.973415581      0.707543359012E-35
   427.256600888      0.671913926316E-35
   433.539786195      0.570377487763E-35
   439.822971503      0.554373549696E-35
   446.106156810      0.549615939917E-35
   452.389342117      0.485300285582E-35
   458.672527424      0.497203400124E-35
   464.955712731      0.497580077220E-35
   471.238898038      0.482149556945E-35
   477.522083346      0.464875859974E-35
   483.805268653      0.351608846923E-35
   490.088453960      0.380732148882E-35
   496.371639267      0.341007533403E-35
   502.654824574      0.308144883243E-35
   508.938009882      0.261621628906E-35
   515.221195189      0.290271373159E-35
   521.504380496      0.317657183082E-35
   527.787565803      0.323037717343E-35
   534.070751110      0.256360521596E-35
   540.353936417      0.196602212120E-35
   546.637121725      0.172736017529E-35
   552.920307032      0.211914161904E-35
   559.203492339      0.145512643568E-35
   565.486677646      0.145277817360E-35
   571.769862953      0.995579006192E-36
   578.053048261      0.928010052462E-36
   584.336233568      0.767297788444E-36
   590.619418875      0.750426583645E-36
   596.902604182      0.607717607708E-36
   603.185789489      0.538417710543E-36
   609.468974796      0.420810116742E-36
   615.752160104      0.384884332797E-36
   622.035345411      0.307086622662E-36
   628.318530718      0.288611333662E-36
   634.601716025      0.265918439811E-36
   640.884901332      0.236869569607E-36
   647.168086639      0.172184277621E-36
   653.451271947      0.113620944196E-36
   659.734457254      0.857645852423E-37
   666.017642561      0.780361180295E-37
   672.300827868      0.696553520209E-37
   678.584013175      0.597932917443E-37
   684.867198483      0.146472878880E-37
   691.150383790      0.175951747591E-37
   697.433569097      0.384993490122E-39
   6.28318530718      0.162517519896E-39
   12.5663706144      0.304254710356E-02
   18.8495559215      0.998668077003E-04
   25.1327412287      0.392304667567E-05
   31.4159265359      0.100881175919E-05
   37.6991118431      0.150401325318E-07
   43.9822971503      0.940208133881E-09
   50.2654824574      0.742230705820E-10
   56.5486677646      0.489070900417E-12
   62.8318530718      0.147611893874E-13
   69.1150383790      0.800570358100E-15
   75.3982236862      0.694215549519E-17
   81.6814089933      0.354181113662E-18
   87.9645943005      0.102160297630E-19
   94.2477796077      0.171137449286E-21
   100.530964915      0.605259604917E-23
   106.814150222      0.178023608221E-24
   113.097335529      0.379850457749E-26
   119.380520836      0.662123226115E-28
   125.663706144      0.301435486804E-30
   131.946891451      0.400210579191E-34
   138.230076758      0.338754879926E-33
   144.513262065      0.484036269700E-34
   150.796447372      0.136243741486E-33
   157.079632679      0.841564856585E-34
   163.362817987      0.285548299486E-33
   169.646003294      0.599089828421E-34
   175.929188601      0.126150294012E-32
   182.212373908      0.103622821220E-33
   188.495559215      0.471652918873E-33
   194.778744523      0.739464080412E-34
   201.061929830      0.193667607517E-32
   207.345115137      0.742071841182E-34
   213.628300444      0.321345406063E-32
   219.911485751      0.938025561390E-34
   226.194671058      0.134255158957E-33
   232.477856366      0.117910707559E-33
   238.761041673      0.669047322893E-33
   245.044226980      0.137800068833E-33
   251.327412287      0.346456656055E-33
   257.610597594      0.124095917114E-33
   263.893782902      0.262202211471E-33
   270.176968209      0.104437799418E-33
   276.460153516      0.932376729396E-34
   282.743338823      0.708756393539E-34
   289.026524130      0.651883355988E-34
   295.309709437      0.571276509307E-34
   301.592894745      0.511802272765E-34
   307.876080052      0.563029276109E-34
   314.159265359      0.635073905729E-34
   320.442450666      0.444532751731E-34
   326.725635973      0.448599029889E-34
   333.008821281      0.364157572361E-34
   339.292006588      0.430643407173E-34
   345.575191895      0.289534647434E-34
   351.858377202      0.367450030982E-34
   358.141562509      0.235806607498E-34
   364.424747816      0.257429040393E-34
   370.707933124      0.164358045651E-34
   376.991118431      0.150380962122E-34
   383.274303738      0.126891115241E-34
   389.557489045      0.124773649763E-34
   395.840674352      0.113161145152E-34
   402.123859659      0.128240838994E-34
   408.407044967      0.109207533581E-34
   414.690230274      0.843460292744E-35
   420.973415581      0.662961029972E-35
   427.256600888      0.645138062500E-35
   433.539786195      0.581071264421E-35
   439.822971503      0.588432386244E-35
   446.106156810      0.575330157159E-35
   452.389342117      0.488493328177E-35
   458.672527424      0.441550849221E-35
   464.955712731      0.442645777037E-35
   471.238898038      0.378503387944E-35
   477.522083346      0.440413407418E-35
   483.805268653      0.370525487009E-35
   490.088453960      0.378975689001E-35
   496.371639267      0.391245283024E-35
   502.654824574      0.349369410351E-35
   508.938009882      0.258930862071E-35
   515.221195189      0.280233587037E-35
   521.504380496      0.270693297097E-35
   527.787565803      0.247183378670E-35
   534.070751110      0.256272821078E-35
   540.353936417      0.198177247929E-35
   546.637121725      0.175483379577E-35
   552.920307032      0.195930958179E-35
   559.203492339      0.151349314625E-35
   565.486677646      0.203576325218E-35
   571.769862953      0.102180325215E-35
   578.053048261      0.923427228031E-36
   584.336233568      0.769579058879E-36
   590.619418875      0.750871474604E-36
   596.902604182      0.632792286281E-36
   603.185789489      0.566355517136E-36
   609.468974796      0.440929160373E-36
   615.752160104      0.406269850314E-36
   622.035345411      0.318278620510E-36
   628.318530718      0.287845055138E-36
   634.601716025      0.261822211856E-36
   640.884901332      0.244814040911E-36
   647.168086639      0.183253870559E-36
   653.451271947      0.123685435166E-36
   659.734457254      0.138344364045E-36
   666.017642561      0.125403209556E-36
   672.300827868      0.762325261634E-37
   678.584013175      0.422664075235E-37
   684.867198483      0.184108524947E-37
   691.150383790      0.164451961958E-37
   697.433569097      0.696630524272E-39
   6.28318530718      0.302726508068E-39
   12.5663706144      0.303467692589E-02
   18.8495559215      0.105847999799E-03
   25.1327412287      0.442488038049E-05
   31.4159265359      0.114116094434E-05
   37.6991118431      0.184175831650E-07
   43.9822971503      0.113287512906E-08
   50.2654824574      0.963596575947E-10
   56.5486677646      0.698180630334E-12
   62.8318530718      0.227199513919E-13
   69.1150383790      0.125451225347E-14
   75.3982236862      0.120868288794E-16
   81.6814089933      0.657630676440E-18
   87.9645943005      0.194561327989E-19
   94.2477796077      0.353996756857E-21
   100.530964915      0.133240171713E-22
   106.814150222      0.411281040433E-24
   113.097335529      0.975611359355E-26
   119.380520836      0.200716323446E-27
   125.663706144      0.135187348287E-29
   131.946891451      0.824412246576E-33
   138.230076758      0.363254377515E-33
   144.513262065      0.539410012309E-34
   150.796447372      0.141702981800E-33
   157.079632679      0.919508808371E-34
   163.362817987      0.349304806078E-33
   169.646003294      0.622872265630E-34
   175.929188601      0.134019293037E-32
   182.212373908      0.113893177205E-33
   188.495559215      0.481202460003E-33
   194.778744523      0.817721827635E-34
   201.061929830      0.244804354391E-32
   207.345115137      0.790606392201E-34
   213.628300444      0.405340014908E-32
   219.911485751      0.992332701817E-34
   226.194671058      0.149592874478E-33
   232.477856366      0.105728403696E-33
   238.761041673      0.695850692726E-33
   245.044226980      0.129423413211E-33
   251.327412287      0.387133025954E-33
   257.610597594      0.129715223109E-33
   263.893782902      0.260118267595E-33
   270.176968209      0.110828735874E-33
   276.460153516      0.938427437015E-34
   282.743338823      0.747508441406E-34
   289.026524130      0.703323764601E-34
   295.309709437      0.630362181470E-34
   301.592894745      0.533755879823E-34
   307.876080052      0.616184770914E-34
   314.159265359      0.678090186561E-34
   320.442450666      0.440069582008E-34
   326.725635973      0.469113865227E-34
   333.008821281      0.360782497624E-34
   339.292006588      0.429721870214E-34
   345.575191895      0.277570899925E-34
   351.858377202      0.378219001355E-34
   358.141562509      0.250241742404E-34
   364.424747816      0.278453404830E-34
   370.707933124      0.171474734861E-34
   376.991118431      0.156711717654E-34
   383.274303738      0.132767260136E-34
   389.557489045      0.122254688733E-34
   395.840674352      0.109063110527E-34
   402.123859659      0.501379598776E-34
   408.407044967      0.956462866449E-35
   414.690230274      0.883823046454E-35
   420.973415581      0.666577257135E-35
   427.256600888      0.806419772344E-35
   433.539786195      0.689078045026E-35
   439.822971503      0.572187701801E-35
   446.106156810      0.498598197363E-35
   452.389342117      0.502722918414E-35
   458.672527424      0.455862244775E-35
   464.955712731      0.425750248106E-35
   471.238898038      0.488914852860E-35
   477.522083346      0.404214697181E-35
   483.805268653      0.342650070762E-35
   490.088453960      0.351817496250E-35
   496.371639267      0.392298094880E-35
   502.654824574      0.344143211157E-35
   508.938009882      0.261669693762E-35
   515.221195189      0.259881925269E-35
   521.504380496      0.260729010758E-35
   527.787565803      0.240268968211E-35
   534.070751110      0.268513535565E-35
   540.353936417      0.192760797495E-35
   546.637121725      0.176962048466E-35
   552.920307032      0.176821198146E-35
   559.203492339      0.149116032997E-35
   565.486677646      0.142280417397E-35
   571.769862953      0.100726095396E-35
   578.053048261      0.924498499683E-36
   584.336233568      0.782401698973E-36
   590.619418875      0.707833703143E-36
   596.902604182      0.599081870170E-36
   603.185789489      0.525405657743E-36
   609.468974796      0.422230917425E-36
   615.752160104      0.395314784515E-36
   622.035345411      0.313181114873E-36
   628.318530718      0.292419275729E-36
   634.601716025      0.230760411363E-36
   640.884901332      0.208765859894E-36
   647.168086639      0.168246566634E-36
   653.451271947      0.113426182806E-36
   659.734457254      0.108261159135E-36
   666.017642561      0.989741832513E-37
   672.300827868      0.653104486872E-37
   678.584013175      0.404823702334E-37
   684.867198483      0.178949262210E-37
   691.150383790      0.149180494823E-37
   697.433569097      0.565404254239E-39
   6.28318530718      0.151075303902E-39
   12.5663706144      0.302658779797E-02
   18.8495559215      0.111950793261E-03
   25.1327412287      0.497048982628E-05
   31.4159265359      0.128561885349E-05
   37.6991118431      0.224146185145E-07
   43.9822971503      0.135880748803E-08
   50.2654824574      0.124152804112E-09
   56.5486677646      0.987083925163E-12
   62.8318530718      0.345201305998E-13
   69.1150383790      0.194035715230E-14
   75.3982236862      0.207314676155E-16
   81.6814089933      0.119689800701E-17
   87.9645943005      0.363628238625E-19
   94.2477796077      0.717162328841E-21
   100.530964915      0.286185839098E-22
   106.814150222      0.925547890795E-24
   113.097335529      0.240914864884E-25
   119.380520836      0.563966472300E-27
   125.663706144      0.570393431630E-29
   131.946891451      0.591807576684E-31
   138.230076758      0.392054651629E-33
   144.513262065      0.594594474035E-34
   150.796447372      0.146089155336E-33
   157.079632679      0.887972254494E-34
   163.362817987      0.321942951702E-33
   169.646003294      0.680564954351E-34
   175.929188601      0.138061892334E-32
   182.212373908      0.121312280981E-33
   188.495559215      0.562180676903E-33
   194.778744523      0.848270821088E-34
   201.061929830      0.229573211763E-32
   207.345115137      0.760233999492E-34
   213.628300444      0.375435296310E-32
   219.911485751      0.105866300701E-33
   226.194671058      0.139050553060E-33
   232.477856366      0.122006816303E-33
   238.761041673      0.724905692071E-33
   245.044226980      0.138500793212E-33
   251.327412287      0.379637328557E-33
   257.610597594      0.138901707541E-33
   263.893782902      0.270032661142E-33
   270.176968209      0.116425289992E-33
   276.460153516      0.969982368709E-34
   282.743338823      0.757599012357E-34
   289.026524130      0.684417525320E-34
   295.309709437      0.637278547047E-34
   301.592894745      0.594171348027E-34
   307.876080052      0.647838407148E-34
   314.159265359      0.670258868123E-34
   320.442450666      0.469782147355E-34
   326.725635973      0.494147010372E-34
   333.008821281      0.373304080332E-34
   339.292006588      0.450070357451E-34
   345.575191895      0.279816902012E-34
   351.858377202      0.404921762042E-34
   358.141562509      0.246422244016E-34
   364.424747816      0.298752081651E-34
   370.707933124      0.181331550768E-34
   376.991118431      0.159991889802E-34
   383.274303738      0.134090071021E-34
   389.557489045      0.176726230034E-34
   395.840674352      0.104906058458E-34
   402.123859659      0.588833373683E-34
   408.407044967      0.971340230851E-35
   414.690230274      0.855404837715E-35
   420.973415581      0.656865341959E-35
   427.256600888      0.671514899841E-35
   433.539786195      0.671184254678E-35
   439.822971503      0.547886324768E-35
   446.106156810      0.509705295896E-35
   452.389342117      0.462781714331E-35
   458.672527424      0.444304931225E-35
   464.955712731      0.403309741572E-35
   471.238898038      0.370293784715E-35
   477.522083346      0.393299022671E-35
   483.805268653      0.321412994665E-35
   490.088453960      0.347601900297E-35
   496.371639267      0.308907200748E-35
   502.654824574      0.371999125415E-35
   508.938009882      0.258381887914E-35
   515.221195189      0.336734811500E-35
   521.504380496      0.292804716643E-35
   527.787565803      0.220587382763E-35
   534.070751110      0.285477236832E-35
   540.353936417      0.179054494243E-35
   546.637121725      0.176364756728E-35
   552.920307032      0.242916921892E-35
   559.203492339      0.142805534199E-35
   565.486677646      0.183521325642E-35
   571.769862953      0.103356252958E-35
   578.053048261      0.100330471740E-35
   584.336233568      0.798073830627E-36
   590.619418875      0.740991545212E-36
   596.902604182      0.616054493582E-36
   603.185789489      0.562909779378E-36
   609.468974796      0.457535159195E-36
   615.752160104      0.382116994746E-36
   622.035345411      0.306629479918E-36
   628.318530718      0.304323752096E-36
   634.601716025      0.254626162482E-36
   640.884901332      0.224240910415E-36
   647.168086639      0.186467292601E-36
   653.451271947      0.122878204359E-36
   659.734457254      0.943514276751E-37
   666.017642561      0.870277530494E-37
   672.300827868      0.732990098428E-37
   678.584013175      0.484761881661E-37
   684.867198483      0.127440232815E-37
   691.150383790      0.194869805733E-37
   697.433569097      0.629642647192E-39
   6.28318530718      0.122902640138E-39
   12.5663706144      0.301828255060E-02
   18.8495559215      0.118169629455E-03
   25.1327412287      0.556184043090E-05
   31.4159265359      0.144279968523E-05
   37.6991118431      0.271199523163E-07
   43.9822971503      0.162305736925E-08
   50.2654824574      0.158824801253E-09
   56.5486677646      0.138271707154E-11
   62.8318530718      0.518086721103E-13
   69.1150383790      0.296449723317E-14
   75.3982236862      0.350489070528E-16
   81.6814089933      0.213761610975E-17
   87.9645943005      0.667639539114E-19
   94.2477796077      0.142429837862E-20
   100.530964915      0.600584369308E-22
   106.814150222      0.203245673316E-23
   113.097335529      0.575296589234E-25
   119.380520836      0.148823823286E-26
   125.663706144      0.214386277469E-28
   131.946891451      0.723737894459E-31
   138.230076758      0.606189455708E-33
   144.513262065      0.672667247220E-34
   150.796447372      0.147237237225E-33
   157.079632679      0.922458885478E-34
   163.362817987      0.355503464286E-33
   169.646003294      0.683507562306E-34
   175.929188601      0.145459182999E-32
   182.212373908      0.130071774774E-33
   188.495559215      0.629148707964E-33
   194.778744523      0.919250064470E-34
   201.061929830      0.252598825047E-32
   207.345115137      0.797942625110E-34
   213.628300444      0.416325663107E-32
   219.911485751      0.112571605093E-33
   226.194671058      0.157469874937E-33
   232.477856366      0.124759939979E-33
   238.761041673      0.819361378098E-33
   245.044226980      0.137691943708E-33
   251.327412287      0.387503319275E-33
   257.610597594      0.137876229200E-33
   263.893782902      0.271624745267E-33
   270.176968209      0.121663802650E-33
   276.460153516      0.101845857622E-33
   282.743338823      0.774649031731E-34
   289.026524130      0.682227514542E-34
   295.309709437      0.642715975045E-34
   301.592894745      0.593829268109E-34
   307.876080052      0.672858310393E-34
   314.159265359      0.678512593318E-34
   320.442450666      0.473237460147E-34
   326.725635973      0.480840365656E-34
   333.008821281      0.395755341358E-34
   339.292006588      0.461954410407E-34
   345.575191895      0.296327023382E-34
   351.858377202      0.369582110436E-34
   358.141562509      0.260905253981E-34
   364.424747816      0.284829741595E-34
   370.707933124      0.187220255991E-34
   376.991118431      0.172611362489E-34
   383.274303738      0.141820972380E-34
   389.557489045      0.141547815410E-34
   395.840674352      0.107906381510E-34
   402.123859659      0.509056306092E-34
   408.407044967      0.101448911239E-34
   414.690230274      0.864789394154E-35
   420.973415581      0.686465219299E-35
   427.256600888      0.692499239075E-35
   433.539786195      0.601915572404E-35
   439.822971503      0.554101964756E-35
   446.106156810      0.482045599694E-35
   452.389342117      0.485464055032E-35
   458.672527424      0.472282780033E-35
   464.955712731      0.492928111395E-35
   471.238898038      0.488633191545E-35
   477.522083346      0.453393489965E-35
   483.805268653      0.353581432828E-35
   490.088453960      0.379234493652E-35
   496.371639267      0.317859254317E-35
   502.654824574      0.318429862077E-35
   508.938009882      0.246263218199E-35
   515.221195189      0.285646242520E-35
   521.504380496      0.271798665372E-35
   527.787565803      0.289230023659E-35
   534.070751110      0.313000872044E-35
   540.353936417      0.195629280690E-35
   546.637121725      0.281350735714E-35
   552.920307032      0.223408342196E-35
   559.203492339      0.158339610835E-35
   565.486677646      0.180194616647E-35
   571.769862953      0.101665307137E-35
   578.053048261      0.991548271330E-36
   584.336233568      0.787525282074E-36
   590.619418875      0.754274077090E-36
   596.902604182      0.614956580411E-36
   603.185789489      0.537085218102E-36
   609.468974796      0.436147102286E-36
   615.752160104      0.390673615786E-36
   622.035345411      0.306363325391E-36
   628.318530718      0.279528834984E-36
   634.601716025      0.268570310138E-36
   640.884901332      0.239039771001E-36
   647.168086639      0.194975570045E-36
   653.451271947      0.122287733448E-36
   659.734457254      0.106769856253E-36
   666.017642561      0.918265676214E-37
   672.300827868      0.683291170245E-37
   678.584013175      0.470357441345E-37
   684.867198483      0.116781040532E-37
   691.150383790      0.280579664770E-37
   697.433569097      0.814974711884E-39
   6.28318530718      0.304750965452E-39
   12.5663706144      0.300976408917E-02
   18.8495559215      0.124498896542E-03
   25.1327412287      0.620087289018E-05
   31.4159265359      0.161331602319E-05
   37.6991118431      0.326312806597E-07
   43.9822971503      0.193140649809E-08
   50.2654824574      0.201817054085E-09
   56.5486677646      0.191994551151E-11
   62.8318530718      0.768528938225E-13
   69.1150383790      0.447694521384E-14
   75.3982236862      0.584334939901E-16
   81.6814089933      0.375006706737E-17
   87.9645943005      0.120537054690E-18
   94.2477796077      0.277536417255E-20
   100.530964915      0.123295295580E-21
   106.814150222      0.436154466844E-23
   113.097335529      0.133358291487E-24
   119.380520836      0.373471496304E-26
   125.663706144      0.765099690230E-28
   131.946891451      0.267950384141E-30
   138.230076758      0.227444603904E-31
   144.513262065      0.665971345421E-34
   150.796447372      0.163730022692E-33
   157.079632679      0.900040807956E-34
   163.362817987      0.330147814304E-33
   169.646003294      0.676597859036E-34
   175.929188601      0.149689020093E-32
   182.212373908      0.112443496105E-33
   188.495559215      0.681823343023E-33
   194.778744523      0.990773887820E-34
   201.061929830      0.249486450369E-32
   207.345115137      0.811422029860E-34
   213.628300444      0.395906526480E-32
   219.911485751      0.124599511617E-33
   226.194671058      0.184874542583E-33
   232.477856366      0.143637922818E-33
   238.761041673      0.920759170174E-33
   245.044226980      0.149970521275E-33
   251.327412287      0.429639338033E-33
   257.610597594      0.148656460124E-33
   263.893782902      0.304981981386E-33
   270.176968209      0.122765249047E-33
   276.460153516      0.109190127321E-33
   282.743338823      0.803149004690E-34
   289.026524130      0.707512092252E-34
   295.309709437      0.640513855336E-34
   301.592894745      0.640058670851E-34
   307.876080052      0.644546641368E-34
   314.159265359      0.744155907398E-34
   320.442450666      0.494052454708E-34
   326.725635973      0.506887668194E-34
   333.008821281      0.401449856257E-34
   339.292006588      0.491062480535E-34
   345.575191895      0.296911015210E-34
   351.858377202      0.375458055868E-34
   358.141562509      0.251531477323E-34
   364.424747816      0.289398859429E-34
   370.707933124      0.197468701308E-34
   376.991118431      0.196079506019E-34
   383.274303738      0.138749248591E-34
   389.557489045      0.140018465772E-34
   395.840674352      0.122750371725E-34
   402.123859659      0.349181413258E-34
   408.407044967      0.940819428407E-35
   414.690230274      0.888947451279E-35
   420.973415581      0.678470202691E-35
   427.256600888      0.684644965232E-35
   433.539786195      0.589135875917E-35
   439.822971503      0.566071275824E-35
   446.106156810      0.509301277814E-35
   452.389342117      0.439584535968E-35
   458.672527424      0.510579715898E-35
   464.955712731      0.553360753903E-35
   471.238898038      0.450492769387E-35
   477.522083346      0.376905597040E-35
   483.805268653      0.335154632886E-35
   490.088453960      0.335635411709E-35
   496.371639267      0.339176305375E-35
   502.654824574      0.404946848215E-35
   508.938009882      0.302006435033E-35
   515.221195189      0.279427496794E-35
   521.504380496      0.293208647622E-35
   527.787565803      0.237109595414E-35
   534.070751110      0.258907052359E-35
   540.353936417      0.227287599578E-35
   546.637121725      0.201912477010E-35
   552.920307032      0.266736141510E-35
   559.203492339      0.177173069236E-35
   565.486677646      0.212904696838E-35
   571.769862953      0.106004430698E-35
   578.053048261      0.922203734948E-36
   584.336233568      0.708292961948E-36
   590.619418875      0.676873332100E-36
   596.902604182      0.597813293336E-36
   603.185789489      0.528176086478E-36
   609.468974796      0.412648042571E-36
   615.752160104      0.387860738352E-36
   622.035345411      0.340438024577E-36
   628.318530718      0.303807790950E-36
   634.601716025      0.257967030506E-36
   640.884901332      0.212900260099E-36
   647.168086639      0.176272144127E-36
   653.451271947      0.960527091560E-37
   659.734457254      0.119279219692E-36
   666.017642561      0.117632823365E-36
   672.300827868      0.790230105788E-37
   678.584013175      0.381162736778E-37
   684.867198483      0.161117471846E-37
   691.150383790      0.144582044953E-37
   697.433569097      0.247827732461E-39
   6.28318530718      0.998070924387E-40
   12.5663706144      0.300103539202E-02
   18.8495559215      0.130932937870E-03
   25.1327412287      0.688949808387E-05
   31.4159265359      0.179777695466E-05
   37.6991118431      0.390557350401E-07
   43.9822971503      0.229046609355E-08
   50.2654824574      0.254821552867E-09
   56.5486677646      0.264355044683E-11
   62.8318530718      0.112742532618E-12
   69.1150383790      0.668719232031E-14
   75.3982236862      0.961167843875E-16
   81.6814089933      0.646827816708E-17
   87.9645943005      0.214172477556E-18
   94.2477796077      0.531028752899E-20
   100.530964915      0.247884601554E-21
   106.814150222      0.915802777446E-23
   113.097335529      0.300923335229E-24
   119.380520836      0.899481651206E-26
   125.663706144      0.241378389584E-27
   131.946891451      0.140672391010E-29
   138.230076758      0.237652130762E-31
   144.513262065      0.702748567162E-34
   150.796447372      0.154666287864E-33
   157.079632679      0.955336649540E-34
   163.362817987      0.399816427507E-33
   169.646003294      0.697808589839E-34
   175.929188601      0.158881244818E-32
   182.212373908      0.122380027638E-33
   188.495559215      0.733423997312E-33
   194.778744523      0.102881084552E-33
   201.061929830      0.290669882865E-32
   207.345115137      0.870305783730E-34
   213.628300444      0.442919413264E-32
   219.911485751      0.127312550798E-33
   226.194671058      0.188988455357E-33
   232.477856366      0.139409037489E-33
   238.761041673      0.948284325750E-33
   245.044226980      0.152102797669E-33
   251.327412287      0.439600852338E-33
   257.610597594      0.148110214412E-33
   263.893782902      0.291736981182E-33
   270.176968209      0.129173629079E-33
   276.460153516      0.108502702198E-33
   282.743338823      0.809769403235E-34
   289.026524130      0.731889729461E-34
   295.309709437      0.673046135011E-34
   301.592894745      0.615072434177E-34
   307.876080052      0.686759981376E-34
   314.159265359      0.677438562282E-34
   320.442450666      0.497551624824E-34
   326.725635973      0.526933403449E-34
   333.008821281      0.418410768872E-34
   339.292006588      0.500791669525E-34
   345.575191895      0.308120884610E-34
   351.858377202      0.421652110560E-34
   358.141562509      0.260609915687E-34
   364.424747816      0.296473707082E-34
   370.707933124      0.207781094777E-34
   376.991118431      0.169131726415E-34
   383.274303738      0.140028547287E-34
   389.557489045      0.159811906157E-34
   395.840674352      0.130909364036E-34
   402.123859659      0.375861497370E-34
   408.407044967      0.105867647738E-34
   414.690230274      0.900141199182E-35
   420.973415581      0.730113448692E-35
   427.256600888      0.714901948413E-35
   433.539786195      0.585856207940E-35
   439.822971503      0.529896287447E-35
   446.106156810      0.534538477310E-35
   452.389342117      0.488495531273E-35
   458.672527424      0.437023563736E-35
   464.955712731      0.469463381893E-35
   471.238898038      0.377553743220E-35
   477.522083346      0.357549509645E-35
   483.805268653      0.333058136256E-35
   490.088453960      0.394352381688E-35
   496.371639267      0.348381047197E-35
   502.654824574      0.383988984246E-35
   508.938009882      0.259794296931E-35
   515.221195189      0.283493105726E-35
   521.504380496      0.271163653279E-35
   527.787565803      0.225882475985E-35
   534.070751110      0.240887528131E-35
   540.353936417      0.202431338575E-35
   546.637121725      0.184093548926E-35
   552.920307032      0.198953143317E-35
   559.203492339      0.148474168102E-35
   565.486677646      0.164367739792E-35
   571.769862953      0.100318904551E-35
   578.053048261      0.947439245854E-36
   584.336233568      0.784920051495E-36
   590.619418875      0.710199463397E-36
   596.902604182      0.618323689815E-36
   603.185789489      0.542306189881E-36
   609.468974796      0.410204203160E-36
   615.752160104      0.387138861189E-36
   622.035345411      0.319782914098E-36
   628.318530718      0.283193094772E-36
   634.601716025      0.235931748319E-36
   640.884901332      0.219598223487E-36
   647.168086639      0.180731212833E-36
   653.451271947      0.132318216608E-36
   659.734457254      0.111787484239E-36
   666.017642561      0.105961120386E-36
   672.300827868      0.775157226736E-37
   678.584013175      0.408730389660E-37
   684.867198483      0.214874065629E-37
   691.150383790      0.103017590982E-37
   697.433569097      0.345313241374E-39
   6.28318530718      0.250406379834E-39
   12.5663706144      0.299209950886E-02
   18.8495559215      0.137466060305E-03
   25.1327412287      0.762959214556E-05
   31.4159265359      0.199678616997E-05
   37.6991118431      0.465103105123E-07
   43.9822971503      0.270778688106E-08
   50.2654824574      0.319815663898E-09
   56.5486677646      0.361062097631E-11
   62.8318530718      0.163647277888E-12
   69.1150383790      0.988511063282E-14
   75.3982236862      0.156057884362E-15
   81.6814089933      0.109786827663E-16
   87.9645943005      0.374806023281E-18
   94.2477796077      0.998425707779E-20
   100.530964915      0.488568073245E-21
   106.814150222      0.188358230451E-22
   113.097335529      0.662367815254E-24
   119.380520836      0.209379440926E-25
   125.663706144      0.677623207094E-27
   131.946891451      0.612130609440E-29
   138.230076758      0.253187731346E-31
   144.513262065      0.714109605013E-34
   150.796447372      0.165676435119E-33
   157.079632679      0.974060418918E-34
   163.362817987      0.358872055457E-33
   169.646003294      0.720454292185E-34
   175.929188601      0.169383419981E-32
   182.212373908      0.114633603943E-33
   188.495559215      0.797065163189E-33
   194.778744523      0.108823389959E-33
   201.061929830      0.279601765424E-32
   207.345115137      0.859621134088E-34
   213.628300444      0.435975535814E-32
   219.911485751      0.141894995987E-33
   226.194671058      0.183480529520E-33
   232.477856366      0.148881926351E-33
   238.761041673      0.967316342439E-33
   245.044226980      0.158574217872E-33
   251.327412287      0.478482585098E-33
   257.610597594      0.153886705388E-33
   263.893782902      0.303347044501E-33
   270.176968209      0.134627626675E-33
   276.460153516      0.113361543985E-33
   282.743338823      0.843533790695E-34
   289.026524130      0.752590206867E-34
   295.309709437      0.691635874810E-34
   301.592894745      0.633192953421E-34
   307.876080052      0.714366069773E-34
   314.159265359      0.720242917354E-34
   320.442450666      0.509119770091E-34
   326.725635973      0.528591936084E-34
   333.008821281      0.437405248051E-34
   339.292006588      0.519234927958E-34
   345.575191895      0.319263459045E-34
   351.858377202      0.463757930637E-34
   358.141562509      0.271287447074E-34
   364.424747816      0.311884421669E-34
   370.707933124      0.205398391177E-34
   376.991118431      0.174780989095E-34
   383.274303738      0.138246242705E-34
   389.557489045      0.152836978499E-34
   395.840674352      0.111154911246E-34
   402.123859659      0.469894030549E-34
   408.407044967      0.993625176746E-35
   414.690230274      0.841631601359E-35
   420.973415581      0.718658780252E-35
   427.256600888      0.721517882051E-35
   433.539786195      0.572733587070E-35
   439.822971503      0.558650446015E-35
   446.106156810      0.546444903974E-35
   452.389342117      0.580649424728E-35
   458.672527424      0.463391466011E-35
   464.955712731      0.429478463698E-35
   471.238898038      0.435131531940E-35
   477.522083346      0.452856072803E-35
   483.805268653      0.402015162044E-35
   490.088453960      0.347307575173E-35
   496.371639267      0.367001307868E-35
   502.654824574      0.389164176953E-35
   508.938009882      0.302245830519E-35
   515.221195189      0.296546276814E-35
   521.504380496      0.361099401208E-35
   527.787565803      0.263056407622E-35
   534.070751110      0.270358710503E-35
   540.353936417      0.187853991805E-35
   546.637121725      0.261914208965E-35
   552.920307032      0.220893531481E-35
   559.203492339      0.146583362517E-35
   565.486677646      0.155409948363E-35
   571.769862953      0.102270242939E-35
   578.053048261      0.944652384021E-36
   584.336233568      0.755135458687E-36
   590.619418875      0.693273136256E-36
   596.902604182      0.618017389143E-36
   603.185789489      0.528097421330E-36
   609.468974796      0.409298041608E-36
   615.752160104      0.373067642948E-36
   622.035345411      0.331854693664E-36
   628.318530718      0.314488861447E-36
   634.601716025      0.238992908906E-36
   640.884901332      0.210274203349E-36
   647.168086639      0.166365734150E-36
   653.451271947      0.116938147996E-36
   659.734457254      0.979290740894E-37
   666.017642561      0.941985565281E-37
   672.300827868      0.772256408782E-37
   678.584013175      0.567041539372E-37
   684.867198483      0.209521917869E-37
   691.150383790      0.141334865660E-37
   697.433569097      0.833584639606E-39
   6.28318530718      0.210370418017E-39
   12.5663706144      0.298295955898E-02
   18.8495559215      0.144092542502E-03
   25.1327412287      0.842299171035E-05
   31.4159265359      0.221094005110E-05
   37.6991118431      0.551222636589E-07
   43.9822971503      0.319197934444E-08
   50.2654824574      0.399100417387E-09
   56.5486677646      0.489341322620E-11
   62.8318530718      0.235142092921E-12
   69.1150383790      0.144682708118E-13
   75.3982236862      0.250214911430E-15
   81.6814089933      0.183512841298E-16
   87.9645943005      0.646477946935E-18
   94.2477796077      0.184592308192E-19
   100.530964915      0.944884759773E-21
   106.814150222      0.379854059042E-22
   113.097335529      0.142450811605E-23
   119.380520836      0.473316814814E-25
   125.663706144      0.175209302641E-26
   131.946891451      0.245015651796E-28
   138.230076758      0.194694580003E-30
   144.513262065      0.795544021425E-34
   150.796447372      0.188078099002E-33
   157.079632679      0.103188617485E-33
   163.362817987      0.442617618665E-33
   169.646003294      0.718234577183E-34
   175.929188601      0.186835562827E-32
   182.212373908      0.117961458717E-33
   188.495559215      0.740443180659E-33
   194.778744523      0.114566932850E-33
   201.061929830      0.301994792007E-32
   207.345115137      0.854324891523E-34
   213.628300444      0.472118840492E-32
   219.911485751      0.145605201372E-33
   226.194671058      0.194818485273E-33
   232.477856366      0.154536348037E-33
   238.761041673      0.104276197151E-32
   245.044226980      0.166956804725E-33
   251.327412287      0.482081536668E-33
   257.610597594      0.157552028190E-33
   263.893782902      0.291316241528E-33
   270.176968209      0.137766467648E-33
   276.460153516      0.119367416989E-33
   282.743338823      0.881840879103E-34
   289.026524130      0.775545329681E-34
   295.309709437      0.689413124834E-34
   301.592894745      0.666162787071E-34
   307.876080052      0.704603748848E-34
   314.159265359      0.704866475574E-34
   320.442450666      0.534652059520E-34
   326.725635973      0.573138647337E-34
   333.008821281      0.458002473104E-34
   339.292006588      0.534471466172E-34
   345.575191895      0.323363889218E-34
   351.858377202      0.502825296703E-34
   358.141562509      0.274672141580E-34
   364.424747816      0.334568027861E-34
   370.707933124      0.207856152143E-34
   376.991118431      0.213439183346E-34
   383.274303738      0.149507623987E-34
   389.557489045      0.144129302969E-34
   395.840674352      0.158207704649E-34
   402.123859659      0.297583820415E-34
   408.407044967      0.111959724335E-34
   414.690230274      0.936882447947E-35
   420.973415581      0.817109616348E-35
   427.256600888      0.738993457742E-35
   433.539786195      0.620525281057E-35
   439.822971503      0.560715956837E-35
   446.106156810      0.529149338700E-35
   452.389342117      0.482203957487E-35
   458.672527424      0.431275413622E-35
   464.955712731      0.415135931552E-35
   471.238898038      0.376845659658E-35
   477.522083346      0.428561110039E-35
   483.805268653      0.328378895255E-35
   490.088453960      0.397412257862E-35
   496.371639267      0.341126007711E-35
   502.654824574      0.365732338041E-35
   508.938009882      0.272995841750E-35
   515.221195189      0.253068060596E-35
   521.504380496      0.259320804045E-35
   527.787565803      0.241365463113E-35
   534.070751110      0.229549620183E-35
   540.353936417      0.200088504477E-35
   546.637121725      0.171182462420E-35
   552.920307032      0.180440352295E-35
   559.203492339      0.164229963546E-35
   565.486677646      0.169737189368E-35
   571.769862953      0.982685854497E-36
   578.053048261      0.877214507753E-36
   584.336233568      0.738787161898E-36
   590.619418875      0.700485731842E-36
   596.902604182      0.580234321896E-36
   603.185789489      0.509318129043E-36
   609.468974796      0.398821596773E-36
   615.752160104      0.386599179262E-36
   622.035345411      0.316085946897E-36
   628.318530718      0.298777740671E-36
   634.601716025      0.248957989653E-36
   640.884901332      0.195197264454E-36
   647.168086639      0.162870771946E-36
   653.451271947      0.128824683021E-36
   659.734457254      0.110756389031E-36
   666.017642561      0.112245448268E-36
   672.300827868      0.834610071732E-37
   678.584013175      0.490396645777E-37
   684.867198483      0.196605416872E-37
   691.150383790      0.215403510504E-37
   697.433569097      0.903285106862E-39
   6.28318530718      0.497920971183E-39
   12.5663706144      0.297361872942E-02
   18.8495559215      0.150806643080E-03
   25.1327412287      0.927148935300E-05
   31.4159265359      0.244082575821E-05
   37.6991118431      0.650294751225E-07
   43.9822971503      0.375284424586E-08
   50.2654824574      0.495342454317E-09
   56.5486677646      0.658274302647E-11
   62.8318530718      0.334614630567E-12
   69.1150383790      0.209773501683E-13
   75.3982236862      0.396338968837E-15
   81.6814089933      0.302311191091E-16
   87.9645943005      0.109972118323E-17
   94.2477796077      0.335810428342E-19
   100.530964915      0.179467138447E-20
   106.814150222      0.751771133707E-22
   113.097335529      0.299737729208E-23
   119.380520836      0.104266549318E-24
   125.663706144      0.428627477823E-26
   131.946891451      0.827585438246E-28
   138.230076758      0.106560728108E-29
   144.513262065      0.432337715509E-32
   150.796447372      0.220623323851E-33
   157.079632679      0.998735229110E-34
   163.362817987      0.446054776318E-33
   169.646003294      0.752976916197E-34
   175.929188601      0.186059871837E-32
   182.212373908      0.127103077709E-33
   188.495559215      0.795075561064E-33
   194.778744523      0.131525494708E-33
   201.061929830      0.328101864378E-32
   207.345115137      0.956306276350E-34
   213.628300444      0.483171392941E-32
   219.911485751      0.151328798180E-33
   226.194671058      0.218727939261E-33
   232.477856366      0.158890827863E-33
   238.761041673      0.106517755886E-32
   245.044226980      0.169160479460E-33
   251.327412287      0.475082556035E-33
   257.610597594      0.161299397246E-33
   263.893782902      0.314479055333E-33
   270.176968209      0.143446460508E-33
   276.460153516      0.120478998942E-33
   282.743338823      0.913869849021E-34
   289.026524130      0.786915496888E-34
   295.309709437      0.711329606372E-34
   301.592894745      0.687171128296E-34
   307.876080052      0.721559555431E-34
   314.159265359      0.701782028657E-34
   320.442450666      0.534110530002E-34
   326.725635973      0.535396985781E-34
   333.008821281      0.466651671832E-34
   339.292006588      0.574854707700E-34
   345.575191895      0.359076938498E-34
   351.858377202      0.408383806723E-34
   358.141562509      0.278881464835E-34
   364.424747816      0.275499820807E-34
   370.707933124      0.223234745085E-34
   376.991118431      0.175573876622E-34
   383.274303738      0.149004640652E-34
   389.557489045      0.164526433116E-34
   395.840674352      0.121989886068E-34
   402.123859659      0.264604709745E-34
   408.407044967      0.100446550985E-34
   414.690230274      0.982621398355E-35
   420.973415581      0.739366907676E-35
   427.256600888      0.711071526595E-35
   433.539786195      0.722755816090E-35
   439.822971503      0.522047964544E-35
   446.106156810      0.472298221741E-35
   452.389342117      0.534826548548E-35
   458.672527424      0.531161205119E-35
   464.955712731      0.481375610306E-35
   471.238898038      0.392371462431E-35
   477.522083346      0.433559025985E-35
   483.805268653      0.373153518581E-35
   490.088453960      0.387729781466E-35
   496.371639267      0.402208250977E-35
   502.654824574      0.425233840940E-35
   508.938009882      0.272617065745E-35
   515.221195189      0.286800150934E-35
   521.504380496      0.335552072365E-35
   527.787565803      0.275429087571E-35
   534.070751110      0.285227889433E-35
   540.353936417      0.190129749127E-35
   546.637121725      0.180188784910E-35
   552.920307032      0.247296736037E-35
   559.203492339      0.203057320731E-35
   565.486677646      0.166689650899E-35
   571.769862953      0.102548661729E-35
   578.053048261      0.924789652096E-36
   584.336233568      0.760326786922E-36
   590.619418875      0.692069571889E-36
   596.902604182      0.595700889751E-36
   603.185789489      0.523689252017E-36
   609.468974796      0.416532388718E-36
   615.752160104      0.426153814935E-36
   622.035345411      0.313732893816E-36
   628.318530718      0.283886866463E-36
   634.601716025      0.249820850529E-36
   640.884901332      0.213814341385E-36
   647.168086639      0.178399607724E-36
   653.451271947      0.118007329516E-36
   659.734457254      0.127398632467E-36
   666.017642561      0.102536286215E-36
   672.300827868      0.851633246032E-37
   678.584013175      0.484758298251E-37
   684.867198483      0.263495262673E-37
   691.150383790      0.119380494057E-37
   697.433569097      0.790597453521E-39
   6.28318530718      0.211817691265E-39
   12.5663706144      0.296408027303E-02
   18.8495559215      0.157602608698E-03
   25.1327412287      0.101768292282E-04
   31.4159265359      0.268701932321E-05
   37.6991118431      0.763807715360E-07
   43.9822971503      0.440151330990E-08
   50.2654824574      0.611619774836E-09
   56.5486677646      0.879198346265E-11
   62.8318530718      0.471771231571E-12
   69.1150383790      0.301416593136E-13
   75.3982236862      0.620476184856E-15
   81.6814089933      0.491141937564E-16
   87.9645943005      0.184606531380E-17
   94.2477796077      0.601483970343E-19
   100.530964915      0.335034564843E-20
   106.814150222      0.146132003917E-21
   113.097335529      0.617770833325E-23
   119.380520836      0.224385549863E-24
   125.663706144      0.100384877656E-25
   131.946891451      0.244128868722E-27
   138.230076758      0.293067888231E-29
   144.513262065      0.107101216961E-30
   150.796447372      0.218808418884E-33
   157.079632679      0.983225837930E-34
   163.362817987      0.460335033640E-33
   169.646003294      0.840754349363E-34
   175.929188601      0.195229257813E-32
   182.212373908      0.133754706523E-33
   188.495559215      0.792802223524E-33
   194.778744523      0.132301493995E-33
   201.061929830      0.321216079176E-32
   207.345115137      0.948610449702E-34
   213.628300444      0.488680661183E-32
   219.911485751      0.172787516744E-33
   226.194671058      0.199141922729E-33
   232.477856366      0.165588470319E-33
   238.761041673      0.109498954697E-32
   245.044226980      0.177206525808E-33
   251.327412287      0.500368340361E-33
   257.610597594      0.163773675306E-33
   263.893782902      0.326070533796E-33
   270.176968209      0.152408010749E-33
   276.460153516      0.117750901917E-33
   282.743338823      0.929140037846E-34
   289.026524130      0.816615227289E-34
   295.309709437      0.731737867709E-34
   301.592894745      0.716240358935E-34
   307.876080052      0.734566306697E-34
   314.159265359      0.753653722912E-34
   320.442450666      0.551107833519E-34
   326.725635973      0.581091973887E-34
   333.008821281      0.487362628508E-34
   339.292006588      0.582149611960E-34
   345.575191895      0.358230544980E-34
   351.858377202      0.434758433478E-34
   358.141562509      0.272455306770E-34
   364.424747816      0.293732653077E-34
   370.707933124      0.218148198466E-34
   376.991118431      0.202108384983E-34
   383.274303738      0.150415270684E-34
   389.557489045      0.139867921712E-34
   395.840674352      0.129334919102E-34
   402.123859659      0.601554545928E-34
   408.407044967      0.101757109093E-34
   414.690230274      0.892906901137E-35
   420.973415581      0.712935926370E-35
   427.256600888      0.675637274617E-35
   433.539786195      0.622006774786E-35
   439.822971503      0.507090841003E-35
   446.106156810      0.541318158612E-35
   452.389342117      0.501459213446E-35
   458.672527424      0.487824975214E-35
   464.955712731      0.461019789148E-35
   471.238898038      0.419893522104E-35
   477.522083346      0.440277530037E-35
   483.805268653      0.379538723381E-35
   490.088453960      0.353906239668E-35
   496.371639267      0.328386110906E-35
   502.654824574      0.347398644126E-35
   508.938009882      0.271321047196E-35
   515.221195189      0.405510338048E-35
   521.504380496      0.352153657775E-35
   527.787565803      0.248658114705E-35
   534.070751110      0.225872798921E-35
   540.353936417      0.191288075858E-35
   546.637121725      0.201930993956E-35
   552.920307032      0.216680690997E-35
   559.203492339      0.146119236985E-35
   565.486677646      0.161949452918E-35
   571.769862953      0.995010800116E-36
   578.053048261      0.913105831282E-36
   584.336233568      0.745320934782E-36
   590.619418875      0.703293188394E-36
   596.902604182      0.582104369919E-36
   603.185789489      0.532003890955E-36
   609.468974796      0.394629636699E-36
   615.752160104      0.389277861813E-36
   622.035345411      0.328731657190E-36
   628.318530718      0.298166615539E-36
   634.601716025      0.237804639937E-36
   640.884901332      0.205720394282E-36
   647.168086639      0.179288170716E-36
   653.451271947      0.139938223659E-36
   659.734457254      0.141783237855E-36
   666.017642561      0.100075714802E-36
   672.300827868      0.693817223042E-37
   678.584013175      0.316306673946E-37
   684.867198483      0.218101548775E-37
   691.150383790      0.210021187666E-37
   697.433569097      0.573087822317E-39
   6.28318530718      0.236772028924E-39
   12.5663706144      0.295434750647E-02
   18.8495559215      0.164474682007E-03
   25.1327412287      0.111407029235E-04
   31.4159265359      0.295008375971E-05
   37.6991118431      0.893362018357E-07
   43.9822971503      0.515059982752E-08
   50.2654824574      0.751471407123E-09
   56.5486677646      0.116617429508E-10
   62.8318530718      0.659260339175E-12
   69.1150383790      0.429372219797E-13
   75.3982236862      0.960418558045E-15
   81.6814089933      0.787403247107E-16
   87.9645943005      0.305971049443E-17
   94.2477796077      0.106134176996E-18
   100.530964915      0.615197244175E-20
   106.814150222      0.279204186188E-21
   113.097335529      0.124841615332E-22
   119.380520836      0.472637790250E-24
   125.663706144      0.226988609441E-25
   131.946891451      0.652384100285E-27
   138.230076758      0.101377046664E-28
   144.513262065      0.745876612175E-31
   150.796447372      0.235797434678E-33
   157.079632679      0.100315582730E-33
   163.362817987      0.437548167178E-33
   169.646003294      0.918983342498E-34
   175.929188601      0.198305328712E-32
   182.212373908      0.143156092634E-33
   188.495559215      0.900574946433E-33
   194.778744523      0.142216936121E-33
   201.061929830      0.359978968665E-32
   207.345115137      0.101759373155E-33
   213.628300444      0.545428045662E-32
   219.911485751      0.178961656294E-33
   226.194671058      0.205430959377E-33
   232.477856366      0.165111852947E-33
   238.761041673      0.113665986377E-32
   245.044226980      0.184244501709E-33
   251.327412287      0.495462944580E-33
   257.610597594      0.167825376057E-33
   263.893782902      0.351874965378E-33
   270.176968209      0.155297144953E-33
   276.460153516      0.122371528952E-33
   282.743338823      0.988469650424E-34
   289.026524130      0.863170971428E-34
   295.309709437      0.746093805086E-34
   301.592894745      0.739741750749E-34
   307.876080052      0.724235904292E-34
   314.159265359      0.755560035025E-34
   320.442450666      0.570996842252E-34
   326.725635973      0.584640293208E-34
   333.008821281      0.491990920634E-34
   339.292006588      0.594292548055E-34
   345.575191895      0.356450730022E-34
   351.858377202      0.478426151390E-34
   358.141562509      0.288676517925E-34
   364.424747816      0.333613908521E-34
   370.707933124      0.216297809306E-34
   376.991118431      0.172350032799E-34
   383.274303738      0.158192057199E-34
   389.557489045      0.146048513348E-34
   395.840674352      0.123170344954E-34
   402.123859659      0.160508172970E-34
   408.407044967      0.101694997287E-34
   414.690230274      0.895033064635E-35
   420.973415581      0.700444172867E-35
   427.256600888      0.662554547678E-35
   433.539786195      0.619645090478E-35
   439.822971503      0.559248432480E-35
   446.106156810      0.548151416781E-35
   452.389342117      0.500489203215E-35
   458.672527424      0.461791101206E-35
   464.955712731      0.442456510101E-35
   471.238898038      0.402162371435E-35
   477.522083346      0.382059165362E-35
   483.805268653      0.391057453376E-35
   490.088453960      0.346055519109E-35
   496.371639267      0.325557867085E-35
   502.654824574      0.327452810838E-35
   508.938009882      0.279814797721E-35
   515.221195189      0.267947545762E-35
   521.504380496      0.264083338127E-35
   527.787565803      0.241297677290E-35
   534.070751110      0.234809022801E-35
   540.353936417      0.169898106675E-35
   546.637121725      0.167614285441E-35
   552.920307032      0.189949030616E-35
   559.203492339      0.143509859633E-35
   565.486677646      0.172159411440E-35
   571.769862953      0.967235306709E-36
   578.053048261      0.914651809657E-36
   584.336233568      0.737734202722E-36
   590.619418875      0.681713370887E-36
   596.902604182      0.586544149125E-36
   603.185789489      0.505629000206E-36
   609.468974796      0.377983469264E-36
   615.752160104      0.381849832438E-36
   622.035345411      0.331906255439E-36
   628.318530718      0.304837333534E-36
   634.601716025      0.255573169600E-36
   640.884901332      0.222909652304E-36
   647.168086639      0.182070748188E-36
   653.451271947      0.114069201337E-36
   659.734457254      0.105459373076E-36
   666.017642561      0.988693236982E-37
   672.300827868      0.727856607353E-37
   678.584013175      0.502622990217E-37
   684.867198483      0.221917322431E-37
   691.150383790      0.160177858549E-37
   697.433569097      0.202779944452E-39
   6.28318530718      0.136781866683E-39
   12.5663706144      0.294442380810E-02
   18.8495559215      0.171417109460E-03
   25.1327412287      0.121647455339E-04
   31.4159265359      0.323056719873E-05
   37.6991118431      0.104067263152E-06
   43.9822971503      0.601435879025E-08
   50.2654824574      0.918951087936E-09
   56.5486677646      0.153653031881E-10
   62.8318530718      0.913434653304E-12
   69.1150383790      0.606603051653E-13
   75.3982236862      0.147041253116E-14
   81.6814089933      0.124645898495E-15
   87.9645943005      0.500953596408E-17
   94.2477796077      0.184597783660E-18
   100.530964915      0.111188177541E-19
   106.814150222      0.524708065694E-21
   113.097335529      0.247586681885E-22
   119.380520836      0.975801313490E-24
   125.663706144      0.498383462553E-25
   131.946891451      0.162499264271E-26
   138.230076758      0.368435095071E-28
   144.513262065      0.301761113428E-30
   150.796447372      0.232115676701E-33
   157.079632679      0.100522833971E-33
   163.362817987      0.497429861103E-33
   169.646003294      0.989470281220E-34
   175.929188601      0.216546437234E-32
   182.212373908      0.141775332300E-33
   188.495559215      0.967241218942E-33
   194.778744523      0.142450275083E-33
   201.061929830      0.364208474953E-32
   207.345115137      0.105591513988E-33
   213.628300444      0.558648386154E-32
   219.911485751      0.187208848488E-33
   226.194671058      0.211404768963E-33
   232.477856366      0.163845369025E-33
   238.761041673      0.117441244847E-32
   245.044226980      0.196837154948E-33
   251.327412287      0.496543743004E-33
   257.610597594      0.173892208307E-33
   263.893782902      0.347704537054E-33
   270.176968209      0.157418636672E-33
   276.460153516      0.124161680506E-33
   282.743338823      0.973554147520E-34
   289.026524130      0.833692015508E-34
   295.309709437      0.755208634522E-34
   301.592894745      0.741203054890E-34
   307.876080052      0.744467793158E-34
   314.159265359      0.754747066110E-34
   320.442450666      0.579067793650E-34
   326.725635973      0.636071172262E-34
   333.008821281      0.495118070686E-34
   339.292006588      0.586839808454E-34
   345.575191895      0.350678069334E-34
   351.858377202      0.455260412615E-34
   358.141562509      0.285352142700E-34
   364.424747816      0.303355391716E-34
   370.707933124      0.222771132474E-34
   376.991118431      0.194363192309E-34
   383.274303738      0.160743943046E-34
   389.557489045      0.143615113958E-34
   395.840674352      0.138344563578E-34
   402.123859659      0.387063018295E-34
   408.407044967      0.100147794353E-34
   414.690230274      0.946513136297E-35
   420.973415581      0.774086256366E-35
   427.256600888      0.735266752840E-35
   433.539786195      0.642767696853E-35
   439.822971503      0.546579836740E-35
   446.106156810      0.545387743283E-35
   452.389342117      0.506830850108E-35
   458.672527424      0.449379295878E-35
   464.955712731      0.388947188185E-35
   471.238898038      0.393005108875E-35
   477.522083346      0.410486902214E-35
   483.805268653      0.339013523000E-35
   490.088453960      0.355539824656E-35
   496.371639267      0.323139160886E-35
   502.654824574      0.305823782226E-35
   508.938009882      0.266858397453E-35
   515.221195189      0.281337232427E-35
   521.504380496      0.247226168724E-35
   527.787565803      0.237992793039E-35
   534.070751110      0.225887269982E-35
   540.353936417      0.198129138582E-35
   546.637121725      0.196858205228E-35
   552.920307032      0.209721061885E-35
   559.203492339      0.165248579459E-35
   565.486677646      0.166067480307E-35
   571.769862953      0.100109724621E-35
   578.053048261      0.925566693159E-36
   584.336233568      0.771489139679E-36
   590.619418875      0.687630992711E-36
   596.902604182      0.587008649205E-36
   603.185789489      0.533039126400E-36
   609.468974796      0.416619349914E-36
   615.752160104      0.369103606571E-36
   622.035345411      0.281229897413E-36
   628.318530718      0.279260556159E-36
   634.601716025      0.252323435185E-36
   640.884901332      0.234739432334E-36
   647.168086639      0.178983104197E-36
   653.451271947      0.121505541619E-36
   659.734457254      0.118225006840E-36
   666.017642561      0.105440939108E-36
   672.300827868      0.707883424255E-37
   678.584013175      0.387998238494E-37
   684.867198483      0.172914340535E-37
   691.150383790      0.159210477995E-37
   697.433569097      0.154787316831E-38
   6.28318530718      0.964842253410E-40
   12.5663706144      0.293431261579E-02
   18.8495559215      0.178424148978E-03
   25.1327412287      0.132505319665E-04
   31.4159265359      0.352900105999E-05
   37.6991118431      0.120757071734E-06
   43.9822971503      0.700885601608E-08
   50.2654824574      0.111868501428E-08
   56.5486677646      0.201148992659E-10
   62.8318530718      0.125527595680E-11
   69.1150383790      0.850198178056E-13
   75.3982236862      0.222751750583E-14
   81.6814089933      0.194932947748E-15
   87.9645943005      0.810583432597E-17
   94.2477796077      0.316638830540E-18
   100.530964915      0.197925513782E-19
   106.814150222      0.970542049799E-21
   113.097335529      0.482263654611E-22
   119.380520836      0.197700203144E-23
   125.663706144      0.106668098284E-24
   131.946891451      0.383997096454E-26
   138.230076758      0.115616688498E-27
   144.513262065      0.943315192797E-30
   150.796447372      0.243351044165E-32
   157.079632679      0.103274573254E-33
   163.362817987      0.542500546628E-33
   169.646003294      0.973850515088E-34
   175.929188601      0.227200288251E-32
   182.212373908      0.141017969369E-33
   188.495559215      0.971757777710E-33
   194.778744523      0.142037930703E-33
   201.061929830      0.367434983637E-32
   207.345115137      0.110879704491E-33
   213.628300444      0.536303315859E-32
   219.911485751      0.193334177039E-33
   226.194671058      0.216355024366E-33
   232.477856366      0.184067137449E-33
   238.761041673      0.117981487935E-32
   245.044226980      0.208369611067E-33
   251.327412287      0.491453738409E-33
   257.610597594      0.181080305365E-33
   263.893782902      0.323474419989E-33
   270.176968209      0.156086841110E-33
   276.460153516      0.129350312523E-33
   282.743338823      0.997114653465E-34
   289.026524130      0.883789623982E-34
   295.309709437      0.767597526522E-34
   301.592894745      0.756815131975E-34
   307.876080052      0.744213807014E-34
   314.159265359      0.786430708924E-34
   320.442450666      0.587143038211E-34
   326.725635973      0.619210186133E-34
   333.008821281      0.504747252524E-34
   339.292006588      0.593090001461E-34
   345.575191895      0.365830384203E-34
   351.858377202      0.458223511361E-34
   358.141562509      0.290325872758E-34
   364.424747816      0.320290983387E-34
   370.707933124      0.222668829018E-34
   376.991118431      0.212062546440E-34
   383.274303738      0.160372863311E-34
   389.557489045      0.156634092227E-34
   395.840674352      0.131694471324E-34
   402.123859659      0.312725758693E-34
   408.407044967      0.104197656597E-34
   414.690230274      0.905594018519E-35
   420.973415581      0.779532640844E-35
   427.256600888      0.674172098922E-35
   433.539786195      0.605165594690E-35
   439.822971503      0.547092340765E-35
   446.106156810      0.545431116333E-35
   452.389342117      0.502447857209E-35
   458.672527424      0.456456779696E-35
   464.955712731      0.411661715278E-35
   471.238898038      0.363030530284E-35
   477.522083346      0.398615855574E-35
   483.805268653      0.334981644312E-35
   490.088453960      0.351983206346E-35
   496.371639267      0.380980262310E-35
   502.654824574      0.334438546096E-35
   508.938009882      0.261918409869E-35
   515.221195189      0.289855583113E-35
   521.504380496      0.285216538220E-35
   527.787565803      0.256563882361E-35
   534.070751110      0.247920617951E-35
   540.353936417      0.180860112112E-35
   546.637121725      0.175256718020E-35
   552.920307032      0.191086188855E-35
   559.203492339      0.158125892506E-35
   565.486677646      0.146536739448E-35
   571.769862953      0.102622960861E-35
   578.053048261      0.942405792925E-36
   584.336233568      0.738105800642E-36
   590.619418875      0.669862276000E-36
   596.902604182      0.596991106311E-36
   603.185789489      0.540693862978E-36
   609.468974796      0.428073531174E-36
   615.752160104      0.390301701951E-36
   622.035345411      0.314670250515E-36
   628.318530718      0.288692242059E-36
   634.601716025      0.235942990199E-36
   640.884901332      0.206221242578E-36
   647.168086639      0.150463851356E-36
   653.451271947      0.106619961817E-36
   659.734457254      0.963541493842E-37
   666.017642561      0.772628801220E-37
   672.300827868      0.629289048062E-37
   678.584013175      0.443206450561E-37
   684.867198483      0.185085794076E-37
   691.150383790      0.277774200760E-37
   697.433569097      0.290282573604E-38
   6.28318530718      0.677939315271E-39
   12.5663706144      0.292401742464E-02
   18.8495559215      0.185490077438E-03
   25.1327412287      0.143995734819E-04
   31.4159265359      0.384589826814E-05
   37.6991118431      0.139600474702E-06
   43.9822971503      0.815214557860E-08
   50.2654824574      0.135593368998E-08
   56.5486677646      0.261689262406E-10
   62.8318530718      0.171150924292E-11
   69.1150383790      0.118252576813E-12
   75.3982236862      0.334010714133E-14
   81.6814089933      0.301327692563E-15
   87.9645943005      0.129677960284E-16
   94.2477796077      0.535899545115E-18
   100.530964915      0.347220521947E-19
   106.814150222      0.176797094699E-20
   113.097335529      0.923328995614E-22
   119.380520836      0.393434946901E-23
   125.663706144      0.223154065094E-24
   131.946891451      0.870885205667E-26
   138.230076758      0.317776650731E-27
   144.513262065      0.444859860167E-29
   150.796447372      0.654126869448E-31
   157.079632679      0.107432262293E-33
   163.362817987      0.569155922043E-33
   169.646003294      0.105369579946E-33
   175.929188601      0.245216824113E-32
   182.212373908      0.144621876510E-33
   188.495559215      0.108144952971E-32
   194.778744523      0.143415543178E-33
   201.061929830      0.325911546183E-32
   207.345115137      0.109779491707E-33
   213.628300444      0.502251704493E-32
   219.911485751      0.187584152962E-33
   226.194671058      0.225301516078E-33
   232.477856366      0.184923332946E-33
   238.761041673      0.127996137785E-32
   245.044226980      0.209499294821E-33
   251.327412287      0.542448868073E-33
   257.610597594      0.181931197461E-33
   263.893782902      0.372043349331E-33
   270.176968209      0.165616761037E-33
   276.460153516      0.133031135550E-33
   282.743338823      0.101117368567E-33
   289.026524130      0.883126715520E-34
   295.309709437      0.792877654619E-34
   301.592894745      0.819042072386E-34
   307.876080052      0.753184823524E-34
   314.159265359      0.762073691424E-34
   320.442450666      0.588803113287E-34
   326.725635973      0.604588556119E-34
   333.008821281      0.521005449052E-34
   339.292006588      0.616560814138E-34
   345.575191895      0.375678145270E-34
   351.858377202      0.513721989957E-34
   358.141562509      0.303848405197E-34
   364.424747816      0.345780942000E-34
   370.707933124      0.229452028195E-34
   376.991118431      0.218169360343E-34
   383.274303738      0.160845268930E-34
   389.557489045      0.184118883335E-34
   395.840674352      0.125185203766E-34
   402.123859659      0.472253606872E-34
   408.407044967      0.104268095050E-34
   414.690230274      0.951249986534E-35
   420.973415581      0.759702264331E-35
   427.256600888      0.698875077487E-35
   433.539786195      0.549403183886E-35
   439.822971503      0.560562064794E-35
   446.106156810      0.506151133147E-35
   452.389342117      0.485046217393E-35
   458.672527424      0.485272391469E-35
   464.955712731      0.485628712647E-35
   471.238898038      0.436295574601E-35
   477.522083346      0.382163596935E-35
   483.805268653      0.394376804940E-35
   490.088453960      0.348964567179E-35
   496.371639267      0.330688890798E-35
   502.654824574      0.349210513985E-35
   508.938009882      0.271840544977E-35
   515.221195189      0.282586157779E-35
   521.504380496      0.254127964980E-35
   527.787565803      0.210629767630E-35
   534.070751110      0.240500339467E-35
   540.353936417      0.259621319737E-35
   546.637121725      0.177442276957E-35
   552.920307032      0.192343047128E-35
   559.203492339      0.133589605280E-35
   565.486677646      0.143769187960E-35
   571.769862953      0.100572256951E-35
   578.053048261      0.947179145759E-36
   584.336233568      0.755944708734E-36
   590.619418875      0.695032891566E-36
   596.902604182      0.570984189408E-36
   603.185789489      0.519227206205E-36
   609.468974796      0.399649295526E-36
   615.752160104      0.375056347685E-36
   622.035345411      0.304673344670E-36
   628.318530718      0.279629231013E-36
   634.601716025      0.250792943170E-36
   640.884901332      0.219978278001E-36
   647.168086639      0.168923961181E-36
   653.451271947      0.123829789210E-36
   659.734457254      0.113635232803E-36
   666.017642561      0.965786638489E-37
   672.300827868      0.771679314435E-37
   678.584013175      0.532333518662E-37
   684.867198483      0.227993433938E-37
   691.150383790      0.196570021004E-37
   697.433569097      0.338368048244E-39
   6.28318530718      0.927054125280E-40
   12.5663706144      0.291354178461E-02
   18.8495559215      0.192609197989E-03
   25.1327412287      0.156133144786E-04
   31.4159265359      0.418175152367E-05
   37.6991118431      0.160804098757E-06
   43.9822971503      0.946445470246E-08
   50.2654824574      0.163665785143E-08
   56.5486677646      0.338401573811E-10
   62.8318530718      0.231593551964E-11
   69.1150383790      0.163266079385E-12
   75.3982236862      0.495912656163E-14
   81.6814089933      0.460622419375E-15
   87.9645943005      0.205199186583E-16
   94.2477796077      0.895341246441E-18
   100.530964915      0.600640488014E-19
   106.814150222      0.317356288739E-20
   113.097335529      0.173877662386E-21
   119.380520836      0.769688144443E-23
   125.663706144      0.457229830005E-24
   131.946891451      0.191087954337E-25
   138.230076758      0.796911878755E-27
   144.513262065      0.180291214412E-28
   150.796447372      0.270894540777E-30
   157.079632679      0.211619372188E-33
   163.362817987      0.627612302048E-33
   169.646003294      0.109056048024E-33
   175.929188601      0.254307939498E-32
   182.212373908      0.153252972985E-33
   188.495559215      0.110563859893E-32
   194.778744523      0.150315114683E-33
   201.061929830      0.346996019454E-32
   207.345115137      0.117764637676E-33
   213.628300444      0.531424933570E-32
   219.911485751      0.205695809076E-33
   226.194671058      0.203635575368E-33
   232.477856366      0.182562712139E-33
   238.761041673      0.124407657472E-32
   245.044226980      0.220407770815E-33
   251.327412287      0.507457037954E-33
   257.610597594      0.190510471749E-33
   263.893782902      0.392971495895E-33
   270.176968209      0.168784567202E-33
   276.460153516      0.137689033357E-33
   282.743338823      0.104794285414E-33
   289.026524130      0.947483438912E-34
   295.309709437      0.832997419620E-34
   301.592894745      0.806871525965E-34
   307.876080052      0.778410529204E-34
   314.159265359      0.807545157065E-34
   320.442450666      0.607509216997E-34
   326.725635973      0.634312341999E-34
   333.008821281      0.528348355890E-34
   339.292006588      0.660208527233E-34
   345.575191895      0.386512783353E-34
   351.858377202      0.546640683670E-34
   358.141562509      0.318607836674E-34
   364.424747816      0.324464157502E-34
   370.707933124      0.239795887489E-34
   376.991118431      0.202316520649E-34
   383.274303738      0.160771390806E-34
   389.557489045      0.164905783198E-34
   395.840674352      0.126090450378E-34
   402.123859659      0.245858211317E-34
   408.407044967      0.101407717460E-34
   414.690230274      0.932671053780E-35
   420.973415581      0.745530031984E-35
   427.256600888      0.728270966077E-35
   433.539786195      0.617717272626E-35
   439.822971503      0.565743745791E-35
   446.106156810      0.530776576691E-35
   452.389342117      0.534251994781E-35
   458.672527424      0.461773932398E-35
   464.955712731      0.427944690716E-35
   471.238898038      0.390320426026E-35
   477.522083346      0.482477983503E-35
   483.805268653      0.369158457305E-35
   490.088453960      0.337872711307E-35
   496.371639267      0.315952476654E-35
   502.654824574      0.301542536627E-35
   508.938009882      0.266149152438E-35
   515.221195189      0.297365577145E-35
   521.504380496      0.284112025879E-35
   527.787565803      0.238464983115E-35
   534.070751110      0.223541033510E-35
   540.353936417      0.174805490327E-35
   546.637121725      0.173692299327E-35
   552.920307032      0.183450068416E-35
   559.203492339      0.162616812661E-35
   565.486677646      0.153871298447E-35
   571.769862953      0.980283454837E-36
   578.053048261      0.874248160381E-36
   584.336233568      0.711803447604E-36
   590.619418875      0.690978833522E-36
   596.902604182      0.583066519528E-36
   603.185789489      0.521938530874E-36
   609.468974796      0.432179980024E-36
   615.752160104      0.387349542866E-36
   622.035345411      0.306622202578E-36
   628.318530718      0.285057560964E-36
   634.601716025      0.245664910709E-36
   640.884901332      0.198401695385E-36
   647.168086639      0.182927698688E-36
   653.451271947      0.120776587276E-36
   659.734457254      0.120515455095E-36
   666.017642561      0.882059985708E-37
   672.300827868      0.701707737160E-37
   678.584013175      0.419614421291E-37
   684.867198483      0.186303014504E-37
   691.150383790      0.160783145625E-37
   697.433569097      0.144619859482E-38
   6.28318530718      0.111761271170E-39
   12.5663706144      0.290288929814E-02
   18.8495559215      0.199775847167E-03
   25.1327412287      0.168931295234E-04
   31.4159265359      0.453703163780E-05
   37.6991118431      0.184586332457E-06
   43.9822971503      0.109683751433E-07
   50.2654824574      0.196758841447E-08
   56.5486677646      0.435050590079E-10
   62.8318530718      0.311101541738E-11
   69.1150383790      0.223814118120E-12
   75.3982236862      0.729286084745E-14
   81.6814089933      0.696619935027E-15
   87.9645943005      0.321283149901E-16
   94.2477796077      0.147731918193E-17
   100.530964915      0.102508471644E-18
   106.814150222      0.561646093253E-20
   113.097335529      0.322275236414E-21
   119.380520836      0.148130659615E-22
   125.663706144      0.918912337453E-24
   131.946891451      0.407934034558E-25
   138.230076758      0.188433003782E-26
   144.513262065      0.600043628033E-28
   150.796447372      0.442738104781E-30
   157.079632679      0.139252174395E-31
   163.362817987      0.659694935034E-33
   169.646003294      0.106339859194E-33
   175.929188601      0.235798347371E-32
   182.212373908      0.158253647413E-33
   188.495559215      0.106076379262E-32
   194.778744523      0.159812420860E-33
   201.061929830      0.359421563794E-32
   207.345115137      0.114509309115E-33
   213.628300444      0.556332629122E-32
   219.911485751      0.221208620471E-33
   226.194671058      0.201237314780E-33
   232.477856366      0.204312115132E-33
   238.761041673      0.127934181556E-32
   245.044226980      0.231778809676E-33
   251.327412287      0.555186303090E-33
   257.610597594      0.189847903910E-33
   263.893782902      0.417897907199E-33
   270.176968209      0.166193562902E-33
   276.460153516      0.138254938160E-33
   282.743338823      0.109580118197E-33
   289.026524130      0.916831372812E-34
   295.309709437      0.859066971975E-34
   301.592894745      0.907152126330E-34
   307.876080052      0.783346144542E-34
   314.159265359      0.875877959979E-34
   320.442450666      0.626228991522E-34
   326.725635973      0.668421241659E-34
   333.008821281      0.555235920782E-34
   339.292006588      0.665950132279E-34
   345.575191895      0.402810108802E-34
   351.858377202      0.503202561260E-34
   358.141562509      0.325756441686E-34
   364.424747816      0.337181323090E-34
   370.707933124      0.235555361226E-34
   376.991118431      0.204990959398E-34
   383.274303738      0.161672035908E-34
   389.557489045      0.163795420181E-34
   395.840674352      0.129256522717E-34
   402.123859659      0.267851897343E-34
   408.407044967      0.111403368105E-34
   414.690230274      0.897627281503E-35
   420.973415581      0.772284364141E-35
   427.256600888      0.733258074060E-35
   433.539786195      0.660957441209E-35
   439.822971503      0.527607459297E-35
   446.106156810      0.510725383035E-35
   452.389342117      0.495983782533E-35
   458.672527424      0.445663019799E-35
   464.955712731      0.411412381119E-35
   471.238898038      0.436055248589E-35
   477.522083346      0.406958481358E-35
   483.805268653      0.361519509774E-35
   490.088453960      0.367887388055E-35
   496.371639267      0.354958385445E-35
   502.654824574      0.353533468338E-35
   508.938009882      0.274912243790E-35
   515.221195189      0.272887543530E-35
   521.504380496      0.279148029541E-35
   527.787565803      0.248268743722E-35
   534.070751110      0.277253330438E-35
   540.353936417      0.180605949263E-35
   546.637121725      0.206655656108E-35
   552.920307032      0.233942294383E-35
   559.203492339      0.137442224520E-35
   565.486677646      0.152425695697E-35
   571.769862953      0.972659684792E-36
   578.053048261      0.878572234497E-36
   584.336233568      0.746869820701E-36
   590.619418875      0.679769867411E-36
   596.902604182      0.573876285779E-36
   603.185789489      0.526054569672E-36
   609.468974796      0.403398855225E-36
   615.752160104      0.393705600977E-36
   622.035345411      0.302522012625E-36
   628.318530718      0.279267874821E-36
   634.601716025      0.248326672859E-36
   640.884901332      0.233934344773E-36
   647.168086639      0.178046132676E-36
   653.451271947      0.131063195573E-36
   659.734457254      0.109900098474E-36
   666.017642561      0.895977142023E-37
   672.300827868      0.577883977006E-37
   678.584013175      0.421339727633E-37
   684.867198483      0.213526030582E-37
   691.150383790      0.163022219582E-37
   697.433569097      0.303269674845E-38
   6.28318530718      0.326880518686E-40
   12.5663706144      0.289206361755E-02
   18.8495559215      0.206984401807E-03
   25.1327412287      0.182403206327E-04
   31.4159265359      0.491218594073E-05
   37.6991118431      0.211177239071E-06
   43.9822971503      0.126890599305E-07
   50.2654824574      0.235630033816E-08
   56.5486677646      0.556142851663E-10
   62.8318530718      0.414973843207E-11
   69.1150383790      0.304711327059E-12
   75.3982236862      0.106261366842E-13
   81.6814089933      0.104273054946E-14
   87.9645943005      0.497914989251E-16
   94.2477796077      0.240838483831E-17
   100.530964915      0.172686186848E-18
   106.814150222      0.980485527248E-20
   113.097335529      0.588258740419E-21
   119.380520836      0.280635364860E-22
   125.663706144      0.181358739966E-23
   131.946891451      0.850273573165E-25
   138.230076758      0.424820734981E-26
   144.513262065      0.171437960977E-27
   150.796447372      0.161670341417E-29
   157.079632679      0.188036052918E-30
   163.362817987      0.670688204141E-33
   169.646003294      0.107944531109E-33
   175.929188601      0.243106294481E-32
   182.212373908      0.151217053185E-33
   188.495559215      0.106295446734E-32
   194.778744523      0.167861618242E-33
   201.061929830      0.377331594451E-32
   207.345115137      0.111587607288E-33
   213.628300444      0.580323163820E-32
   219.911485751      0.236129366848E-33
   226.194671058      0.210982083018E-33
   232.477856366      0.212272722432E-33
   238.761041673      0.128307017695E-32
   245.044226980      0.232535393833E-33
   251.327412287      0.619239200955E-33
   257.610597594      0.200275163282E-33
   263.893782902      0.470106934520E-33
   270.176968209      0.177755946542E-33
   276.460153516      0.141039280703E-33
   282.743338823      0.113025363388E-33
   289.026524130      0.971921905244E-34
   295.309709437      0.880575534406E-34
   301.592894745      0.845838616763E-34
   307.876080052      0.798737694820E-34
   314.159265359      0.788116384649E-34
   320.442450666      0.635986222079E-34
   326.725635973      0.632667825766E-34
   333.008821281      0.534899140484E-34
   339.292006588      0.659241878723E-34
   345.575191895      0.400931566267E-34
   351.858377202      0.523197469722E-34
   358.141562509      0.321815896185E-34
   364.424747816      0.363431169417E-34
   370.707933124      0.244688757973E-34
   376.991118431      0.190909325658E-34
   383.274303738      0.167103720696E-34
   389.557489045      0.152400003401E-34
   395.840674352      0.145203602862E-34
   402.123859659      0.534963345368E-34
   408.407044967      0.108813315136E-34
   414.690230274      0.959900200495E-35
   420.973415581      0.721276915512E-35
   427.256600888      0.686047773100E-35
   433.539786195      0.615672548996E-35
   439.822971503      0.543928640690E-35
   446.106156810      0.552644389096E-35
   452.389342117      0.495464165077E-35
   458.672527424      0.482573996860E-35
   464.955712731      0.500962019762E-35
   471.238898038      0.437730496706E-35
   477.522083346      0.407580625912E-35
   483.805268653      0.338130399639E-35
   490.088453960      0.340292639693E-35
   496.371639267      0.325849759864E-35
   502.654824574      0.315046220599E-35
   508.938009882      0.271565182915E-35
   515.221195189      0.273576661371E-35
   521.504380496      0.259781504848E-35
   527.787565803      0.243239785624E-35
   534.070751110      0.252733028834E-35
   540.353936417      0.196899489950E-35
   546.637121725      0.184528927998E-35
   552.920307032      0.228443962759E-35
   559.203492339      0.135021071898E-35
   565.486677646      0.152443996020E-35
   571.769862953      0.103838597025E-35
   578.053048261      0.913847448913E-36
   584.336233568      0.741443348430E-36
   590.619418875      0.686654651780E-36
   596.902604182      0.585811136728E-36
   603.185789489      0.546755933535E-36
   609.468974796      0.405174078401E-36
   615.752160104      0.407343627869E-36
   622.035345411      0.330690819697E-36
   628.318530718      0.303620720471E-36
   634.601716025      0.262485382771E-36
   640.884901332      0.210354610306E-36
   647.168086639      0.160588650545E-36
   653.451271947      0.117892925268E-36
   659.734457254      0.120134950970E-36
   666.017642561      0.109080064796E-36
   672.300827868      0.746029815569E-37
   678.584013175      0.416875017307E-37
   684.867198483      0.124936240067E-37
   691.150383790      0.177945654923E-37
   697.433569097      0.347930699190E-39
   6.28318530718      0.442410365847E-39
   12.5663706144      0.288106844254E-02
   18.8495559215      0.214229285736E-03
   25.1327412287      0.196561148066E-04
   31.4159265359      0.530763677193E-05
   37.6991118431      0.240818397573E-06
   43.9822971503      0.146544242205E-07
   50.2654824574      0.281129025368E-08
   56.5486677646      0.707044322186E-10
   62.8318530718      0.549781523939E-11
   69.1150383790      0.412093546685E-12
   75.3982236862      0.153450719041E-13
   81.6814089933      0.154540834673E-14
   87.9645943005      0.764048223442E-16
   94.2477796077      0.388078661773E-17
   100.530964915      0.287284662578E-18
   106.814150222      0.168923278921E-19
   113.097335529      0.105807096564E-20
   119.380520836      0.523673725352E-22
   125.663706144      0.351844422977E-23
   131.946891451      0.173491628512E-24
   138.230076758      0.923513860406E-26
   144.513262065      0.442002269910E-27
   150.796447372      0.572647376081E-29
   157.079632679      0.192849927343E-30
   163.362817987      0.711454274349E-33
   169.646003294      0.106896485164E-33
   175.929188601      0.258370227535E-32
   182.212373908      0.159250384846E-33
   188.495559215      0.103071439895E-32
   194.778744523      0.181001286810E-33
   201.061929830      0.345573174375E-32
   207.345115137      0.116782720967E-33
   213.628300444      0.563836816192E-32
   219.911485751      0.236156229424E-33
   226.194671058      0.230146772414E-33
   232.477856366      0.204337453845E-33
   238.761041673      0.134976150209E-32
   245.044226980      0.228509293319E-33
   251.327412287      0.660740134452E-33
   257.610597594      0.207648268397E-33
   263.893782902      0.507791035038E-33
   270.176968209      0.180797240874E-33
   276.460153516      0.147852852904E-33
   282.743338823      0.116760534792E-33
   289.026524130      0.103537342149E-33
   295.309709437      0.882550565100E-34
   301.592894745      0.915840199181E-34
   307.876080052      0.796009753851E-34
   314.159265359      0.794695661531E-34
   320.442450666      0.647358350607E-34
   326.725635973      0.641747867094E-34
   333.008821281      0.545372464023E-34
   339.292006588      0.687108695506E-34
   345.575191895      0.418964082212E-34
   351.858377202      0.511772602076E-34
   358.141562509      0.325591352941E-34
   364.424747816      0.343477186613E-34
   370.707933124      0.242656425315E-34
   376.991118431      0.191084067986E-34
   383.274303738      0.170947187379E-34
   389.557489045      0.149527784681E-34
   395.840674352      0.123682139291E-34
   402.123859659      0.464454679222E-34
   408.407044967      0.105456428581E-34
   414.690230274      0.895817709880E-35
   420.973415581      0.765572681607E-35
   427.256600888      0.720471784348E-35
   433.539786195      0.586545441043E-35
   439.822971503      0.552134104439E-35
   446.106156810      0.525057568562E-35
   452.389342117      0.515622213342E-35
   458.672527424      0.441044527301E-35
   464.955712731      0.418015294628E-35
   471.238898038      0.381561256706E-35
   477.522083346      0.438560754794E-35
   483.805268653      0.343162279983E-35
   490.088453960      0.373373269622E-35
   496.371639267      0.312988108121E-35
   502.654824574      0.324022163407E-35
   508.938009882      0.252077629970E-35
   515.221195189      0.266689095090E-35
   521.504380496      0.277702994966E-35
   527.787565803      0.232119645384E-35
   534.070751110      0.266469840987E-35
   540.353936417      0.180621183380E-35
   546.637121725      0.196479935669E-35
   552.920307032      0.196179523405E-35
   559.203492339      0.140898544590E-35
   565.486677646      0.154079948896E-35
   571.769862953      0.100050597079E-35
   578.053048261      0.914934167987E-36
   584.336233568      0.762513799687E-36
   590.619418875      0.721898651572E-36
   596.902604182      0.611838900672E-36
   603.185789489      0.533774058486E-36
   609.468974796      0.428355869134E-36
   615.752160104      0.404193468153E-36
   622.035345411      0.328385236595E-36
   628.318530718      0.276099852432E-36
   634.601716025      0.216578234444E-36
   640.884901332      0.211014939561E-36
   647.168086639      0.195325315806E-36
   653.451271947      0.131496340815E-36
   659.734457254      0.112849359385E-36
   666.017642561      0.960061982569E-37
   672.300827868      0.624942705959E-37
   678.584013175      0.437969636471E-37
   684.867198483      0.205942771286E-37
   691.150383790      0.324752522025E-37
   697.433569097      0.116225504346E-38
   6.28318530718      0.100717487925E-39
   12.5663706144      0.286990751748E-02
   18.8495559215      0.221504976240E-03
   25.1327412287      0.211416618154E-04
   31.4159265359      0.572378006121E-05
   37.6991118431      0.273762669851E-06
   43.9822971503      0.168953488865E-07
   50.2654824574      0.334205765626E-08
   56.5486677646      0.894111286956E-10
   62.8318530718      0.723623295732E-11
   69.1150383790      0.553731736322E-12
   75.3982236862      0.219687088046E-13
   81.6814089933      0.226865715361E-14
   87.9645943005      0.116123529164E-15
   94.2477796077      0.618335647635E-17
   100.530964915      0.472190419412E-18
   106.814150222      0.287345007710E-19
   113.097335529      0.187628365193E-20
   119.380520836      0.963017037867E-22
   125.663706144      0.671535521197E-23
   131.946891451      0.347181189351E-24
   138.230076758      0.194894950721E-25
   144.513262065      0.105925589356E-26
   150.796447372      0.230115246911E-28
   157.079632679      0.597177373456E-30
   163.362817987      0.118436621872E-32
   169.646003294      0.115899089840E-33
   175.929188601      0.262560444657E-32
   182.212373908      0.174620500879E-33
   188.495559215      0.103007877343E-32
   194.778744523      0.194876976363E-33
   201.061929830      0.370336731925E-32
   207.345115137      0.114382653580E-33
   213.628300444      0.587071949358E-32
   219.911485751      0.246206185156E-33
   226.194671058      0.243842398332E-33
   232.477856366      0.202793511271E-33
   238.761041673      0.146428676740E-32
   245.044226980      0.229330780324E-33
   251.327412287      0.781951366011E-33
   257.610597594      0.205637332169E-33
   263.893782902      0.554897501996E-33
   270.176968209      0.183834586375E-33
   276.460153516      0.150098940815E-33
   282.743338823      0.117212313360E-33
   289.026524130      0.101758902240E-33
   295.309709437      0.930221663582E-34
   301.592894745      0.949767637104E-34
   307.876080052      0.830303302238E-34
   314.159265359      0.829444899296E-34
   320.442450666      0.684165001599E-34
   326.725635973      0.651566332224E-34
   333.008821281      0.567691969119E-34
   339.292006588      0.685904028849E-34
   345.575191895      0.421120551752E-34
   351.858377202      0.526967592242E-34
   358.141562509      0.339626286865E-34
   364.424747816      0.339833689989E-34
   370.707933124      0.250382013042E-34
   376.991118431      0.215726724742E-34
   383.274303738      0.171370125661E-34
   389.557489045      0.156799218104E-34
   395.840674352      0.137899567430E-34
   402.123859659      0.225187753108E-34
   408.407044967      0.112325522266E-34
   414.690230274      0.973312335054E-35
   420.973415581      0.726433180038E-35
   427.256600888      0.709511333493E-35
   433.539786195      0.622507606324E-35
   439.822971503      0.502359847523E-35
   446.106156810      0.485693892177E-35
   452.389342117      0.453156800183E-35
   458.672527424      0.441577707746E-35
   464.955712731      0.478487053388E-35
   471.238898038      0.362102386566E-35
   477.522083346      0.383748669580E-35
   483.805268653      0.325265781226E-35
   490.088453960      0.321266729218E-35
   496.371639267      0.323100990040E-35
   502.654824574      0.318936225620E-35
   508.938009882      0.267837841352E-35
   515.221195189      0.255716078284E-35
   521.504380496      0.280002305443E-35
   527.787565803      0.226720980620E-35
   534.070751110      0.228844904810E-35
   540.353936417      0.180023903008E-35
   546.637121725      0.187315710181E-35
   552.920307032      0.206388485352E-35
   559.203492339      0.151294687599E-35
   565.486677646      0.172585935150E-35
   571.769862953      0.990101785033E-36
   578.053048261      0.870430763798E-36
   584.336233568      0.700036928462E-36
   590.619418875      0.659175662217E-36
   596.902604182      0.583732205403E-36
   603.185789489      0.517327740323E-36
   609.468974796      0.411227292771E-36
   615.752160104      0.407498858229E-36
   622.035345411      0.323219964559E-36
   628.318530718      0.297199978101E-36
   634.601716025      0.237669912248E-36
   640.884901332      0.204622251075E-36
   647.168086639      0.176439553504E-36
   653.451271947      0.123067890815E-36
   659.734457254      0.112838495702E-36
   666.017642561      0.105165022841E-36
   672.300827868      0.642907889706E-37
   678.584013175      0.489239266578E-37
   684.867198483      0.140461779671E-37
   691.150383790      0.189297487647E-37
   697.433569097      0.645289117270E-39
   6.28318530718      0.382643507584E-39
   12.5663706144      0.285858462871E-02
   18.8495559215      0.228806010289E-03
   25.1327412287      0.226980322401E-04
   31.4159265359      0.616098400875E-05
   37.6991118431      0.310273892774E-06
   43.9822971503      0.194458853617E-07
   50.2654824574      0.395918940694E-08
   56.5486677646      0.112483529335E-09
   62.8318530718      0.946421544963E-11
   69.1150383790      0.739408033210E-12
   75.3982236862      0.311891181296E-13
   81.6814089933      0.329988785131E-14
   87.9645943005      0.174856624560E-15
   94.2477796077      0.974540760745E-17
   100.530964915      0.767103837953E-18
   106.814150222      0.482802387053E-19
   113.097335529      0.328200133539E-20
   119.380520836      0.174614110210E-21
   125.663706144      0.126183760674E-22
   131.946891451      0.682333773250E-24
   138.230076758      0.401149959165E-25
   144.513262065      0.240053860208E-26
   150.796447372      0.743277335180E-28
   157.079632679      0.110927311586E-29
   163.362817987      0.969121473257E-32
   169.646003294      0.112978323280E-33
   175.929188601      0.269172642187E-32
   182.212373908      0.182392078091E-33
   188.495559215      0.102686276861E-32
   194.778744523      0.199988226715E-33
   201.061929830      0.415182732212E-32
   207.345115137      0.123143397359E-33
   213.628300444      0.669474862362E-32
   219.911485751      0.261048078524E-33
   226.194671058      0.264490247000E-33
   232.477856366      0.213910370434E-33
   238.761041673      0.148401636159E-32
   245.044226980      0.236945183325E-33
   251.327412287      0.733895738123E-33
   257.610597594      0.211919396455E-33
   263.893782902      0.512662209250E-33
   270.176968209      0.188140994136E-33
   276.460153516      0.153647228699E-33
   282.743338823      0.121072978879E-33
   289.026524130      0.103290731169E-33
   295.309709437      0.966191538730E-34
   301.592894745      0.101138019148E-33
   307.876080052      0.842967947746E-34
   314.159265359      0.902005001707E-34
   320.442450666      0.685507735263E-34
   326.725635973      0.698224521663E-34
   333.008821281      0.584952900857E-34
   339.292006588      0.695081047770E-34
   345.575191895      0.430231343442E-34
   351.858377202      0.546180370978E-34
   358.141562509      0.335497790187E-34
   364.424747816      0.350337813525E-34
   370.707933124      0.252770103193E-34
   376.991118431      0.212877225102E-34
   383.274303738      0.173539175996E-34
   389.557489045      0.170715142072E-34
   395.840674352      0.133175662321E-34
   402.123859659      0.204509599725E-34
   408.407044967      0.107890070050E-34
   414.690230274      0.951571422425E-35
   420.973415581      0.771485892410E-35
   427.256600888      0.754444542382E-35
   433.539786195      0.634688879671E-35
   439.822971503      0.627151888170E-35
   446.106156810      0.510693912537E-35
   452.389342117      0.491530004804E-35
   458.672527424      0.447452457416E-35
   464.955712731      0.447621006679E-35
   471.238898038      0.381325324808E-35
   477.522083346      0.398375693978E-35
   483.805268653      0.329228589928E-35
   490.088453960      0.330204603219E-35
   496.371639267      0.320104279956E-35
   502.654824574      0.324688122522E-35
   508.938009882      0.261156736841E-35
   515.221195189      0.299235118692E-35
   521.504380496      0.347581031768E-35
   527.787565803      0.269170505919E-35
   534.070751110      0.265972683965E-35
   540.353936417      0.212005075188E-35
   546.637121725      0.189909851526E-35
   552.920307032      0.192246561224E-35
   559.203492339      0.144203082948E-35
   565.486677646      0.157694853389E-35
   571.769862953      0.990562583561E-36
   578.053048261      0.906418896514E-36
   584.336233568      0.734496169006E-36
   590.619418875      0.636085728163E-36
   596.902604182      0.584968685795E-36
   603.185789489      0.526103455696E-36
   609.468974796      0.380810680733E-36
   615.752160104      0.374500434008E-36
   622.035345411      0.296733317839E-36
   628.318530718      0.287111194364E-36
   634.601716025      0.230237678878E-36
   640.884901332      0.206446098889E-36
   647.168086639      0.167535184414E-36
   653.451271947      0.104235224828E-36
   659.734457254      0.102891441205E-36
   666.017642561      0.977300918906E-37
   672.300827868      0.606711928598E-37
   678.584013175      0.317660829350E-37
   684.867198483      0.111414754093E-37
   691.150383790      0.202074361147E-37
   697.433569097      0.310534832996E-38
   6.28318530718      0.250799551098E-39
   12.5663706144      0.284710360176E-02
   18.8495559215      0.236126990521E-03
   25.1327412287      0.243262157646E-04
   31.4159265359      0.661958787151E-05
   37.6991118431      0.350626494345E-06
   43.9822971503      0.223434601564E-07
   50.2654824574      0.467444723888E-08
   56.5486677646      0.140800274109E-09
   62.8318530718      0.123026326854E-10
   69.1150383790      0.981363446354E-12
   75.3982236862      0.439218425966E-13
   81.6814089933      0.475746820709E-14
   87.9645943005      0.260932694947E-15
   94.2477796077      0.151984811123E-16
   100.530964915      0.123224211523E-17
   106.814150222      0.801609934810E-19
   113.097335529      0.566556107255E-20
   119.380520836      0.312320545462E-21
   125.663706144      0.233576236628E-22
   131.946891451      0.131847979890E-23
   138.230076758      0.807935630676E-25
   144.513262065      0.521269742465E-26
   150.796447372      0.204163745547E-27
   157.079632679      0.416885021996E-29
   163.362817987      0.117837836513E-30
   169.646003294      0.124651020406E-33
   175.929188601      0.262771942467E-32
   182.212373908      0.187312084152E-33
   188.495559215      0.106411753835E-32
   194.778744523      0.214559553167E-33
   201.061929830      0.418815871868E-32
   207.345115137      0.129242217301E-33
   213.628300444      0.669036881710E-32
   219.911485751      0.278682759424E-33
   226.194671058      0.278788728481E-33
   232.477856366      0.214762966000E-33
   238.761041673      0.163422418177E-32
   245.044226980      0.242782460392E-33
   251.327412287      0.782843334708E-33
   257.610597594      0.219600296978E-33
   263.893782902      0.542855974359E-33
   270.176968209      0.190576779800E-33
   276.460153516      0.157529867033E-33
   282.743338823      0.123425469428E-33
   289.026524130      0.104517353857E-33
   295.309709437      0.999177278171E-34
   301.592894745      0.988163473285E-34
   307.876080052      0.881600612612E-34
   314.159265359      0.859164529754E-34
   320.442450666      0.695855127342E-34
   326.725635973      0.693916728827E-34
   333.008821281      0.574368632047E-34
   339.292006588      0.738429777741E-34
   345.575191895      0.444699160814E-34
   351.858377202      0.575528658216E-34
   358.141562509      0.344252832749E-34
   364.424747816      0.393481004601E-34
   370.707933124      0.257379454111E-34
   376.991118431      0.203775533737E-34
   383.274303738      0.173295897641E-34
   389.557489045      0.160159583017E-34
   395.840674352      0.127537917193E-34
   402.123859659      0.456897862607E-34
   408.407044967      0.109370229422E-34
   414.690230274      0.106024763005E-34
   420.973415581      0.769483075414E-35
   427.256600888      0.697505841618E-35
   433.539786195      0.572501961094E-35
   439.822971503      0.549908383866E-35
   446.106156810      0.487367181889E-35
   452.389342117      0.460481648756E-35
   458.672527424      0.436540455209E-35
   464.955712731      0.370360921620E-35
   471.238898038      0.371353177112E-35
   477.522083346      0.370384453387E-35
   483.805268653      0.353155895716E-35
   490.088453960      0.346089988105E-35
   496.371639267      0.372441636505E-35
   502.654824574      0.395063073744E-35
   508.938009882      0.263645767586E-35
   515.221195189      0.264807088598E-35
   521.504380496      0.306482781266E-35
   527.787565803      0.261329907414E-35
   534.070751110      0.292577504987E-35
   540.353936417      0.205795897501E-35
   546.637121725      0.171915556652E-35
   552.920307032      0.194677232250E-35
   559.203492339      0.124129708958E-35
   565.486677646      0.168711490702E-35
   571.769862953      0.996303674068E-36
   578.053048261      0.905661307880E-36
   584.336233568      0.747614049552E-36
   590.619418875      0.695114412381E-36
   596.902604182      0.588133331841E-36
   603.185789489      0.499966556389E-36
   609.468974796      0.374427487129E-36
   615.752160104      0.380903008990E-36
   622.035345411      0.303669893631E-36
   628.318530718      0.275351696584E-36
   634.601716025      0.251275761242E-36
   640.884901332      0.225273158618E-36
   647.168086639      0.179860071305E-36
   653.451271947      0.122258316331E-36
   659.734457254      0.111365270740E-36
   666.017642561      0.995461787440E-37
   672.300827868      0.666903533580E-37
   678.584013175      0.492010780967E-37
   684.867198483      0.178272475186E-37
   691.150383790      0.207529701791E-37
   697.433569097      0.115498255105E-38
   6.28318530718      0.171620696616E-39
   12.5663706144      0.283546829850E-02
   18.8495559215      0.243462590970E-03
   25.1327412287      0.260271197177E-04
   31.4159265359      0.709990086336E-05
   37.6991118431      0.395105033771E-06
   43.9822971503      0.256290773914E-07
   50.2654824574      0.550085791137E-08
   56.5486677646      0.175386963185E-09
   62.8318530718      0.158979047326E-10
   69.1150383790      0.129482756543E-11
   75.3982236862      0.613688624572E-13
   81.6814089933      0.680037487148E-14
   87.9645943005      0.385989752140E-15
   94.2477796077      0.234623319998E-16
   100.530964915      0.195797218377E-17
   106.814150222      0.131568613862E-18
   113.097335529      0.965622459072E-20
   119.380520836      0.551301844254E-21
   125.663706144      0.426179575200E-22
   131.946891451      0.250710275572E-23
   138.230076758      0.159592617522E-24
   144.513262065      0.109425878871E-25
   150.796447372      0.502558486081E-27
   157.079632679      0.157262775865E-28
   163.362817987      0.362523299392E-30
   169.646003294      0.127617126506E-33
   175.929188601      0.286208861263E-32
   182.212373908      0.178702035422E-33
   188.495559215      0.117794691491E-32
   194.778744523      0.220377568965E-33
   201.061929830      0.448339335120E-32
   207.345115137      0.122336339727E-33
   213.628300444      0.711913640391E-32
   219.911485751      0.285533178317E-33
   226.194671058      0.262887136186E-33
   232.477856366      0.216311737849E-33
   238.761041673      0.161259537126E-32
   245.044226980      0.243770327468E-33
   251.327412287      0.791528728622E-33
   257.610597594      0.228786116412E-33
   263.893782902      0.591302015757E-33
   270.176968209      0.198491597931E-33
   276.460153516      0.161079966802E-33
   282.743338823      0.125544173303E-33
   289.026524130      0.110083581090E-33
   295.309709437      0.980925231576E-34
   301.592894745      0.101304044666E-33
   307.876080052      0.881166689740E-34
   314.159265359      0.911917267189E-34
   320.442450666      0.718019574216E-34
   326.725635973      0.728338769571E-34
   333.008821281      0.598654609549E-34
   339.292006588      0.750422642957E-34
   345.575191895      0.455447165848E-34
   351.858377202      0.580572278138E-34
   358.141562509      0.363280365607E-34
   364.424747816      0.362292695667E-34
   370.707933124      0.260985765696E-34
   376.991118431      0.232076644987E-34
   383.274303738      0.175255309626E-34
   389.557489045      0.169514526282E-34
   395.840674352      0.149631607620E-34
   402.123859659      0.402668213912E-34
   408.407044967      0.110406348270E-34
   414.690230274      0.963085263176E-35
   420.973415581      0.793810832920E-35
   427.256600888      0.694789147861E-35
   433.539786195      0.625562044004E-35
   439.822971503      0.572254577647E-35
   446.106156810      0.501728225910E-35
   452.389342117      0.490044661063E-35
   458.672527424      0.450083918756E-35
   464.955712731      0.443483405214E-35
   471.238898038      0.406862354072E-35
   477.522083346      0.419012837651E-35
   483.805268653      0.350635342245E-35
   490.088453960      0.337928879120E-35
   496.371639267      0.289330942119E-35
   502.654824574      0.319622340671E-35
   508.938009882      0.245263325347E-35
   515.221195189      0.258213433460E-35
   521.504380496      0.243840686883E-35
   527.787565803      0.235624555363E-35
   534.070751110      0.240931119677E-35
   540.353936417      0.182123297200E-35
   546.637121725      0.167139115836E-35
   552.920307032      0.180315834679E-35
   559.203492339      0.128029672783E-35
   565.486677646      0.186710396009E-35
   571.769862953      0.976921475016E-36
   578.053048261      0.921180386563E-36
   584.336233568      0.764039570253E-36
   590.619418875      0.692350755444E-36
   596.902604182      0.577042065075E-36
   603.185789489      0.507056797482E-36
   609.468974796      0.394617484698E-36
   615.752160104      0.362617066422E-36
   622.035345411      0.305096748936E-36
   628.318530718      0.267961267336E-36
   634.601716025      0.231758844448E-36
   640.884901332      0.196741742427E-36
   647.168086639      0.152312221864E-36
   653.451271947      0.105911999379E-36
   659.734457254      0.102626228291E-36
   666.017642561      0.942697196284E-37
   672.300827868      0.658156450226E-37
   678.584013175      0.380971144284E-37
   684.867198483      0.214543076877E-37
   691.150383790      0.170225076764E-37
   697.433569097      0.765411334234E-39
   6.28318530718      0.268757445751E-39
   12.5663706144      0.282368261429E-02
   18.8495559215      0.250807562533E-03
   25.1327412287      0.278015678619E-04
   31.4159265359      0.760220117521E-05
   37.6991118431      0.444003665885E-06
   43.9822971503      0.293475176243E-07
   50.2654824574      0.645280560348E-08
   56.5486677646      0.217435187161E-09
   62.8318530718      0.204264470994E-10
   69.1150383790      0.169864154349E-11
   75.3982236862      0.850966107312E-13
   81.6814089933      0.964043513614E-14
   87.9645943005      0.566154432407E-15
   94.2477796077      0.358635111004E-16
   100.530964915      0.307851241518E-17
   106.814150222      0.213548493899E-18
   113.097335529      0.162561699569E-19
   119.380520836      0.960787843377E-21
   125.663706144      0.766872045996E-22
   131.946891451      0.469478730204E-23
   138.230076758      0.309697032400E-24
   144.513262065      0.223569461166E-25
   150.796447372      0.115677816569E-26
   157.079632679      0.488651357268E-28
   163.362817987      0.719444638914E-30
   169.646003294      0.261341663594E-33
   175.929188601      0.278185337621E-32
   182.212373908      0.191380975815E-33
   188.495559215      0.109359584422E-32
   194.778744523      0.225189177995E-33
   201.061929830      0.415467773793E-32
   207.345115137      0.116368769266E-33
   213.628300444      0.690698356082E-32
   219.911485751      0.285419061784E-33
   226.194671058      0.260411600848E-33
   232.477856366      0.225613962590E-33
   238.761041673      0.159435700289E-32
   245.044226980      0.253285992511E-33
   251.327412287      0.760275252254E-33
   257.610597594      0.225590872799E-33
   263.893782902      0.581740400375E-33
   270.176968209      0.206318770388E-33
   276.460153516      0.174377392316E-33
   282.743338823      0.131815294873E-33
   289.026524130      0.113333759885E-33
   295.309709437      0.101405098794E-33
   301.592894745      0.106312924490E-33
   307.876080052      0.902028247656E-34
   314.159265359      0.101806372145E-33
   320.442450666      0.735003046226E-34
   326.725635973      0.765587264119E-34
   333.008821281      0.603707784810E-34
   339.292006588      0.772901029085E-34
   345.575191895      0.451689546110E-34
   351.858377202      0.568902989472E-34
   358.141562509      0.356021255970E-34
   364.424747816      0.394524861397E-34
   370.707933124      0.264869365644E-34
   376.991118431      0.214149671793E-34
   383.274303738      0.181646283473E-34
   389.557489045      0.177446802731E-34
   395.840674352      0.144679683055E-34
   402.123859659      0.313518998763E-34
   408.407044967      0.117489369010E-34
   414.690230274      0.976520022125E-35
   420.973415581      0.807198414271E-35
   427.256600888      0.740734169847E-35
   433.539786195      0.614137199890E-35
   439.822971503      0.563016436888E-35
   446.106156810      0.490037361127E-35
   452.389342117      0.497541031835E-35
   458.672527424      0.434496063717E-35
   464.955712731      0.400182727716E-35
   471.238898038      0.416817470022E-35
   477.522083346      0.376676131820E-35
   483.805268653      0.324669594696E-35
   490.088453960      0.353649104356E-35
   496.371639267      0.330866469605E-35
   502.654824574      0.356351388447E-35
   508.938009882      0.260584068383E-35
   515.221195189      0.255431388383E-35
   521.504380496      0.263196120173E-35
   527.787565803      0.226999344410E-35
   534.070751110      0.266090573139E-35
   540.353936417      0.219910080733E-35
   546.637121725      0.192611764577E-35
   552.920307032      0.224541661272E-35
   559.203492339      0.166824060951E-35
   565.486677646      0.159084065346E-35
   571.769862953      0.974752940044E-36
   578.053048261      0.899113096679E-36
   584.336233568      0.696370764354E-36
   590.619418875      0.669929969119E-36
   596.902604182      0.540834822300E-36
   603.185789489      0.483560607677E-36
   609.468974796      0.397955514575E-36
   615.752160104      0.392349707191E-36
   622.035345411      0.310659659016E-36
   628.318530718      0.267600195498E-36
   634.601716025      0.248885605457E-36
   640.884901332      0.217518831906E-36
   647.168086639      0.173462671009E-36
   653.451271947      0.118316889111E-36
   659.734457254      0.103218766380E-36
   666.017642561      0.933376298097E-37
   672.300827868      0.735885822122E-37
   678.584013175      0.458661566672E-37
   684.867198483      0.176507132650E-37
   691.150383790      0.118960301655E-37
   697.433569097      0.650393102771E-39
   6.28318530718      0.209039581383E-39
   12.5663706144      0.281175047497E-02
   18.8495559215      0.258156738173E-03
   25.1327412287      0.296502994245E-04
   31.4159265359      0.812673512109E-05
   37.6991118431      0.497625530954E-06
   43.9822971503      0.335475312000E-07
   50.2654824574      0.754612609000E-08
   56.5486677646      0.268323138676E-09
   62.8318530718      0.260997047815E-10
   69.1150383790      0.221598645821E-11
   75.3982236862      0.117131941654E-12
   81.6814089933      0.135577338842E-13
   87.9645943005      0.823591797304E-15
   94.2477796077      0.542973644691E-16
   100.530964915      0.479122799821E-17
   106.814150222      0.342884343142E-18
   113.097335529      0.270428387960E-19
   119.380520836      0.165381507521E-20
   125.663706144      0.136153804854E-21
   131.946891451      0.866333168759E-23
   138.230076758      0.591169899771E-24
   144.513262065      0.446375424075E-25
   150.796447372      0.252868532065E-26
   157.079632679      0.133463904500E-27
   163.362817987      0.211648482706E-29
   169.646003294      0.956451612161E-32
   175.929188601      0.294491580887E-32
   182.212373908      0.185916511275E-33
   188.495559215      0.116693987594E-32
   194.778744523      0.232757482591E-33
   201.061929830      0.469752750186E-32
   207.345115137      0.128113739702E-33
   213.628300444      0.768616391862E-32
   219.911485751      0.311914498053E-33
   226.194671058      0.292053750965E-33
   232.477856366      0.218769005278E-33
   238.761041673      0.172859048500E-32
   245.044226980      0.268844806005E-33
   251.327412287      0.728364121614E-33
   257.610597594      0.229133968384E-33
   263.893782902      0.556952371615E-33
   270.176968209      0.205906625705E-33
   276.460153516      0.173126308458E-33
   282.743338823      0.133439532093E-33
   289.026524130      0.110668577644E-33
   295.309709437      0.102383809544E-33
   301.592894745      0.102533753373E-33
   307.876080052      0.895040050061E-34
   314.159265359      0.926260695334E-34
   320.442450666      0.739525571928E-34
   326.725635973      0.760087236900E-34
   333.008821281      0.615574330632E-34
   339.292006588      0.791274606962E-34
   345.575191895      0.467041525346E-34
   351.858377202      0.593069458283E-34
   358.141562509      0.369759406069E-34
   364.424747816      0.380461207876E-34
   370.707933124      0.269633431566E-34
   376.991118431      0.255592346787E-34
   383.274303738      0.181518711478E-34
   389.557489045      0.173130134308E-34
   395.840674352      0.134641925418E-34
   402.123859659      0.269184000652E-34
   408.407044967      0.108792940550E-34
   414.690230274      0.943909095498E-35
   420.973415581      0.757479401478E-35
   427.256600888      0.737323889666E-35
   433.539786195      0.616082381086E-35
   439.822971503      0.556752417263E-35
   446.106156810      0.585143126715E-35
   452.389342117      0.504312706350E-35
   458.672527424      0.428066338574E-35
   464.955712731      0.430905124772E-35
   471.238898038      0.373327639282E-35
   477.522083346      0.365856789657E-35
   483.805268653      0.330584681249E-35
   490.088453960      0.333448110471E-35
   496.371639267      0.321524491072E-35
   502.654824574      0.304095814831E-35
   508.938009882      0.251364323922E-35
   515.221195189      0.251359128117E-35
   521.504380496      0.253050737506E-35
   527.787565803      0.206738710636E-35
   534.070751110      0.211732687909E-35
   540.353936417      0.175503276027E-35
   546.637121725      0.156601158379E-35
   552.920307032      0.179923408417E-35
   559.203492339      0.147907712771E-35
   565.486677646      0.157405439890E-35
   571.769862953      0.940546154892E-36
   578.053048261      0.902956663817E-36
   584.336233568      0.711689476692E-36
   590.619418875      0.682274404797E-36
   596.902604182      0.560025933294E-36
   603.185789489      0.494675188816E-36
   609.468974796      0.398232227907E-36
   615.752160104      0.373721927214E-36
   622.035345411      0.288644149160E-36
   628.318530718      0.254305648879E-36
   634.601716025      0.226024415468E-36
   640.884901332      0.216652666533E-36
   647.168086639      0.176184868608E-36
   653.451271947      0.125430323576E-36
   659.734457254      0.109532983033E-36
   666.017642561      0.100183259125E-36
   672.300827868      0.824011123645E-37
   678.584013175      0.491599581629E-37
   684.867198483      0.212838979428E-37
   691.150383790      0.147906804463E-37
   697.433569097      0.414752742580E-39
   6.28318530718      0.607346630561E-40
   12.5663706144      0.279967583396E-02
   18.8495559215      0.265505037848E-03
   25.1327412287      0.315739683656E-04
   31.4159265359      0.867371641522E-05
   37.6991118431      0.556282071537E-06
   43.9822971503      0.382820243306E-07
   50.2654824574      0.879820219503E-08
   56.5486677646      0.329637816590E-09
   62.8318530718      0.331698224646E-10
   69.1150383790      0.287522994884E-11
   75.3982236862      0.160079360882E-12
   81.6814089933      0.189198591215E-13
   87.9645943005      0.118852591278E-14
   94.2477796077      0.814473311451E-16
   100.530964915      0.738354166377E-17
   106.814150222      0.544816933425E-18
   113.097335529      0.444710585076E-19
   119.380520836      0.281275317697E-20
   125.663706144      0.238621290468E-21
   131.946891451      0.157625541900E-22
   138.230076758      0.111112821890E-23
   144.513262065      0.873438722241E-25
   150.796447372      0.531533701268E-26
   157.079632679      0.331891152215E-27
   163.362817987      0.514994320569E-29
   169.646003294      0.216605367092E-30
   175.929188601      0.299515077039E-32
   182.212373908      0.188687296576E-33
   188.495559215      0.114904518776E-32
   194.778744523      0.233341471876E-33
   201.061929830      0.477385541017E-32
   207.345115137      0.146328412093E-33
   213.628300444      0.771050505436E-32
   219.911485751      0.347364483017E-33
   226.194671058      0.294739452515E-33
   232.477856366      0.225276469463E-33
   238.761041673      0.169924351728E-32
   245.044226980      0.269584837563E-33
   251.327412287      0.750671684964E-33
   257.610597594      0.238929701952E-33
   263.893782902      0.556141822355E-33
   270.176968209      0.211237221271E-33
   276.460153516      0.173193899820E-33
   282.743338823      0.135775565536E-33
   289.026524130      0.115175966433E-33
   295.309709437      0.104768686574E-33
   301.592894745      0.102928962799E-33
   307.876080052      0.926497364891E-34
   314.159265359      0.954073015794E-34
   320.442450666      0.749108762350E-34
   326.725635973      0.774416038667E-34
   333.008821281      0.635370737455E-34
   339.292006588      0.793657409712E-34
   345.575191895      0.476357639136E-34
   351.858377202      0.610018217962E-34
   358.141562509      0.373286151963E-34
   364.424747816      0.375323950666E-34
   370.707933124      0.260235655002E-34
   376.991118431      0.227309787438E-34
   383.274303738      0.177185828798E-34
   389.557489045      0.175713982884E-34
   395.840674352      0.147529423575E-34
   402.123859659      0.193378871379E-34
   408.407044967      0.126286489767E-34
   414.690230274      0.981746617222E-35
   420.973415581      0.719478976020E-35
   427.256600888      0.654133745111E-35
   433.539786195      0.592190273864E-35
   439.822971503      0.504542149097E-35
   446.106156810      0.494717580471E-35
   452.389342117      0.476144550285E-35
   458.672527424      0.454568613313E-35
   464.955712731      0.483147072114E-35
   471.238898038      0.400153892884E-35
   477.522083346      0.386662288570E-35
   483.805268653      0.341725251846E-35
   490.088453960      0.349141676319E-35
   496.371639267      0.329672014339E-35
   502.654824574      0.358430963092E-35
   508.938009882      0.261883226458E-35
   515.221195189      0.262555658504E-35
   521.504380496      0.271343204526E-35
   527.787565803      0.215945965096E-35
   534.070751110      0.230258881318E-35
   540.353936417      0.195952822125E-35
   546.637121725      0.165428121560E-35
   552.920307032      0.179342374127E-35
   559.203492339      0.125248590888E-35
   565.486677646      0.146442465014E-35
   571.769862953      0.100295564087E-35
   578.053048261      0.905697241694E-36
   584.336233568      0.723819610524E-36
   590.619418875      0.657698591021E-36
   596.902604182      0.571682172698E-36
   603.185789489      0.490155702560E-36
   609.468974796      0.388163431773E-36
   615.752160104      0.382759789900E-36
   622.035345411      0.333860866940E-36
   628.318530718      0.271821333708E-36
   634.601716025      0.244815389241E-36
   640.884901332      0.205566339062E-36
   647.168086639      0.160651685643E-36
   653.451271947      0.110637904527E-36
   659.734457254      0.941745429869E-37
   666.017642561      0.853215725722E-37
   672.300827868      0.619977903531E-37
   678.584013175      0.405615755560E-37
   684.867198483      0.200937609303E-37
   691.150383790      0.236202270226E-37
   697.433569097      0.113531173918E-38
   6.28318530718      0.214102624230E-39
   12.5663706144      0.278746266919E-02
   18.8495559215      0.272847473167E-03
   25.1327412287      0.335731428782E-04
   31.4159265359      0.924332558438E-05
   37.6991118431      0.620292278620E-06
   43.9822971503      0.436082361010E-07
   50.2654824574      0.102280599748E-07
   56.5486677646      0.403198817626E-09
   62.8318530718      0.419359978163E-10
   69.1150383790      0.371090474311E-11
   75.3982236862      0.217263257506E-12
   81.6814089933      0.262057675688E-13
   87.9645943005      0.170185368841E-14
   94.2477796077      0.121079179702E-15
   100.530964915      0.112701141792E-16
   106.814150222      0.856926596493E-18
   113.097335529      0.723191939549E-19
   119.380520836      0.472843894703E-20
   125.663706144      0.412995293248E-21
   131.946891451      0.282920222282E-22
   138.230076758      0.205797551451E-23
   144.513262065      0.167835303185E-24
   150.796447372      0.108339224825E-25
   157.079632679      0.765986824785E-27
   163.362817987      0.186171871704E-28
   169.646003294      0.724032476844E-30
   175.929188601      0.519476817262E-32
   182.212373908      0.179786461495E-33
   188.495559215      0.123128767654E-32
   194.778744523      0.225086410143E-33
   201.061929830      0.474468275086E-32
   207.345115137      0.149543070924E-33
   213.628300444      0.784723853945E-32
   219.911485751      0.353819170509E-33
   226.194671058      0.290296125086E-33
   232.477856366      0.230005237632E-33
   238.761041673      0.173204964975E-32
   245.044226980      0.276102508975E-33
   251.327412287      0.729846299566E-33
   257.610597594      0.249834773540E-33
   263.893782902      0.568353598712E-33
   270.176968209      0.225778951475E-33
   276.460153516      0.182291521560E-33
   282.743338823      0.137299978152E-33
   289.026524130      0.119508647983E-33
   295.309709437      0.106866401421E-33
   301.592894745      0.107404260451E-33
   307.876080052      0.933416889984E-34
   314.159265359      0.946860590177E-34
   320.442450666      0.778545337701E-34
   326.725635973      0.823101911595E-34
   333.008821281      0.640400913875E-34
   339.292006588      0.806448217740E-34
   345.575191895      0.481260584750E-34
   351.858377202      0.620098131792E-34
   358.141562509      0.384677369327E-34
   364.424747816      0.406599342879E-34
   370.707933124      0.282804688282E-34
   376.991118431      0.228449321803E-34
   383.274303738      0.187503007841E-34
   389.557489045      0.195430512403E-34
   395.840674352      0.153264567267E-34
   402.123859659      0.193750037327E-34
   408.407044967      0.109385639968E-34
   414.690230274      0.981136870189E-35
   420.973415581      0.832452695010E-35
   427.256600888      0.825553945929E-35
   433.539786195      0.626949666703E-35
   439.822971503      0.610644683890E-35
   446.106156810      0.567314074010E-35
   452.389342117      0.492145913557E-35
   458.672527424      0.396139360146E-35
   464.955712731      0.394606617122E-35
   471.238898038      0.394450438653E-35
   477.522083346      0.387622452601E-35
   483.805268653      0.304050400721E-35
   490.088453960      0.323047862832E-35
   496.371639267      0.330557588567E-35
   502.654824574      0.331032144690E-35
   508.938009882      0.282638410388E-35
   515.221195189      0.327544263860E-35
   521.504380496      0.299374851258E-35
   527.787565803      0.220499669222E-35
   534.070751110      0.246981235817E-35
   540.353936417      0.242015743468E-35
   546.637121725      0.171363636190E-35
   552.920307032      0.178593373331E-35
   559.203492339      0.162410885680E-35
   565.486677646      0.217175109939E-35
   571.769862953      0.954524661724E-36
   578.053048261      0.856144540241E-36
   584.336233568      0.694895961966E-36
   590.619418875      0.664596240439E-36
   596.902604182      0.571228979222E-36
   603.185789489      0.541836914326E-36
   609.468974796      0.406622097614E-36
   615.752160104      0.378896950089E-36
   622.035345411      0.308294270238E-36
   628.318530718      0.295194000292E-36
   634.601716025      0.247231481582E-36
   640.884901332      0.219890150844E-36
   647.168086639      0.172927144494E-36
   653.451271947      0.108228510951E-36
   659.734457254      0.106378353581E-36
   666.017642561      0.845470802417E-37
   672.300827868      0.641485949711E-37
   678.584013175      0.520688174320E-37
   684.867198483      0.187155493629E-37
   691.150383790      0.209755808024E-37
   697.433569097      0.955634574139E-39
   6.28318530718      0.403234005545E-39
   12.5663706144      0.277511498007E-02
   18.8495559215      0.280179151771E-03
   25.1327412287      0.356483051125E-04
   31.4159265359      0.983570951934E-05
   37.6991118431      0.689981869849E-06
   43.9822971503      0.495879046059E-07
   50.2654824574      0.118564650409E-07
   56.5486677646      0.491083692629E-09
   62.8318530718      0.527515636262E-10
   69.1150383790      0.476483330641E-11
   75.3982236862      0.292899332402E-12
   81.6814089933      0.360351697892E-13
   87.9645943005      0.241850050059E-14
   94.2477796077      0.178432399432E-15
   100.530964915      0.170437470955E-16
   106.814150222      0.133462372363E-17
   113.097335529      0.116340992220E-18
   119.380520836      0.785949559959E-20
   125.663706144      0.706172721687E-21
   131.946891451      0.501188656583E-22
   138.230076758      0.375862380293E-23
   144.513262065      0.317177934604E-24
   150.796447372      0.215310764436E-25
   157.079632679      0.167006667021E-26
   163.362817987      0.582609409772E-28
   169.646003294      0.844924161613E-30
   175.929188601      0.351966658991E-31
   182.212373908      0.173097915976E-33
   188.495559215      0.125284432746E-32
   194.778744523      0.239485439405E-33
   201.061929830      0.500963296086E-32
   207.345115137      0.156243930370E-33
   213.628300444      0.827021873808E-32
   219.911485751      0.366374281479E-33
   226.194671058      0.282150782669E-33
   232.477856366      0.254007344846E-33
   238.761041673      0.180702126506E-32
   245.044226980      0.287869670133E-33
   251.327412287      0.771218843993E-33
   257.610597594      0.253342325324E-33
   263.893782902      0.632785200165E-33
   270.176968209      0.222108059429E-33
   276.460153516      0.178312633239E-33
   282.743338823      0.138975952946E-33
   289.026524130      0.120134614977E-33
   295.309709437      0.109740758713E-33
   301.592894745      0.107044497654E-33
   307.876080052      0.934900741103E-34
   314.159265359      0.976148376615E-34
   320.442450666      0.783330966655E-34
   326.725635973      0.796555220754E-34
   333.008821281      0.665200531690E-34
   339.292006588      0.816973226135E-34
   345.575191895      0.482703779810E-34
   351.858377202      0.605027829738E-34
   358.141562509      0.386907217828E-34
   364.424747816      0.364011466216E-34
   370.707933124      0.272031678058E-34
   376.991118431      0.241604028410E-34
   383.274303738      0.178985449978E-34
   389.557489045      0.185384649190E-34
   395.840674352      0.137321062041E-34
   402.123859659      0.257585092007E-34
   408.407044967      0.112946419325E-34
   414.690230274      0.100936561856E-34
   420.973415581      0.789009387131E-35
   427.256600888      0.676494347073E-35
   433.539786195      0.568286959183E-35
   439.822971503      0.498842445120E-35
   446.106156810      0.478508053092E-35
   452.389342117      0.525485568138E-35
   458.672527424      0.476653702614E-35
   464.955712731      0.452491735210E-35
   471.238898038      0.389174816844E-35
   477.522083346      0.417568186143E-35
   483.805268653      0.339758940086E-35
   490.088453960      0.360951642784E-35
   496.371639267      0.360038169412E-35
   502.654824574      0.345881523145E-35
   508.938009882      0.247050275516E-35
   515.221195189      0.229976783052E-35
   521.504380496      0.254962978939E-35
   527.787565803      0.220642536007E-35
   534.070751110      0.244448788776E-35
   540.353936417      0.194613099692E-35
   546.637121725      0.161516816577E-35
   552.920307032      0.197427541286E-35
   559.203492339      0.135239400173E-35
   565.486677646      0.208863813711E-35
   571.769862953      0.975203003456E-36
   578.053048261      0.883378023159E-36
   584.336233568      0.735221616942E-36
   590.619418875      0.670624647899E-36
   596.902604182      0.560365524343E-36
   603.185789489      0.510243552545E-36
   609.468974796      0.378789445491E-36
   615.752160104      0.356821325780E-36
   622.035345411      0.295566429470E-36
   628.318530718      0.265716568845E-36
   634.601716025      0.236709859598E-36
   640.884901332      0.199084133047E-36
   647.168086639      0.166188336887E-36
   653.451271947      0.104554425701E-36
   659.734457254      0.976516286830E-37
   666.017642561      0.925998430603E-37
   672.300827868      0.776259907505E-37
   678.584013175      0.420186802639E-37
   684.867198483      0.141728212278E-37
   691.150383790      0.117008614402E-37
   697.433569097      0.800352195357E-39
   6.28318530718      0.954930791646E-40
   12.5663706144      0.276263678444E-02
   18.8495559215      0.287495281425E-03
   25.1327412287      0.377998511181E-04
   31.4159265359      0.104509811679E-04
   37.6991118431      0.765682403240E-06
   43.9822971503      0.562874204588E-07
   50.2654824574      0.137060183988E-07
   56.5486677646      0.595654825789E-09
   62.8318530718      0.660318426856E-10
   69.1150383790      0.608741334087E-11
   75.3982236862      0.392299890234E-12
   81.6814089933      0.492044616904E-13
   87.9645943005      0.341169625066E-14
   94.2477796077      0.260736477230E-15
   100.530964915      0.255444570366E-16
   106.814150222      0.205883990405E-17
   113.097335529      0.185208130341E-18
   119.380520836      0.129212651603E-19
   125.663706144      0.119335807811E-20
   131.946891451      0.876651953831E-22
   138.230076758      0.677295093857E-23
   144.513262065      0.590189432451E-24
   150.796447372      0.418753133004E-25
   157.079632679      0.348476569726E-26
   163.362817987      0.156490991323E-27
   169.646003294      0.282859449095E-29
   175.929188601      0.182846466587E-30
   182.212373908      0.171089349704E-33
   188.495559215      0.129929983400E-32
   194.778744523      0.238438991374E-33
   201.061929830      0.499345556413E-32
   207.345115137      0.163739640444E-33
   213.628300444      0.831363946280E-32
   219.911485751      0.387863119228E-33
   226.194671058      0.287153546279E-33
   232.477856366      0.252156011315E-33
   238.761041673      0.186625590538E-32
   245.044226980      0.290635173773E-33
   251.327412287      0.838865269958E-33
   257.610597594      0.252503540562E-33
   263.893782902      0.679647373096E-33
   270.176968209      0.229267584012E-33
   276.460153516      0.180569524330E-33
   282.743338823      0.142279827455E-33
   289.026524130      0.121923431566E-33
   295.309709437      0.111584032788E-33
   301.592894745      0.112774706256E-33
   307.876080052      0.941225799337E-34
   314.159265359      0.102381635854E-33
   320.442450666      0.789084250520E-34
   326.725635973      0.846369976005E-34
   333.008821281      0.682824100540E-34
   339.292006588      0.830002901525E-34
   345.575191895      0.486598469382E-34
   351.858377202      0.630596354607E-34
   358.141562509      0.395052915271E-34
   364.424747816      0.390489533866E-34
   370.707933124      0.282637193402E-34
   376.991118431      0.234097156575E-34
   383.274303738      0.193515648794E-34
   389.557489045      0.188647734273E-34
   395.840674352      0.146485918705E-34
   402.123859659      0.178786393901E-34
   408.407044967      0.108136800351E-34
   414.690230274      0.973663927051E-35
   420.973415581      0.773663961132E-35
   427.256600888      0.734042949530E-35
   433.539786195      0.606161557509E-35
   439.822971503      0.512272302560E-35
   446.106156810      0.481413089598E-35
   452.389342117      0.482600185477E-35
   458.672527424      0.407288077017E-35
   464.955712731      0.429923659561E-35
   471.238898038      0.371458721475E-35
   477.522083346      0.396232785241E-35
   483.805268653      0.338254834543E-35
   490.088453960      0.357290670277E-35
   496.371639267      0.325911120946E-35
   502.654824574      0.318063074281E-35
   508.938009882      0.241785630362E-35
   515.221195189      0.249815220001E-35
   521.504380496      0.257715581441E-35
   527.787565803      0.227640459622E-35
   534.070751110      0.208956166539E-35
   540.353936417      0.195423669571E-35
   546.637121725      0.175037601325E-35
   552.920307032      0.182605562576E-35
   559.203492339      0.148169669254E-35
   565.486677646      0.148421622686E-35
   571.769862953      0.923615569448E-36
   578.053048261      0.836570289494E-36
   584.336233568      0.693611551103E-36
   590.619418875      0.657652892510E-36
   596.902604182      0.544976332205E-36
   603.185789489      0.536613741515E-36
   609.468974796      0.415560270071E-36
   615.752160104      0.376169962791E-36
   622.035345411      0.280286479280E-36
   628.318530718      0.240828678798E-36
   634.601716025      0.216737392625E-36
   640.884901332      0.198402732562E-36
   647.168086639      0.148531539968E-36
   653.451271947      0.101852126915E-36
   659.734457254      0.896030738850E-37
   666.017642561      0.794998206537E-37
   672.300827868      0.640873342418E-37
   678.584013175      0.524870684109E-37
   684.867198483      0.202520209152E-37
   691.150383790      0.227912102392E-37
   697.433569097      0.327949596961E-39
   6.28318530718      0.261273194304E-39
   12.5663706144      0.275003211544E-02
   18.8495559215      0.294791173843E-03
   25.1327412287      0.400280909953E-04
   31.4159265359      0.110892193715E-04
   37.6991118431      0.847730330247E-06
   43.9822971503      0.637779659581E-07
   50.2654824574      0.158012511474E-07
   56.5486677646      0.719587775394E-09
   62.8318530718      0.822628167003E-10
   69.1150383790      0.773907921104E-11
   75.3982236862      0.522118147913E-12
   81.6814089933      0.667303651335E-13
   87.9645943005      0.477838504677E-14
   94.2477796077      0.377886376781E-15
   100.530964915      0.379524041738E-16
   106.814150222      0.314670279041E-17
   113.097335529      0.291859464004E-18
   119.380520836      0.210177184041E-19
   125.663706144      0.199379419918E-20
   131.946891451      0.151467114110E-21
   138.230076758      0.120477097703E-22
   144.513262065      0.108228444833E-23
   150.796447372      0.799123584123E-25
   157.079632679      0.702947230986E-26
   163.362817987      0.373808477929E-27
   169.646003294      0.105209007823E-28
   175.929188601      0.364898523475E-30
   182.212373908      0.238820215139E-33
   188.495559215      0.132590724866E-32
   194.778744523      0.242865059607E-33
   201.061929830      0.512257502105E-32
   207.345115137      0.181641223397E-33
   213.628300444      0.840694738342E-32
   219.911485751      0.405057339187E-33
   226.194671058      0.292711459648E-33
   232.477856366      0.257058814684E-33
   238.761041673      0.185881760824E-32
   245.044226980      0.300176921090E-33
   251.327412287      0.866890571995E-33
   257.610597594      0.257221649884E-33
   263.893782902      0.682058737810E-33
   270.176968209      0.232728297854E-33
   276.460153516      0.187014423345E-33
   282.743338823      0.149989918833E-33
   289.026524130      0.124787156317E-33
   295.309709437      0.113082075323E-33
   301.592894745      0.108798966625E-33
   307.876080052      0.974605325106E-34
   314.159265359      0.102149414246E-33
   320.442450666      0.812185819005E-34
   326.725635973      0.855006619836E-34
   333.008821281      0.701962986632E-34
   339.292006588      0.838742310660E-34
   345.575191895      0.492806718869E-34
   351.858377202      0.650507521328E-34
   358.141562509      0.398176218820E-34
   364.424747816      0.384847237935E-34
   370.707933124      0.285169584715E-34
   376.991118431      0.225824809286E-34
   383.274303738      0.186100860735E-34
   389.557489045      0.175042384032E-34
   395.840674352      0.139750893149E-34
   402.123859659      0.345752484599E-34
   408.407044967      0.112997512229E-34
   414.690230274      0.103434658833E-34
   420.973415581      0.798929187612E-35
   427.256600888      0.695943589098E-35
   433.539786195      0.548841107982E-35
   439.822971503      0.543565156679E-35
   446.106156810      0.485672171661E-35
   452.389342117      0.429625553792E-35
   458.672527424      0.406073746929E-35
   464.955712731      0.403376439089E-35
   471.238898038      0.395206513388E-35
   477.522083346      0.398315734162E-35
   483.805268653      0.328685283122E-35
   490.088453960      0.333311532712E-35
   496.371639267      0.314715854143E-35
   502.654824574      0.325066185466E-35
   508.938009882      0.244937314092E-35
   515.221195189      0.260537080990E-35
   521.504380496      0.253830219526E-35
   527.787565803      0.206363503826E-35
   534.070751110      0.221246026670E-35
   540.353936417      0.186486972914E-35
   546.637121725      0.153851540541E-35
   552.920307032      0.170024224692E-35
   559.203492339      0.136676812176E-35
   565.486677646      0.174504850897E-35
   571.769862953      0.923165770288E-36
   578.053048261      0.798247874885E-36
   584.336233568      0.654773474826E-36
   590.619418875      0.619210225781E-36
   596.902604182      0.544050384460E-36
   603.185789489      0.517134758159E-36
   609.468974796      0.375661118603E-36
   615.752160104      0.376862863776E-36
   622.035345411      0.322751553939E-36
   628.318530718      0.287513376513E-36
   634.601716025      0.228567294432E-36
   640.884901332      0.203897792385E-36
   647.168086639      0.146291734165E-36
   653.451271947      0.115270279760E-36
   659.734457254      0.938154075736E-37
   666.017642561      0.866134676047E-37
   672.300827868      0.713139679684E-37
   678.584013175      0.425522520014E-37
   684.867198483      0.129384026826E-37
   691.150383790      0.150001371282E-37
   697.433569097      0.471689634532E-39
   6.28318530718      0.293773972242E-39
   12.5663706144      0.273730501843E-02
   18.8495559215      0.302062248215E-03
   25.1327412287      0.423332492470E-04
   31.4159265359      0.117504688471E-04
   37.6991118431      0.936465992592E-06
   43.9822971503      0.721356382667E-07
   50.2654824574      0.181687173573E-07
   56.5486677646      0.865900994187E-09
   62.8318530718      0.102010647189E-09
   69.1150383790      0.979195455166E-11
   75.3982236862      0.690637203798E-12
   81.6814089933      0.899025835893E-13
   87.9645943005      0.664602093126E-14
   94.2477796077      0.543319326922E-15
   100.530964915      0.559118692154E-16
   106.814150222      0.476621984856E-17
   113.097335529      0.455413671371E-18
   119.380520836      0.338350873152E-19
   125.663706144      0.329448628804E-20
   131.946891451      0.258607115227E-21
   138.230076758      0.211642651398E-22
   144.513262065      0.195735972030E-23
   150.796447372      0.149920485991E-24
   157.079632679      0.138054834123E-25
   163.362817987      0.833005750619E-27
   169.646003294      0.323655632350E-28
   175.929188601      0.808114189315E-30
   182.212373908      0.945659876502E-33
   188.495559215      0.134060308093E-32
   194.778744523      0.254120287380E-33
   201.061929830      0.513028313167E-32
   207.345115137      0.170867647890E-33
   213.628300444      0.829102795208E-32
   219.911485751      0.404485408090E-33
   226.194671058      0.323114697242E-33
   232.477856366      0.257684824551E-33
   238.761041673      0.203568843467E-32
   245.044226980      0.301669959058E-33
   251.327412287      0.799467997594E-33
   257.610597594      0.261880799743E-33
   263.893782902      0.636003228927E-33
   270.176968209      0.234499166358E-33
   276.460153516      0.190455785362E-33
   282.743338823      0.150179628654E-33
   289.026524130      0.128813232015E-33
   295.309709437      0.117686653184E-33
   301.592894745      0.112767280371E-33
   307.876080052      0.101538232546E-33
   314.159265359      0.102973097097E-33
   320.442450666      0.826678232902E-34
   326.725635973      0.838310548784E-34
   333.008821281      0.699495230543E-34
   339.292006588      0.840274056214E-34
   345.575191895      0.513976621237E-34
   351.858377202      0.717875328398E-34
   358.141562509      0.397207970473E-34
   364.424747816      0.425150453164E-34
   370.707933124      0.279988158117E-34
   376.991118431      0.234147487745E-34
   383.274303738      0.190376592839E-34
   389.557489045      0.164469687051E-34
   395.840674352      0.151719661832E-34
   402.123859659      0.237709610254E-34
   408.407044967      0.110768727257E-34
   414.690230274      0.101409367752E-34
   420.973415581      0.750364286887E-35
   427.256600888      0.727100176997E-35
   433.539786195      0.609656840666E-35
   439.822971503      0.595651673072E-35
   446.106156810      0.507586331220E-35
   452.389342117      0.458568257513E-35
   458.672527424      0.462794174930E-35
   464.955712731      0.375271660672E-35
   471.238898038      0.359656854988E-35
   477.522083346      0.339811514767E-35
   483.805268653      0.309050038409E-35
   490.088453960      0.381235651352E-35
   496.371639267      0.338364789174E-35
   502.654824574      0.331462857351E-35
   508.938009882      0.256725172338E-35
   515.221195189      0.273609960446E-35
   521.504380496      0.268429285926E-35
   527.787565803      0.212746847507E-35
   534.070751110      0.255797462990E-35
   540.353936417      0.188757920749E-35
   546.637121725      0.178167843616E-35
   552.920307032      0.202803781040E-35
   559.203492339      0.135186553890E-35
   565.486677646      0.182908341677E-35
   571.769862953      0.933409155563E-36
   578.053048261      0.829250811258E-36
   584.336233568      0.687221469494E-36
   590.619418875      0.636501392751E-36
   596.902604182      0.549915888041E-36
   603.185789489      0.476735185787E-36
   609.468974796      0.387608309168E-36
   615.752160104      0.357095630084E-36
   622.035345411      0.302782845627E-36
   628.318530718      0.263712776012E-36
   634.601716025      0.222061742378E-36
   640.884901332      0.187576844611E-36
   647.168086639      0.154588198602E-36
   653.451271947      0.110553743084E-36
   659.734457254      0.937582707926E-37
   666.017642561      0.758939496109E-37
   672.300827868      0.616128972541E-37
   678.584013175      0.494286157669E-37
   684.867198483      0.184419189701E-37
   691.150383790      0.119127828766E-37
   697.433569097      0.239831371256E-38
   6.28318530718      0.107107461278E-39
   12.5663706144      0.272445954786E-02
   18.8495559215      0.309304034466E-03
   25.1327412287      0.447154653231E-04
   31.4159265359      0.124347403134E-04
   37.6991118431      0.103223256768E-05
   43.9822971503      0.814415550471E-07
   50.2654824574      0.208370844305E-07
   56.5486677646      0.103798682650E-08
   62.8318530718      0.125932082226E-09
   69.1150383790      0.123317113002E-10
   75.3982236862      0.908109801715E-12
   81.6814089933      0.120346927748E-12
   87.9645943005      0.918104624020E-14
   94.2477796077      0.775144156390E-15
   100.530964915      0.816953092874E-16
   106.814150222      0.715630091450E-17
   113.097335529      0.703854902073E-18
   119.380520836      0.539232375602E-19
   125.663706144      0.538559963352E-20
   131.946891451      0.436465806420E-21
   138.230076758      0.367325646703E-22
   144.513262065      0.349338880057E-23
   150.796447372      0.276892069838E-24
   157.079632679      0.265046433280E-25
   163.362817987      0.176297972143E-26
   169.646003294      0.867769116691E-28
   175.929188601      0.223461827305E-29
   182.212373908      0.323623837684E-31
   188.495559215      0.136730743191E-32
   194.778744523      0.260572339634E-33
   201.061929830      0.523689914347E-32
   207.345115137      0.189866006231E-33
   213.628300444      0.863571720491E-32
   219.911485751      0.445295478766E-33
   226.194671058      0.340164663231E-33
   232.477856366      0.270994753823E-33
   238.761041673      0.206651920729E-32
   245.044226980      0.313969572217E-33
   251.327412287      0.858374541723E-33
   257.610597594      0.267644664468E-33
   263.893782902      0.715940332822E-33
   270.176968209      0.245176174822E-33
   276.460153516      0.198755255497E-33
   282.743338823      0.154488116874E-33
   289.026524130      0.130882595431E-33
   295.309709437      0.117496533607E-33
   301.592894745      0.113894795203E-33
   307.876080052      0.101929086320E-33
   314.159265359      0.109397024660E-33
   320.442450666      0.848716570390E-34
   326.725635973      0.899511223443E-34
   333.008821281      0.708874825151E-34
   339.292006588      0.887597854659E-34
   345.575191895      0.504131098901E-34
   351.858377202      0.660903627362E-34
   358.141562509      0.405067254838E-34
   364.424747816      0.417462667434E-34
   370.707933124      0.285675504679E-34
   376.991118431      0.240373442783E-34
   383.274303738      0.183515601826E-34
   389.557489045      0.189516267614E-34
   395.840674352      0.139150267674E-34
   402.123859659      0.669141830273E-34
   408.407044967      0.116419221154E-34
   414.690230274      0.953595534212E-35
   420.973415581      0.727773398685E-35
   427.256600888      0.674271790074E-35
   433.539786195      0.592287042894E-35
   439.822971503      0.475156621280E-35
   446.106156810      0.498978279942E-35
   452.389342117      0.453998473394E-35
   458.672527424      0.394503147489E-35
   464.955712731      0.404355229743E-35
   471.238898038      0.355859203947E-35
   477.522083346      0.366884714638E-35
   483.805268653      0.305786338768E-35
   490.088453960      0.299083067206E-35
   496.371639267      0.286207021005E-35
   502.654824574      0.295762064578E-35
   508.938009882      0.234471929221E-35
   515.221195189      0.231569397319E-35
   521.504380496      0.242746908993E-35
   527.787565803      0.207773613453E-35
   534.070751110      0.232875220168E-35
   540.353936417      0.177109780796E-35
   546.637121725      0.186657921519E-35
   552.920307032      0.155992213543E-35
   559.203492339      0.130723139675E-35
   565.486677646      0.139013953323E-35
   571.769862953      0.916072843800E-36
   578.053048261      0.858020638613E-36
   584.336233568      0.689136315293E-36
   590.619418875      0.677799711125E-36
   596.902604182      0.544406700461E-36
   603.185789489      0.463464624483E-36
   609.468974796      0.381205784437E-36
   615.752160104      0.366105303059E-36
   622.035345411      0.281789072351E-36
   628.318530718      0.262522965640E-36
   634.601716025      0.232176236238E-36
   640.884901332      0.185797944085E-36
   647.168086639      0.162853165168E-36
   653.451271947      0.109208929561E-36
   659.734457254      0.104502644600E-36
   666.017642561      0.103528667118E-36
   672.300827868      0.769619116925E-37
   678.584013175      0.403519581765E-37
   684.867198483      0.152224736674E-37
   691.150383790      0.191399440889E-37
   697.433569097      0.224978888287E-39
   6.28318530718      0.256015576961E-39
   12.5663706144      0.271149976419E-02
   18.8495559215      0.316512176231E-03
   25.1327412287      0.471747943461E-04
   31.4159265359      0.131420107622E-04
   37.6991118431      0.113537496790E-05
   43.9822971503      0.917819410936E-07
   50.2654824574      0.238372202272E-07
   56.5486677646      0.123964365826E-08
   62.8318530718      0.154785778051E-09
   69.1150383790      0.154596501717E-10
   75.3982236862      0.118715550337E-11
   81.6814089933      0.160100518739E-12
   87.9645943005      0.125993984397E-13
   94.2477796077      0.109758501479E-14
   100.530964915      0.118418732891E-15
   106.814150222      0.106538295830E-16
   113.097335529      0.107776916084E-17
   119.380520836      0.851005304766E-19
   125.663706144      0.871272810317E-20
   131.946891451      0.728444039741E-21
   138.230076758      0.630104046780E-22
   144.513262065      0.615601085948E-23
   150.796447372      0.504007829698E-24
   157.079632679      0.499050071232E-25
   163.362817987      0.358372290518E-26
   169.646003294      0.211183618955E-27
   175.929188601      0.495185058942E-29
   182.212373908      0.282691652713E-30
   188.495559215      0.216623137094E-32
   194.778744523      0.268070985863E-33
   201.061929830      0.561807224352E-32
   207.345115137      0.189674039167E-33
   213.628300444      0.896823532787E-32
   219.911485751      0.450102194511E-33
   226.194671058      0.352606389180E-33
   232.477856366      0.261748359170E-33
   238.761041673      0.215354121156E-32
   245.044226980      0.318367401068E-33
   251.327412287      0.858093920191E-33
   257.610597594      0.275258739318E-33
   263.893782902      0.700016355644E-33
   270.176968209      0.253023130620E-33
   276.460153516      0.196876538519E-33
   282.743338823      0.157408302497E-33
   289.026524130      0.129825329378E-33
   295.309709437      0.118178232609E-33
   301.592894745      0.115154906704E-33
   307.876080052      0.100103279343E-33
   314.159265359      0.108058796838E-33
   320.442450666      0.864572561831E-34
   326.725635973      0.849648161165E-34
   333.008821281      0.727663366405E-34
   339.292006588      0.890753824142E-34
   345.575191895      0.510164773183E-34
   351.858377202      0.708889387308E-34
   358.141562509      0.418325609349E-34
   364.424747816      0.421096554103E-34
   370.707933124      0.290069723943E-34
   376.991118431      0.247856725243E-34
   383.274303738      0.188722560039E-34
   389.557489045      0.197995271181E-34
   395.840674352      0.146745814045E-34
   402.123859659      0.338293212759E-34
   408.407044967      0.116050441799E-34
   414.690230274      0.986761259044E-35
   420.973415581      0.790054955860E-35
   427.256600888      0.670581196331E-35
   433.539786195      0.578674953467E-35
   439.822971503      0.524723943527E-35
   446.106156810      0.476797354558E-35
   452.389342117      0.466882213823E-35
   458.672527424      0.470766095433E-35
   464.955712731      0.440729546698E-35
   471.238898038      0.352817304304E-35
   477.522083346      0.374993309139E-35
   483.805268653      0.328103157972E-35
   490.088453960      0.343738918735E-35
   496.371639267      0.337741716300E-35
   502.654824574      0.312660741742E-35
   508.938009882      0.234534008945E-35
   515.221195189      0.241845750444E-35
   521.504380496      0.229152279336E-35
   527.787565803      0.206103074682E-35
   534.070751110      0.201350894126E-35
   540.353936417      0.200960391736E-35
   546.637121725      0.177070326363E-35
   552.920307032      0.283447108604E-35
   559.203492339      0.117747212497E-35
   565.486677646      0.163287193269E-35
   571.769862953      0.901472262045E-36
   578.053048261      0.834487209677E-36
   584.336233568      0.661704723294E-36
   590.619418875      0.615135521487E-36
   596.902604182      0.511788645845E-36
   603.185789489      0.481338677069E-36
   609.468974796      0.348886846853E-36
   615.752160104      0.354512063790E-36
   622.035345411      0.276406820059E-36
   628.318530718      0.245127501391E-36
   634.601716025      0.210030261667E-36
   640.884901332      0.188591187290E-36
   647.168086639      0.154071321174E-36
   653.451271947      0.104752227348E-36
   659.734457254      0.104291834668E-36
   666.017642561      0.959847741655E-37
   672.300827868      0.643865803079E-37
   678.584013175      0.324385873383E-37
   684.867198483      0.147067241332E-37
   691.150383790      0.116543556490E-37
   697.433569097      0.177730072613E-38
   6.28318530718      0.886430130225E-40
   12.5663706144      0.269842973072E-02
   18.8495559215      0.323682433547E-03
   25.1327412287      0.497112080096E-04
   31.4159265359      0.138722238726E-04
   37.6991118431      0.124623869935E-05
   43.9822971503      0.103248194625E-06
   50.2654824574      0.272022762446E-07
   56.5486677646      0.147510907509E-08
   62.8318530718      0.189444559000E-09
   69.1150383790      0.192950171392E-10
   75.3982236862      0.154322234262E-11
   81.6814089933      0.211700830822E-12
   87.9645943005      0.171794457196E-13
   94.2477796077      0.154281351930E-14
   100.530964915      0.170322269938E-15
   106.814150222      0.157299632115E-16
   113.097335529      0.163549598652E-17
   119.380520836      0.133030809587E-18
   125.663706144      0.139532961424E-19
   131.946891451      0.120259592866E-20
   138.230076758      0.106865809042E-21
   144.513262065      0.107159512865E-22
   150.796447372      0.904920773193E-24
   157.079632679      0.923628919659E-25
   163.362817987      0.706033957097E-26
   169.646003294      0.476600356949E-27
   175.929188601      0.152553751829E-28
   182.212373908      0.999698771617E-30
   188.495559215      0.841173344021E-32
   194.778744523      0.284689919501E-33
   201.061929830      0.590295009321E-32
   207.345115137      0.209709366111E-33
   213.628300444      0.914145785716E-32
   219.911485751      0.478096847567E-33
   226.194671058      0.355967642446E-33
   232.477856366      0.261543544259E-33
   238.761041673      0.222611011319E-32
   245.044226980      0.321585702157E-33
   251.327412287      0.883468182388E-33
   257.610597594      0.276488522897E-33
   263.893782902      0.739044974021E-33
   270.176968209      0.259019716489E-33
   276.460153516      0.206934234594E-33
   282.743338823      0.163328739266E-33
   289.026524130      0.131727053428E-33
   295.309709437      0.120673935560E-33
   301.592894745      0.127367154640E-33
   307.876080052      0.102928420536E-33
   314.159265359      0.117113388424E-33
   320.442450666      0.873963073930E-34
   326.725635973      0.877802646638E-34
   333.008821281      0.734675191834E-34
   339.292006588      0.894678519358E-34
   345.575191895      0.506959346377E-34
   351.858377202      0.728033253559E-34
   358.141562509      0.427895642110E-34
   364.424747816      0.425591088363E-34
   370.707933124      0.290923569921E-34
   376.991118431      0.233937342583E-34
   383.274303738      0.197022861763E-34
   389.557489045      0.174063825523E-34
   395.840674352      0.149214567381E-34
   402.123859659      0.302700402887E-34
   408.407044967      0.112308495569E-34
   414.690230274      0.102323326448E-34
   420.973415581      0.759881276901E-35
   427.256600888      0.725155492464E-35
   433.539786195      0.598364906715E-35
   439.822971503      0.521279751305E-35
   446.106156810      0.485279456764E-35
   452.389342117      0.493676955647E-35
   458.672527424      0.403848298691E-35
   464.955712731      0.388948270463E-35
   471.238898038      0.337619674009E-35
   477.522083346      0.346811272380E-35
   483.805268653      0.321591809790E-35
   490.088453960      0.332119401661E-35
   496.371639267      0.368582563950E-35
   502.654824574      0.367469860586E-35
   508.938009882      0.247026459280E-35
   515.221195189      0.250171534302E-35
   521.504380496      0.226454385658E-35
   527.787565803      0.204779477029E-35
   534.070751110      0.217220984287E-35
   540.353936417      0.179668414395E-35
   546.637121725      0.209225569522E-35
   552.920307032      0.212544474115E-35
   559.203492339      0.144830292636E-35
   565.486677646      0.155533147201E-35
   571.769862953      0.934751878974E-36
   578.053048261      0.810342401884E-36
   584.336233568      0.666670777800E-36
   590.619418875      0.605025849364E-36
   596.902604182      0.525462831369E-36
   603.185789489      0.444722635486E-36
   609.468974796      0.366135462145E-36
   615.752160104      0.359836561102E-36
   622.035345411      0.279444057148E-36
   628.318530718      0.250453920495E-36
   634.601716025      0.228424242901E-36
   640.884901332      0.193741176756E-36
   647.168086639      0.164704012051E-36
   653.451271947      0.953226340420E-37
   659.734457254      0.931972672164E-37
   666.017642561      0.873387425358E-37
   672.300827868      0.637466580698E-37
   678.584013175      0.388597023924E-37
   684.867198483      0.149037018251E-37
   691.150383790      0.167869676589E-37
   697.433569097      0.377788149309E-39
   6.28318530718      0.291683056090E-39
   12.5663706144      0.268525351054E-02
   18.8495559215      0.330810685283E-03
   25.1327412287      0.523245956386E-04
   31.4159265359      0.146252905663E-04
   37.6991118431      0.136516868602E-05
   43.9822971503      0.115936932026E-06
   50.2654824574      0.309677661291E-07
   56.5486677646      0.174909386321E-08
   62.8318530718      0.230908632970E-09
   69.1150383790      0.239775697817E-10
   75.3982236862      0.199512046505E-11
   81.6814089933      0.278290488360E-12
   87.9645943005      0.232778112162E-13
   94.2477796077      0.215325727565E-14
   100.530964915      0.243132929595E-15
   106.814150222      0.230384165952E-16
   113.097335529      0.246016964706E-17
   119.380520836      0.206038042169E-18
   125.663706144      0.221271415572E-19
   131.946891451      0.196451627836E-20
   138.230076758      0.179256131913E-21
   144.513262065      0.184341216038E-22
   150.796447372      0.160372702893E-23
   157.079632679      0.168297856697E-24
   163.362817987      0.135565012544E-25
   169.646003294      0.101352948625E-26
   175.929188601      0.453016043619E-28
   182.212373908      0.109022460789E-29
   188.495559215      0.628407466292E-31
   194.778744523      0.304436858949E-33
   201.061929830      0.609125054400E-32
   207.345115137      0.209747524104E-33
   213.628300444      0.945250034736E-32
   219.911485751      0.512835790727E-33
   226.194671058      0.389850607263E-33
   232.477856366      0.275277636144E-33
   238.761041673      0.234992773990E-32
   245.044226980      0.326008366416E-33
   251.327412287      0.887601261509E-33
   257.610597594      0.290301823595E-33
   263.893782902      0.729210288948E-33
   270.176968209      0.274530710388E-33
   276.460153516      0.203657696720E-33
   282.743338823      0.164228921054E-33
   289.026524130      0.133059476006E-33
   295.309709437      0.120014708058E-33
   301.592894745      0.119685269336E-33
   307.876080052      0.102379969687E-33
   314.159265359      0.111798775669E-33
   320.442450666      0.882058089467E-34
   326.725635973      0.892458028728E-34
   333.008821281      0.736660458281E-34
   339.292006588      0.931322504171E-34
   345.575191895      0.527929085861E-34
   351.858377202      0.719339162974E-34
   358.141562509      0.425585412522E-34
   364.424747816      0.432989137226E-34
   370.707933124      0.291223181616E-34
   376.991118431      0.244103468711E-34
   383.274303738      0.187274784810E-34
   389.557489045      0.174103124734E-34
   395.840674352      0.170906389416E-34
   402.123859659      0.314494026166E-34
   408.407044967      0.112920271800E-34
   414.690230274      0.104323162065E-34
   420.973415581      0.761858871246E-35
   427.256600888      0.774879076444E-35
   433.539786195      0.634129406458E-35
   439.822971503      0.566850653700E-35
   446.106156810      0.470973714009E-35
   452.389342117      0.423658440960E-35
   458.672527424      0.422308257979E-35
   464.955712731      0.406605214875E-35
   471.238898038      0.370264103178E-35
   477.522083346      0.325207491759E-35
   483.805268653      0.324187942982E-35
   490.088453960      0.317548325123E-35
   496.371639267      0.288793876807E-35
   502.654824574      0.301614434822E-35
   508.938009882      0.228054846643E-35
   515.221195189      0.235450727397E-35
   521.504380496      0.221886945441E-35
   527.787565803      0.213717823385E-35
   534.070751110      0.209717130171E-35
   540.353936417      0.174676114860E-35
   546.637121725      0.165860739207E-35
   552.920307032      0.169812442989E-35
   559.203492339      0.131554983922E-35
   565.486677646      0.156362477132E-35
   571.769862953      0.909403103247E-36
   578.053048261      0.808657028066E-36
   584.336233568      0.657830833525E-36
   590.619418875      0.599130946055E-36
   596.902604182      0.543832111582E-36
   603.185789489      0.490889930405E-36
   609.468974796      0.374053848275E-36
   615.752160104      0.342919003838E-36
   622.035345411      0.292678744151E-36
   628.318530718      0.295062143276E-36
   634.601716025      0.212403229434E-36
   640.884901332      0.198505052680E-36
   647.168086639      0.169642255428E-36
   653.451271947      0.104561272964E-36
   659.734457254      0.103133199349E-36
   666.017642561      0.911080177066E-37
   672.300827868      0.678449827799E-37
   678.584013175      0.392494714825E-37
   684.867198483      0.131118652489E-37
   691.150383790      0.129940323073E-37
   697.433569097      0.252958099846E-39
   6.28318530718      0.122942471778E-39
   12.5663706144      0.267197516342E-02
   18.8495559215      0.337892931283E-03
   25.1327412287      0.550147654012E-04
   31.4159265359      0.154010897006E-04
   37.6991118431      0.149250806565E-05
   43.9822971503      0.129950009982E-06
   50.2654824574      0.351716388159E-07
   56.5486677646      0.206681666821E-08
   62.8318530718      0.280319772713E-09
   69.1150383790      0.296704064095E-10
   75.3982236862      0.256563564643E-11
   81.6814089933      0.363739880470E-12
   87.9645943005      0.313486103508E-13
   94.2477796077      0.298448843352E-14
   100.530964915      0.344530191163E-15
   106.814150222      0.334791826604E-16
   113.097335529      0.366926121997E-17
   119.380520836      0.316246076991E-18
   125.663706144      0.347550414030E-19
   131.946891451      0.317638183419E-20
   138.230076758      0.297477055038E-21
   144.513262065      0.313501553806E-22
   150.796447372      0.280702038942E-23
   157.079632679      0.302278788988E-24
   163.362817987      0.254736681210E-25
   169.646003294      0.205880224039E-26
   175.929188601      0.118531340475E-27
   182.212373908      0.303319430359E-29
   188.495559215      0.261723821749E-30
   194.778744523      0.390988396461E-33
   201.061929830      0.593152041574E-32
   207.345115137      0.212865118805E-33
   213.628300444      0.945948409963E-32
   219.911485751      0.520467916605E-33
   226.194671058      0.372723004419E-33
   232.477856366      0.274775815930E-33
   238.761041673      0.247691435287E-32
   245.044226980      0.331075483509E-33
   251.327412287      0.949975156780E-33
   257.610597594      0.289909334649E-33
   263.893782902      0.775302988839E-33
   270.176968209      0.272384620478E-33
   276.460153516      0.211909813399E-33
   282.743338823      0.168320649938E-33
   289.026524130      0.138621202463E-33
   295.309709437      0.121672417239E-33
   301.592894745      0.121015684610E-33
   307.876080052      0.105718239301E-33
   314.159265359      0.114487994542E-33
   320.442450666      0.900870914225E-34
   326.725635973      0.950127732559E-34
   333.008821281      0.761713564901E-34
   339.292006588      0.104579729515E-33
   345.575191895      0.527850393213E-34
   351.858377202      0.801641299132E-34
   358.141562509      0.460770324498E-34
   364.424747816      0.444648058495E-34
   370.707933124      0.295438433685E-34
   376.991118431      0.237683118288E-34
   383.274303738      0.198309878816E-34
   389.557489045      0.166704114348E-34
   395.840674352      0.151364606183E-34
   402.123859659      0.340808623393E-34
   408.407044967      0.112200549755E-34
   414.690230274      0.953225559417E-35
   420.973415581      0.731999668541E-35
   427.256600888      0.659135321757E-35
   433.539786195      0.582438981239E-35
   439.822971503      0.528228114154E-35
   446.106156810      0.431477283752E-35
   452.389342117      0.419955183748E-35
   458.672527424      0.392662390443E-35
   464.955712731      0.373279202535E-35
   471.238898038      0.359702772680E-35
   477.522083346      0.347087155705E-35
   483.805268653      0.333067020386E-35
   490.088453960      0.330266382048E-35
   496.371639267      0.359687071720E-35
   502.654824574      0.331744862913E-35
   508.938009882      0.222602921567E-35
   515.221195189      0.275397751708E-35
   521.504380496      0.231143442104E-35
   527.787565803      0.207370411367E-35
   534.070751110      0.218951810047E-35
   540.353936417      0.183347101531E-35
   546.637121725      0.155997934071E-35
   552.920307032      0.180748814676E-35
   559.203492339      0.127880740471E-35
   565.486677646      0.132443966358E-35
   571.769862953      0.906610111054E-36
   578.053048261      0.792318082481E-36
   584.336233568      0.664481170421E-36
   590.619418875      0.612880157793E-36
   596.902604182      0.504701860265E-36
   603.185789489      0.483825221768E-36
   609.468974796      0.353456390348E-36
   615.752160104      0.355876019266E-36
   622.035345411      0.275559870717E-36
   628.318530718      0.255173172874E-36
   634.601716025      0.212680769750E-36
   640.884901332      0.194199310589E-36
   647.168086639      0.154545278417E-36
   653.451271947      0.109076039596E-36
   659.734457254      0.100100008670E-36
   666.017642561      0.896020546857E-37
   672.300827868      0.584685298473E-37
   678.584013175      0.371893987570E-37
   684.867198483      0.133351065944E-37
   691.150383790      0.114210384127E-37
   697.433569097      0.971654308251E-39
   6.28318530718      0.156572545770E-39
   12.5663706144      0.265859874276E-02
   18.8495559215      0.344925294255E-03
   25.1327412287      0.577814456618E-04
   31.4159265359      0.161994688959E-04
   37.6991118431      0.162859696361E-05
   43.9822971503      0.145394524083E-06
   50.2654824574      0.398543456036E-07
   56.5486677646      0.243403910807E-08
   62.8318530718      0.338976465808E-09
   69.1150383790      0.365630696578E-10
   75.3982236862      0.328223092201E-11
   81.6814089933      0.472789797684E-12
   87.9645943005      0.419666951461E-13
   94.2477796077      0.410881352182E-14
   100.530964915      0.484739317403E-15
   106.814150222      0.482819836180E-16
   113.097335529      0.542740293541E-17
   119.380520836      0.481159180366E-18
   125.663706144      0.540838522144E-19
   131.946891451      0.508480396340E-20
   138.230076758      0.488546382510E-21
   144.513262065      0.527272869270E-22
   150.796447372      0.485477973279E-23
   157.079632679      0.535663177122E-24
   163.362817987      0.469797507043E-25
   169.646003294      0.404021157743E-26
   175.929188601      0.273254508063E-27
   182.212373908      0.100295113593E-28
   188.495559215      0.608579471032E-30
   194.778744523      0.732399150556E-33
   201.061929830      0.650595759076E-32
   207.345115137      0.208858248316E-33
   213.628300444      0.997641718884E-32
   219.911485751      0.559366470676E-33
   226.194671058      0.375731722146E-33
   232.477856366      0.271080030766E-33
   238.761041673      0.246370619836E-32
   245.044226980      0.339577318653E-33
   251.327412287      0.937564952543E-33
   257.610597594      0.299174384750E-33
   263.893782902      0.769746576249E-33
   270.176968209      0.280231696997E-33
   276.460153516      0.211822107293E-33
   282.743338823      0.172563811165E-33
   289.026524130      0.139524174883E-33
   295.309709437      0.122465054335E-33
   301.592894745      0.121990888675E-33
   307.876080052      0.105953105147E-33
   314.159265359      0.117643318408E-33
   320.442450666      0.906920596099E-34
   326.725635973      0.933796993700E-34
   333.008821281      0.770809745695E-34
   339.292006588      0.949163192198E-34
   345.575191895      0.525175748821E-34
   351.858377202      0.733046896079E-34
   358.141562509      0.460903208688E-34
   364.424747816      0.454832419213E-34
   370.707933124      0.297234027063E-34
   376.991118431      0.260200108180E-34
   383.274303738      0.197241707301E-34
   389.557489045      0.190419982912E-34
   395.840674352      0.149109392259E-34
   402.123859659      0.294599892814E-34
   408.407044967      0.112542810516E-34
   414.690230274      0.944301340699E-35
   420.973415581      0.740270182691E-35
   427.256600888      0.652841340733E-35
   433.539786195      0.564720773932E-35
   439.822971503      0.509782561068E-35
   446.106156810      0.470801085423E-35
   452.389342117      0.446797508650E-35
   458.672527424      0.396447442500E-35
   464.955712731      0.378288638832E-35
   471.238898038      0.314739294456E-35
   477.522083346      0.332247537828E-35
   483.805268653      0.310462738935E-35
   490.088453960      0.300646460087E-35
   496.371639267      0.270266038096E-35
   502.654824574      0.292804057926E-35
   508.938009882      0.229129743956E-35
   515.221195189      0.239163547911E-35
   521.504380496      0.248563872700E-35
   527.787565803      0.242371076509E-35
   534.070751110      0.257061046358E-35
   540.353936417      0.176702463932E-35
   546.637121725      0.189698742549E-35
   552.920307032      0.176492264416E-35
   559.203492339      0.128061137178E-35
   565.486677646      0.145203694222E-35
   571.769862953      0.947375748124E-36
   578.053048261      0.800069348432E-36
   584.336233568      0.633870439735E-36
   590.619418875      0.588654976635E-36
   596.902604182      0.490273228825E-36
   603.185789489      0.461212172670E-36
   609.468974796      0.370694211092E-36
   615.752160104      0.346143041464E-36
   622.035345411      0.284840455436E-36
   628.318530718      0.257483569513E-36
   634.601716025      0.216091801526E-36
   640.884901332      0.187015400943E-36
   647.168086639      0.145856189195E-36
   653.451271947      0.924426653108E-37
   659.734457254      0.968003338426E-37
   666.017642561      0.804319834485E-37
   672.300827868      0.619892651747E-37
   678.584013175      0.324482350589E-37
   684.867198483      0.132513524621E-37
   691.150383790      0.113549720511E-37
   697.433569097      0.101043144261E-38
   6.28318530718      0.387760113444E-39
   12.5663706144      0.264512829252E-02
   18.8495559215      0.351904021390E-03
   25.1327412287      0.606242864633E-04
   31.4159265359      0.170202454928E-04
   37.6991118431      0.177377125146E-05
   43.9822971503      0.162382783167E-06
   50.2654824574      0.450589004939E-07
   56.5486677646      0.285710111974E-08
   62.8318530718      0.408350028139E-09
   69.1150383790      0.448749347604E-10
   75.3982236862      0.417784483596E-11
   81.6814089933      0.611216424439E-12
   87.9645943005      0.558555731136E-13
   94.2477796077      0.561970530584E-14
   100.530964915      0.677282168530E-15
   106.814150222      0.691147480697E-16
   113.097335529      0.796348496206E-17
   119.380520836      0.725834922812E-18
   125.663706144      0.834033557671E-19
   131.946891451      0.806117409404E-20
   138.230076758      0.794243484403E-21
   144.513262065      0.877307985210E-22
   150.796447372      0.830021042976E-23
   157.079632679      0.937249087033E-24
   163.362817987      0.852143647104E-25
   169.646003294      0.771558876028E-26
   175.929188601      0.588191680016E-27
   182.212373908      0.288706002785E-28
   188.495559215      0.136479550173E-29
   194.778744523      0.455037987206E-32
   201.061929830      0.642069183223E-32
   207.345115137      0.210422459056E-33
   213.628300444      0.978977348505E-32
   219.911485751      0.575975689685E-33
   226.194671058      0.402555192814E-33
   232.477856366      0.283546865556E-33
   238.761041673      0.261307934832E-32
   245.044226980      0.345881344384E-33
   251.327412287      0.995540314437E-33
   257.610597594      0.308466698458E-33
   263.893782902      0.801455290864E-33
   270.176968209      0.286303028137E-33
   276.460153516      0.223855629291E-33
   282.743338823      0.176331124345E-33
   289.026524130      0.144851698702E-33
   295.309709437      0.127595373505E-33
   301.592894745      0.118317916234E-33
   307.876080052      0.111277561186E-33
   314.159265359      0.119275630063E-33
   320.442450666      0.921923903151E-34
   326.725635973      0.978442979662E-34
   333.008821281      0.788221058175E-34
   339.292006588      0.100675008230E-33
   345.575191895      0.539630063291E-34
   351.858377202      0.743362200283E-34
   358.141562509      0.464395105990E-34
   364.424747816      0.446768410058E-34
   370.707933124      0.309146574110E-34
   376.991118431      0.258863836886E-34
   383.274303738      0.194732806661E-34
   389.557489045      0.176841767596E-34
   395.840674352      0.164836737528E-34
   402.123859659      0.367894505611E-34
   408.407044967      0.120162244598E-34
   414.690230274      0.978264483132E-35
   420.973415581      0.744364644786E-35
   427.256600888      0.701111589464E-35
   433.539786195      0.622892920084E-35
   439.822971503      0.526708236966E-35
   446.106156810      0.454738052130E-35
   452.389342117      0.424948470946E-35
   458.672527424      0.419287331331E-35
   464.955712731      0.416914500286E-35
   471.238898038      0.363222458089E-35
   477.522083346      0.346649930213E-35
   483.805268653      0.309708772918E-35
   490.088453960      0.316667463585E-35
   496.371639267      0.272031196770E-35
   502.654824574      0.312606767776E-35
   508.938009882      0.247356660994E-35
   515.221195189      0.268167675334E-35
   521.504380496      0.250665745315E-35
   527.787565803      0.234962666917E-35
   534.070751110      0.263818306690E-35
   540.353936417      0.187037542955E-35
   546.637121725      0.194323940364E-35
   552.920307032      0.188001618318E-35
   559.203492339      0.125668679642E-35
   565.486677646      0.156807143800E-35
   571.769862953      0.873716704940E-36
   578.053048261      0.804079764135E-36
   584.336233568      0.646924308174E-36
   590.619418875      0.629048481480E-36
   596.902604182      0.523485514749E-36
   603.185789489      0.451088162542E-36
   609.468974796      0.365629433474E-36
   615.752160104      0.339188352740E-36
   622.035345411      0.277257949610E-36
   628.318530718      0.248944165803E-36
   634.601716025      0.210598824550E-36
   640.884901332      0.184186432693E-36
   647.168086639      0.153176002261E-36
   653.451271947      0.953393855967E-37
   659.734457254      0.839363747235E-37
   666.017642561      0.690309373516E-37
   672.300827868      0.521356043053E-37
   678.584013175      0.398652945635E-37
   684.867198483      0.967580513555E-38
   691.150383790      0.784842494874E-38
   697.433569097      0.726237517357E-39
   6.28318530718      0.576124458566E-39
   12.5663706144      0.263156784427E-02
   18.8495559215      0.358825485731E-03
   25.1327412287      0.635428611293E-04
   31.4159265359      0.178632076336E-04
   37.6991118431      0.192836129698E-05
   43.9822971503      0.181032258806E-06
   50.2654824574      0.508309331580E-07
   56.5486677646      0.334295630280E-08
   62.8318530718      0.490101667312E-09
   69.1150383790      0.548588909726E-10
   75.3982236862      0.529179502411E-11
   81.6814089933      0.786021135595E-12
   87.9645943005      0.739207458455E-13
   94.2477796077      0.763723882049E-14
   100.530964915      0.939920877977E-15
   106.814150222      0.982235943969E-16
   113.097335529      0.115932689696E-16
   119.380520836      0.108584630679E-17
   125.663706144      0.127488221988E-18
   131.946891451      0.126595513350E-19
   138.230076758      0.127853999067E-20
   144.513262065      0.144451865352E-21
   150.796447372      0.140336525439E-22
   157.079632679      0.162017164000E-23
   163.362817987      0.152262862202E-24
   169.646003294      0.144032064912E-25
   175.929188601      0.120824693940E-26
   182.212373908      0.737414791513E-28
   188.495559215      0.294529934133E-29
   194.778744523      0.552829622383E-31
   201.061929830      0.654688402691E-32
   207.345115137      0.216066892901E-33
   213.628300444      0.101712365278E-31
   219.911485751      0.582394332827E-33
   226.194671058      0.427152813246E-33
   232.477856366      0.302822524611E-33
   238.761041673      0.273592186522E-32
   245.044226980      0.344954829564E-33
   251.327412287      0.888111866131E-33
   257.610597594      0.312323265847E-33
   263.893782902      0.732910129078E-33
   270.176968209      0.295877125853E-33
   276.460153516      0.226048591116E-33
   282.743338823      0.181685936436E-33
   289.026524130      0.146423885318E-33
   295.309709437      0.130059382874E-33
   301.592894745      0.124976624269E-33
   307.876080052      0.112146176172E-33
   314.159265359      0.119941863148E-33
   320.442450666      0.935457160405E-34
   326.725635973      0.950841534673E-34
   333.008821281      0.807399172524E-34
   339.292006588      0.984623321600E-34
   345.575191895      0.557088333955E-34
   351.858377202      0.771676519643E-34
   358.141562509      0.479690557091E-34
   364.424747816      0.482385466046E-34
   370.707933124      0.307394352403E-34
   376.991118431      0.250269309265E-34
   383.274303738      0.205384662521E-34
   389.557489045      0.181659314808E-34
   395.840674352      0.188664673125E-34
   402.123859659      0.295000452965E-34
   408.407044967      0.117224725394E-34
   414.690230274      0.984252121264E-35
   420.973415581      0.795255129921E-35
   427.256600888      0.757347270532E-35
   433.539786195      0.603311680774E-35
   439.822971503      0.528251371120E-35
   446.106156810      0.494677327139E-35
   452.389342117      0.438139666076E-35
   458.672527424      0.391095411560E-35
   464.955712731      0.377297864508E-35
   471.238898038      0.377883521167E-35
   477.522083346      0.392560350003E-35
   483.805268653      0.388742157167E-35
   490.088453960      0.378143841922E-35
   496.371639267      0.308629031253E-35
   502.654824574      0.294510948887E-35
   508.938009882      0.239619250663E-35
   515.221195189      0.277049306832E-35
   521.504380496      0.272644342760E-35
   527.787565803      0.265733028063E-35
   534.070751110      0.227567965697E-35
   540.353936417      0.178774403380E-35
   546.637121725      0.159317878265E-35
   552.920307032      0.177826089123E-35
   559.203492339      0.115058493202E-35
   565.486677646      0.123872659262E-35
   571.769862953      0.878488332761E-36
   578.053048261      0.783032289750E-36
   584.336233568      0.631553852384E-36
   590.619418875      0.599287237393E-36
   596.902604182      0.527558793325E-36
   603.185789489      0.455143073581E-36
   609.468974796      0.370195827387E-36
   615.752160104      0.348289283146E-36
   622.035345411      0.289563333360E-36
   628.318530718      0.259012957471E-36
   634.601716025      0.218212969084E-36
   640.884901332      0.184203643586E-36
   647.168086639      0.154688651029E-36
   653.451271947      0.100443633638E-36
   659.734457254      0.981661827186E-37
   666.017642561      0.803476310008E-37
   672.300827868      0.536093017600E-37
   678.584013175      0.331286740619E-37
   684.867198483      0.158094564878E-37
   691.150383790      0.131818192664E-37
   697.433569097      0.284460977561E-39
   6.28318530718      0.110174649157E-39
   12.5663706144      0.261792141418E-02
   18.8495559215      0.365686187281E-03
   25.1327412287      0.665366679748E-04
   31.4159265359      0.187281154628E-04
   37.6991118431      0.209269071232E-05
   43.9822971503      0.201465509550E-06
   50.2654824574      0.572187339259E-07
   56.5486677646      0.389920701029E-08
   62.8318530718      0.586100473726E-09
   69.1150383790      0.668053226210E-10
   75.3982236862      0.667079596502E-11
   81.6814089933      0.100564764026E-11
   87.9645943005      0.972892930850E-13
   94.2477796077      0.103147170207E-13
   100.530964915      0.129583607281E-14
   106.814150222      0.138612189960E-15
   113.097335529      0.167490695024E-16
   119.380520836      0.161128667801E-17
   125.663706144      0.193209180485E-18
   131.946891451      0.196989520876E-19
   138.230076758      0.203845041191E-20
   144.513262065      0.235437141118E-21
   150.796447372      0.234728365588E-22
   157.079632679      0.276841842553E-23
   163.362817987      0.268336474177E-24
   169.646003294      0.263685606854E-25
   175.929188601      0.238322368594E-26
   182.212373908      0.172856429074E-27
   188.495559215      0.620975652553E-29
   194.778744523      0.257890516120E-30
   201.061929830      0.750311303291E-32
   207.345115137      0.238179928343E-33
   213.628300444      0.106293155059E-31
   219.911485751      0.624676713315E-33
   226.194671058      0.409730571825E-33
   232.477856366      0.294385413982E-33
   238.761041673      0.269297653658E-32
   245.044226980      0.351622943165E-33
   251.327412287      0.991346114571E-33
   257.610597594      0.318029768825E-33
   263.893782902      0.795679269312E-33
   270.176968209      0.298809769882E-33
   276.460153516      0.230647851638E-33
   282.743338823      0.186456759157E-33
   289.026524130      0.149366427969E-33
   295.309709437      0.133471405437E-33
   301.592894745      0.126912421066E-33
   307.876080052      0.115194309844E-33
   314.159265359      0.124218302616E-33
   320.442450666      0.963871524283E-34
   326.725635973      0.972794519317E-34
   333.008821281      0.803445893199E-34
   339.292006588      0.988651407315E-34
   345.575191895      0.558319855691E-34
   351.858377202      0.768128561508E-34
   358.141562509      0.493037101639E-34
   364.424747816      0.444550706083E-34
   370.707933124      0.316603845380E-34
   376.991118431      0.254400054433E-34
   383.274303738      0.203848338284E-34
   389.557489045      0.201927382150E-34
   395.840674352      0.175087864416E-34
   402.123859659      0.286602576609E-34
   408.407044967      0.119256084025E-34
   414.690230274      0.105593543363E-34
   420.973415581      0.788943708455E-35
   427.256600888      0.724764464114E-35
   433.539786195      0.595544361599E-35
   439.822971503      0.490174965049E-35
   446.106156810      0.479833740762E-35
   452.389342117      0.449583879907E-35
   458.672527424      0.414979320892E-35
   464.955712731      0.371656302258E-35
   471.238898038      0.316842706521E-35
   477.522083346      0.336628984014E-35
   483.805268653      0.328500042796E-35
   490.088453960      0.318340829870E-35
   496.371639267      0.287054865338E-35
   502.654824574      0.292240290678E-35
   508.938009882      0.253912612286E-35
   515.221195189      0.239222121952E-35
   521.504380496      0.244979333283E-35
   527.787565803      0.212110261899E-35
   534.070751110      0.220203288103E-35
   540.353936417      0.186391556461E-35
   546.637121725      0.176438476052E-35
   552.920307032      0.181033686202E-35
   559.203492339      0.140395155995E-35
   565.486677646      0.170275779872E-35
   571.769862953      0.897438197366E-36
   578.053048261      0.803544061763E-36
   584.336233568      0.650530998176E-36
   590.619418875      0.606651848573E-36
   596.902604182      0.499627106436E-36
   603.185789489      0.439756930242E-36
   609.468974796      0.373773045319E-36
   615.752160104      0.357745410559E-36
   622.035345411      0.261534311375E-36
   628.318530718      0.241747870257E-36
   634.601716025      0.202324336993E-36
   640.884901332      0.189401630999E-36
   647.168086639      0.145349304741E-36
   653.451271947      0.102267138770E-36
   659.734457254      0.963962052264E-37
   666.017642561      0.812771188476E-37
   672.300827868      0.524203279459E-37
   678.584013175      0.378392728047E-37
   684.867198483      0.111230115565E-37
   691.150383790      0.929686070727E-38
   697.433569097      0.375286073248E-39
   6.28318530718      0.852991199760E-40
   12.5663706144      0.260419300013E-02
   18.8495559215      0.372482753880E-03
   25.1327412287      0.696051321138E-04
   31.4159265359      0.196147024399E-04
   37.6991118431      0.226707510717E-05
   43.9822971503      0.223810079680E-06
   50.2654824574      0.642732902367E-07
   56.5486677646      0.453413892522E-08
   62.8318530718      0.698442308007E-09
   69.1150383790      0.810463940262E-10
   75.3982236862      0.837009976336E-11
   81.6814089933      0.128022908824E-11
   87.9645943005      0.127356610928E-12
   94.2477796077      0.138466965634E-13
   100.530964915      0.177508841811E-14
   106.814150222      0.194269970550E-15
   113.097335529      0.240184210263E-16
   119.380520836      0.237214116255E-17
   125.663706144      0.290371071424E-18
   131.946891451      0.303792741642E-19
   138.230076758      0.321972692293E-20
   144.513262065      0.379950947196E-21
   150.796447372      0.388519370319E-22
   157.079632679      0.467796434606E-23
   163.362817987      0.466836845366E-24
   169.646003294      0.474600404966E-25
   175.929188601      0.455513388577E-26
   182.212373908      0.376783347179E-27
   188.495559215      0.162951305736E-28
   194.778744523      0.716161729300E-30
   201.061929830      0.269399441497E-31
   207.345115137      0.231425820665E-33
   213.628300444      0.107793542847E-31
   219.911485751      0.630340134092E-33
   226.194671058      0.425824361218E-33
   232.477856366      0.304865203823E-33
   238.761041673      0.273458467874E-32
   245.044226980      0.357072250707E-33
   251.327412287      0.103572628258E-32
   257.610597594      0.326603901735E-33
   263.893782902      0.859038673682E-33
   270.176968209      0.308171453579E-33
   276.460153516      0.237994450502E-33
   282.743338823      0.189157574501E-33
   289.026524130      0.156664701059E-33
   295.309709437      0.136030205939E-33
   301.592894745      0.125458672811E-33
   307.876080052      0.113214450918E-33
   314.159265359      0.120159683971E-33
   320.442450666      0.982723613920E-34
   326.725635973      0.968859408075E-34
   333.008821281      0.823424685054E-34
   339.292006588      0.100409971509E-33
   345.575191895      0.595914667010E-34
   351.858377202      0.841476498346E-34
   358.141562509      0.497550873263E-34
   364.424747816      0.505761065335E-34
   370.707933124      0.318999247019E-34
   376.991118431      0.260563170501E-34
   383.274303738      0.204544694648E-34
   389.557489045      0.207492993831E-34
   395.840674352      0.169227068172E-34
   402.123859659      0.247475574709E-34
   408.407044967      0.120556904347E-34
   414.690230274      0.969489537439E-35
   420.973415581      0.744580955891E-35
   427.256600888      0.748697816852E-35
   433.539786195      0.559423481372E-35
   439.822971503      0.499298509970E-35
   446.106156810      0.460741364640E-35
   452.389342117      0.458490832672E-35
   458.672527424      0.453651408367E-35
   464.955712731      0.389419481233E-35
   471.238898038      0.336847035005E-35
   477.522083346      0.305922324750E-35
   483.805268653      0.328452932812E-35
   490.088453960      0.317577410557E-35
   496.371639267      0.307709231189E-35
   502.654824574      0.321503153993E-35
   508.938009882      0.240238669919E-35
   515.221195189      0.238369136427E-35
   521.504380496      0.232255280900E-35
   527.787565803      0.223402013335E-35
   534.070751110      0.246486126096E-35
   540.353936417      0.162906497626E-35
   546.637121725      0.177521949488E-35
   552.920307032      0.171591170353E-35
   559.203492339      0.131058049028E-35
   565.486677646      0.137322067782E-35
   571.769862953      0.924232985231E-36
   578.053048261      0.789846395248E-36
   584.336233568      0.670474117848E-36
   590.619418875      0.635059177053E-36
   596.902604182      0.500978722292E-36
   603.185789489      0.471169444671E-36
   609.468974796      0.354220830685E-36
   615.752160104      0.336062483633E-36
   622.035345411      0.300904849786E-36
   628.318530718      0.247830003337E-36
   634.601716025      0.214689142295E-36
   640.884901332      0.188623035782E-36
   647.168086639      0.156680533644E-36
   653.451271947      0.950243656897E-37
   659.734457254      0.861584182710E-37
   666.017642561      0.843861869316E-37
   672.300827868      0.700169296102E-37
   678.584013175      0.352152984272E-37
   684.867198483      0.174593512340E-37
   691.150383790      0.991326080050E-38
   697.433569097      0.416639069232E-39
   6.28318530718      0.143383447316E-39
   12.5663706144      0.259038657882E-02
   18.8495559215      0.379211941836E-03
   25.1327412287      0.727476073544E-04
   31.4159265359      0.205226767571E-04
   37.6991118431      0.245182085358E-05
   43.9822971503      0.248198372440E-06
   50.2654824574      0.720483140389E-07
   56.5486677646      0.525675485236E-08
   62.8318530718      0.829469544475E-09
   69.1150383790      0.979606400923E-10
   75.3982236862      0.104547687583E-10
   81.6814089933      0.162186779905E-11
   87.9645943005      0.165841296913E-12
   94.2477796077      0.184786509557E-13
   100.530964915      0.241642016207E-14
   106.814150222      0.270460566159E-15
   113.097335529      0.341940835733E-16
   119.380520836      0.346543457331E-17
   125.663706144      0.432852568791E-18
   131.946891451      0.464431671869E-19
   138.230076758      0.503935207590E-20
   144.513262065      0.607288623894E-21
   150.796447372      0.636563165863E-22
   157.079632679      0.781998714070E-23
   163.362817987      0.802356462993E-24
   169.646003294      0.841307621409E-25
   175.929188601      0.848555925118E-26
   182.212373908      0.775028383132E-27
   188.495559215      0.430940008328E-28
   194.778744523      0.111430660145E-29
   201.061929830      0.123190802617E-30
   207.345115137      0.240512670065E-33
   213.628300444      0.112811625135E-31
   219.911485751      0.638990384214E-33
   226.194671058      0.460424948836E-33
   232.477856366      0.308237132881E-33
   238.761041673      0.276688749831E-32
   245.044226980      0.361278656527E-33
   251.327412287      0.107972105995E-32
   257.610597594      0.332185757596E-33
   263.893782902      0.905346257663E-33
   270.176968209      0.323038321628E-33
   276.460153516      0.243598196900E-33
   282.743338823      0.194940986442E-33
   289.026524130      0.159370259869E-33
   295.309709437      0.138761083022E-33
   301.592894745      0.132171419957E-33
   307.876080052      0.117473554382E-33
   314.159265359      0.128645022929E-33
   320.442450666      0.101226578863E-33
   326.725635973      0.105591946441E-33
   333.008821281      0.849055854170E-34
   339.292006588      0.104008899591E-33
   345.575191895      0.587138742562E-34
   351.858377202      0.818590920211E-34
   358.141562509      0.512288995567E-34
   364.424747816      0.476881064312E-34
   370.707933124      0.333808170064E-34
   376.991118431      0.241018651766E-34
   383.274303738      0.206107638883E-34
   389.557489045      0.178928655105E-34
   395.840674352      0.179484433318E-34
   402.123859659      0.381828583458E-34
   408.407044967      0.121458208518E-34
   414.690230274      0.105801775088E-34
   420.973415581      0.807001697962E-35
   427.256600888      0.711367081750E-35
   433.539786195      0.581096876624E-35
   439.822971503      0.562308558674E-35
   446.106156810      0.518276469097E-35
   452.389342117      0.508038064842E-35
   458.672527424      0.409636776853E-35
   464.955712731      0.395313255015E-35
   471.238898038      0.371672660322E-35
   477.522083346      0.344211418146E-35
   483.805268653      0.315682310860E-35
   490.088453960      0.300091963641E-35
   496.371639267      0.303009731215E-35
   502.654824574      0.321343770364E-35
   508.938009882      0.251029918339E-35
   515.221195189      0.232676401966E-35
   521.504380496      0.237852784238E-35
   527.787565803      0.243665603935E-35
   534.070751110      0.253258670597E-35
   540.353936417      0.184008963671E-35
   546.637121725      0.158141192565E-35
   552.920307032      0.179549249647E-35
   559.203492339      0.142537543268E-35
   565.486677646      0.191792899225E-35
   571.769862953      0.879791965696E-36
   578.053048261      0.774494376597E-36
   584.336233568      0.632120325306E-36
   590.619418875      0.605669829472E-36
   596.902604182      0.514002330197E-36
   603.185789489      0.459830133825E-36
   609.468974796      0.359201823600E-36
   615.752160104      0.316526527023E-36
   622.035345411      0.254342371257E-36
   628.318530718      0.226696387944E-36
   634.601716025      0.195387661871E-36
   640.884901332      0.168337207914E-36
   647.168086639      0.142497091859E-36
   653.451271947      0.103345001002E-36
   659.734457254      0.961592954330E-37
   666.017642561      0.874931927430E-37
   672.300827868      0.565737457837E-37
   678.584013175      0.375650673390E-37
   684.867198483      0.141999057939E-37
   691.150383790      0.109846402827E-37
   697.433569097      0.829509254926E-39
   6.28318530718      0.227278059263E-39
   12.5663706144      0.257650610296E-02
   18.8495559215      0.385870636330E-03
   25.1327412287      0.759633781701E-04
   31.4159265359      0.214517228548E-04
   37.6991118431      0.264722386929E-05
   43.9822971503      0.274767497852E-06
   50.2654824574      0.806002596791E-07
   56.5486677646      0.607680744815E-08
   62.8318530718      0.981791621215E-09
   69.1150383790      0.117977861718E-09
   75.3982236862      0.130010885703E-10
   81.6814089933      0.204495028748E-11
   87.9645943005      0.214849258925E-12
   94.2477796077      0.245185364684E-13
   100.530964915      0.326946207264E-14
   106.814150222      0.374083907162E-15
   113.097335529      0.483382514599E-16
   119.380520836      0.502467067484E-17
   125.663706144      0.640143746854E-18
   131.946891451      0.704001207590E-19
   138.230076758      0.781748376939E-20
   144.513262065      0.961583710597E-21
   150.796447372      0.103269833784E-21
   157.079632679      0.129368443243E-22
   163.362817987      0.136313875469E-23
   169.646003294      0.147078894112E-24
   175.929188601      0.154712375347E-25
   182.212373908      0.152391822233E-26
   188.495559215      0.105544954047E-27
   194.778744523      0.331455709038E-29
   201.061929830      0.392135898681E-30
   207.345115137      0.346917286385E-33
   213.628300444      0.111229867912E-31
   219.911485751      0.674980746526E-33
   226.194671058      0.478892430009E-33
   232.477856366      0.321576201054E-33
   238.761041673      0.290099708008E-32
   245.044226980      0.376478037934E-33
   251.327412287      0.118127868768E-32
   257.610597594      0.342414480434E-33
   263.893782902      0.942895142529E-33
   270.176968209      0.335774849988E-33
   276.460153516      0.251054033241E-33
   282.743338823      0.199518809646E-33
   289.026524130      0.164118393287E-33
   295.309709437      0.141285447720E-33
   301.592894745      0.133578184371E-33
   307.876080052      0.119394543977E-33
   314.159265359      0.130967441742E-33
   320.442450666      0.102734885685E-33
   326.725635973      0.101049945450E-33
   333.008821281      0.864801541757E-34
   339.292006588      0.102511957501E-33
   345.575191895      0.602508412755E-34
   351.858377202      0.822896395775E-34
   358.141562509      0.520901824372E-34
   364.424747816      0.466573166118E-34
   370.707933124      0.325073917592E-34
   376.991118431      0.246933882111E-34
   383.274303738      0.206951315747E-34
   389.557489045      0.205506430368E-34
   395.840674352      0.161009856636E-34
   402.123859659      0.642349294983E-34
   408.407044967      0.119118933838E-34
   414.690230274      0.982748502847E-35
   420.973415581      0.740696457278E-35
   427.256600888      0.691964253188E-35
   433.539786195      0.567512927522E-35
   439.822971503      0.521900457152E-35
   446.106156810      0.462364210896E-35
   452.389342117      0.449155800017E-35
   458.672527424      0.390215268577E-35
   464.955712731      0.359598402811E-35
   471.238898038      0.348289528391E-35
   477.522083346      0.380621403196E-35
   483.805268653      0.308512839238E-35
   490.088453960      0.295846192617E-35
   496.371639267      0.293046844617E-35
   502.654824574      0.288413035277E-35
   508.938009882      0.235905434690E-35
   515.221195189      0.219011156913E-35
   521.504380496      0.298872009611E-35
   527.787565803      0.205615963672E-35
   534.070751110      0.212467314014E-35
   540.353936417      0.179173295901E-35
   546.637121725      0.161308521414E-35
   552.920307032      0.165182515486E-35
   559.203492339      0.123540664012E-35
   565.486677646      0.158989115514E-35
   571.769862953      0.888651468497E-36
   578.053048261      0.802833765746E-36
   584.336233568      0.690826939598E-36
   590.619418875      0.616857979020E-36
   596.902604182      0.511366251284E-36
   603.185789489      0.454634277233E-36
   609.468974796      0.345665478425E-36
   615.752160104      0.340773854697E-36
   622.035345411      0.272026684706E-36
   628.318530718      0.240174139042E-36
   634.601716025      0.211219887878E-36
   640.884901332      0.181487798733E-36
   647.168086639      0.146101358936E-36
   653.451271947      0.101824297597E-36
   659.734457254      0.845795694688E-37
   666.017642561      0.733975506060E-37
   672.300827868      0.619623735041E-37
   678.584013175      0.447647457098E-37
   684.867198483      0.182802679680E-37
   691.150383790      0.268939525872E-37
   697.433569097      0.662504841453E-39
   6.28318530718      0.319026232031E-40
   12.5663706144      0.256255549851E-02
   18.8495559215      0.392455851598E-03
   25.1327412287      0.792516617369E-04
   31.4159265359      0.224015030279E-04
   37.6991118431      0.285356842588E-05
   43.9822971503      0.303659095434E-06
   50.2654824574      0.899883318790E-07
   56.5486677646      0.700483060833E-08
   62.8318530718      0.115830633838E-08
   69.1150383790      0.141584322377E-09
   75.3982236862      0.160981299055E-10
   81.6814089933      0.256650023887E-11
   87.9645943005      0.276948207768E-12
   94.2477796077      0.323505555669E-13
   100.530964915      0.439742068511E-14
   106.814150222      0.514127897075E-15
   113.097335529      0.678644260317E-16
   119.380520836      0.723220432581E-17
   125.663706144      0.939404136396E-18
   131.946891451      0.105834087363E-18
   138.230076758      0.120224261574E-19
   144.513262065      0.150871813969E-20
   150.796447372      0.165929397538E-21
   157.079632679      0.211865602871E-22
   163.362817987      0.229034327957E-23
   169.646003294      0.253836675029E-24
   175.929188601      0.276919658738E-25
   182.212373908      0.289433566319E-26
   188.495559215      0.231452135194E-27
   194.778744523      0.936030239433E-29
   201.061929830      0.900510653803E-30
   207.345115137      0.121226282623E-32
   213.628300444      0.117724431433E-31
   219.911485751      0.695901045113E-33
   226.194671058      0.489663041086E-33
   232.477856366      0.325648369270E-33
   238.761041673      0.299968456816E-32
   245.044226980      0.382683308859E-33
   251.327412287      0.123529145578E-32
   257.610597594      0.346712055307E-33
   263.893782902      0.981733158134E-33
   270.176968209      0.339983204974E-33
   276.460153516      0.259258057277E-33
   282.743338823      0.205271137303E-33
   289.026524130      0.164342629780E-33
   295.309709437      0.144195139617E-33
   301.592894745      0.132406620790E-33
   307.876080052      0.117309576592E-33
   314.159265359      0.126499657189E-33
   320.442450666      0.103151587801E-33
   326.725635973      0.101068135736E-33
   333.008821281      0.882777469058E-34
   339.292006588      0.105610314942E-33
   345.575191895      0.631703172332E-34
   351.858377202      0.843330719450E-34
   358.141562509      0.513864774117E-34
   364.424747816      0.504854791199E-34
   370.707933124      0.325558072795E-34
   376.991118431      0.261933139877E-34
   383.274303738      0.212323208487E-34
   389.557489045      0.204920275738E-34
   395.840674352      0.163085182143E-34
   402.123859659      0.356002627112E-34
   408.407044967      0.116344850269E-34
   414.690230274      0.954887231278E-35
   420.973415581      0.724921576601E-35
   427.256600888      0.749031191541E-35
   433.539786195      0.562557698595E-35
   439.822971503      0.511084207313E-35
   446.106156810      0.493322051131E-35
   452.389342117      0.471234899996E-35
   458.672527424      0.381492080228E-35
   464.955712731      0.358465970432E-35
   471.238898038      0.333544091826E-35
   477.522083346      0.326662231457E-35
   483.805268653      0.320276244219E-35
   490.088453960      0.318843849773E-35
   496.371639267      0.323308790192E-35
   502.654824574      0.343964724220E-35
   508.938009882      0.241297284707E-35
   515.221195189      0.256435982168E-35
   521.504380496      0.243656652397E-35
   527.787565803      0.206826527766E-35
   534.070751110      0.241622995156E-35
   540.353936417      0.169010160088E-35
   546.637121725      0.177937087870E-35
   552.920307032      0.179673483292E-35
   559.203492339      0.150152271746E-35
   565.486677646      0.157715293449E-35
   571.769862953      0.860161138764E-36
   578.053048261      0.788228876726E-36
   584.336233568      0.663928989933E-36
   590.619418875      0.579366863448E-36
   596.902604182      0.507541378202E-36
   603.185789489      0.459227973665E-36
   609.468974796      0.337566297397E-36
   615.752160104      0.330515468794E-36
   622.035345411      0.272054481128E-36
   628.318530718      0.238488084935E-36
   634.601716025      0.192583374786E-36
   640.884901332      0.182902395019E-36
   647.168086639      0.140762180397E-36
   653.451271947      0.994126623907E-37
   659.734457254      0.976937879604E-37
   666.017642561      0.902730871176E-37
   672.300827868      0.556678680483E-37
   678.584013175      0.358064002849E-37
   684.867198483      0.168965118962E-37
   691.150383790      0.128424223697E-37
   697.433569097      0.986019554146E-39
   6.28318530718      0.451985225281E-40
   12.5663706144      0.254853866203E-02
   18.8495559215      0.398964730900E-03
   25.1327412287      0.826116100267E-04
   31.4159265359      0.233716591121E-04
   37.6991118431      0.307112598820E-05
   43.9822971503      0.335019132261E-06
   50.2654824574      0.100274483459E-06
   56.5486677646      0.805216923140E-08
   62.8318530718      0.136222183765E-08
   69.1150383790      0.169328239267E-09
   75.3982236862      0.198494670288E-10
   81.6814089933      0.320657202897E-11
   87.9645943005      0.355253773543E-12
   94.2477796077      0.424514428347E-13
   100.530964915      0.588033111007E-14
   106.814150222      0.702228249336E-15
   113.097335529      0.946411031221E-16
   119.380520836      0.103353395478E-16
   125.663706144      0.136819642262E-17
   131.946891451      0.157822325883E-18
   138.230076758      0.183333955153E-19
   144.513262065      0.234616598359E-20
   150.796447372      0.264119229803E-21
   157.079632679      0.343580074156E-22
   163.362817987      0.380743899265E-23
   169.646003294      0.432820826338E-24
   175.929188601      0.487676811401E-25
   182.212373908      0.535205417035E-26
   188.495559215      0.477072231045E-27
   194.778744523      0.251997120691E-28
   201.061929830      0.178335874906E-29
   207.345115137      0.135830531530E-31
   213.628300444      0.118818643548E-31
   219.911485751      0.717192206477E-33
   226.194671058      0.498900267084E-33
   232.477856366      0.324774938560E-33
   238.761041673      0.307019370679E-32
   245.044226980      0.386609968726E-33
   251.327412287      0.118069387501E-32
   257.610597594      0.357720576760E-33
   263.893782902      0.950970024096E-33
   270.176968209      0.342274331567E-33
   276.460153516      0.264961802533E-33
   282.743338823      0.209414929410E-33
   289.026524130      0.166331090738E-33
   295.309709437      0.144930617371E-33
   301.592894745      0.140970734011E-33
   307.876080052      0.119195109536E-33
   314.159265359      0.132369640982E-33
   320.442450666      0.105318552073E-33
   326.725635973      0.104259495346E-33
   333.008821281      0.903615127611E-34
   339.292006588      0.108623106324E-33
   345.575191895      0.627547754828E-34
   351.858377202      0.873820165570E-34
   358.141562509      0.543114870267E-34
   364.424747816      0.528608446776E-34
   370.707933124      0.338337531410E-34
   376.991118431      0.262156115829E-34
   383.274303738      0.209434419159E-34
   389.557489045      0.202242270523E-34
   395.840674352      0.156569545882E-34
   402.123859659      0.805306192534E-34
   408.407044967      0.116251091718E-34
   414.690230274      0.101671620023E-34
   420.973415581      0.807820861392E-35
   427.256600888      0.735313571072E-35
   433.539786195      0.611701763702E-35
   439.822971503      0.564140374246E-35
   446.106156810      0.533951283067E-35
   452.389342117      0.440527124278E-35
   458.672527424      0.408570662483E-35
   464.955712731      0.341651010816E-35
   471.238898038      0.334463008990E-35
   477.522083346      0.344844109413E-35
   483.805268653      0.328272580139E-35
   490.088453960      0.311099772087E-35
   496.371639267      0.304579193638E-35
   502.654824574      0.279229675049E-35
   508.938009882      0.231858154637E-35
   515.221195189      0.230616507820E-35
   521.504380496      0.227285014133E-35
   527.787565803      0.206265161026E-35
   534.070751110      0.229016746032E-35
   540.353936417      0.188308601546E-35
   546.637121725      0.147088071077E-35
   552.920307032      0.157198734328E-35
   559.203492339      0.123015323710E-35
   565.486677646      0.127743147322E-35
   571.769862953      0.884926580106E-36
   578.053048261      0.819483102087E-36
   584.336233568      0.643253971827E-36
   590.619418875      0.596340764878E-36
   596.902604182      0.510194433954E-36
   603.185789489      0.467896927695E-36
   609.468974796      0.340786756103E-36
   615.752160104      0.318113009046E-36
   622.035345411      0.270237479347E-36
   628.318530718      0.233625080909E-36
   634.601716025      0.205295040861E-36
   640.884901332      0.169170443739E-36
   647.168086639      0.144036476673E-36
   653.451271947      0.896456168091E-37
   659.734457254      0.956094689696E-37
   666.017642561      0.851850510489E-37
   672.300827868      0.592196264434E-37
   678.584013175      0.371900581450E-37
   684.867198483      0.163283290251E-37
   691.150383790      0.213375602346E-37
   697.433569097      0.923603636581E-39
   6.28318530718      0.854368876779E-40
   12.5663706144      0.253445945799E-02
   18.8495559215      0.405394546287E-03
   25.1327412287      0.860423119468E-04
   31.4159265359      0.243618142442E-04
   37.6991118431      0.330015409121E-05
   43.9822971503      0.368997677016E-06
   50.2654824574      0.111523402535E-06
   56.5486677646      0.923100707840E-08
   62.8318530718      0.159707918730E-08
   69.1150383790      0.201825559433E-09
   75.3982236862      0.243750602822E-10
   81.6814089933      0.398868728499E-11
   87.9645943005      0.453528562097E-12
   94.2477796077      0.554096290665E-13
   100.530964915      0.781897174460E-14
   106.814150222      0.953358107198E-15
   113.097335529      0.131122216770E-15
   119.380520836      0.146671263241E-16
   125.663706144      0.197809048053E-17
   131.946891451      0.233501123701E-18
   138.230076758      0.277273878523E-19
   144.513262065      0.361689290158E-20
   150.796447372      0.416588645986E-21
   157.079632679      0.551884428259E-22
   163.362817987      0.626467018199E-23
   169.646003294      0.729633068996E-24
   175.929188601      0.846441470205E-25
   182.212373908      0.967643104557E-26
   188.495559215      0.942296217074E-27
   194.778744523      0.610442310748E-28
   201.061929830      0.342043076632E-29
   207.345115137      0.971845667375E-31
   213.628300444      0.113097298417E-31
   219.911485751      0.727299200763E-33
   226.194671058      0.518342067939E-33
   232.477856366      0.326990271390E-33
   238.761041673      0.306058685464E-32
   245.044226980      0.392883962509E-33
   251.327412287      0.124595356964E-32
   257.610597594      0.359271472111E-33
   263.893782902      0.984856247550E-33
   270.176968209      0.355056229460E-33
   276.460153516      0.266061112646E-33
   282.743338823      0.212862278011E-33
   289.026524130      0.165362289637E-33
   295.309709437      0.149736029695E-33
   301.592894745      0.139642147817E-33
   307.876080052      0.122945447847E-33
   314.159265359      0.131364706545E-33
   320.442450666      0.107487352773E-33
   326.725635973      0.105537587608E-33
   333.008821281      0.901296389599E-34
   339.292006588      0.109248831586E-33
   345.575191895      0.645227101149E-34
   351.858377202      0.873955176795E-34
   358.141562509      0.550558883267E-34
   364.424747816      0.538250535107E-34
   370.707933124      0.342620863525E-34
   376.991118431      0.268528491403E-34
   383.274303738      0.211930583893E-34
   389.557489045      0.191012579079E-34
   395.840674352      0.155958958737E-34
   402.123859659      0.280868730814E-34
   408.407044967      0.118656287954E-34
   414.690230274      0.997715927445E-35
   420.973415581      0.776694692221E-35
   427.256600888      0.760468766295E-35
   433.539786195      0.639192160659E-35
   439.822971503      0.562196763716E-35
   446.106156810      0.479345241255E-35
   452.389342117      0.436544791988E-35
   458.672527424      0.395113764518E-35
   464.955712731      0.387358273545E-35
   471.238898038      0.357225504795E-35
   477.522083346      0.372308687369E-35
   483.805268653      0.307158736707E-35
   490.088453960      0.295561730305E-35
   496.371639267      0.282581236766E-35
   502.654824574      0.276551416402E-35
   508.938009882      0.235724197443E-35
   515.221195189      0.244330970985E-35
   521.504380496      0.245821265899E-35
   527.787565803      0.191604902811E-35
   534.070751110      0.196981117058E-35
   540.353936417      0.161159245949E-35
   546.637121725      0.183570221327E-35
   552.920307032      0.209388272381E-35
   559.203492339      0.118143165197E-35
   565.486677646      0.158757427446E-35
   571.769862953      0.908077887437E-36
   578.053048261      0.766200379086E-36
   584.336233568      0.652799187026E-36
   590.619418875      0.587440211892E-36
   596.902604182      0.528293546428E-36
   603.185789489      0.481150945336E-36
   609.468974796      0.349287199456E-36
   615.752160104      0.346495019253E-36
   622.035345411      0.253199820653E-36
   628.318530718      0.240650936929E-36
   634.601716025      0.204996163142E-36
   640.884901332      0.179606664118E-36
   647.168086639      0.141998975833E-36
   653.451271947      0.109054103759E-36
   659.734457254      0.101052710461E-36
   666.017642561      0.861181094566E-37
   672.300827868      0.540195121483E-37
   678.584013175      0.277796986158E-37
   684.867198483      0.179762167238E-37
   691.150383790      0.106370475786E-37
   697.433569097      0.316171892902E-39
   6.28318530718      0.386450320865E-39
   12.5663706144      0.252032171626E-02
   18.8495559215      0.411742698166E-03
   25.1327412287      0.895427955155E-04
   31.4159265359      0.253715746859E-04
   37.6991118431      0.354089526003E-05
   43.9822971503      0.405748650796E-06
   50.2654824574      0.123802488978E-06
   56.5486677646      0.105543924542E-07
   62.8318530718      0.186677548967E-08
   69.1150383790      0.239766008151E-09
   75.3982236862      0.298133093782E-10
   81.6814089933      0.494031684309E-11
   87.9645943005      0.576295538176E-12
   94.2477796077      0.719476699590E-13
   100.530964915      0.103395490376E-13
   106.814150222      0.128667240497E-14
   113.097335529      0.180510180285E-15
   119.380520836      0.206730403949E-16
   125.663706144      0.283938020000E-17
   131.946891451      0.342823940658E-18
   138.230076758      0.415984194539E-19
   144.513262065      0.552881372702E-20
   150.796447372      0.651245872492E-21
   157.079632679      0.878275727887E-22
   163.362817987      0.102056198298E-22
   169.646003294      0.121663563951E-23
   175.929188601      0.144976092759E-24
   182.212373908      0.171647850202E-25
   188.495559215      0.179384450401E-26
   194.778744523      0.137182450607E-27
   201.061929830      0.672243374500E-29
   207.345115137      0.386375901436E-30
   213.628300444      0.103207858212E-31
   219.911485751      0.775487086012E-33
   226.194671058      0.513520531936E-33
   232.477856366      0.350610742968E-33
   238.761041673      0.307760005562E-32
   245.044226980      0.401942706888E-33
   251.327412287      0.130118157733E-32
   257.610597594      0.357704064729E-33
   263.893782902      0.106937018443E-32
   270.176968209      0.360390357640E-33
   276.460153516      0.273091774543E-33
   282.743338823      0.215859616637E-33
   289.026524130      0.172308674059E-33
   295.309709437      0.148753420050E-33
   301.592894745      0.140754400096E-33
   307.876080052      0.123213484594E-33
   314.159265359      0.136290639384E-33
   320.442450666      0.107915542895E-33
   326.725635973      0.108763812943E-33
   333.008821281      0.927541158760E-34
   339.292006588      0.108091112499E-33
   345.575191895      0.639720542950E-34
   351.858377202      0.875271224714E-34
   358.141562509      0.553912622197E-34
   364.424747816      0.524082443756E-34
   370.707933124      0.347143355815E-34
   376.991118431      0.260957919571E-34
   383.274303738      0.210647009516E-34
   389.557489045      0.188473247538E-34
   395.840674352      0.159647283790E-34
   402.123859659      0.306268837149E-34
   408.407044967      0.116319397290E-34
   414.690230274      0.978831233152E-35
   420.973415581      0.767302799498E-35
   427.256600888      0.696858787028E-35
   433.539786195      0.620070212291E-35
   439.822971503      0.506948463436E-35
   446.106156810      0.451319359830E-35
   452.389342117      0.409194036564E-35
   458.672527424      0.400148627838E-35
   464.955712731      0.356285307820E-35
   471.238898038      0.355893676966E-35
   477.522083346      0.362800499984E-35
   483.805268653      0.283363666094E-35
   490.088453960      0.300234895679E-35
   496.371639267      0.290112618239E-35
   502.654824574      0.294954636455E-35
   508.938009882      0.236891209686E-35
   515.221195189      0.266458964198E-35
   521.504380496      0.247738564134E-35
   527.787565803      0.208946537118E-35
   534.070751110      0.210831923707E-35
   540.353936417      0.158038730647E-35
   546.637121725      0.164936168250E-35
   552.920307032      0.181092620501E-35
   559.203492339      0.171027045120E-35
   565.486677646      0.190143223329E-35
   571.769862953      0.874555301292E-36
   578.053048261      0.749471515859E-36
   584.336233568      0.648246086699E-36
   590.619418875      0.607544823734E-36
   596.902604182      0.497937078993E-36
   603.185789489      0.433714318687E-36
   609.468974796      0.341602926882E-36
   615.752160104      0.336168227627E-36
   622.035345411      0.290361723522E-36
   628.318530718      0.243380534113E-36
   634.601716025      0.193850102022E-36
   640.884901332      0.175329059372E-36
   647.168086639      0.149475888270E-36
   653.451271947      0.937807174474E-37
   659.734457254      0.866690091624E-37
   666.017642561      0.718461739284E-37
   672.300827868      0.579524955723E-37
   678.584013175      0.337302620036E-37
   684.867198483      0.178351791117E-37
   691.150383790      0.819142598947E-38
   697.433569097      0.695804925929E-39
   6.28318530718      0.246244768425E-39
   12.5663706144      0.250612922966E-02
   18.8495559215      0.418006714685E-03
   25.1327412287      0.931120300664E-04
   31.4159265359      0.264005317019E-04
   37.6991118431      0.379357597886E-05
   43.9822971503      0.445429555599E-06
   50.2654824574      0.137181820002E-06
   56.5486677646      0.120362614438E-07
   62.8318530718      0.217558742018E-08
   69.1150383790      0.283919393829E-09
   75.3982236862      0.363232834284E-10
   81.6814089933      0.609341027349E-11
   87.9645943005      0.728967184938E-12
   94.2477796077      0.929483561206E-13
   100.530964915      0.135992729019E-13
   106.814150222      0.172653558677E-14
   113.097335529      0.246958380237E-15
   119.380520836      0.289449770237E-16
   125.663706144      0.404721268269E-17
   131.946891451      0.499569678632E-18
   138.230076758      0.619198947647E-19
   144.513262065      0.838180240242E-20
   150.796447372      0.100927166784E-20
   157.079632679      0.138509674478E-21
   163.362817987      0.164659227055E-22
   169.646003294      0.200758261874E-23
   175.929188601      0.245281314434E-24
   182.212373908      0.299487266538E-25
   188.495559215      0.331540025910E-26
   194.778744523      0.288654510784E-27
   201.061929830      0.154589931167E-28
   207.345115137      0.989988206311E-30
   213.628300444      0.166736229889E-31
   219.911485751      0.795514672042E-33
   226.194671058      0.525557602040E-33
   232.477856366      0.339441209938E-33
   238.761041673      0.317600590765E-32
   245.044226980      0.404400329455E-33
   251.327412287      0.133179692575E-32
   257.610597594      0.374331895934E-33
   263.893782902      0.106125516931E-32
   270.176968209      0.374546801917E-33
   276.460153516      0.276332937754E-33
   282.743338823      0.217307876872E-33
   289.026524130      0.173362057498E-33
   295.309709437      0.153645987919E-33
   301.592894745      0.148454113173E-33
   307.876080052      0.129188254626E-33
   314.159265359      0.134822666334E-33
   320.442450666      0.111221000471E-33
   326.725635973      0.107919876030E-33
   333.008821281      0.936466070151E-34
   339.292006588      0.114637310878E-33
   345.575191895      0.647236630914E-34
   351.858377202      0.921048078819E-34
   358.141562509      0.561279182234E-34
   364.424747816      0.536980914962E-34
   370.707933124      0.354928636088E-34
   376.991118431      0.262747825513E-34
   383.274303738      0.226090006854E-34
   389.557489045      0.197732763006E-34
   395.840674352      0.187235656963E-34
   402.123859659      0.393597151779E-34
   408.407044967      0.125953481922E-34
   414.690230274      0.100093298344E-34
   420.973415581      0.829919082343E-35
   427.256600888      0.710943996009E-35
   433.539786195      0.592901610050E-35
   439.822971503      0.562534772748E-35
   446.106156810      0.521975399003E-35
   452.389342117      0.489010495341E-35
   458.672527424      0.438704404014E-35
   464.955712731      0.349387533776E-35
   471.238898038      0.330258396487E-35
   477.522083346      0.324557053297E-35
   483.805268653      0.300233608613E-35
   490.088453960      0.300186688498E-35
   496.371639267      0.270178449610E-35
   502.654824574      0.280508358210E-35
   508.938009882      0.236861055457E-35
   515.221195189      0.265080689461E-35
   521.504380496      0.240322926707E-35
   527.787565803      0.202980052705E-35
   534.070751110      0.226663903142E-35
   540.353936417      0.177114515795E-35
   546.637121725      0.163255290110E-35
   552.920307032      0.176745106522E-35
   559.203492339      0.123651190691E-35
   565.486677646      0.177831863799E-35
   571.769862953      0.851057727030E-36
   578.053048261      0.783618510504E-36
   584.336233568      0.641610010699E-36
   590.619418875      0.585870259934E-36
   596.902604182      0.495377289392E-36
   603.185789489      0.428824717764E-36
   609.468974796      0.365379415178E-36
   615.752160104      0.337582270867E-36
   622.035345411      0.265319338807E-36
   628.318530718      0.239567055492E-36
   634.601716025      0.186455300459E-36
   640.884901332      0.175580422196E-36
   647.168086639      0.153750159625E-36
   653.451271947      0.112653204607E-36
   659.734457254      0.883276540945E-37
   666.017642561      0.857308122752E-37
   672.300827868      0.550802413968E-37
   678.584013175      0.314220381842E-37
   684.867198483      0.154492972487E-37
   691.150383790      0.136951693360E-37
   697.433569097      0.107416423734E-38
   6.28318530718      0.898628981731E-40
   12.5663706144      0.249188575153E-02
   18.8495559215      0.424184250936E-03
   25.1327412287      0.967489284706E-04
   31.4159265359      0.274482634839E-04
   37.6991118431      0.405840571393E-05
   43.9822971503      0.488201181550E-06
   50.2654824574      0.151734104804E-06
   56.5486677646      0.136914584461E-07
   62.8318530718      0.252819510068E-08
   69.1150383790      0.335142150619E-09
   75.3982236862      0.440871327861E-10
   81.6814089933      0.748497491525E-11
   87.9645943005      0.917991943480E-12
   94.2477796077      0.119484950414E-12
   100.530964915      0.177929563534E-13
   106.814150222      0.230376527149E-14
   113.097335529      0.335821114001E-15
   119.380520836      0.402642750892E-16
   125.663706144      0.572949723499E-17
   131.946891451      0.722673604105E-18
   138.230076758      0.914639699887E-19
   144.513262065      0.126048782103E-19
   150.796447372      0.155091668353E-20
   157.079632679      0.216518336341E-21
   163.362817987      0.263182737187E-22
   169.646003294      0.327951662460E-23
   175.929188601      0.410235156917E-24
   182.212373908      0.514893845142E-25
   188.495559215      0.597864937314E-26
   194.778744523      0.574964973792E-27
   201.061929830      0.381916139418E-28
   207.345115137      0.170764001124E-29
   213.628300444      0.744867167361E-31
   219.911485751      0.933612656107E-33
   226.194671058      0.548966188233E-33
   232.477856366      0.341326324497E-33
   238.761041673      0.328339864196E-32
   245.044226980      0.407264578062E-33
   251.327412287      0.132575274216E-32
   257.610597594      0.373389388610E-33
   263.893782902      0.105782481584E-32
   270.176968209      0.377255039710E-33
   276.460153516      0.281362405284E-33
   282.743338823      0.222283907442E-33
   289.026524130      0.175119193926E-33
   295.309709437      0.155206041578E-33
   301.592894745      0.149797785507E-33
   307.876080052      0.129782028825E-33
   314.159265359      0.141532941166E-33
   320.442450666      0.114154999906E-33
   326.725635973      0.105032110273E-33
   333.008821281      0.949523056558E-34
   339.292006588      0.113711782715E-33
   345.575191895      0.645938131266E-34
   351.858377202      0.974280144307E-34
   358.141562509      0.565316453249E-34
   364.424747816      0.558305925629E-34
   370.707933124      0.354148395831E-34
   376.991118431      0.268566944700E-34
   383.274303738      0.222064489413E-34
   389.557489045      0.192583230395E-34
   395.840674352      0.159057985896E-34
   402.123859659      0.197675499507E-34
   408.407044967      0.119935194431E-34
   414.690230274      0.976043953659E-35
   420.973415581      0.803265053039E-35
   427.256600888      0.687157667536E-35
   433.539786195      0.598011854714E-35
   439.822971503      0.520595425649E-35
   446.106156810      0.447964143416E-35
   452.389342117      0.424680424799E-35
   458.672527424      0.390734748744E-35
   464.955712731      0.412528720212E-35
   471.238898038      0.365820177999E-35
   477.522083346      0.360027957226E-35
   483.805268653      0.317940368403E-35
   490.088453960      0.360589604760E-35
   496.371639267      0.291434861709E-35
   502.654824574      0.311663055964E-35
   508.938009882      0.242018358834E-35
   515.221195189      0.300574538599E-35
   521.504380496      0.268110861535E-35
   527.787565803      0.247649859905E-35
   534.070751110      0.233362019107E-35
   540.353936417      0.157817519292E-35
   546.637121725      0.179247759308E-35
   552.920307032      0.179213224735E-35
   559.203492339      0.118477862816E-35
   565.486677646      0.131977941369E-35
   571.769862953      0.855247500865E-36
   578.053048261      0.802202249990E-36
   584.336233568      0.656322682136E-36
   590.619418875      0.578446068617E-36
   596.902604182      0.486630844141E-36
   603.185789489      0.441427484759E-36
   609.468974796      0.343778759529E-36
   615.752160104      0.338357431240E-36
   622.035345411      0.283344991579E-36
   628.318530718      0.252973691930E-36
   634.601716025      0.216808976677E-36
   640.884901332      0.190520126366E-36
   647.168086639      0.148481912421E-36
   653.451271947      0.972761157902E-37
   659.734457254      0.930180879518E-37
   666.017642561      0.904783247962E-37
   672.300827868      0.617373591866E-37
   678.584013175      0.358889526210E-37
   684.867198483      0.135289484130E-37
   691.150383790      0.180002892908E-37
   697.433569097      0.602428653625E-39
   6.28318530718      0.895048229048E-39
   12.5663706144      0.247759499344E-02
   18.8495559215      0.430273087986E-03
   25.1327412287      0.100452349370E-03
   31.4159265359      0.285143371103E-04
   37.6991118431      0.433557599537E-05
   43.9822971503      0.534227294024E-06
   50.2654824574      0.167534628263E-06
   56.5486677646      0.155357537645E-07
   62.8318530718      0.292970620389E-08
   69.1150383790      0.394384097006E-09
   75.3982236862      0.533126867959E-10
   81.6814089933      0.915770609015E-11
   87.9645943005      0.115101947948E-11
   94.2477796077      0.152856026345E-12
   100.530964915      0.231607863663E-13
   106.814150222      0.305712872733E-14
   113.097335529      0.453960220671E-15
   119.380520836      0.556558153410E-16
   125.663706144      0.805704146895E-17
   131.946891451      0.103797137408E-17
   138.230076758      0.134095653149E-18
   144.513262065      0.188069920155E-19
   150.796447372      0.236360284914E-20
   157.079632679      0.335559043747E-21
   163.362817987      0.416834808256E-22
   169.646003294      0.530537616748E-23
   175.929188601      0.678680762969E-24
   182.212373908      0.873483582501E-25
   188.495559215      0.105585711038E-25
   194.778744523      0.109734866117E-26
   201.061929830      0.892256386804E-28
   207.345115137      0.389638163832E-29
   213.628300444      0.313218194770E-30
   219.911485751      0.137510166185E-32
   226.194671058      0.539683991876E-33
   232.477856366      0.344070290781E-33
   238.761041673      0.330343621596E-32
   245.044226980      0.419559391811E-33
   251.327412287      0.129700659539E-32
   257.610597594      0.378647840287E-33
   263.893782902      0.109909394535E-32
   270.176968209      0.383063218560E-33
   276.460153516      0.283093125922E-33
   282.743338823      0.227663265722E-33
   289.026524130      0.179896152307E-33
   295.309709437      0.156741837559E-33
   301.592894745      0.153452232810E-33
   307.876080052      0.130438586305E-33
   314.159265359      0.141263805569E-33
   320.442450666      0.116006630266E-33
   326.725635973      0.106553970216E-33
   333.008821281      0.954948014362E-34
   339.292006588      0.114190754524E-33
   345.575191895      0.654374826149E-34
   351.858377202      0.956608655825E-34
   358.141562509      0.564773283381E-34
   364.424747816      0.555790627099E-34
   370.707933124      0.348748473137E-34
   376.991118431      0.268405189430E-34
   383.274303738      0.223810004742E-34
   389.557489045      0.201152428294E-34
   395.840674352      0.163301614670E-34
   402.123859659      0.192557909292E-34
   408.407044967      0.119763780191E-34
   414.690230274      0.102997296206E-34
   420.973415581      0.805575324261E-35
   427.256600888      0.748363306271E-35
   433.539786195      0.630438238163E-35
   439.822971503      0.519246858227E-35
   446.106156810      0.438853296066E-35
   452.389342117      0.411894957700E-35
   458.672527424      0.372928679934E-35
   464.955712731      0.411647066154E-35
   471.238898038      0.342961255012E-35
   477.522083346      0.345040911592E-35
   483.805268653      0.324864139505E-35
   490.088453960      0.282784629889E-35
   496.371639267      0.287360142315E-35
   502.654824574      0.285770369113E-35
   508.938009882      0.228856557248E-35
   515.221195189      0.250275930345E-35
   521.504380496      0.217088669906E-35
   527.787565803      0.190318262107E-35
   534.070751110      0.202167718909E-35
   540.353936417      0.156328064822E-35
   546.637121725      0.155410889950E-35
   552.920307032      0.207568481756E-35
   559.203492339      0.135553300607E-35
   565.486677646      0.134423537676E-35
   571.769862953      0.886530103040E-36
   578.053048261      0.783078772135E-36
   584.336233568      0.642076226874E-36
   590.619418875      0.608749585612E-36
   596.902604182      0.498753162028E-36
   603.185789489      0.433931196640E-36
   609.468974796      0.342472642966E-36
   615.752160104      0.346698667546E-36
   622.035345411      0.269697700898E-36
   628.318530718      0.240286229987E-36
   634.601716025      0.188593879316E-36
   640.884901332      0.178392236924E-36
   647.168086639      0.154260311774E-36
   653.451271947      0.973356552020E-37
   659.734457254      0.782777807997E-37
   666.017642561      0.681357961036E-37
   672.300827868      0.544187056400E-37
   678.584013175      0.333709548234E-37
   684.867198483      0.117830446194E-37
   691.150383790      0.127562654401E-37
   697.433569097      0.140679022191E-38
   6.28318530718      0.684423160102E-39
   12.5663706144      0.246326062298E-02
   18.8495559215      0.436271131762E-03
   25.1327412287      0.104221099411E-03
   31.4159265359      0.295983105325E-04
   37.6991118431      0.462525956267E-05
   43.9822971503      0.583674301974E-06
   50.2654824574      0.184661183771E-06
   56.5486677646      0.175858580248E-07
   62.8318530718      0.338568018057E-08
   69.1150383790      0.462695385856E-09
   75.3982236862      0.642362404550E-10
   81.6814089933      0.111606698496E-10
   87.9645943005      0.143708635531E-11
   94.2477796077      0.194625406695E-12
   100.530964915      0.299974266315E-13
   106.814150222      0.403513357878E-14
   113.097335529      0.610119040974E-15
   119.380520836      0.764556092248E-16
   125.663706144      0.112564551213E-16
   131.946891451      0.148046810850E-17
   138.230076758      0.195164151404E-18
   144.513262065      0.278458428909E-19
   150.796447372      0.357315156313E-20
   157.079632679      0.515695446334E-21
   163.362817987      0.654348803789E-22
   169.646003294      0.850203908163E-23
   175.929188601      0.111117328255E-23
   182.212373908      0.146369454936E-24
   188.495559215      0.183164618741E-25
   194.778744523      0.202387687824E-26
   201.061929830      0.189168153690E-27
   207.345115137      0.921331238922E-29
   213.628300444      0.911317218599E-30
   219.911485751      0.460436354098E-32
   226.194671058      0.571587225441E-33
   232.477856366      0.340285762639E-33
   238.761041673      0.332399000790E-32
   245.044226980      0.428504529655E-33
   251.327412287      0.132955404409E-32
   257.610597594      0.379550553430E-33
   263.893782902      0.114649228894E-32
   270.176968209      0.397291923778E-33
   276.460153516      0.288959558725E-33
   282.743338823      0.230389653296E-33
   289.026524130      0.181430296779E-33
   295.309709437      0.158796559803E-33
   301.592894745      0.153815839049E-33
   307.876080052      0.130765490606E-33
   314.159265359      0.139151896166E-33
   320.442450666      0.117585992656E-33
   326.725635973      0.109259128362E-33
   333.008821281      0.970997585510E-34
   339.292006588      0.117544429559E-33
   345.575191895      0.671083201532E-34
   351.858377202      0.918238924601E-34
   358.141562509      0.582648779028E-34
   364.424747816      0.534156371223E-34
   370.707933124      0.346098725184E-34
   376.991118431      0.262162046964E-34
   383.274303738      0.219474056776E-34
   389.557489045      0.192340782800E-34
   395.840674352      0.155028171686E-34
   402.123859659      0.183792511845E-34
   408.407044967      0.118634558382E-34
   414.690230274      0.100023834042E-34
   420.973415581      0.766588493782E-35
   427.256600888      0.694900762443E-35
   433.539786195      0.573113728358E-35
   439.822971503      0.497566435842E-35
   446.106156810      0.475925052641E-35
   452.389342117      0.422711254197E-35
   458.672527424      0.394535200488E-35
   464.955712731      0.351557670900E-35
   471.238898038      0.308796676955E-35
   477.522083346      0.324742287004E-35
   483.805268653      0.302860293989E-35
   490.088453960      0.275686673399E-35
   496.371639267      0.270034724751E-35
   502.654824574      0.270674244502E-35
   508.938009882      0.230369973923E-35
   515.221195189      0.213253925043E-35
   521.504380496      0.223522991025E-35
   527.787565803      0.204474876330E-35
   534.070751110      0.188063662751E-35
   540.353936417      0.160941119184E-35
   546.637121725      0.148261994939E-35
   552.920307032      0.175690542462E-35
   559.203492339      0.117496767990E-35
   565.486677646      0.133268913118E-35
   571.769862953      0.858869516071E-36
   578.053048261      0.745814891272E-36
   584.336233568      0.627208145455E-36
   590.619418875      0.578702341587E-36
   596.902604182      0.493777687879E-36
   603.185789489      0.442016572734E-36
   609.468974796      0.358032252659E-36
   615.752160104      0.346716381086E-36
   622.035345411      0.267887082109E-36
   628.318530718      0.242992915211E-36
   634.601716025      0.201732478731E-36
   640.884901332      0.178833198156E-36
   647.168086639      0.149830146479E-36
   653.451271947      0.105433427838E-36
   659.734457254      0.919661505614E-37
   666.017642561      0.838102325235E-37
   672.300827868      0.528597810599E-37
   678.584013175      0.355332438721E-37
   684.867198483      0.150087546817E-37
   691.150383790      0.203143488535E-37
   697.433569097      0.173647934302E-38
   6.28318530718      0.109805345356E-39
   12.5663706144      0.244888626162E-02
   18.8495559215      0.442176411767E-03
   25.1327412287      0.108053935479E-03
   31.4159265359      0.306997345775E-04
   37.6991118431      0.492760957759E-05
   43.9822971503      0.636710908818E-06
   50.2654824574      0.203193995320E-06
   56.5486677646      0.198594332137E-07
   62.8318530718      0.390215249711E-08
   69.1150383790      0.541233618768E-09
   75.3982236862      0.771255318245E-10
   81.6814089933      0.135500392524E-10
   87.9645943005      0.178682370374E-11
   94.2477796077      0.246667724222E-12
   100.530964915      0.386626267324E-13
   106.814150222      0.529815898304E-14
   113.097335529      0.815375853886E-15
   119.380520836      0.104394715182E-15
   125.663706144      0.156264703435E-16
   131.946891451      0.209727000715E-17
   138.230076758      0.282019811052E-18
   144.513262065      0.409204122434E-19
   150.796447372      0.535922014693E-20
   157.079632679      0.786057963014E-21
   163.362817987      0.101833623224E-21
   169.646003294      0.135004735586E-22
   175.929188601      0.180122174317E-23
   182.212373908      0.242467492740E-24
   188.495559215      0.312791281208E-25
   194.778744523      0.363559088157E-26
   201.061929830      0.378839359420E-27
   207.345115137      0.235248531189E-28
   213.628300444      0.173449806255E-29
   219.911485751      0.394903123776E-31
   226.194671058      0.652276234786E-33
   232.477856366      0.358407943067E-33
   238.761041673      0.343324568348E-32
   245.044226980      0.441810260852E-33
   251.327412287      0.137399739582E-32
   257.610597594      0.389697093340E-33
   263.893782902      0.113621384740E-32
   270.176968209      0.412621646889E-33
   276.460153516      0.293282999530E-33
   282.743338823      0.235633178578E-33
   289.026524130      0.181817913729E-33
   295.309709437      0.163152150907E-33
   301.592894745      0.158522316729E-33
   307.876080052      0.133857909283E-33
   314.159265359      0.145420769785E-33
   320.442450666      0.118969836710E-33
   326.725635973      0.110932996718E-33
   333.008821281      0.975685886640E-34
   339.292006588      0.118865309680E-33
   345.575191895      0.669468049131E-34
   351.858377202      0.908975230835E-34
   358.141562509      0.569118185824E-34
   364.424747816      0.527458107199E-34
   370.707933124      0.358721214961E-34
   376.991118431      0.271881010844E-34
   383.274303738      0.221183380741E-34
   389.557489045      0.201924724035E-34
   395.840674352      0.178018554872E-34
   402.123859659      0.664001623129E-34
   408.407044967      0.116385262414E-34
   414.690230274      0.100234608962E-34
   420.973415581      0.770218841398E-35
   427.256600888      0.677490560298E-35
   433.539786195      0.559341496115E-35
   439.822971503      0.492644009196E-35
   446.106156810      0.406231959266E-35
   452.389342117      0.393710542140E-35
   458.672527424      0.356805663532E-35
   464.955712731      0.350439459195E-35
   471.238898038      0.314211086499E-35
   477.522083346      0.323961278788E-35
   483.805268653      0.288270085049E-35
   490.088453960      0.307064747237E-35
   496.371639267      0.260806279585E-35
   502.654824574      0.269573427034E-35
   508.938009882      0.235458849298E-35
   515.221195189      0.214761967903E-35
   521.504380496      0.221173931816E-35
   527.787565803      0.201842348787E-35
   534.070751110      0.223057646424E-35
   540.353936417      0.173268189188E-35
   546.637121725      0.152875045069E-35
   552.920307032      0.200570846568E-35
   559.203492339      0.123745773093E-35
   565.486677646      0.132196052270E-35
   571.769862953      0.876776096617E-36
   578.053048261      0.769477042900E-36
   584.336233568      0.638337362937E-36
   590.619418875      0.605825635886E-36
   596.902604182      0.552292412847E-36
   603.185789489      0.452023577574E-36
   609.468974796      0.339889734250E-36
   615.752160104      0.318882076301E-36
   622.035345411      0.268466810398E-36
   628.318530718      0.232088068883E-36
   634.601716025      0.188347778336E-36
   640.884901332      0.169421068955E-36
   647.168086639      0.136891811683E-36
   653.451271947      0.102243232831E-36
   659.734457254      0.900742669558E-37
   666.017642561      0.880587696847E-37
   672.300827868      0.609915840930E-37
   678.584013175      0.314829700247E-37
   684.867198483      0.168995268666E-37
   691.150383790      0.123248161958E-37
   697.433569097      0.749374759493E-39
   6.28318530718      0.141465620195E-39
   12.5663706144      0.243447548271E-02
   18.8495559215      0.447987079674E-03
   25.1327412287      0.111949566916E-03
   31.4159265359      0.318181549594E-04
   37.6991118431      0.524275890851E-05
   43.9822971503      0.693507747353E-06
   50.2654824574      0.223215629068E-06
   56.5486677646      0.223751001494E-07
   62.8318530718      0.448565876790E-08
   69.1150383790      0.631271095231E-09
   75.3982236862      0.922829107794E-10
   81.6814089933      0.163898847778E-10
   87.9645943005      0.221268850225E-11
   94.2477796077      0.311220145360E-12
   100.530964915      0.495935260334E-13
   106.814150222      0.692097854919E-14
   113.097335529      0.108369057418E-14
   119.380520836      0.141702789842E-15
   125.663706144      0.215584515247E-16
   131.946891451      0.295134615544E-17
   138.230076758      0.404692065583E-18
   144.513262065      0.596944566902E-19
   150.796447372      0.797635714646E-20
   157.079632679      0.118860183378E-20
   163.362817987      0.157145729722E-21
   169.646003294      0.212472678266E-22
   175.929188601      0.289187481022E-23
   182.212373908      0.397342306492E-24
   188.495559215      0.526723900347E-25
   194.778744523      0.638904893920E-26
   201.061929830      0.727780843889E-27
   207.345115137      0.538965016195E-28
   213.628300444      0.346074878622E-29
   219.911485751      0.173110227471E-30
   226.194671058      0.130732299551E-32
   232.477856366      0.361142561798E-33
   238.761041673      0.351534666746E-32
   245.044226980      0.457536790555E-33
   251.327412287      0.134430475905E-32
   257.610597594      0.392620581835E-33
   263.893782902      0.116390825993E-32
   270.176968209      0.420348272022E-33
   276.460153516      0.297174981852E-33
   282.743338823      0.238463107306E-33
   289.026524130      0.187138244315E-33
   295.309709437      0.164999445009E-33
   301.592894745      0.161963887866E-33
   307.876080052      0.134789764492E-33
   314.159265359      0.149845896514E-33
   320.442450666      0.120986137271E-33
   326.725635973      0.113632753008E-33
   333.008821281      0.101338663966E-33
   339.292006588      0.123084890924E-33
   345.575191895      0.687294506002E-34
   351.858377202      0.938120507072E-34
   358.141562509      0.591131660398E-34
   364.424747816      0.556850196613E-34
   370.707933124      0.359395572374E-34
   376.991118431      0.269287709740E-34
   383.274303738      0.233987706397E-34
   389.557489045      0.211147269291E-34
   395.840674352      0.170877853499E-34
   402.123859659      0.376136907808E-34
   408.407044967      0.119072057595E-34
   414.690230274      0.102332167821E-34
   420.973415581      0.743379643500E-35
   427.256600888      0.673956682162E-35
   433.539786195      0.582313943507E-35
   439.822971503      0.488175152524E-35
   446.106156810      0.429744525590E-35
   452.389342117      0.414512853987E-35
   458.672527424      0.367656480263E-35
   464.955712731      0.338419158771E-35
   471.238898038      0.329021275533E-35
   477.522083346      0.340362960994E-35
   483.805268653      0.289085536339E-35
   490.088453960      0.285781757093E-35
   496.371639267      0.260220690442E-35
   502.654824574      0.259571928467E-35
   508.938009882      0.233473054770E-35
   515.221195189      0.214207240376E-35
   521.504380496      0.214656317664E-35
   527.787565803      0.220875410137E-35
   534.070751110      0.194784768204E-35
   540.353936417      0.176403324714E-35
   546.637121725      0.166421100705E-35
   552.920307032      0.174181718113E-35
   559.203492339      0.118250831123E-35
   565.486677646      0.130809254585E-35
   571.769862953      0.874482044270E-36
   578.053048261      0.791774756372E-36
   584.336233568      0.657673505445E-36
   590.619418875      0.611236641520E-36
   596.902604182      0.527606294479E-36
   603.185789489      0.465874248302E-36
   609.468974796      0.357417792019E-36
   615.752160104      0.337205930554E-36
   622.035345411      0.266856657985E-36
   628.318530718      0.243403535143E-36
   634.601716025      0.206559386112E-36
   640.884901332      0.186021182685E-36
   647.168086639      0.144140471880E-36
   653.451271947      0.106704611213E-36
   659.734457254      0.901733519217E-37
   666.017642561      0.715341984642E-37
   672.300827868      0.534878760816E-37
   678.584013175      0.396110789503E-37
   684.867198483      0.128993689234E-37
   691.150383790      0.120929634806E-37
   697.433569097      0.883259775894E-39
   6.28318530718      0.134854081289E-39
   12.5663706144      0.242003180950E-02
   18.8495559215      0.453701407779E-03
   25.1327412287      0.115906657717E-03
   31.4159265359      0.329531142875E-04
   37.6991118431      0.557081948928E-05
   43.9822971503      0.754237000226E-06
   50.2654824574      0.244810894638E-06
   56.5486677646      0.251524422190E-07
   62.8318530718      0.514325866456E-08
   69.1150383790      0.734202164962E-09
   75.3982236862      0.110048698388E-09
   81.6814089933      0.197530190520E-10
   87.9645943005      0.272922003397E-11
   94.2477796077      0.390940812802E-12
   100.530964915      0.633188541243E-13
   106.814150222      0.899573148458E-14
   113.097335529      0.143256025142E-14
   119.380520836      0.191235103774E-15
   125.663706144      0.295620095097E-16
   131.946891451      0.412632343657E-17
   138.230076758      0.576772308247E-18
   144.513262065      0.864601094943E-19
   150.796447372      0.117825004973E-19
   157.079632679      0.178327955846E-20
   163.362817987      0.240509426806E-21
   169.646003294      0.331502472413E-22
   175.929188601      0.459999646399E-23
   182.212373908      0.644498483771E-24
   188.495559215      0.875773206073E-25
   194.778744523      0.110185598489E-25
   201.061929830      0.134588922928E-26
   207.345115137      0.115501121873E-27
   213.628300444      0.700043494158E-29
   219.911485751      0.555923040259E-30
   226.194671058      0.485069006376E-32
   232.477856366      0.364571489194E-33
   238.761041673      0.359016328998E-32
   245.044226980      0.462676676056E-33
   251.327412287      0.138083778763E-32
   257.610597594      0.404869298658E-33
   263.893782902      0.121052283697E-32
   270.176968209      0.427337353032E-33
   276.460153516      0.297174533551E-33
   282.743338823      0.244259985861E-33
   289.026524130      0.186353980847E-33
   295.309709437      0.164647367795E-33
   301.592894745      0.162279879735E-33
   307.876080052      0.136873100689E-33
   314.159265359      0.149737477283E-33
   320.442450666      0.123085961530E-33
   326.725635973      0.115389589865E-33
   333.008821281      0.102798870542E-33
   339.292006588      0.122461156390E-33
   345.575191895      0.685127590633E-34
   351.858377202      0.979293427771E-34
   358.141562509      0.613093601202E-34
   364.424747816      0.572054127765E-34
   370.707933124      0.369573041614E-34
   376.991118431      0.265687624744E-34
   383.274303738      0.224918043325E-34
   389.557489045      0.196083844983E-34
   395.840674352      0.172851465183E-34
   402.123859659      0.187326964593E-34
   408.407044967      0.118869018131E-34
   414.690230274      0.101840004841E-34
   420.973415581      0.789440330225E-35
   427.256600888      0.708950062673E-35
   433.539786195      0.595649287816E-35
   439.822971503      0.515027290829E-35
   446.106156810      0.452486519701E-35
   452.389342117      0.432453123626E-35
   458.672527424      0.352380683292E-35
   464.955712731      0.330207998911E-35
   471.238898038      0.313403559077E-35
   477.522083346      0.312075561965E-35
   483.805268653      0.297658817243E-35
   490.088453960      0.304626058482E-35
   496.371639267      0.279870529879E-35
   502.654824574      0.267681287485E-35
   508.938009882      0.226283212120E-35
   515.221195189      0.226283636548E-35
   521.504380496      0.237899339722E-35
   527.787565803      0.207432990975E-35
   534.070751110      0.193430504291E-35
   540.353936417      0.165745298767E-35
   546.637121725      0.145176897722E-35
   552.920307032      0.147981063304E-35
   559.203492339      0.127541074310E-35
   565.486677646      0.124450703884E-35
   571.769862953      0.880348486965E-36
   578.053048261      0.784273391298E-36
   584.336233568      0.666642285863E-36
   590.619418875      0.588886023287E-36
   596.902604182      0.508559100985E-36
   603.185789489      0.454564611729E-36
   609.468974796      0.347891546766E-36
   615.752160104      0.338208485671E-36
   622.035345411      0.294320815913E-36
   628.318530718      0.261240951110E-36
   634.601716025      0.207329023667E-36
   640.884901332      0.178421041106E-36
   647.168086639      0.143222789601E-36
   653.451271947      0.979418002067E-37
   659.734457254      0.836554234128E-37
   666.017642561      0.873408110051E-37
   672.300827868      0.576413681151E-37
   678.584013175      0.361538988939E-37
   684.867198483      0.156338808813E-37
   691.150383790      0.150686782700E-37
   697.433569097      0.555336110244E-39
   6.28318530718      0.247111218306E-39
   12.5663706144      0.240555871335E-02
   18.8495559215      0.459317787331E-03
   25.1327412287      0.119923828715E-03
   31.4159265359      0.341041540651E-04
   37.6991118431      0.591188175555E-05
   43.9822971503      0.819072007525E-06
   50.2654824574      0.268066736484E-06
   56.5486677646      0.282120052410E-07
   62.8318530718      0.588255948324E-08
   69.1150383790      0.851550650040E-09
   75.3982236862      0.130804734865E-09
   81.6814089933      0.237218956098E-10
   87.9645943005      0.335332309146E-11
   94.2477796077      0.488974573008E-12
   100.530964915      0.804752427670E-13
   106.814150222      0.116354037875E-13
   113.097335529      0.188380077900E-14
   119.380520836      0.256627426081E-15
   125.663706144      0.402967955697E-16
   131.946891451      0.573255840669E-17
   138.230076758      0.816555745297E-18
   144.513262065      0.124353062853E-18
   150.796447372      0.172772588546E-19
   157.079632679      0.265510442913E-20
   163.362817987      0.365144404973E-21
   169.646003294      0.512855793307E-22
   175.929188601      0.725145882907E-23
   182.212373908      0.103519569576E-23
   188.495559215      0.143917342052E-24
   194.778744523      0.186981671859E-25
   201.061929830      0.241633908525E-26
   207.345115137      0.235116767410E-27
   213.628300444      0.146173864304E-28
   219.911485751      0.127507291535E-29
   226.194671058      0.210567047154E-31
   232.477856366      0.423495827781E-33
   238.761041673      0.367043874775E-32
   245.044226980      0.468904804031E-33
   251.327412287      0.151184179286E-32
   257.610597594      0.406064325451E-33
   263.893782902      0.130884983989E-32
   270.176968209      0.440561547992E-33
   276.460153516      0.305223313870E-33
   282.743338823      0.249843032947E-33
   289.026524130      0.192453032549E-33
   295.309709437      0.169922983448E-33
   301.592894745      0.163025716795E-33
   307.876080052      0.139138700302E-33
   314.159265359      0.147690712975E-33
   320.442450666      0.124540556324E-33
   326.725635973      0.114245083995E-33
   333.008821281      0.103257128514E-33
   339.292006588      0.124579958018E-33
   345.575191895      0.704638369068E-34
   351.858377202      0.983869153849E-34
   358.141562509      0.617167846113E-34
   364.424747816      0.584595214139E-34
   370.707933124      0.377226741955E-34
   376.991118431      0.293276111887E-34
   383.274303738      0.228372357369E-34
   389.557489045      0.201642507690E-34
   395.840674352      0.167310209718E-34
   402.123859659      0.400783729739E-34
   408.407044967      0.119309372759E-34
   414.690230274      0.101608253881E-34
   420.973415581      0.790764028136E-35
   427.256600888      0.696401698669E-35
   433.539786195      0.571538838346E-35
   439.822971503      0.492429270488E-35
   446.106156810      0.456338881809E-35
   452.389342117      0.412414962243E-35
   458.672527424      0.359188150821E-35
   464.955712731      0.325729632846E-35
   471.238898038      0.316947229434E-35
   477.522083346      0.319330438401E-35
   483.805268653      0.282009439510E-35
   490.088453960      0.298875259060E-35
   496.371639267      0.261383903776E-35
   502.654824574      0.289638505427E-35
   508.938009882      0.232433258990E-35
   515.221195189      0.235891204886E-35
   521.504380496      0.230162903280E-35
   527.787565803      0.205554738993E-35
   534.070751110      0.216863724906E-35
   540.353936417      0.162839013635E-35
   546.637121725      0.162244863126E-35
   552.920307032      0.156247817363E-35
   559.203492339      0.116905880180E-35
   565.486677646      0.117840751805E-35
   571.769862953      0.881337295324E-36
   578.053048261      0.763262020324E-36
   584.336233568      0.645063451545E-36
   590.619418875      0.592506234451E-36
   596.902604182      0.507170425613E-36
   603.185789489      0.442621540284E-36
   609.468974796      0.368858265118E-36
   615.752160104      0.336710589631E-36
   622.035345411      0.289829242878E-36
   628.318530718      0.263544963267E-36
   634.601716025      0.206337366479E-36
   640.884901332      0.180391856333E-36
   647.168086639      0.140182282098E-36
   653.451271947      0.101762151377E-36
   659.734457254      0.977521113450E-37
   666.017642561      0.862176804388E-37
   672.300827868      0.607443210225E-37
   678.584013175      0.277336956916E-37
   684.867198483      0.150353800444E-37
   691.150383790      0.153728071143E-37
   697.433569097      0.584756200696E-39
   6.28318530718      0.621725431199E-40
   12.5663706144      0.239105961194E-02
   18.8495559215      0.464834726762E-03
   25.1327412287      0.123999659721E-03
   31.4159265359      0.352708166674E-04
   37.6991118431      0.626601416103E-05
   43.9822971503      0.888186863128E-06
   50.2654824574      0.293072115703E-06
   56.5486677646      0.315752933387E-07
   62.8318530718      0.671173925056E-08
   69.1150383790      0.984977301980E-09
   75.3982236862      0.154978112679E-09
   81.6814089933      0.283895609389E-10
   87.9645943005      0.410457943244E-11
   94.2477796077      0.609026559474E-12
   100.530964915      0.101825876757E-12
   106.814150222      0.149778867009E-13
   113.097335529      0.246447419303E-14
   119.380520836      0.342483809200E-15
   125.663706144      0.546117307053E-16
   131.946891451      0.791477713897E-17
   138.230076758      0.114850828596E-17
   144.513262065      0.177633606940E-18
   150.796447372      0.251529565410E-19
   157.079632679      0.392372281464E-20
   163.362817987      0.550024205426E-21
   169.646003294      0.786898407853E-22
   175.929188601      0.113317158219E-22
   182.212373908      0.164714862861E-23
   188.495559215      0.233935738530E-24
   194.778744523      0.312773732869E-25
   201.061929830      0.423384187681E-26
   207.345115137      0.454460921877E-27
   213.628300444      0.336341332553E-28
   219.911485751      0.199216914600E-29
   226.194671058      0.778480185912E-31
   232.477856366      0.607520218295E-33
   238.761041673      0.375375961303E-32
   245.044226980      0.474371159711E-33
   251.327412287      0.152383010614E-32
   257.610597594      0.413197007698E-33
   263.893782902      0.133241523630E-32
   270.176968209      0.443411988802E-33
   276.460153516      0.311420633099E-33
   282.743338823      0.251661253466E-33
   289.026524130      0.191149862064E-33
   295.309709437      0.171019498974E-33
   301.592894745      0.168082397506E-33
   307.876080052      0.138943563219E-33
   314.159265359      0.144452075789E-33
   320.442450666      0.125953097081E-33
   326.725635973      0.112182725775E-33
   333.008821281      0.102783205552E-33
   339.292006588      0.125384251719E-33
   345.575191895      0.701852173426E-34
   351.858377202      0.965799495602E-34
   358.141562509      0.620893833380E-34
   364.424747816      0.576671551603E-34
   370.707933124      0.374946731116E-34
   376.991118431      0.277268297671E-34
   383.274303738      0.228931750685E-34
   389.557489045      0.204125180231E-34
   395.840674352      0.175327000663E-34
   402.123859659      0.354657622427E-34
   408.407044967      0.119088094270E-34
   414.690230274      0.987466829596E-35
   420.973415581      0.808815653126E-35
   427.256600888      0.691055422778E-35
   433.539786195      0.563681603823E-35
   439.822971503      0.494373857655E-35
   446.106156810      0.432643560721E-35
   452.389342117      0.418485000147E-35
   458.672527424      0.363194708136E-35
   464.955712731      0.327841648822E-35
   471.238898038      0.319782454115E-35
   477.522083346      0.312826707964E-35
   483.805268653      0.292075679623E-35
   490.088453960      0.284222179778E-35
   496.371639267      0.268017211598E-35
   502.654824574      0.278545278154E-35
   508.938009882      0.230245947087E-35
   515.221195189      0.232396578792E-35
   521.504380496      0.220186537881E-35
   527.787565803      0.223164187074E-35
   534.070751110      0.207486923583E-35
   540.353936417      0.165250789447E-35
   546.637121725      0.154086573307E-35
   552.920307032      0.153086536665E-35
   559.203492339      0.122978238967E-35
   565.486677646      0.131420231461E-35
   571.769862953      0.896959851177E-36
   578.053048261      0.783138492448E-36
   584.336233568      0.626528783735E-36
   590.619418875      0.598011865167E-36
   596.902604182      0.477899656698E-36
   603.185789489      0.438479375391E-36
   609.468974796      0.333244175164E-36
   615.752160104      0.302242129178E-36
   622.035345411      0.271844820581E-36
   628.318530718      0.248339146437E-36
   634.601716025      0.199295673431E-36
   640.884901332      0.183799288948E-36
   647.168086639      0.143259698127E-36
   653.451271947      0.966477028213E-37
   659.734457254      0.894917602151E-37
   666.017642561      0.754088919657E-37
   672.300827868      0.605334104075E-37
   678.584013175      0.295712172869E-37
   684.867198483      0.163710575736E-37
   691.150383790      0.815391506753E-38
   697.433569097      0.314970592373E-39
   6.28318530718      0.134047460953E-39
   12.5663706144      0.237653786768E-02
   18.8495559215      0.470250849798E-03
   25.1327412287      0.128132691638E-03
   31.4159265359      0.364526472921E-04
   37.6991118431      0.663326277555E-05
   43.9822971503      0.961756001428E-06
   50.2654824574      0.319917882738E-06
   56.5486677646      0.352647607343E-07
   62.8318530718      0.763956925006E-08
   69.1150383790      0.113628725788E-08
   75.3982236862      0.183045090020E-09
   81.6814089933      0.338606585587E-10
   87.9645943005      0.500558893161E-11
   94.2477796077      0.755444201425E-12
   100.530964915      0.128281722697E-12
   106.814150222      0.191906850299E-13
   113.097335529      0.320798300068E-14
   119.380520836      0.454602983449E-15
   125.663706144      0.735931266501E-16
   131.946891451      0.108616279022E-16
   138.230076758      0.160513860339E-17
   144.513262065      0.252051160705E-18
   150.796447372      0.363622057592E-19
   157.079632679      0.575628888770E-20
   163.362817987      0.822171009011E-21
   169.646003294      0.119768489466E-21
   175.929188601      0.175578650869E-22
   182.212373908      0.259715691221E-23
   188.495559215      0.376370302881E-24
   194.778744523      0.516459380795E-25
   201.061929830      0.726683109096E-26
   207.345115137      0.842113003013E-27
   213.628300444      0.743924501841E-28
   219.911485751      0.455077584511E-29
   226.194671058      0.258803084382E-30
   232.477856366      0.175298312899E-32
   238.761041673      0.389590847370E-32
   245.044226980      0.490236138184E-33
   251.327412287      0.151654661472E-32
   257.610597594      0.426690245423E-33
   263.893782902      0.135221847474E-32
   270.176968209      0.456829180226E-33
   276.460153516      0.314129929904E-33
   282.743338823      0.256653272601E-33
   289.026524130      0.195275013029E-33
   295.309709437      0.173840607730E-33
   301.592894745      0.171148662613E-33
   307.876080052      0.143396855297E-33
   314.159265359      0.151175967709E-33
   320.442450666      0.128863515437E-33
   326.725635973      0.115512150450E-33
   333.008821281      0.104263531359E-33
   339.292006588      0.128157656204E-33
   345.575191895      0.715283072322E-34
   351.858377202      0.955712588050E-34
   358.141562509      0.628565918994E-34
   364.424747816      0.583527581941E-34
   370.707933124      0.382252613777E-34
   376.991118431      0.277959715965E-34
   383.274303738      0.230468287082E-34
   389.557489045      0.208308412453E-34
   395.840674352      0.165039944723E-34
   402.123859659      0.378502444629E-34
   408.407044967      0.121282173622E-34
   414.690230274      0.994940855786E-35
   420.973415581      0.773171680260E-35
   427.256600888      0.688042147656E-35
   433.539786195      0.571759587800E-35
   439.822971503      0.482038591505E-35
   446.106156810      0.434185214346E-35
   452.389342117      0.401818217473E-35
   458.672527424      0.361769749610E-35
   464.955712731      0.317463114928E-35
   471.238898038      0.316328139914E-35
   477.522083346      0.310810217681E-35
   483.805268653      0.282473005089E-35
   490.088453960      0.296672092271E-35
   496.371639267      0.273985920398E-35
   502.654824574      0.262508305375E-35
   508.938009882      0.220335767971E-35
   515.221195189      0.214955882802E-35
   521.504380496      0.213282605501E-35
   527.787565803      0.185744078850E-35
   534.070751110      0.206030443370E-35
   540.353936417      0.159232728450E-35
   546.637121725      0.149318687904E-35
   552.920307032      0.167423240593E-35
   559.203492339      0.121829887485E-35
   565.486677646      0.121170687586E-35
   571.769862953      0.863403691501E-36
   578.053048261      0.754200824163E-36
   584.336233568      0.643137910794E-36
   590.619418875      0.572232793211E-36
   596.902604182      0.494424849875E-36
   603.185789489      0.445490316348E-36
   609.468974796      0.354375956575E-36
   615.752160104      0.341349906516E-36
   622.035345411      0.268286894760E-36
   628.318530718      0.255388266978E-36
   634.601716025      0.208654963705E-36
   640.884901332      0.178342850768E-36
   647.168086639      0.147524558489E-36
   653.451271947      0.962488762969E-37
   659.734457254      0.912850010973E-37
   666.017642561      0.756358429053E-37
   672.300827868      0.614768246711E-37
   678.584013175      0.409378836520E-37
   684.867198483      0.111464294191E-37
   691.150383790      0.837353267561E-38
   697.433569097      0.222608985454E-39
   6.28318530718      0.151663997036E-39
   12.5663706144      0.236199678615E-02
   18.8495559215      0.475564893487E-03
   25.1327412287      0.132321428535E-03
   31.4159265359      0.376491958717E-04
   37.6991118431      0.701365096659E-05
   43.9822971503      0.103995377611E-05
   50.2654824574      0.348696641440E-06
   56.5486677646      0.393037994044E-07
   62.8318530718      0.867543585252E-08
   69.1150383790      0.130743745906E-08
   75.3982236862      0.215535178490E-09
   81.6814089933      0.402524833883E-10
   87.9645943005      0.608234179017E-11
   94.2477796077      0.933308220127E-12
   100.530964915      0.160925585203E-12
   106.814150222      0.244763532298E-13
   113.097335529      0.415535511201E-14
   119.380520836      0.600249798038E-15
   125.663706144      0.986233769878E-16
   131.946891451      0.148175526032E-16
   138.230076758      0.222937190376E-17
   144.513262065      0.355313919739E-18
   150.796447372      0.522067265971E-19
   157.079632679      0.838465449943E-20
   163.362817987      0.121978018467E-20
   169.646003294      0.180862615778E-21
   175.929188601      0.269804651328E-22
   182.212373908      0.405924773543E-23
   188.495559215      0.599640600750E-24
   194.778744523      0.842769917066E-25
   201.061929830      0.122519788378E-25
   207.345115137      0.150947302724E-26
   213.628300444      0.151426586453E-27
   219.911485751      0.978725279177E-29
   226.194671058      0.693851417872E-30
   232.477856366      0.123251441763E-31
   238.761041673      0.391868796372E-32
   245.044226980      0.507213994022E-33
   251.327412287      0.155197321272E-32
   257.610597594      0.432330648706E-33
   263.893782902      0.132036117863E-32
   270.176968209      0.460873123679E-33
   276.460153516      0.314207495465E-33
   282.743338823      0.259960102846E-33
   289.026524130      0.195593332404E-33
   295.309709437      0.175678920730E-33
   301.592894745      0.173637024657E-33
   307.876080052      0.144271076895E-33
   314.159265359      0.151794691036E-33
   320.442450666      0.130648693190E-33
   326.725635973      0.116485186615E-33
   333.008821281      0.104421862247E-33
   339.292006588      0.128476035429E-33
   345.575191895      0.726192088739E-34
   351.858377202      0.982443494363E-34
   358.141562509      0.642561801064E-34
   364.424747816      0.588767281469E-34
   370.707933124      0.385448098421E-34
   376.991118431      0.285092872939E-34
   383.274303738      0.232140632246E-34
   389.557489045      0.218668210886E-34
   395.840674352      0.172818559922E-34
   402.123859659      0.353133194429E-34
   408.407044967      0.118363358158E-34
   414.690230274      0.993269092125E-35
   420.973415581      0.784152923789E-35
   427.256600888      0.771483529778E-35
   433.539786195      0.580451514690E-35
   439.822971503      0.515031011363E-35
   446.106156810      0.470174765782E-35
   452.389342117      0.418949238628E-35
   458.672527424      0.369778933278E-35
   464.955712731      0.368124602926E-35
   471.238898038      0.313097012892E-35
   477.522083346      0.328497348909E-35
   483.805268653      0.283872344942E-35
   490.088453960      0.299468044046E-35
   496.371639267      0.281762563615E-35
   502.654824574      0.257421574365E-35
   508.938009882      0.225626813323E-35
   515.221195189      0.228128181610E-35
   521.504380496      0.228705185945E-35
   527.787565803      0.207302113575E-35
   534.070751110      0.206590812397E-35
   540.353936417      0.157291688353E-35
   546.637121725      0.154434135520E-35
   552.920307032      0.153051246768E-35
   559.203492339      0.117446851489E-35
   565.486677646      0.126739787638E-35
   571.769862953      0.868255554728E-36
   578.053048261      0.775414233320E-36
   584.336233568      0.626059832502E-36
   590.619418875      0.553084798307E-36
   596.902604182      0.483886670915E-36
   603.185789489      0.436170414082E-36
   609.468974796      0.353491429680E-36
   615.752160104      0.337962459569E-36
   622.035345411      0.266383997207E-36
   628.318530718      0.238051231536E-36
   634.601716025      0.205921254566E-36
   640.884901332      0.163473834033E-36
   647.168086639      0.147697920831E-36
   653.451271947      0.101160226072E-36
   659.734457254      0.942660286380E-37
   666.017642561      0.866478612843E-37
   672.300827868      0.562318947052E-37
   678.584013175      0.382970852762E-37
   684.867198483      0.172392904803E-37
   691.150383790      0.167719714550E-37
   697.433569097      0.608728051304E-39
   6.28318530718      0.106325221170E-38
   12.5663706144      0.234743961471E-02
   18.8495559215      0.480775706141E-03
   25.1327412287      0.136564339674E-03
   31.4159265359      0.388600189428E-04
   37.6991118431      0.740717916534E-05
   43.9822971503      0.112295403263E-05
   50.2654824574      0.379502605037E-06
   56.5486677646      0.437167225616E-07
   62.8318530718      0.982936153633E-08
   69.1150383790      0.150054399542E-08
   75.3982236862      0.253035397542E-09
   81.6814089933      0.476960841564E-10
   87.9645943005      0.736462306493E-11
   94.2477796077      0.114853316065E-11
   100.530964915      0.201039249276E-12
   106.814150222      0.310787423065E-13
   113.097335529      0.535674514007E-14
   119.380520836      0.788478917952E-15
   125.663706144      0.131452140317E-15
   131.946891451      0.200974515835E-16
   138.230076758      0.307754088973E-17
   144.513262065      0.497689952554E-18
   150.796447372      0.744532883546E-19
   157.079632679      0.121281556956E-19
   163.362817987      0.179644276354E-20
   169.646003294      0.271029052451E-21
   175.929188601      0.411262156460E-22
   182.212373908      0.629057326474E-23
   188.495559215      0.946474863904E-24
   194.778744523      0.136025972511E-24
   201.061929830      0.203393333511E-25
   207.345115137      0.263488345627E-26
   213.628300444      0.293938742686E-27
   219.911485751      0.226922868483E-28
   226.194671058      0.174146953912E-29
   232.477856366      0.659972367092E-31
   238.761041673      0.438973722354E-32
   245.044226980      0.529686396905E-33
   251.327412287      0.162130684308E-32
   257.610597594      0.443187317821E-33
   263.893782902      0.148387653564E-32
   270.176968209      0.487969610979E-33
   276.460153516      0.323290596721E-33
   282.743338823      0.265451493731E-33
   289.026524130      0.197772204505E-33
   295.309709437      0.178898768553E-33
   301.592894745      0.173213875182E-33
   307.876080052      0.146270153807E-33
   314.159265359      0.154843890448E-33
   320.442450666      0.131367364282E-33
   326.725635973      0.116683150108E-33
   333.008821281      0.106918911101E-33
   339.292006588      0.130033090900E-33
   345.575191895      0.723933262359E-34
   351.858377202      0.100003942096E-33
   358.141562509      0.657538611019E-34
   364.424747816      0.596297888324E-34
   370.707933124      0.391608533871E-34
   376.991118431      0.286093984272E-34
   383.274303738      0.235706091885E-34
   389.557489045      0.207589701734E-34
   395.840674352      0.174406313619E-34
   402.123859659      0.348932827710E-34
   408.407044967      0.122246548850E-34
   414.690230274      0.962438797327E-35
   420.973415581      0.774872471883E-35
   427.256600888      0.729419855762E-35
   433.539786195      0.601859151105E-35
   439.822971503      0.497047139809E-35
   446.106156810      0.430189188945E-35
   452.389342117      0.391761936654E-35
   458.672527424      0.358301505527E-35
   464.955712731      0.353373847931E-35
   471.238898038      0.327200082699E-35
   477.522083346      0.377436435922E-35
   483.805268653      0.279901557866E-35
   490.088453960      0.295863500183E-35
   496.371639267      0.264628361185E-35
   502.654824574      0.256815008020E-35
   508.938009882      0.222588129351E-35
   515.221195189      0.220259636476E-35
   521.504380496      0.218505624396E-35
   527.787565803      0.188071160207E-35
   534.070751110      0.193621636484E-35
   540.353936417      0.174524365993E-35
   546.637121725      0.155610396273E-35
   552.920307032      0.152435805633E-35
   559.203492339      0.119567068813E-35
   565.486677646      0.127270695787E-35
   571.769862953      0.911156560861E-36
   578.053048261      0.775544694258E-36
   584.336233568      0.637154423436E-36
   590.619418875      0.605763291161E-36
   596.902604182      0.506778299734E-36
   603.185789489      0.438632285695E-36
   609.468974796      0.334638876865E-36
   615.752160104      0.337402661746E-36
   622.035345411      0.267868047557E-36
   628.318530718      0.235419790825E-36
   634.601716025      0.205058953100E-36
   640.884901332      0.183192380996E-36
   647.168086639      0.158510844162E-36
   653.451271947      0.101596917528E-36
   659.734457254      0.939308813853E-37
   666.017642561      0.984130397889E-37
   672.300827868      0.750145803334E-37
   678.584013175      0.336694618073E-37
   684.867198483      0.147094308293E-37
   691.150383790      0.147520278978E-37
   697.433569097      0.154075152445E-38
   6.28318530718      0.710894792499E-39
   12.5663706144      0.233286954112E-02
   18.8495559215      0.485882245192E-03
   25.1327412287      0.140859861496E-03
   31.4159265359      0.400846814613E-04
   37.6991118431      0.781382471808E-05
   43.9822971503      0.121092967599E-05
   50.2654824574      0.412431444545E-06
   56.5486677646      0.485287439603E-07
   62.8318530718      0.111120249879E-07
   69.1150383790      0.171788933879E-08
   75.3982236862      0.296194686958E-09
   81.6814089933      0.563374111172E-10
   87.9645943005      0.888645066192E-11
   94.2477796077      0.140797798558E-11
   100.530964915      0.250133975330E-12
   106.814150222      0.392901454569E-13
   113.097335529      0.687318005997E-14
   119.380520836      0.103051879926E-14
   125.663706144      0.174282202511E-15
   131.946891451      0.271046930019E-16
   138.230076758      0.422313113540E-17
   144.513262065      0.692771581640E-18
   150.796447372      0.105484030568E-18
   157.079632679      0.174236057179E-19
   163.362817987      0.262680970855E-20
   169.646003294      0.403105962695E-21
   175.929188601      0.621963051177E-22
   182.212373908      0.966798237199E-23
   188.495559215      0.148056778787E-23
   194.778744523      0.217307370020E-24
   201.061929830      0.333051361700E-25
   207.345115137      0.450150910340E-26
   213.628300444      0.547460615644E-27
   219.911485751      0.479323456445E-28
   226.194671058      0.341022595464E-29
   232.477856366      0.244881388378E-30
   238.761041673      0.611159141031E-32
   245.044226980      0.546628326767E-33
   251.327412287      0.161791105421E-32
   257.610597594      0.448845306710E-33
   263.893782902      0.138396939323E-32
   270.176968209      0.500088077975E-33
   276.460153516      0.328290543545E-33
   282.743338823      0.269714373164E-33
   289.026524130      0.200479222349E-33
   295.309709437      0.180794451625E-33
   301.592894745      0.174935911663E-33
   307.876080052      0.148904495418E-33
   314.159265359      0.158438194410E-33
   320.442450666      0.133266230492E-33
   326.725635973      0.120475304278E-33
   333.008821281      0.107380143338E-33
   339.292006588      0.132255272808E-33
   345.575191895      0.728995822207E-34
   351.858377202      0.101843851288E-33
   358.141562509      0.661585127954E-34
   364.424747816      0.597165430674E-34
   370.707933124      0.397998993037E-34
   376.991118431      0.289201869206E-34
   383.274303738      0.242265676101E-34
   389.557489045      0.231441535278E-34
   395.840674352      0.176926025058E-34
   402.123859659      0.249442625891E-34
   408.407044967      0.119609209041E-34
   414.690230274      0.100905010297E-34
   420.973415581      0.795957807667E-35
   427.256600888      0.734196845367E-35
   433.539786195      0.578283440807E-35
   439.822971503      0.494882929975E-35
   446.106156810      0.429777468482E-35
   452.389342117      0.432217286210E-35
   458.672527424      0.386324517884E-35
   464.955712731      0.344579227654E-35
   471.238898038      0.331097446125E-35
   477.522083346      0.307286929610E-35
   483.805268653      0.281014893560E-35
   490.088453960      0.292287941276E-35
   496.371639267      0.263540627346E-35
   502.654824574      0.277654741956E-35
   508.938009882      0.216981726925E-35
   515.221195189      0.220653757091E-35
   521.504380496      0.230735945889E-35
   527.787565803      0.191830534802E-35
   534.070751110      0.203796215117E-35
   540.353936417      0.173202301361E-35
   546.637121725      0.146356543471E-35
   552.920307032      0.150533026355E-35
   559.203492339      0.112385364212E-35
   565.486677646      0.164408513465E-35
   571.769862953      0.878585523843E-36
   578.053048261      0.771473976920E-36
   584.336233568      0.654911853215E-36
   590.619418875      0.602796360419E-36
   596.902604182      0.498979469226E-36
   603.185789489      0.450950864866E-36
   609.468974796      0.355967543153E-36
   615.752160104      0.349044221913E-36
   622.035345411      0.275404012211E-36
   628.318530718      0.239965491344E-36
   634.601716025      0.200922346479E-36
   640.884901332      0.185495344802E-36
   647.168086639      0.143455290587E-36
   653.451271947      0.997712564569E-37
   659.734457254      0.888006225812E-37
   666.017642561      0.859960749483E-37
   672.300827868      0.556284210088E-37
   678.584013175      0.348588219835E-37
   684.867198483      0.173751057806E-37
   691.150383790      0.105401593336E-37
   697.433569097      0.110506703242E-38
   6.28318530718      0.129531877787E-39
   12.5663706144      0.231828969236E-02
   18.8495559215      0.490883574997E-03
   25.1327412287      0.145206399549E-03
   31.4159265359      0.413227585589E-04
   37.6991118431      0.823354182306E-05
   43.9822971503      0.130405223553E-05
   50.2654824574      0.447580130244E-06
   56.5486677646      0.537659530471E-07
   62.8318530718      0.125347801762E-07
   69.1150383790      0.196192942940E-08
   75.3982236862      0.345728467463E-09
   81.6814089933      0.663385058631E-10
   87.9645943005      0.106865478076E-10
   94.2477796077      0.171956722857E-11
   100.530964915      0.309984619400E-12
   106.814150222      0.494594349150E-13
   113.097335529      0.877857945851E-14
   119.380520836      0.134022481339E-14
   125.663706144      0.229872491377E-15
   131.946891451      0.363531028804E-16
   138.230076758      0.576144280496E-17
   144.513262065      0.958441276218E-18
   150.796447372      0.148490066198E-18
   157.079632679      0.248645023228E-19
   163.362817987      0.381413539060E-20
   169.646003294      0.595157338801E-21
   175.929188601      0.933399637165E-22
   182.212373908      0.147393466059E-22
   188.495559215      0.229607494666E-23
   194.778744523      0.343795434137E-24
   201.061929830      0.538659462663E-25
   207.345115137      0.754859851838E-26
   213.628300444      0.985257438826E-27
   219.911485751      0.979702273153E-28
   226.194671058      0.705846399765E-29
   232.477856366      0.719659304030E-30
   238.761041673      0.138752213851E-31
   245.044226980      0.515524044782E-33
   251.327412287      0.165056139967E-32
   257.610597594      0.453763144286E-33
   263.893782902      0.140565670617E-32
   270.176968209      0.497861699382E-33
   276.460153516      0.331253946871E-33
   282.743338823      0.272914518942E-33
   289.026524130      0.200484627194E-33
   295.309709437      0.183424266144E-33
   301.592894745      0.175101954522E-33
   307.876080052      0.150843982590E-33
   314.159265359      0.160650758106E-33
   320.442450666      0.137933125494E-33
   326.725635973      0.119681193158E-33
   333.008821281      0.109744331249E-33
   339.292006588      0.133530054153E-33
   345.575191895      0.731952716372E-34
   351.858377202      0.100263797315E-33
   358.141562509      0.657740855537E-34
   364.424747816      0.608356397267E-34
   370.707933124      0.392627802933E-34
   376.991118431      0.286141692803E-34
   383.274303738      0.248161725022E-34
   389.557489045      0.208518977651E-34
   395.840674352      0.186209941419E-34
   402.123859659      0.200975800048E-34
   408.407044967      0.122200440954E-34
   414.690230274      0.103184319275E-34
   420.973415581      0.809100426138E-35
   427.256600888      0.723226723607E-35
   433.539786195      0.578463964253E-35
   439.822971503      0.481555250651E-35
   446.106156810      0.423912300893E-35
   452.389342117      0.421949417345E-35
   458.672527424      0.404245607218E-35
   464.955712731      0.357569575978E-35
   471.238898038      0.325455036981E-35
   477.522083346      0.377287300103E-35
   483.805268653      0.280984231490E-35
   490.088453960      0.291641453723E-35
   496.371639267      0.268766066929E-35
   502.654824574      0.276059341137E-35
   508.938009882      0.228295036535E-35
   515.221195189      0.246964623961E-35
   521.504380496      0.234339975522E-35
   527.787565803      0.192680728801E-35
   534.070751110      0.187488392885E-35
   540.353936417      0.155787767481E-35
   546.637121725      0.152162527675E-35
   552.920307032      0.187870435010E-35
   559.203492339      0.130965258060E-35
   565.486677646      0.133645740421E-35
   571.769862953      0.877131181517E-36
   578.053048261      0.790693738828E-36
   584.336233568      0.632396144202E-36
   590.619418875      0.572560259314E-36
   596.902604182      0.495091190480E-36
   603.185789489      0.430639805654E-36
   609.468974796      0.334735574909E-36
   615.752160104      0.330988963315E-36
   622.035345411      0.278908475271E-36
   628.318530718      0.231103764882E-36
   634.601716025      0.212023062604E-36
   640.884901332      0.179361090966E-36
   647.168086639      0.157599412314E-36
   653.451271947      0.981107776700E-37
   659.734457254      0.867381838592E-37
   666.017642561      0.757167405261E-37
   672.300827868      0.645778751162E-37
   678.584013175      0.362841747422E-37
   684.867198483      0.198847066715E-37
   691.150383790      0.119016269011E-37
   697.433569097      0.428606545390E-39
   6.28318530718      0.121526412877E-38
   12.5663706144      0.230370313351E-02
   18.8495559215      0.495778864563E-03
   25.1327412287      0.149602330374E-03
   31.4159265359      0.425738372327E-04
   37.6991118431      0.866626155293E-05
   43.9822971503      0.140249142819E-05
   50.2654824574      0.485046766822E-06
   56.5486677646      0.594552860089E-07
   62.8318530718      0.141096743013E-07
   69.1150383790      0.223530058025E-08
   75.3982236862      0.402423338474E-09
   81.6814089933      0.778787295805E-10
   87.9645943005      0.128088508644E-10
   94.2477796077      0.209242316968E-11
   100.530964915      0.382667655298E-12
   106.814150222      0.620012865719E-13
   113.097335529      0.111620828366E-13
   119.380520836      0.173461126592E-14
   125.663706144      0.301661023702E-15
   131.946891451      0.484936651208E-16
   138.230076758      0.781535855791E-17
   144.513262065      0.131808464983E-17
   150.796447372      0.207719210627E-18
   157.079632679      0.352519348727E-19
   163.362817987      0.550025298021E-20
   169.646003294      0.872416725313E-21
   175.929188601      0.139028862450E-21
   182.212373908      0.222949394699E-22
   188.495559215      0.353104660848E-23
   194.778744523      0.538887590014E-24
   201.061929830      0.861400491724E-25
   207.345115137      0.124563831515E-25
   213.628300444      0.172080146178E-26
   219.911485751      0.190544481213E-27
   226.194671058      0.137254497825E-28
   232.477856366      0.146038168502E-29
   238.761041673      0.410493068049E-31
   245.044226980      0.534438376374E-33
   251.327412287      0.173002464804E-32
   257.610597594      0.460498167863E-33
   263.893782902      0.145089179975E-32
   270.176968209      0.505607781237E-33
   276.460153516      0.336574628993E-33
   282.743338823      0.279065583100E-33
   289.026524130      0.202767953146E-33
   295.309709437      0.186277052201E-33
   301.592894745      0.177831412782E-33
   307.876080052      0.153537370368E-33
   314.159265359      0.155612777482E-33
   320.442450666      0.138727568673E-33
   326.725635973      0.117277516941E-33
   333.008821281      0.109402178745E-33
   339.292006588      0.136353934666E-33
   345.575191895      0.730979589133E-34
   351.858377202      0.104471033362E-33
   358.141562509      0.657865435956E-34
   364.424747816      0.623398856297E-34
   370.707933124      0.411639250266E-34
   376.991118431      0.295976698957E-34
   383.274303738      0.241986453824E-34
   389.557489045      0.216390411926E-34
   395.840674352      0.203507484086E-34
   402.123859659      0.392734017871E-34
   408.407044967      0.121433369795E-34
   414.690230274      0.104021110457E-34
   420.973415581      0.797938031660E-35
   427.256600888      0.724665249607E-35
   433.539786195      0.604209219900E-35
   439.822971503      0.516902052655E-35
   446.106156810      0.445117137593E-35
   452.389342117      0.414552875782E-35
   458.672527424      0.375151391005E-35
   464.955712731      0.355665903084E-35
   471.238898038      0.341955764619E-35
   477.522083346      0.325512458975E-35
   483.805268653      0.292511787282E-35
   490.088453960      0.299389729603E-35
   496.371639267      0.295917615375E-35
   502.654824574      0.271081262271E-35
   508.938009882      0.225185194404E-35
   515.221195189      0.228524255436E-35
   521.504380496      0.253319555159E-35
   527.787565803      0.184137455596E-35
   534.070751110      0.195851251988E-35
   540.353936417      0.166141545387E-35
   546.637121725      0.154628296337E-35
   552.920307032      0.168773680047E-35
   559.203492339      0.128470235764E-35
   565.486677646      0.131969871256E-35
   571.769862953      0.839758233068E-36
   578.053048261      0.749731468129E-36
   584.336233568      0.632362130524E-36
   590.619418875      0.589369946256E-36
   596.902604182      0.499272353417E-36
   603.185789489      0.422520589297E-36
   609.468974796      0.332563033681E-36
   615.752160104      0.326604550740E-36
   622.035345411      0.267190312727E-36
   628.318530718      0.245047305478E-36
   634.601716025      0.218289115372E-36
   640.884901332      0.188711734241E-36
   647.168086639      0.146633168562E-36
   653.451271947      0.949066381690E-37
   659.734457254      0.827427589130E-37
   666.017642561      0.780182199741E-37
   672.300827868      0.561043510411E-37
   678.584013175      0.353100473153E-37
   684.867198483      0.140244408669E-37
   691.150383790      0.122630066838E-37
   697.433569097      0.689260181477E-39
   6.28318530718      0.226794291477E-38
   12.5663706144      0.228911286673E-02
   18.8495559215      0.500567385235E-03
   25.1327412287      0.154046003325E-03
   31.4159265359      0.438375179612E-04
   37.6991118431      0.911189196218E-05
   43.9822971503      0.150641472187E-05
   50.2654824574      0.524930422832E-06
   56.5486677646      0.656244927954E-07
   62.8318530718      0.158494645219E-07
   69.1150383790      0.254082616591E-08
   75.3982236862      0.467141901050E-09
   81.6814089933      0.911560256890E-10
   87.9645943005      0.153030531978E-10
   94.2477796077      0.253700945130E-11
   100.530964915      0.470603377725E-12
   106.814150222      0.774065925193E-13
   113.097335529      0.141307186234E-13
   119.380520836      0.223447294898E-14
   125.663706144      0.393910890697E-15
   131.946891451      0.643467624028E-16
   138.230076758      0.105424387489E-16
   144.513262065      0.180210457759E-17
   150.796447372      0.288790956343E-18
   157.079632679      0.496602465443E-19
   163.362817987      0.787867482165E-20
   169.646003294      0.126988379428E-20
   175.929188601      0.205565660124E-21
   182.212373908      0.334659974559E-22
   188.495559215      0.538628009005E-23
   194.778744523      0.837214788800E-24
   201.061929830      0.136315372857E-24
   207.345115137      0.202679608957E-25
   213.628300444      0.293520400215E-26
   219.911485751      0.356371996445E-27
   226.194671058      0.285469337707E-28
   232.477856366      0.246831647256E-29
   238.761041673      0.129115366295E-30
   245.044226980      0.883891990290E-33
   251.327412287      0.177857724960E-32
   257.610597594      0.464307203888E-33
   263.893782902      0.145386889194E-32
   270.176968209      0.527436146212E-33
   276.460153516      0.338400714355E-33
   282.743338823      0.282778068047E-33
   289.026524130      0.206520432488E-33
   295.309709437      0.186414873103E-33
   301.592894745      0.182212992693E-33
   307.876080052      0.152524375296E-33
   314.159265359      0.163889988694E-33
   320.442450666      0.138914660548E-33
   326.725635973      0.117317181754E-33
   333.008821281      0.110215217243E-33
   339.292006588      0.136310662477E-33
   345.575191895      0.738527329890E-34
   351.858377202      0.104413498539E-33
   358.141562509      0.663345936670E-34
   364.424747816      0.604231106818E-34
   370.707933124      0.407616245863E-34
   376.991118431      0.295902051862E-34
   383.274303738      0.244523358937E-34
   389.557489045      0.216051655501E-34
   395.840674352      0.222165476747E-34
   402.123859659      0.444659674790E-34
   408.407044967      0.132680392133E-34
   414.690230274      0.105436761429E-34
   420.973415581      0.793351132997E-35
   427.256600888      0.762284888526E-35
   433.539786195      0.602161667978E-35
   439.822971503      0.504796237255E-35
   446.106156810      0.446472604312E-35
   452.389342117      0.417658197255E-35
   458.672527424      0.380946588696E-35
   464.955712731      0.342093547869E-35
   471.238898038      0.321134254261E-35
   477.522083346      0.307249016446E-35
   483.805268653      0.263738475618E-35
   490.088453960      0.292460105726E-35
   496.371639267      0.252736128997E-35
   502.654824574      0.261013721503E-35
   508.938009882      0.217957406804E-35
   515.221195189      0.231704153512E-35
   521.504380496      0.222877483955E-35
   527.787565803      0.198055236043E-35
   534.070751110      0.196514189201E-35
   540.353936417      0.166375220361E-35
   546.637121725      0.155222728309E-35
   552.920307032      0.157572520175E-35
   559.203492339      0.131245053739E-35
   565.486677646      0.138617237276E-35
   571.769862953      0.864669286004E-36
   578.053048261      0.769320885559E-36
   584.336233568      0.610217361201E-36
   590.619418875      0.595321020363E-36
   596.902604182      0.526258090858E-36
   603.185789489      0.449164196993E-36
   609.468974796      0.355040780563E-36
   615.752160104      0.340762173632E-36
   622.035345411      0.281567648114E-36
   628.318530718      0.247286880764E-36
   634.601716025      0.198602560280E-36
   640.884901332      0.177310122107E-36
   647.168086639      0.142891954259E-36
   653.451271947      0.944077932853E-37
   659.734457254      0.933831060477E-37
   666.017642561      0.830171310227E-37
   672.300827868      0.629443000766E-37
   678.584013175      0.327442749773E-37
   684.867198483      0.141234660147E-37
   691.150383790      0.136721436112E-37
   697.433569097      0.137842278781E-38
   6.28318530718      0.470584229804E-40
   12.5663706144      0.227452183038E-02
   18.8495559215      0.505248508334E-03
   25.1327412287      0.158535742340E-03
   31.4159265359      0.451134162422E-04
   37.6991118431      0.957031827873E-05
   43.9822971503      0.161598690032E-05
   50.2654824574      0.567330955134E-06
   56.5486677646      0.723021002202E-07
   62.8318530718      0.177676333736E-07
   69.1150383790      0.288152306373E-08
   75.3982236862      0.540827693236E-09
   81.6814089933      0.106388212441E-09
   87.9645943005      0.182251856349E-10
   94.2477796077      0.306528650324E-11
   100.530964915      0.576602565507E-12
   106.814150222      0.962541646235E-13
   113.097335529      0.178124516990E-13
   119.380520836      0.286510776904E-14
   125.663706144      0.511882731470E-15
   131.946891451      0.849408988051E-16
   138.230076758      0.141435997737E-16
   144.513262065      0.244980000717E-17
   150.796447372      0.399094451505E-18
   157.079632679      0.695211817959E-19
   163.362817987      0.112116802654E-19
   169.646003294      0.183576843298E-20
   175.929188601      0.301769641109E-21
   182.212373908      0.498597034903E-22
   188.495559215      0.815156716100E-23
   194.778744523      0.128962298483E-23
   201.061929830      0.213607591093E-24
   207.345115137      0.325658586856E-25
   213.628300444      0.490654174569E-26
   219.911485751      0.641033050414E-27
   226.194671058      0.598272286565E-28
   232.477856366      0.490169374992E-29
   238.761041673      0.348795074553E-30
   245.044226980      0.453275203869E-32
   251.327412287      0.183944093375E-32
   257.610597594      0.463721108241E-33
   263.893782902      0.143788284163E-32
   270.176968209      0.531227317384E-33
   276.460153516      0.342223557825E-33
   282.743338823      0.288595542341E-33
   289.026524130      0.210667441479E-33
   295.309709437      0.187774421987E-33
   301.592894745      0.182520972658E-33
   307.876080052      0.155277805217E-33
   314.159265359      0.160460915619E-33
   320.442450666      0.140478579074E-33
   326.725635973      0.117628437023E-33
   333.008821281      0.111817660171E-33
   339.292006588      0.138205695386E-33
   345.575191895      0.755152987206E-34
   351.858377202      0.104001956979E-33
   358.141562509      0.672178327196E-34
   364.424747816      0.595619841383E-34
   370.707933124      0.419054956582E-34
   376.991118431      0.303236942460E-34
   383.274303738      0.247543830771E-34
   389.557489045      0.211414833348E-34
   395.840674352      0.199968925772E-34
   402.123859659      0.327967948758E-34
   408.407044967      0.127789637400E-34
   414.690230274      0.104334374179E-34
   420.973415581      0.806297960746E-35
   427.256600888      0.770658781706E-35
   433.539786195      0.595576080598E-35
   439.822971503      0.505017261082E-35
   446.106156810      0.445258803638E-35
   452.389342117      0.423983094540E-35
   458.672527424      0.376024776987E-35
   464.955712731      0.339497354511E-35
   471.238898038      0.307900804605E-35
   477.522083346      0.327700644832E-35
   483.805268653      0.308660898135E-35
   490.088453960      0.295469666780E-35
   496.371639267      0.264686489866E-35
   502.654824574      0.293817105154E-35
   508.938009882      0.233142905965E-35
   515.221195189      0.220464314181E-35
   521.504380496      0.227930385636E-35
   527.787565803      0.189770135094E-35
   534.070751110      0.189798201663E-35
   540.353936417      0.167840007840E-35
   546.637121725      0.164741824361E-35
   552.920307032      0.167714958925E-35
   559.203492339      0.121374430212E-35
   565.486677646      0.158531227900E-35
   571.769862953      0.836843955780E-36
   578.053048261      0.769865137377E-36
   584.336233568      0.650542267984E-36
   590.619418875      0.592491150053E-36
   596.902604182      0.485829662719E-36
   603.185789489      0.468464881686E-36
   609.468974796      0.356396348854E-36
   615.752160104      0.349811224623E-36
   622.035345411      0.296319955263E-36
   628.318530718      0.237167212315E-36
   634.601716025      0.192342398091E-36
   640.884901332      0.178852316338E-36
   647.168086639      0.145615656916E-36
   653.451271947      0.953471952582E-37
   659.734457254      0.843997422869E-37
   666.017642561      0.761013417422E-37
   672.300827868      0.537136164382E-37
   678.584013175      0.391519551270E-37
   684.867198483      0.183117612013E-37
   691.150383790      0.154044032835E-37
   697.433569097      0.525199123746E-39
   6.28318530718      0.195981580678E-39
   12.5663706144      0.225993289819E-02
   18.8495559215      0.509821702755E-03
   25.1327412287      0.163069847655E-03
   31.4159265359      0.464011640457E-04
   37.6991118431      0.100414031786E-04
   43.9822971503      0.173136963103E-05
   50.2654824574      0.612348828970E-06
   56.5486677646      0.795173712690E-07
   62.8318530718      0.198784027974E-07
   69.1150383790      0.326060781791E-08
   75.3982236862      0.624510224333E-09
   81.6814089933      0.123814300755E-09
   87.9645943005      0.216382338744E-10
   94.2477796077      0.369087908888E-11
   100.530964915      0.703917882095E-12
   106.814150222      0.119223834506E-12
   113.097335529      0.223596482771E-13
   119.380520836      0.365715289178E-14
   125.663706144      0.662037503487E-15
   131.946891451      0.111558962898E-15
   138.230076758      0.188736697639E-16
   144.513262065      0.331168381104E-17
   150.796447372      0.548288294069E-18
   157.079632679      0.967310403397E-19
   163.362817987      0.158524572068E-19
   169.646003294      0.263602739986E-20
   175.929188601      0.439894528675E-21
   182.212373908      0.737427215847E-22
   188.495559215      0.122419548100E-22
   194.778744523      0.197015876523E-23
   201.061929830      0.331631945243E-24
   207.345115137      0.517288184078E-25
   213.628300444      0.805901793512E-26
   219.911485751      0.111682738913E-26
   226.194671058      0.118259459043E-27
   232.477856366      0.960678138483E-29
   238.761041673      0.843569683571E-30
   245.044226980      0.223785961564E-31
   251.327412287      0.196844322483E-32
   257.610597594      0.474077149081E-33
   263.893782902      0.147835455962E-32
   270.176968209      0.536309808696E-33
   276.460153516      0.343293358472E-33
   282.743338823      0.291157705706E-33
   289.026524130      0.211368990638E-33
   295.309709437      0.191341385712E-33
   301.592894745      0.186016365631E-33
   307.876080052      0.158843753423E-33
   314.159265359      0.168234837767E-33
   320.442450666      0.142051816061E-33
   326.725635973      0.120314001744E-33
   333.008821281      0.112083264439E-33
   339.292006588      0.140036347217E-33
   345.575191895      0.752354606545E-34
   351.858377202      0.103900862749E-33
   358.141562509      0.669695120944E-34
   364.424747816      0.603132728512E-34
   370.707933124      0.424734072637E-34
   376.991118431      0.302133029843E-34
   383.274303738      0.248239048100E-34
   389.557489045      0.213403583922E-34
   395.840674352      0.214643640418E-34
   402.123859659      0.387672338897E-34
   408.407044967      0.129012621344E-34
   414.690230274      0.104896393802E-34
   420.973415581      0.808980935553E-35
   427.256600888      0.716289280800E-35
   433.539786195      0.604351737148E-35
   439.822971503      0.518505258642E-35
   446.106156810      0.436848828956E-35
   452.389342117      0.432949554733E-35
   458.672527424      0.413134586760E-35
   464.955712731      0.352413055967E-35
   471.238898038      0.343217649627E-35
   477.522083346      0.312961247330E-35
   483.805268653      0.266042447422E-35
   490.088453960      0.290922295461E-35
   496.371639267      0.266989872497E-35
   502.654824574      0.275455855466E-35
   508.938009882      0.234603412385E-35
   515.221195189      0.207106445509E-35
   521.504380496      0.257765850182E-35
   527.787565803      0.226892415223E-35
   534.070751110      0.186023587748E-35
   540.353936417      0.161202788471E-35
   546.637121725      0.172977133245E-35
   552.920307032      0.192409178731E-35
   559.203492339      0.129263550471E-35
   565.486677646      0.126125848593E-35
   571.769862953      0.879382650917E-36
   578.053048261      0.753666452642E-36
   584.336233568      0.625217575654E-36
   590.619418875      0.582475094629E-36
   596.902604182      0.493246741576E-36
   603.185789489      0.443284810201E-36
   609.468974796      0.331824394294E-36
   615.752160104      0.320965071759E-36
   622.035345411      0.261624129353E-36
   628.318530718      0.226753160124E-36
   634.601716025      0.201089142000E-36
   640.884901332      0.187383907853E-36
   647.168086639      0.152934736526E-36
   653.451271947      0.117481653618E-36
   659.734457254      0.932953026259E-37
   666.017642561      0.787446224220E-37
   672.300827868      0.614183135426E-37
   678.584013175      0.337588981468E-37
   684.867198483      0.144284989089E-37
   691.150383790      0.991567932353E-38
   697.433569097      0.716236590256E-39
   6.28318530718      0.206705891356E-39
   12.5663706144      0.224534887859E-02
   18.8495559215      0.514286532539E-03
   25.1327412287      0.167646597454E-03
   31.4159265359      0.477004111767E-04
   37.6991118431      0.105249871421E-04
   43.9822971503      0.185272103739E-05
   50.2654824574      0.660084934363E-06
   56.5486677646      0.873002607655E-07
   62.8318530718      0.221967467036E-07
   69.1150383790      0.368150249901E-08
   75.3982236862      0.719310094099E-09
   81.6814089933      0.143695832309E-09
   87.9645943005      0.256127930306E-10
   94.2477796077      0.442925622086E-11
   100.530964915      0.856300286265E-12
   106.814150222      0.147111056791E-12
   113.097335529      0.279529989461E-13
   119.380520836      0.464754773307E-14
   125.663706144      0.852273731510E-15
   131.946891451      0.145793215614E-15
   138.230076758      0.250541577741E-16
   144.513262065      0.445232607580E-17
   150.796447372      0.748924439951E-18
   157.079632679      0.133786283881E-18
   163.362817987      0.222736060847E-19
   169.646003294      0.376029935281E-20
   175.929188601      0.636848294857E-21
   182.212373908      0.108288944139E-21
   188.495559215      0.182474543874E-22
   194.778744523      0.298582352384E-23
   201.061929830      0.510337457648E-24
   207.345115137      0.813009648609E-25
   213.628300444      0.130375585075E-25
   219.911485751      0.189541430459E-26
   226.194671058      0.222192495466E-27
   232.477856366      0.198600964697E-28
   238.761041673      0.174827843808E-29
   245.044226980      0.988342543403E-31
   251.327412287      0.241323410865E-32
   257.610597594      0.482303751735E-33
   263.893782902      0.149928278791E-32
   270.176968209      0.549870438623E-33
   276.460153516      0.351147274999E-33
   282.743338823      0.296179929875E-33
   289.026524130      0.215514493615E-33
   295.309709437      0.195721745475E-33
   301.592894745      0.184126812161E-33
   307.876080052      0.161851054449E-33
   314.159265359      0.170282166978E-33
   320.442450666      0.145749135682E-33
   326.725635973      0.120945678513E-33
   333.008821281      0.113586718387E-33
   339.292006588      0.140158817141E-33
   345.575191895      0.776396602306E-34
   351.858377202      0.107179056768E-33
   358.141562509      0.675042623955E-34
   364.424747816      0.618438420728E-34
   370.707933124      0.426924777426E-34
   376.991118431      0.303799864657E-34
   383.274303738      0.255201957810E-34
   389.557489045      0.232667050966E-34
   395.840674352      0.192001840335E-34
   402.123859659      0.236081508091E-34
   408.407044967      0.130341963250E-34
   414.690230274      0.105059822416E-34
   420.973415581      0.824992965356E-35
   427.256600888      0.739962429988E-35
   433.539786195      0.603439261996E-35
   439.822971503      0.507940078668E-35
   446.106156810      0.440420022090E-35
   452.389342117      0.420339820134E-35
   458.672527424      0.367753506460E-35
   464.955712731      0.335883445295E-35
   471.238898038      0.304897044890E-35
   477.522083346      0.300644875529E-35
   483.805268653      0.311215160784E-35
   490.088453960      0.281581698730E-35
   496.371639267      0.255502520400E-35
   502.654824574      0.259122594150E-35
   508.938009882      0.229875720028E-35
   515.221195189      0.218212833759E-35
   521.504380496      0.239638869434E-35
   527.787565803      0.195796757103E-35
   534.070751110      0.191511407182E-35
   540.353936417      0.175367366109E-35
   546.637121725      0.149791592653E-35
   552.920307032      0.161688547048E-35
   559.203492339      0.150047421102E-35
   565.486677646      0.133387080048E-35
   571.769862953      0.837884144364E-36
   578.053048261      0.763587303083E-36
   584.336233568      0.648211531632E-36
   590.619418875      0.590454591806E-36
   596.902604182      0.494029067159E-36
   603.185789489      0.451748520439E-36
   609.468974796      0.380471836527E-36
   615.752160104      0.325309335566E-36
   622.035345411      0.265647426480E-36
   628.318530718      0.234251440450E-36
   634.601716025      0.203605087521E-36
   640.884901332      0.177311445493E-36
   647.168086639      0.146867508568E-36
   653.451271947      0.116969710274E-36
   659.734457254      0.913445230801E-37
   666.017642561      0.789846727879E-37
   672.300827868      0.495509278003E-37
   678.584013175      0.406705383121E-37
   684.867198483      0.119226046082E-37
   691.150383790      0.103832615952E-37
   697.433569097      0.353750156688E-39
   6.28318530718      0.281970556403E-39
   12.5663706144      0.223077251409E-02
   18.8495559215      0.518642654418E-03
   25.1327412287      0.172264249463E-03
   31.4159265359      0.490108265451E-04
   37.6991118431      0.110208888896E-04
   43.9822971503      0.198019527654E-05
   50.2654824574      0.710640399513E-06
   56.5486677646      0.956813675697E-07
   62.8318530718      0.247384020041E-07
   69.1150383790      0.414784023439E-08
   75.3982236862      0.826444182525E-09
   81.6814089933      0.166318232754E-09
   87.9645943005      0.302277593045E-10
   94.2477796077      0.529792362653E-11
   100.530964915      0.103806071950E-11
   106.814150222      0.180843123119E-12
   113.097335529      0.348059424846E-13
   119.380520836      0.588063798513E-14
   125.663706144      0.109220379958E-14
   131.946891451      0.189610319760E-15
   138.230076758      0.330886181827E-16
   144.513262065      0.595382260079E-17
   150.796447372      0.101722249294E-17
   157.079632679      0.183954109175E-18
   163.362817987      0.311036012336E-19
   169.646003294      0.532961765272E-20
   175.929188601      0.915803187345E-21
   182.212373908      0.157911415988E-21
   188.495559215      0.270006786670E-22
   194.778744523      0.449005746381E-23
   201.061929830      0.778724609239E-24
   207.345115137      0.126524884611E-24
   213.628300444      0.208079608928E-25
   219.911485751      0.315010006515E-26
   226.194671058      0.401798725806E-27
   232.477856366      0.397565598011E-28
   238.761041673      0.321211841819E-29
   245.044226980      0.311390594553E-30
   251.327412287      0.521240819719E-32
   257.610597594      0.492829212179E-33
   263.893782902      0.155085321708E-32
   270.176968209      0.565259174481E-33
   276.460153516      0.353907620278E-33
   282.743338823      0.298427243728E-33
   289.026524130      0.216830058853E-33
   295.309709437      0.199420218251E-33
   301.592894745      0.186862301732E-33
   307.876080052      0.165335648841E-33
   314.159265359      0.167300771583E-33
   320.442450666      0.146011467101E-33
   326.725635973      0.123215901248E-33
   333.008821281      0.114777484946E-33
   339.292006588      0.143625588630E-33
   345.575191895      0.791468908362E-34
   351.858377202      0.106936707463E-33
   358.141562509      0.678494569943E-34
   364.424747816      0.634948757581E-34
   370.707933124      0.445702969961E-34
   376.991118431      0.316942602339E-34
   383.274303738      0.254127483794E-34
   389.557489045      0.221914602415E-34
   395.840674352      0.259965696634E-34
   402.123859659      0.630725729985E-34
   408.407044967      0.132004303566E-34
   414.690230274      0.104535097458E-34
   420.973415581      0.855768346715E-35
   427.256600888      0.737166578238E-35
   433.539786195      0.603775700658E-35
   439.822971503      0.490010218511E-35
   446.106156810      0.422344477223E-35
   452.389342117      0.415961232326E-35
   458.672527424      0.383116637265E-35
   464.955712731      0.327157122180E-35
   471.238898038      0.334175450895E-35
   477.522083346      0.327876102840E-35
   483.805268653      0.310742286539E-35
   490.088453960      0.288124971144E-35
   496.371639267      0.257732812371E-35
   502.654824574      0.269303681135E-35
   508.938009882      0.231646947774E-35
   515.221195189      0.227749020117E-35
   521.504380496      0.231420731315E-35
   527.787565803      0.191590573976E-35
   534.070751110      0.200670411591E-35
   540.353936417      0.175825889415E-35
   546.637121725      0.157621818297E-35
   552.920307032      0.165616866183E-35
   559.203492339      0.120697397709E-35
   565.486677646      0.124200367404E-35
   571.769862953      0.873231292028E-36
   578.053048261      0.759305283027E-36
   584.336233568      0.637823233058E-36
   590.619418875      0.609515521848E-36
   596.902604182      0.509053555968E-36
   603.185789489      0.430906213588E-36
   609.468974796      0.343751578918E-36
   615.752160104      0.324749176650E-36
   622.035345411      0.254817810519E-36
   628.318530718      0.246649995194E-36
   634.601716025      0.188571118596E-36
   640.884901332      0.174832359150E-36
   647.168086639      0.143747819726E-36
   653.451271947      0.950590515022E-37
   659.734457254      0.790835477284E-37
   666.017642561      0.725997554839E-37
   672.300827868      0.564331120883E-37
   678.584013175      0.388193754471E-37
   684.867198483      0.145117297385E-37
   691.150383790      0.157006084071E-37
   697.433569097      0.677276279295E-39
   6.28318530718      0.651085983391E-39
   12.5663706144      0.221620648082E-02
   18.8495559215      0.522889815346E-03
   25.1327412287      0.176921042487E-03
   31.4159265359      0.503320993369E-04
   37.6991118431      0.115289058954E-04
   43.9822971503      0.211394212392E-05
   50.2654824574      0.764116401848E-06
   56.5486677646      0.104691883499E-06
   62.8318530718      0.275198780560E-07
   69.1150383790      0.466347038774E-08
   75.3982236862      0.947230895684E-09
   81.6814089933      0.191992174822E-09
   87.9645943005      0.355710585981E-10
   94.2477796077      0.631662886968E-11
   100.530964915      0.125413732792E-11
   106.814150222      0.221497094185E-12
   113.097335529      0.431696347386E-13
   119.380520836      0.740943569003E-14
   125.663706144      0.139347424084E-14
   131.946891451      0.245427866913E-15
   138.230076758      0.434810411294E-16
   144.513262065      0.792000312752E-17
   150.796447372      0.137402512115E-17
   157.079632679      0.251485730779E-18
   163.362817987      0.431731415818E-19
   169.646003294      0.750636814159E-20
   175.929188601      0.130830635907E-20
   182.212373908      0.228704034630E-21
   188.495559215      0.396682158078E-22
   194.778744523      0.670126281438E-23
   201.061929830      0.117862627792E-23
   207.345115137      0.195085881449E-24
   213.628300444      0.328096412069E-25
   219.911485751      0.514188648779E-26
   226.194671058      0.704178587751E-27
   232.477856366      0.778336671046E-28
   238.761041673      0.631057869967E-29
   245.044226980      0.816652435169E-30
   251.327412287      0.168831441915E-31
   257.610597594      0.526957314753E-33
   263.893782902      0.156156419087E-32
   270.176968209      0.579538585230E-33
   276.460153516      0.360024049531E-33
   282.743338823      0.305849869138E-33
   289.026524130      0.218911886519E-33
   295.309709437      0.199570308486E-33
   301.592894745      0.190107260806E-33
   307.876080052      0.168366143802E-33
   314.159265359      0.174625496649E-33
   320.442450666      0.148524469849E-33
   326.725635973      0.124408530448E-33
   333.008821281      0.116104466919E-33
   339.292006588      0.146270768383E-33
   345.575191895      0.772991559899E-34
   351.858377202      0.113710132994E-33
   358.141562509      0.693172508821E-34
   364.424747816      0.666737309903E-34
   370.707933124      0.436305272258E-34
   376.991118431      0.307855857246E-34
   383.274303738      0.257588187569E-34
   389.557489045      0.223678084003E-34
   395.840674352      0.180292186590E-34
   402.123859659      0.337074088958E-34
   408.407044967      0.133243171257E-34
   414.690230274      0.109425761445E-34
   420.973415581      0.817996192049E-35
   427.256600888      0.793408018631E-35
   433.539786195      0.602255496474E-35
   439.822971503      0.509187768665E-35
   446.106156810      0.436931666426E-35
   452.389342117      0.429504833575E-35
   458.672527424      0.370032823981E-35
   464.955712731      0.395515120973E-35
   471.238898038      0.323558776426E-35
   477.522083346      0.305691778989E-35
   483.805268653      0.300433552701E-35
   490.088453960      0.300200974163E-35
   496.371639267      0.295207025135E-35
   502.654824574      0.280788115648E-35
   508.938009882      0.226918070771E-35
   515.221195189      0.242442695362E-35
   521.504380496      0.226196412775E-35
   527.787565803      0.205595229257E-35
   534.070751110      0.199544601704E-35
   540.353936417      0.166885790948E-35
   546.637121725      0.155620505919E-35
   552.920307032      0.168251071564E-35
   559.203492339      0.121485380515E-35
   565.486677646      0.148421864896E-35
   571.769862953      0.888889649875E-36
   578.053048261      0.759968118859E-36
   584.336233568      0.617404494992E-36
   590.619418875      0.590346151414E-36
   596.902604182      0.500412665236E-36
   603.185789489      0.452266849419E-36
   609.468974796      0.369079646233E-36
   615.752160104      0.344974624740E-36
   622.035345411      0.270665596259E-36
   628.318530718      0.241121332804E-36
   634.601716025      0.196581029471E-36
   640.884901332      0.183010753828E-36
   647.168086639      0.154604691976E-36
   653.451271947      0.116792337312E-36
   659.734457254      0.952073997166E-37
   666.017642561      0.840102960451E-37
   672.300827868      0.624802967483E-37
   678.584013175      0.347940758829E-37
   684.867198483      0.165689460507E-37
   691.150383790      0.905456915584E-38
   697.433569097      0.696379532373E-39
   6.28318530718      0.443561846009E-40
   12.5663706144      0.220165338810E-02
   18.8495559215      0.527027850014E-03
   25.1327412287      0.181615197885E-03
   31.4159265359      0.516639400833E-04
   37.6991118431      0.120488149761E-04
   43.9822971503      0.225410656592E-05
   50.2654824574      0.820613977413E-06
   56.5486677646      0.114363539185E-06
   62.8318530718      0.305584644637E-07
   69.1150383790      0.523246336924E-08
   75.3982236862      0.108309545315E-08
   81.6814089933      0.221054946078E-09
   87.9645943005      0.417404117060E-10
   94.2477796077      0.750757915772E-11
   100.530964915      0.151016846583E-11
   106.814150222      0.270319555826E-12
   113.097335529      0.533385083479E-13
   119.380520836      0.929705114298E-14
   125.663706144      0.177013537409E-14
   131.946891451      0.316204001673E-15
   138.230076758      0.568577522859E-16
   144.513262065      0.104815099573E-16
   150.796447372      0.184597036150E-17
   157.079632679      0.341881516209E-18
   163.362817987      0.595737142359E-19
   169.646003294      0.105070630433E-19
   175.929188601      0.185702834867E-20
   182.212373908      0.329025243688E-21
   188.495559215      0.578731745077E-22
   194.778744523      0.992802731939E-23
   201.061929830      0.176993235412E-23
   207.345115137      0.298161573293E-24
   213.628300444      0.511676366042E-25
   219.911485751      0.826266166547E-26
   226.194671058      0.120028340691E-26
   232.477856366      0.146621557495E-27
   238.761041673      0.123248755810E-28
   245.044226980      0.152437482072E-29
   251.327412287      0.536099298602E-31
   257.610597594      0.703684357181E-33
   263.893782902      0.167215705478E-32
   270.176968209      0.586091952235E-33
   276.460153516      0.365930391016E-33
   282.743338823      0.308029802731E-33
   289.026524130      0.221061837553E-33
   295.309709437      0.204410942688E-33
   301.592894745      0.192533167369E-33
   307.876080052      0.170192094529E-33
   314.159265359      0.174535424723E-33
   320.442450666      0.150999982070E-33
   326.725635973      0.127247999584E-33
   333.008821281      0.117997380699E-33
   339.292006588      0.145079617601E-33
   345.575191895      0.781912642591E-34
   351.858377202      0.113027844233E-33
   358.141562509      0.697758982581E-34
   364.424747816      0.682743622920E-34
   370.707933124      0.437321277069E-34
   376.991118431      0.309201844381E-34
   383.274303738      0.259004059542E-34
   389.557489045      0.222738621385E-34
   395.840674352      0.220979506886E-34
   402.123859659      0.280714721991E-34
   408.407044967      0.130360209024E-34
   414.690230274      0.107545427155E-34
   420.973415581      0.832570088549E-35
   427.256600888      0.743314045105E-35
   433.539786195      0.604128933546E-35
   439.822971503      0.517879834709E-35
   446.106156810      0.458184460880E-35
   452.389342117      0.436468907358E-35
   458.672527424      0.396564260873E-35
   464.955712731      0.370573668764E-35
   471.238898038      0.315502338367E-35
   477.522083346      0.320118132613E-35
   483.805268653      0.292939938159E-35
   490.088453960      0.303234158626E-35
   496.371639267      0.257255653410E-35
   502.654824574      0.277121331505E-35
   508.938009882      0.218720392225E-35
   515.221195189      0.217172017258E-35
   521.504380496      0.220045418265E-35
   527.787565803      0.201700066161E-35
   534.070751110      0.195534081209E-35
   540.353936417      0.166737534041E-35
   546.637121725      0.149535719432E-35
   552.920307032      0.164156048449E-35
   559.203492339      0.121307460630E-35
   565.486677646      0.117205711022E-35
   571.769862953      0.874067129199E-36
   578.053048261      0.783553307735E-36
   584.336233568      0.654882847746E-36
   590.619418875      0.604576284576E-36
   596.902604182      0.505947551934E-36
   603.185789489      0.443444181089E-36
   609.468974796      0.350212982490E-36
   615.752160104      0.352711463970E-36
   622.035345411      0.274600732620E-36
   628.318530718      0.249460289514E-36
   634.601716025      0.207587058741E-36
   640.884901332      0.180379670805E-36
   647.168086639      0.137944579664E-36
   653.451271947      0.988653068753E-37
   659.734457254      0.939204302515E-37
   666.017642561      0.770274914228E-37
   672.300827868      0.706553811418E-37
   678.584013175      0.340529201061E-37
   684.867198483      0.172913396069E-37
   691.150383790      0.974982089024E-38
   697.433569097      0.117235388127E-38
   6.28318530718      0.829847933861E-41
   12.5663706144      0.218711577817E-02
   18.8495559215      0.531056678363E-03
   25.1327412287      0.186344920989E-03
   31.4159265359      0.530060816261E-04
   37.6991118431      0.125803729528E-04
   43.9822971503      0.240082840132E-05
   50.2654824574      0.880233829229E-06
   56.5486677646      0.124728547087E-06
   62.8318530718      0.338722371966E-07
   69.1150383790      0.585911506075E-08
   75.3982236862      0.123557520273E-08
   81.6814089933      0.253871816156E-09
   87.9645943005      0.488441355510E-10
   94.2477796077      0.889567178335E-11
   100.530964915      0.181257171533E-11
   106.814150222      0.328748303029E-12
   113.097335529      0.656564704352E-13
   119.380520836      0.116183131157E-13
   125.663706144      0.223906603036E-14
   131.946891451      0.405541891889E-15
   138.230076758      0.739933609104E-16
   144.513262065      0.138018951575E-16
   150.796447372      0.246692214093E-17
   157.079632679      0.462218706267E-18
   163.362817987      0.817311474016E-19
   169.646003294      0.146186249332E-19
   175.929188601      0.261931888517E-20
   182.212373908      0.470264108170E-21
   188.495559215      0.838584126332E-22
   194.778744523      0.146032723268E-22
   201.061929830      0.263774910148E-23
   207.345115137      0.451888402530E-24
   213.628300444      0.789917234640E-25
   219.911485751      0.130955506351E-25
   226.194671058      0.199684780585E-26
   232.477856366      0.265921538342E-27
   238.761041673      0.239639157558E-28
   245.044226980      0.258645802115E-29
   251.327412287      0.158314431589E-30
   257.610597594      0.159676662439E-32
   263.893782902      0.171164690895E-32
   270.176968209      0.594697623320E-33
   276.460153516      0.370198264641E-33
   282.743338823      0.309477750063E-33
   289.026524130      0.224012901673E-33
   295.309709437      0.208313812829E-33
   301.592894745      0.196283315179E-33
   307.876080052      0.170492361600E-33
   314.159265359      0.175981342252E-33
   320.442450666      0.153097678473E-33
   326.725635973      0.129577142294E-33
   333.008821281      0.117849392355E-33
   339.292006588      0.147367105010E-33
   345.575191895      0.794930043090E-34
   351.858377202      0.109259896114E-33
   358.141562509      0.693784703631E-34
   364.424747816      0.656276590762E-34
   370.707933124      0.439773780863E-34
   376.991118431      0.322259868719E-34
   383.274303738      0.257910670495E-34
   389.557489045      0.227891030429E-34
   395.840674352      0.224579713494E-34
   402.123859659      0.516573616468E-34
   408.407044967      0.129927323258E-34
   414.690230274      0.107044381957E-34
   420.973415581      0.826066502096E-35
   427.256600888      0.749402683107E-35
   433.539786195      0.595623992507E-35
   439.822971503      0.500625462853E-35
   446.106156810      0.434172069920E-35
   452.389342117      0.419281050257E-35
   458.672527424      0.367465716455E-35
   464.955712731      0.332548490866E-35
   471.238898038      0.300579595414E-35
   477.522083346      0.320122302129E-35
   483.805268653      0.292248135384E-35
   490.088453960      0.275142711841E-35
   496.371639267      0.265963931834E-35
   502.654824574      0.260903318688E-35
   508.938009882      0.223992160184E-35
   515.221195189      0.215394254365E-35
   521.504380496      0.234121110185E-35
   527.787565803      0.196018737791E-35
   534.070751110      0.198597303040E-35
   540.353936417      0.170343047613E-35
   546.637121725      0.149282216798E-35
   552.920307032      0.166026606240E-35
   559.203492339      0.122084818947E-35
   565.486677646      0.131486876184E-35
   571.769862953      0.860597951356E-36
   578.053048261      0.758252566360E-36
   584.336233568      0.621105322385E-36
   590.619418875      0.580981887970E-36
   596.902604182      0.504247429407E-36
   603.185789489      0.457241598595E-36
   609.468974796      0.361211120352E-36
   615.752160104      0.346244818807E-36
   622.035345411      0.277019440437E-36
   628.318530718      0.249441841862E-36
   634.601716025      0.203921156292E-36
   640.884901332      0.171023961522E-36
   647.168086639      0.127104647439E-36
   653.451271947      0.955906716994E-37
   659.734457254      0.842836900761E-37
   666.017642561      0.731230484367E-37
   672.300827868      0.544806646615E-37
   678.584013175      0.366355071909E-37
   684.867198483      0.137052999041E-37
   691.150383790      0.178882704740E-37
   697.433569097      0.622889483836E-39
   6.28318530718      0.251407712002E-39
   12.5663706144      0.217259612597E-02
   18.8495559215      0.534976303092E-03
   25.1327412287      0.191108402463E-03
   31.4159265359      0.543582799753E-04
   37.6991118431      0.131233173823E-04
   43.9822971503      0.255424185285E-05
   50.2654824574      0.943076135277E-06
   56.5486677646      0.135819541911E-06
   62.8318530718      0.374800629868E-07
   69.1150383790      0.654795084376E-08
   75.3982236862      0.140632494860E-08
   81.6814089933      0.290837398524E-09
   87.9645943005      0.570019797748E-10
   94.2477796077      0.105087370673E-10
   100.530964915      0.216862914166E-11
   106.814150222      0.398436052546E-12
   113.097335529      0.805237865091E-13
   119.380520836      0.144615945225E-13
   125.663706144      0.282045950339E-14
   131.946891451      0.517810945276E-15
   138.230076758      0.958413536777E-16
   144.513262065      0.180849034677E-16
   150.796447372      0.327970651326E-17
   157.079632679      0.621554236101E-18
   163.362817987      0.111497450232E-18
   169.646003294      0.202190177360E-19
   175.929188601      0.367177774980E-20
   182.212373908      0.667839200247E-21
   188.495559215      0.120702384986E-21
   194.778744523      0.213300667279E-22
   201.061929830      0.390215187710E-23
   207.345115137      0.679373385307E-24
   213.628300444      0.120797143974E-24
   219.911485751      0.205007040024E-25
   226.194671058      0.325601488864E-26
   232.477856366      0.466877088361E-27
   238.761041673      0.471012440918E-28
   245.044226980      0.454695592286E-29
   251.327412287      0.390889774789E-30
   257.610597594      0.699642036185E-32
   263.893782902      0.166746723317E-32
   270.176968209      0.597408954692E-33
   276.460153516      0.374810068482E-33
   282.743338823      0.312445152209E-33
   289.026524130      0.228519624405E-33
   295.309709437      0.209331575848E-33
   301.592894745      0.203593269348E-33
   307.876080052      0.173477407294E-33
   314.159265359      0.181220004124E-33
   320.442450666      0.156063296129E-33
   326.725635973      0.131337800691E-33
   333.008821281      0.120265505136E-33
   339.292006588      0.149633671878E-33
   345.575191895      0.807556970152E-34
   351.858377202      0.110169895253E-33
   358.141562509      0.719121962840E-34
   364.424747816      0.628668612461E-34
   370.707933124      0.451002669072E-34
   376.991118431      0.314155441788E-34
   383.274303738      0.264737486734E-34
   389.557489045      0.243496969739E-34
   395.840674352      0.228078975578E-34
   402.123859659      0.244403562655E-34
   408.407044967      0.134157735205E-34
   414.690230274      0.109677979232E-34
   420.973415581      0.847882285807E-35
   427.256600888      0.758408907858E-35
   433.539786195      0.595637343762E-35
   439.822971503      0.511411690794E-35
   446.106156810      0.472833625000E-35
   452.389342117      0.423853111888E-35
   458.672527424      0.367179371929E-35
   464.955712731      0.348579863408E-35
   471.238898038      0.326895968914E-35
   477.522083346      0.327036954850E-35
   483.805268653      0.276863588020E-35
   490.088453960      0.287958771823E-35
   496.371639267      0.272916023415E-35
   502.654824574      0.257485503804E-35
   508.938009882      0.226521593672E-35
   515.221195189      0.226749355430E-35
   521.504380496      0.206539695918E-35
   527.787565803      0.192820347753E-35
   534.070751110      0.195677424745E-35
   540.353936417      0.159473069773E-35
   546.637121725      0.146482729845E-35
   552.920307032      0.164128424841E-35
   559.203492339      0.144452571627E-35
   565.486677646      0.126878050210E-35
   571.769862953      0.856249559061E-36
   578.053048261      0.790454061614E-36
   584.336233568      0.674919909437E-36
   590.619418875      0.593760895658E-36
   596.902604182      0.486691225743E-36
   603.185789489      0.417510488314E-36
   609.468974796      0.341662628208E-36
   615.752160104      0.321202412623E-36
   622.035345411      0.267868298706E-36
   628.318530718      0.237100819076E-36
   634.601716025      0.204517981427E-36
   640.884901332      0.185006162295E-36
   647.168086639      0.145122949305E-36
   653.451271947      0.976098582676E-37
   659.734457254      0.956320903953E-37
   666.017642561      0.846078279295E-37
   672.300827868      0.528938128248E-37
   678.584013175      0.415393489143E-37
   684.867198483      0.176891616278E-37
   691.150383790      0.148014909771E-37
   697.433569097      0.181219673430E-38
   6.28318530718      0.542792613813E-39
   12.5663706144      0.215809683905E-02
   18.8495559215      0.538786807176E-03
   25.1327412287      0.195903819609E-03
   31.4159265359      0.557203150577E-04
   37.6991118431      0.136773673558E-04
   43.9822971503      0.271447518952E-05
   50.2654824574      0.100924035671E-05
   56.5486677646      0.147669518667E-06
   62.8318530718      0.414016019777E-07
   69.1150383790      0.730372922106E-08
   75.3982236862      0.159712227968E-08
   81.6814089933      0.332377002043E-09
   87.9645943005      0.663459978519E-10
   94.2477796077      0.123777935860E-10
   100.530964915      0.258657898776E-11
   106.814150222      0.481276280640E-12
   113.097335529      0.984046997707E-13
   119.380520836      0.179308611966E-13
   125.663706144      0.353837724114E-14
   131.946891451      0.658286826578E-15
   138.230076758      0.123569992814E-15
   144.513262065      0.235831282912E-16
   150.796447372      0.433820784574E-17
   157.079632679      0.831417170739E-18
   163.362817987      0.151264831358E-18
   169.646003294      0.278032282881E-19
   175.929188601      0.511609402959E-20
   182.212373908      0.942492590596E-21
   188.495559215      0.172602789721E-21
   194.778744523      0.309427912160E-22
   201.061929830      0.573134491156E-23
   207.345115137      0.101348160588E-23
   213.628300444      0.183091964102E-24
   219.911485751      0.317369800156E-25
   226.194671058      0.521919220883E-26
   232.477856366      0.794428519143E-27
   238.761041673      0.901640711308E-28
   245.044226980      0.844182914718E-29
   251.327412287      0.888715538588E-30
   257.610597594      0.337865253854E-31
   263.893782902      0.168718005788E-32
   270.176968209      0.618478321146E-33
   276.460153516      0.381496996825E-33
   282.743338823      0.318842067265E-33
   289.026524130      0.231082234238E-33
   295.309709437      0.211435491125E-33
   301.592894745      0.202759629565E-33
   307.876080052      0.175557399644E-33
   314.159265359      0.182854029357E-33
   320.442450666      0.158593211503E-33
   326.725635973      0.131733375060E-33
   333.008821281      0.121336363095E-33
   339.292006588      0.152703706405E-33
   345.575191895      0.824688825483E-34
   351.858377202      0.114055233085E-33
   358.141562509      0.733795637652E-34
   364.424747816      0.656442167438E-34
   370.707933124      0.454491241379E-34
   376.991118431      0.333815486418E-34
   383.274303738      0.266494370597E-34
   389.557489045      0.246386355968E-34
   395.840674352      0.245778411582E-34
   402.123859659      0.253061561907E-34
   408.407044967      0.131681514464E-34
   414.690230274      0.109262029910E-34
   420.973415581      0.851977903845E-35
   427.256600888      0.770933730672E-35
   433.539786195      0.604132252955E-35
   439.822971503      0.511434548955E-35
   446.106156810      0.432268529819E-35
   452.389342117      0.431495471111E-35
   458.672527424      0.369517131373E-35
   464.955712731      0.345726793231E-35
   471.238898038      0.317515315181E-35
   477.522083346      0.314725536504E-35
   483.805268653      0.286721996628E-35
   490.088453960      0.275401756703E-35
   496.371639267      0.297023885135E-35
   502.654824574      0.267821189173E-35
   508.938009882      0.228947829172E-35
   515.221195189      0.239968252575E-35
   521.504380496      0.238060795393E-35
   527.787565803      0.208860435041E-35
   534.070751110      0.186988407823E-35
   540.353936417      0.156932505397E-35
   546.637121725      0.147294162642E-35
   552.920307032      0.164907052591E-35
   559.203492339      0.122365282608E-35
   565.486677646      0.121007567010E-35
   571.769862953      0.878683710255E-36
   578.053048261      0.779399827826E-36
   584.336233568      0.655062732414E-36
   590.619418875      0.576784120869E-36
   596.902604182      0.507701801297E-36
   603.185789489      0.435218292494E-36
   609.468974796      0.346818886250E-36
   615.752160104      0.324104554818E-36
   622.035345411      0.266047972778E-36
   628.318530718      0.226382417007E-36
   634.601716025      0.201930505294E-36
   640.884901332      0.175902774464E-36
   647.168086639      0.153605752482E-36
   653.451271947      0.957072327491E-37
   659.734457254      0.103991652587E-36
   666.017642561      0.795205630891E-37
   672.300827868      0.612005063432E-37
   678.584013175      0.390257364806E-37
   684.867198483      0.108906870463E-37
   691.150383790      0.140645566545E-37
   697.433569097      0.160887011694E-38
   6.28318530718      0.177285420879E-38
   12.5663706144      0.214362025752E-02
   18.8495559215      0.542488351388E-03
   25.1327412287      0.200729337614E-03
   31.4159265359      0.570919913542E-04
   37.6991118431      0.142422243611E-04
   43.9822971503      0.288165036051E-05
   50.2654824574      0.107882504688E-05
   56.5486677646      0.160311768646E-06
   62.8318530718      0.456573086028E-07
   69.1150383790      0.813144502598E-08
   75.3982236862      0.180987288562E-08
   81.6814089933      0.378947968007E-09
   87.9645943005      0.770214517756E-10
   94.2477796077      0.145373153868E-10
   100.530964915      0.307571399379E-11
   106.814150222      0.579431277370E-12
   113.097335529      0.119835835768E-12
   119.380520836      0.221479618965E-13
   125.663706144      0.442137716730E-14
   131.946891451      0.833312483767E-15
   138.230076758      0.158604240188E-15
   144.513262065      0.306082497171E-16
   150.796447372      0.570988653719E-17
   157.079632679      0.110640748060E-17
   163.362817987      0.204106458904E-18
   169.646003294      0.380157933961E-19
   175.929188601      0.708645960905E-20
   182.212373908      0.132195548976E-20
   188.495559215      0.245246734896E-21
   194.778744523      0.445881032686E-22
   201.061929830      0.835934537659E-23
   207.345115137      0.150060019811E-23
   213.628300444      0.275180719827E-24
   219.911485751      0.486303412320E-25
   226.194671058      0.824183881096E-26
   232.477856366      0.131491368799E-26
   238.761041673      0.164187696097E-27
   245.044226980      0.159449382639E-28
   251.327412287      0.176787683796E-29
   257.610597594      0.124189899905E-30
   263.893782902      0.249002769677E-32
   270.176968209      0.630906403104E-33
   276.460153516      0.384910362556E-33
   282.743338823      0.322554513215E-33
   289.026524130      0.237964670130E-33
   295.309709437      0.214062804820E-33
   301.592894745      0.203861006100E-33
   307.876080052      0.179346092980E-33
   314.159265359      0.185230584022E-33
   320.442450666      0.159842471423E-33
   326.725635973      0.135019903253E-33
   333.008821281      0.122349770456E-33
   339.292006588      0.153143665048E-33
   345.575191895      0.827230849977E-34
   351.858377202      0.112871551669E-33
   358.141562509      0.737921555999E-34
   364.424747816      0.647925738015E-34
   370.707933124      0.455383905735E-34
   376.991118431      0.325914413377E-34
   383.274303738      0.267370150548E-34
   389.557489045      0.230228965806E-34
   395.840674352      0.283385386873E-34
   402.123859659      0.309148878314E-34
   408.407044967      0.133346133130E-34
   414.690230274      0.108180934801E-34
   420.973415581      0.871892285353E-35
   427.256600888      0.787877742632E-35
   433.539786195      0.591814777824E-35
   439.822971503      0.537973202001E-35
   446.106156810      0.437515726647E-35
   452.389342117      0.402710915483E-35
   458.672527424      0.376423675338E-35
   464.955712731      0.359342964261E-35
   471.238898038      0.337346348563E-35
   477.522083346      0.321707636077E-35
   483.805268653      0.289686149607E-35
   490.088453960      0.313022447004E-35
   496.371639267      0.277885485523E-35
   502.654824574      0.260098243065E-35
   508.938009882      0.222109764158E-35
   515.221195189      0.223519055208E-35
   521.504380496      0.230216862179E-35
   527.787565803      0.192218747508E-35
   534.070751110      0.199366548383E-35
   540.353936417      0.154764326311E-35
   546.637121725      0.152777822626E-35
   552.920307032      0.160427205884E-35
   559.203492339      0.117655301253E-35
   565.486677646      0.119777190722E-35
   571.769862953      0.907581051157E-36
   578.053048261      0.771333891473E-36
   584.336233568      0.629217997751E-36
   590.619418875      0.566317823283E-36
   596.902604182      0.489850086941E-36
   603.185789489      0.433875479482E-36
   609.468974796      0.351250928531E-36
   615.752160104      0.330974130275E-36
   622.035345411      0.271276134301E-36
   628.318530718      0.239076561717E-36
   634.601716025      0.203179481755E-36
   640.884901332      0.167305857560E-36
   647.168086639      0.137771613762E-36
   653.451271947      0.999308002642E-37
   659.734457254      0.815102449882E-37
   666.017642561      0.792495883982E-37
   672.300827868      0.675668291346E-37
   678.584013175      0.319697530001E-37
   684.867198483      0.174813598268E-37
   691.150383790      0.126412382809E-37
   697.433569097      0.101910468639E-38
   6.28318530718      0.129176921175E-38
   12.5663706144      0.212916865416E-02
   18.8495559215      0.546081171833E-03
   25.1327412287      0.205583110752E-03
   31.4159265359      0.584731384261E-04
   37.6991118431      0.148175732060E-04
   43.9822971503      0.305588264155E-05
   50.2654824574      0.115192766179E-05
   56.5486677646      0.173779813560E-06
   62.8318530718      0.502684306777E-07
   69.1150383790      0.903633221611E-08
   75.3982236862      0.204661584896E-08
   81.6814089933      0.431040988803E-09
   87.9645943005      0.891877492706E-10
   94.2477796077      0.170255108115E-10
   100.530964915      0.364648650833E-11
   106.814150222      0.695362502755E-12
   113.097335529      0.145435442901E-12
   119.380520836      0.272551780069E-13
   125.663706144      0.550322387898E-14
   131.946891451      0.105048254537E-14
   138.230076758      0.202674493765E-15
   144.513262065      0.395430862856E-16
   150.796447372      0.747878778589E-17
   157.079632679      0.146492032494E-17
   163.362817987      0.273949284037E-18
   169.646003294      0.516912866065E-19
   175.929188601      0.975892546786E-20
   182.212373908      0.184307902370E-20
   188.495559215      0.346290772932E-21
   194.778744523      0.638314655524E-22
   201.061929830      0.121095298266E-22
   207.345115137      0.220574393346E-23
   213.628300444      0.410272219708E-24
   219.911485751      0.738155983881E-25
   226.194671058      0.128440971169E-25
   232.477856366      0.213175002880E-26
   238.761041673      0.289705250422E-27
   245.044226980      0.303001079001E-28
   251.327412287      0.304399497496E-29
   257.610597594      0.356048498789E-30
   263.893782902      0.728142358607E-32
   270.176968209      0.606551220207E-33
   276.460153516      0.390989258282E-33
   282.743338823      0.329633251739E-33
   289.026524130      0.239533027541E-33
   295.309709437      0.217006775997E-33
   301.592894745      0.207423888603E-33
   307.876080052      0.180389422630E-33
   314.159265359      0.186906412446E-33
   320.442450666      0.159121780910E-33
   326.725635973      0.135702251807E-33
   333.008821281      0.122639692321E-33
   339.292006588      0.153748178685E-33
   345.575191895      0.829357032301E-34
   351.858377202      0.116171701278E-33
   358.141562509      0.739596576809E-34
   364.424747816      0.661821278928E-34
   370.707933124      0.449083985611E-34
   376.991118431      0.323102487756E-34
   383.274303738      0.272758285471E-34
   389.557489045      0.235230394485E-34
   395.840674352      0.202693433354E-34
   402.123859659      0.285276164326E-34
   408.407044967      0.140553727840E-34
   414.690230274      0.110372975164E-34
   420.973415581      0.850956405561E-35
   427.256600888      0.794182627280E-35
   433.539786195      0.615536317911E-35
   439.822971503      0.544033126753E-35
   446.106156810      0.478427551635E-35
   452.389342117      0.449613990945E-35
   458.672527424      0.386986391603E-35
   464.955712731      0.343148258027E-35
   471.238898038      0.304693863931E-35
   477.522083346      0.321222110997E-35
   483.805268653      0.294547037581E-35
   490.088453960      0.320385048903E-35
   496.371639267      0.272123466533E-35
   502.654824574      0.257166437269E-35
   508.938009882      0.227595306853E-35
   515.221195189      0.222881944132E-35
   521.504380496      0.241435088989E-35
   527.787565803      0.192071422841E-35
   534.070751110      0.211115426682E-35
   540.353936417      0.171739809998E-35
   546.637121725      0.158738803470E-35
   552.920307032      0.199426907762E-35
   559.203492339      0.121606254092E-35
   565.486677646      0.129708884093E-35
   571.769862953      0.865331082373E-36
   578.053048261      0.788450224602E-36
   584.336233568      0.651475096766E-36
   590.619418875      0.588883525677E-36
   596.902604182      0.497985754141E-36
   603.185789489      0.438459994162E-36
   609.468974796      0.352129507533E-36
   615.752160104      0.351644131544E-36
   622.035345411      0.264264374690E-36
   628.318530718      0.249587660283E-36
   634.601716025      0.196220261220E-36
   640.884901332      0.181301330985E-36
   647.168086639      0.158876533771E-36
   653.451271947      0.104719861316E-36
   659.734457254      0.895460455355E-37
   666.017642561      0.833800145795E-37
   672.300827868      0.584732568395E-37
   678.584013175      0.302949178515E-37
   684.867198483      0.140845060366E-37
   691.150383790      0.127937824484E-37
   697.433569097      0.349111793983E-39
   6.28318530718      0.626318887382E-40
   12.5663706144      0.211474423456E-02
   18.8495559215      0.549565577505E-03
   25.1327412287      0.210463283521E-03
   31.4159265359      0.598636113277E-04
   37.6991118431      0.154030829976E-04
   43.9822971503      0.323728029418E-05
   50.2654824574      0.122864437252E-05
   56.5486677646      0.188107338136E-06
   62.8318530718      0.552570067001E-07
   69.1150383790      0.100238662510E-07
   75.3982236862      0.230952890310E-08
   81.6814089933      0.489181404892E-09
   87.9645943005      0.103019412417E-09
   94.2477796077      0.198846124731E-10
   100.530964915      0.431062053798E-11
   106.814150222      0.831863323249E-12
   113.097335529      0.175913519668E-12
   119.380520836      0.334180516388E-13
   125.663706144      0.682368830495E-14
   131.946891451      0.131885360219E-14
   138.230076758      0.257872988548E-15
   144.513262065      0.508557161057E-16
   150.796447372      0.974911942922E-17
   157.079632679      0.193001768219E-17
   163.362817987      0.365785092762E-18
   169.646003294      0.699044275911E-19
   175.929188601      0.133631401652E-19
   182.212373908      0.255454334560E-20
   188.495559215      0.485979449484E-21
   194.778744523      0.907963829979E-22
   201.061929830      0.174257870960E-22
   207.345115137      0.321941707549E-23
   213.628300444      0.606988713475E-24
   219.911485751      0.111051384983E-24
   226.194671058      0.197793873088E-25
   232.477856366      0.339642225130E-26
   238.761041673      0.495258726141E-27
   245.044226980      0.579098504352E-28
   251.327412287      0.520017264319E-29
   257.610597594      0.859467257516E-30
   263.893782902      0.223458481456E-31
   270.176968209      0.594348991993E-33
   276.460153516      0.396168364188E-33
   282.743338823      0.333632010926E-33
   289.026524130      0.240806310856E-33
   295.309709437      0.220207283068E-33
   301.592894745      0.210198712953E-33
   307.876080052      0.182810126461E-33
   314.159265359      0.192000706613E-33
   320.442450666      0.161422524847E-33
   326.725635973      0.137244375925E-33
   333.008821281      0.123215902083E-33
   339.292006588      0.156376974079E-33
   345.575191895      0.841816680503E-34
   351.858377202      0.117299621029E-33
   358.141562509      0.741044906039E-34
   364.424747816      0.687240183231E-34
   370.707933124      0.468501798529E-34
   376.991118431      0.328566731863E-34
   383.274303738      0.270920833137E-34
   389.557489045      0.236819432994E-34
   395.840674352      0.193627518023E-34
   402.123859659      0.344017926662E-34
   408.407044967      0.133520997140E-34
   414.690230274      0.108948917866E-34
   420.973415581      0.837563534478E-35
   427.256600888      0.766264125758E-35
   433.539786195      0.616998204717E-35
   439.822971503      0.508086651198E-35
   446.106156810      0.454077977852E-35
   452.389342117      0.438372861005E-35
   458.672527424      0.400303078769E-35
   464.955712731      0.359929762981E-35
   471.238898038      0.321719208983E-35
   477.522083346      0.321751761824E-35
   483.805268653      0.289170471373E-35
   490.088453960      0.284859476712E-35
   496.371639267      0.263629969812E-35
   502.654824574      0.277215516174E-35
   508.938009882      0.247755585764E-35
   515.221195189      0.215438314169E-35
   521.504380496      0.239836879716E-35
   527.787565803      0.197702061467E-35
   534.070751110      0.199329792526E-35
   540.353936417      0.159558040206E-35
   546.637121725      0.152206256968E-35
   552.920307032      0.166718597369E-35
   559.203492339      0.118574672357E-35
   565.486677646      0.131909127245E-35
   571.769862953      0.878329578586E-36
   578.053048261      0.793533319625E-36
   584.336233568      0.647406961734E-36
   590.619418875      0.593611153064E-36
   596.902604182      0.515979890508E-36
   603.185789489      0.464571890074E-36
   609.468974796      0.348440149603E-36
   615.752160104      0.332567486450E-36
   622.035345411      0.268173372111E-36
   628.318530718      0.234099960361E-36
   634.601716025      0.212029018528E-36
   640.884901332      0.182329392718E-36
   647.168086639      0.145183515223E-36
   653.451271947      0.101036664926E-36
   659.734457254      0.865215208162E-37
   666.017642561      0.725326971604E-37
   672.300827868      0.620612335730E-37
   678.584013175      0.439602006211E-37
   684.867198483      0.112201262199E-37
   691.150383790      0.102166821464E-37
   697.433569097      0.101043866578E-38
   6.28318530718      0.373803861037E-39
   12.5663706144      0.210034913735E-02
   18.8495559215      0.552941947857E-03
   25.1327412287      0.215367991750E-03
   31.4159265359      0.612632909069E-04
   37.6991118431      0.159984081766E-04
   43.9822971503      0.342594423859E-05
   50.2654824574      0.130906988004E-05
   56.5486677646      0.203328121412E-06
   62.8318530718      0.606458613508E-07
   69.1150383790      0.110997660556E-07
   75.3982236862      0.260093364681E-08
   81.6814089933      0.553930477491E-09
   87.9645943005      0.118707076532E-09
   94.2477796077      0.231611778607E-10
   100.530964915      0.508123086173E-11
   106.814150222      0.992094199219E-12
   113.097335529      0.212082879756E-12
   119.380520836      0.408285109569E-13
   125.663706144      0.842944472672E-14
   131.946891451      0.164918303481E-14
   138.230076758      0.326718780390E-15
   144.513262065      0.651159478303E-16
   150.796447372      0.126494859521E-16
   157.079632679      0.253047207522E-17
   163.362817987      0.485926892548E-18
   169.646003294      0.940317587405E-19
   175.929188601      0.181969927392E-19
   182.212373908      0.352028161750E-20
   188.495559215      0.677937507040E-21
   194.778744523      0.128345189671E-21
   201.061929830      0.249134972221E-22
   207.345115137      0.466674823301E-23
   213.628300444      0.891388550471E-24
   219.911485751      0.165671506759E-24
   226.194671058      0.301330163745E-25
   232.477856366      0.532747421103E-26
   238.761041673      0.824454934466E-27
   245.044226980      0.106725024420E-27
   251.327412287      0.998493380149E-29
   257.610597594      0.165783851813E-29
   263.893782902      0.641469018131E-31
   270.176968209      0.785922770353E-33
   276.460153516      0.400656588238E-33
   282.743338823      0.337598937232E-33
   289.026524130      0.243241583708E-33
   295.309709437      0.223860403139E-33
   301.592894745      0.214301429742E-33
   307.876080052      0.180564260792E-33
   314.159265359      0.193164918481E-33
   320.442450666      0.164116541936E-33
   326.725635973      0.138683876584E-33
   333.008821281      0.126911695945E-33
   339.292006588      0.159070757542E-33
   345.575191895      0.838041799075E-34
   351.858377202      0.114201196050E-33
   358.141562509      0.756948472015E-34
   364.424747816      0.681412349787E-34
   370.707933124      0.462909706569E-34
   376.991118431      0.336396969990E-34
   383.274303738      0.269961134293E-34
   389.557489045      0.237662606458E-34
   395.840674352      0.203249888140E-34
   402.123859659      0.367786049709E-34
   408.407044967      0.134793942606E-34
   414.690230274      0.111651867584E-34
   420.973415581      0.850363599919E-35
   427.256600888      0.801912254423E-35
   433.539786195      0.637915409659E-35
   439.822971503      0.533521514246E-35
   446.106156810      0.466388794232E-35
   452.389342117      0.432185436532E-35
   458.672527424      0.377018221179E-35
   464.955712731      0.330282462866E-35
   471.238898038      0.333204191290E-35
   477.522083346      0.334071529120E-35
   483.805268653      0.306525965824E-35
   490.088453960      0.318976982250E-35
   496.371639267      0.265979424838E-35
   502.654824574      0.272225670502E-35
   508.938009882      0.228387031088E-35
   515.221195189      0.210994914342E-35
   521.504380496      0.230432783826E-35
   527.787565803      0.194004632432E-35
   534.070751110      0.189331029691E-35
   540.353936417      0.162552154425E-35
   546.637121725      0.162883327070E-35
   552.920307032      0.168833422403E-35
   559.203492339      0.120701270255E-35
   565.486677646      0.136051926501E-35
   571.769862953      0.855419523197E-36
   578.053048261      0.783377778067E-36
   584.336233568      0.637543344116E-36
   590.619418875      0.557849535187E-36
   596.902604182      0.487246888863E-36
   603.185789489      0.420370977117E-36
   609.468974796      0.339781414044E-36
   615.752160104      0.335569649666E-36
   622.035345411      0.266879551043E-36
   628.318530718      0.250893354257E-36
   634.601716025      0.200796923571E-36
   640.884901332      0.166567209335E-36
   647.168086639      0.147123093188E-36
   653.451271947      0.971961838619E-37
   659.734457254      0.858457679874E-37
   666.017642561      0.818915351060E-37
   672.300827868      0.585671771814E-37
   678.584013175      0.402169278674E-37
   684.867198483      0.144824542423E-37
   691.150383790      0.168217367805E-37
   697.433569097      0.464767616892E-39
   6.28318530718      0.551647948281E-40
   12.5663706144      0.208598543454E-02
   18.8495559215      0.556210730399E-03
   25.1327412287      0.220295363638E-03
   31.4159265359      0.626720839930E-04
   37.6991118431      0.166031896001E-04
   43.9822971503      0.362196774060E-05
   50.2654824574      0.139329723306E-05
   56.5486677646      0.219475967032E-06
   62.8318530718      0.664585992015E-07
   69.1150383790      0.122699955739E-07
   75.3982236862      0.292330070774E-08
   81.6814089933      0.625886635078E-09
   87.9645943005      0.136458518169E-09
   94.2477796077      0.269063999765E-10
   100.530964915      0.597294931505E-11
   106.814150222      0.117962038573E-11
   113.097335529      0.254871206176E-12
   119.380520836      0.497083115777E-13
   125.663706144      0.103750733574E-13
   131.946891451      0.205419919098E-14
   138.230076758      0.412232296989E-15
   144.513262065      0.830144477428E-16
   150.796447372      0.163378753320E-16
   157.079632679      0.330201028204E-17
   163.362817987      0.642318772124E-18
   169.646003294      0.125827147257E-18
   175.929188601      0.246447761483E-19
   182.212373908      0.482378222640E-20
   188.495559215      0.940178185746E-21
   194.778744523      0.180312315594E-21
   201.061929830      0.353930570386E-22
   207.345115137      0.671959391157E-23
   213.628300444      0.129969614655E-23
   219.911485751      0.245190149628E-24
   226.194671058      0.454540870975E-25
   232.477856366      0.824413551175E-26
   238.761041673      0.134064816415E-26
   245.044226980      0.189573683275E-27
   251.327412287      0.185518748887E-28
   257.610597594      0.290042811397E-29
   263.893782902      0.170144630724E-30
   270.176968209      0.195103151779E-32
   276.460153516      0.403495577105E-33
   282.743338823      0.340134738943E-33
   289.026524130      0.243926491953E-33
   295.309709437      0.225228675675E-33
   301.592894745      0.211714296529E-33
   307.876080052      0.184991593060E-33
   314.159265359      0.188936114699E-33
   320.442450666      0.166391853727E-33
   326.725635973      0.143309161059E-33
   333.008821281      0.126309598943E-33
   339.292006588      0.158532302142E-33
   345.575191895      0.850010390211E-34
   351.858377202      0.117345106003E-33
   358.141562509      0.761560150558E-34
   364.424747816      0.709770135146E-34
   370.707933124      0.473493364349E-34
   376.991118431      0.333991014951E-34
   383.274303738      0.286570115730E-34
   389.557489045      0.242955421599E-34
   395.840674352      0.240062730426E-34
   402.123859659      0.251424125300E-34
   408.407044967      0.137492964885E-34
   414.690230274      0.115359345482E-34
   420.973415581      0.864759579670E-35
   427.256600888      0.801556394899E-35
   433.539786195      0.625957655762E-35
   439.822971503      0.529279087896E-35
   446.106156810      0.440117670474E-35
   452.389342117      0.432171535963E-35
   458.672527424      0.366723366904E-35
   464.955712731      0.338709680019E-35
   471.238898038      0.310406414870E-35
   477.522083346      0.302686340343E-35
   483.805268653      0.289308734155E-35
   490.088453960      0.287341409193E-35
   496.371639267      0.265947644044E-35
   502.654824574      0.277705360017E-35
   508.938009882      0.236009735182E-35
   515.221195189      0.223072293357E-35
   521.504380496      0.214719485104E-35
   527.787565803      0.192660238294E-35
   534.070751110      0.195761998819E-35
   540.353936417      0.169938742790E-35
   546.637121725      0.149017654637E-35
   552.920307032      0.172540797413E-35
   559.203492339      0.116704703222E-35
   565.486677646      0.121541841136E-35
   571.769862953      0.882196122363E-36
   578.053048261      0.764897887142E-36
   584.336233568      0.639093447315E-36
   590.619418875      0.564820929818E-36
   596.902604182      0.482886932771E-36
   603.185789489      0.444923276419E-36
   609.468974796      0.354980323655E-36
   615.752160104      0.338822369688E-36
   622.035345411      0.280397697799E-36
   628.318530718      0.241624914556E-36
   634.601716025      0.214435365389E-36
   640.884901332      0.187201047535E-36
   647.168086639      0.153723535240E-36
   653.451271947      0.100402815312E-36
   659.734457254      0.947629211802E-37
   666.017642561      0.790362958649E-37
   672.300827868      0.570810991779E-37
   678.584013175      0.278792153282E-37
   684.867198483      0.128763091891E-37
   691.150383790      0.134452920430E-37
   697.433569097      0.120606528599E-38
   6.28318530718      0.105465682545E-38
   12.5663706144      0.207165513192E-02
   18.8495559215      0.559372438323E-03
   25.1327412287      0.225243520766E-03
   31.4159265359      0.640899234724E-04
   37.6991118431      0.172170556715E-04
   43.9822971503      0.382543611303E-05
   50.2654824574      0.148141764936E-05
   56.5486677646      0.236584632797E-06
   62.8318530718      0.727195966335E-07
   69.1150383790      0.135407649173E-07
   75.3982236862      0.327925484849E-08
   81.6814089933      0.705686692678E-09
   87.9645943005      0.156499711102E-09
   94.2477796077      0.311764273568E-10
   100.530964915      0.700205832816E-11
   106.814150222      0.139845219986E-11
   113.097335529      0.305334145571E-12
   119.380520836      0.603128127804E-13
   125.663706144      0.127241769419E-13
   131.946891451      0.254890585437E-14
   138.230076758      0.518020505673E-15
   144.513262065      0.105384855709E-15
   150.796447372      0.210075054778E-16
   157.079632679      0.428878829862E-17
   163.362817987      0.844908509237E-18
   169.646003294      0.167513722483E-18
   175.929188601      0.331995928927E-19
   182.212373908      0.657346359499E-20
   188.495559215      0.129637909099E-20
   194.778744523      0.251803414709E-21
   201.061929830      0.499693336904E-22
   207.345115137      0.961246059094E-23
   213.628300444      0.188192484791E-23
   219.911485751      0.360116223611E-24
   226.194671058      0.679396224181E-25
   232.477856366      0.126018517603E-25
   238.761041673      0.213713641876E-26
   245.044226980      0.324719879233E-27
   251.327412287      0.347521399910E-28
   257.610597594      0.449778902364E-29
   263.893782902      0.392299926160E-30
   270.176968209      0.818811259426E-32
   276.460153516      0.418022492193E-33
   282.743338823      0.347619595572E-33
   289.026524130      0.249638908639E-33
   295.309709437      0.227281279161E-33
   301.592894745      0.217595863654E-33
   307.876080052      0.187000313888E-33
   314.159265359      0.192419503145E-33
   320.442450666      0.167378756848E-33
   326.725635973      0.142551084861E-33
   333.008821281      0.128711040904E-33
   339.292006588      0.162039883037E-33
   345.575191895      0.858239985367E-34
   351.858377202      0.120163807239E-33
   358.141562509      0.759480704367E-34
   364.424747816      0.705237765661E-34
   370.707933124      0.477411235576E-34
   376.991118431      0.335361384528E-34
   383.274303738      0.274291567950E-34
   389.557489045      0.238774391863E-34
   395.840674352      0.232484633556E-34
   402.123859659      0.313117646317E-34
   408.407044967      0.136950984126E-34
   414.690230274      0.114161503045E-34
   420.973415581      0.863272964472E-35
   427.256600888      0.796140389797E-35
   433.539786195      0.612293395650E-35
   439.822971503      0.535556720278E-35
   446.106156810      0.469060302066E-35
   452.389342117      0.443343449479E-35
   458.672527424      0.374124488255E-35
   464.955712731      0.339446506421E-35
   471.238898038      0.311336575010E-35
   477.522083346      0.319154397074E-35
   483.805268653      0.286824756039E-35
   490.088453960      0.295712173654E-35
   496.371639267      0.274144088232E-35
   502.654824574      0.280056536272E-35
   508.938009882      0.234084093183E-35
   515.221195189      0.208761114722E-35
   521.504380496      0.225559545810E-35
   527.787565803      0.209286392761E-35
   534.070751110      0.205709710650E-35
   540.353936417      0.162028255880E-35
   546.637121725      0.160641672714E-35
   552.920307032      0.151348569103E-35
   559.203492339      0.123900236894E-35
   565.486677646      0.157596745512E-35
   571.769862953      0.892181642392E-36
   578.053048261      0.760090476431E-36
   584.336233568      0.640313559314E-36
   590.619418875      0.586878810161E-36
   596.902604182      0.512314778669E-36
   603.185789489      0.447385835958E-36
   609.468974796      0.356353742964E-36
   615.752160104      0.335142184578E-36
   622.035345411      0.256885436620E-36
   628.318530718      0.241807030746E-36
   634.601716025      0.205245900527E-36
   640.884901332      0.184414199490E-36
   647.168086639      0.146785351588E-36
   653.451271947      0.940969827949E-37
   659.734457254      0.868862907352E-37
   666.017642561      0.781301378951E-37
   672.300827868      0.522055647693E-37
   678.584013175      0.361716329062E-37
   684.867198483      0.123377355337E-37
   691.150383790      0.160972714697E-37
   697.433569097      0.933834026423E-39
   6.28318530718      0.825841603734E-39
   12.5663706144      0.205736016949E-02
   18.8495559215      0.562427648149E-03
   25.1327412287      0.230210579058E-03
   31.4159265359      0.655167682531E-04
   37.6991118431      0.178396235125E-04
   43.9822971503      0.403642643199E-05
   50.2654824574      0.157352034086E-05
   56.5486677646      0.254687759740E-06
   62.8318530718      0.794539919812E-07
   69.1150383790      0.149185311156E-07
   75.3982236862      0.367158001087E-08
   81.6814089933      0.794007043823E-09
   87.9645943005      0.179075909287E-09
   94.2477796077      0.360326927745E-10
   100.530964915      0.818663178169E-11
   106.814150222      0.165308789844E-11
   113.097335529      0.364669493728E-12
   119.380520836      0.729351070695E-13
   125.663706144      0.155506200807E-13
   131.946891451      0.315092407614E-14
   138.230076758      0.648373811150E-15
   144.513262065      0.133229249803E-15
   150.796447372      0.268936474910E-16
   157.079632679      0.554513242922E-17
   163.362817987      0.110609343502E-17
   169.646003294      0.221895244688E-18
   175.929188601      0.444908459502E-19
   182.212373908      0.890935137391E-20
   188.495559215      0.177748732933E-20
   194.778744523      0.349576561092E-21
   201.061929830      0.701212449047E-22
   207.345115137      0.136633122963E-22
   213.628300444      0.270667929582E-23
   219.911485751      0.525049379484E-24
   226.194671058      0.100680416323E-24
   232.477856366      0.190527900399E-25
   238.761041673      0.334798244864E-26
   245.044226980      0.539020005629E-27
   251.327412287      0.639118610265E-28
   257.610597594      0.729391582357E-29
   263.893782902      0.860295212495E-30
   270.176968209      0.277261487111E-31
   276.460153516      0.419315636485E-33
   282.743338823      0.354791570148E-33
   289.026524130      0.251999240274E-33
   295.309709437      0.231346182525E-33
   301.592894745      0.225404373609E-33
   307.876080052      0.189980030285E-33
   314.159265359      0.199410517587E-33
   320.442450666      0.170854645614E-33
   326.725635973      0.143153100509E-33
   333.008821281      0.130028541898E-33
   339.292006588      0.163374429226E-33
   345.575191895      0.849080520660E-34
   351.858377202      0.123120717453E-33
   358.141562509      0.785524048664E-34
   364.424747816      0.745267485778E-34
   370.707933124      0.486230035173E-34
   376.991118431      0.347074251477E-34
   383.274303738      0.281191747010E-34
   389.557489045      0.233530552503E-34
   395.840674352      0.222473456772E-34
   402.123859659      0.227010404738E-34
   408.407044967      0.138562710720E-34
   414.690230274      0.113709188263E-34
   420.973415581      0.894462251874E-35
   427.256600888      0.820494547575E-35
   433.539786195      0.610330366047E-35
   439.822971503      0.518483798424E-35
   446.106156810      0.448908938023E-35
   452.389342117      0.417087887454E-35
   458.672527424      0.361863394781E-35
   464.955712731      0.360493820639E-35
   471.238898038      0.335664622799E-35
   477.522083346      0.323230460772E-35
   483.805268653      0.315888758001E-35
   490.088453960      0.290133379918E-35
   496.371639267      0.265032204986E-35
   502.654824574      0.256112205715E-35
   508.938009882      0.232981640548E-35
   515.221195189      0.207618105133E-35
   521.504380496      0.213196367519E-35
   527.787565803      0.204088552966E-35
   534.070751110      0.221623449449E-35
   540.353936417      0.156219258723E-35
   546.637121725      0.163218651226E-35
   552.920307032      0.168444693910E-35
   559.203492339      0.124867799465E-35
   565.486677646      0.125118858345E-35
   571.769862953      0.872105219539E-36
   578.053048261      0.759804063450E-36
   584.336233568      0.624606552523E-36
   590.619418875      0.603850727541E-36
   596.902604182      0.492991732910E-36
   603.185789489      0.443180944999E-36
   609.468974796      0.349997640065E-36
   615.752160104      0.318924204087E-36
   622.035345411      0.272331196073E-36
   628.318530718      0.235475450213E-36
   634.601716025      0.214338387340E-36
   640.884901332      0.197270727368E-36
   647.168086639      0.159092224299E-36
   653.451271947      0.114299899611E-36
   659.734457254      0.108105550678E-36
   666.017642561      0.833119743411E-37
   672.300827868      0.652027769103E-37
   678.584013175      0.499704093295E-37
   684.867198483      0.166706035237E-37
   691.150383790      0.133626275773E-37
   697.433569097      0.143254761784E-38
   6.28318530718      0.211163267303E-39
   12.5663706144      0.204310242207E-02
   18.8495559215      0.565376997417E-03
   25.1327412287      0.235194649706E-03
   31.4159265359      0.669526031203E-04
   37.6991118431      0.184705001737E-04
   43.9822971503      0.425500726836E-05
   50.2654824574      0.166969234313E-05
   56.5486677646      0.273818800987E-06
   62.8318530718      0.866876739126E-07
   69.1150383790      0.164099984766E-07
   75.3982236862      0.410322429525E-08
   81.6814089933      0.891564826025E-09
   87.9645943005      0.204452755882E-09
   94.2477796077      0.415422498848E-10
   100.530964915      0.954668322312E-11
   106.814150222      0.194855920010E-11
   113.097335529      0.434232523111E-12
   119.380520836      0.879105213259E-13
   125.663706144      0.189399001947E-13
   131.946891451      0.388087456344E-14
   138.230076758      0.808375858063E-15
   144.513262065      0.167747346882E-15
   150.796447372      0.342815538497E-16
   157.079632679      0.713758520494E-17
   163.362817987      0.144125139723E-17
   169.646003294      0.292490327584E-18
   175.929188601      0.593177902890E-19
   182.212373908      0.120113281769E-19
   188.495559215      0.242372717183E-20
   194.778744523      0.482525242365E-21
   201.061929830      0.978166468424E-22
   207.345115137      0.193005979057E-22
   213.628300444      0.386745922440E-23
   219.911485751      0.760138790916E-24
   226.194671058      0.147996965766E-24
   232.477856366      0.285201625426E-25
   238.761041673      0.516657583065E-26
   245.044226980      0.873493614944E-27
   251.327412287      0.113374846399E-27
   257.610597594      0.124570700483E-28
   263.893782902      0.167897851644E-29
   270.176968209      0.866231921874E-31
   276.460153516      0.426012863950E-33
   282.743338823      0.356018516506E-33
   289.026524130      0.252619971137E-33
   295.309709437      0.232945464475E-33
   301.592894745      0.228722826129E-33
   307.876080052      0.191556371490E-33
   314.159265359      0.203347418014E-33
   320.442450666      0.174469196042E-33
   326.725635973      0.142937422950E-33
   333.008821281      0.131973882332E-33
   339.292006588      0.165952818888E-33
   345.575191895      0.862757848838E-34
   351.858377202      0.118496569057E-33
   358.141562509      0.779312316219E-34
   364.424747816      0.721219076753E-34
   370.707933124      0.484204943524E-34
   376.991118431      0.336367764312E-34
   383.274303738      0.274383292849E-34
   389.557489045      0.238034929487E-34
   395.840674352      0.211080251925E-34
   402.123859659      0.195464068573E-34
   408.407044967      0.150284429759E-34
   414.690230274      0.115056887453E-34
   420.973415581      0.868122802741E-35
   427.256600888      0.810832696058E-35
   433.539786195      0.642294659185E-35
   439.822971503      0.516697471474E-35
   446.106156810      0.435007560113E-35
   452.389342117      0.412247242427E-35
   458.672527424      0.371068621931E-35
   464.955712731      0.356134824705E-35
   471.238898038      0.308005019099E-35
   477.522083346      0.312220087334E-35
   483.805268653      0.286933159104E-35
   490.088453960      0.275162321087E-35
   496.371639267      0.270017801045E-35
   502.654824574      0.262146406430E-35
   508.938009882      0.224286016668E-35
   515.221195189      0.215449265611E-35
   521.504380496      0.234743149180E-35
   527.787565803      0.203063440512E-35
   534.070751110      0.203730051237E-35
   540.353936417      0.166166410316E-35
   546.637121725      0.157679382745E-35
   552.920307032      0.186641907624E-35
   559.203492339      0.126476079840E-35
   565.486677646      0.123671889851E-35
   571.769862953      0.869483183783E-36
   578.053048261      0.768602193973E-36
   584.336233568      0.636898584698E-36
   590.619418875      0.576757826297E-36
   596.902604182      0.492774511497E-36
   603.185789489      0.432778753033E-36
   609.468974796      0.336878169489E-36
   615.752160104      0.340253516263E-36
   622.035345411      0.264744384762E-36
   628.318530718      0.234734199567E-36
   634.601716025      0.208294723490E-36
   640.884901332      0.172083236837E-36
   647.168086639      0.152315551905E-36
   653.451271947      0.102270425376E-36
   659.734457254      0.865948514269E-37
   666.017642561      0.795897607290E-37
   672.300827868      0.552154209725E-37
   678.584013175      0.369300362340E-37
   684.867198483      0.161030556131E-37
   691.150383790      0.105318729409E-37
   697.433569097      0.712615723310E-39
   6.28318530718      0.487622465249E-39
   12.5663706144      0.202888369987E-02
   18.8495559215      0.568221182392E-03
   25.1327412287      0.240193840053E-03
   31.4159265359      0.683974384836E-04
   37.6991118431      0.191092838797E-04
   43.9822971503      0.448123843467E-05
   50.2654824574      0.177001834947E-05
   56.5486677646      0.294010950670E-06
   62.8318530718      0.944472680668E-07
   69.1150383790      0.180221185632E-07
   75.3982236862      0.457730487384E-08
   81.6814089933      0.999119061674E-09
   87.9645943005      0.232917417588E-09
   94.2477796077      0.477781170470E-10
   100.530964915      0.111043214680E-10
   106.814150222      0.229047947569E-11
   113.097335529      0.515552503014E-12
   119.380520836      0.105621507395E-12
   125.663706144      0.229906592312E-13
   131.946891451      0.476280393323E-14
   138.230076758      0.100402747205E-14
   144.513262065      0.210369854150E-15
   150.796447372      0.435156308050E-16
   157.079632679      0.914729887524E-17
   163.362817987      0.186937010467E-17
   169.646003294      0.383693401010E-18
   175.929188601      0.786902712734E-19
   182.212373908      0.161092714985E-19
   188.495559215      0.328709756536E-20
   194.778744523      0.662286619241E-21
   201.061929830      0.135658689378E-21
   207.345115137      0.270981287242E-22
   213.628300444      0.549090085576E-23
   219.911485751      0.109299802799E-23
   226.194671058      0.215882611905E-24
   232.477856366      0.422988756295E-25
   238.761041673      0.786892780516E-26
   245.044226980      0.138500754294E-26
   251.327412287      0.194879879255E-27
   257.610597594      0.218782344401E-28
   263.893782902      0.282130176656E-29
   270.176968209      0.239738435687E-30
   276.460153516      0.428644784955E-33
   282.743338823      0.361721508927E-33
   289.026524130      0.256550675026E-33
   295.309709437      0.234355971790E-33
   301.592894745      0.228825769675E-33
   307.876080052      0.194029731333E-33
   314.159265359      0.203935663867E-33
   320.442450666      0.174754729943E-33
   326.725635973      0.145159511700E-33
   333.008821281      0.132877276857E-33
   339.292006588      0.168228094673E-33
   345.575191895      0.877644054224E-34
   351.858377202      0.119643155525E-33
   358.141562509      0.776395493145E-34
   364.424747816      0.698142776662E-34
   370.707933124      0.492798404958E-34
   376.991118431      0.348373079902E-34
   383.274303738      0.279949147073E-34
   389.557489045      0.270160367890E-34
   395.840674352      0.290397271056E-34
   402.123859659      0.350408302362E-34
   408.407044967      0.147121450608E-34
   414.690230274      0.110177274383E-34
   420.973415581      0.870583783824E-35
   427.256600888      0.790558645379E-35
   433.539786195      0.612223030470E-35
   439.822971503      0.523976924979E-35
   446.106156810      0.438834907749E-35
   452.389342117      0.417113729399E-35
   458.672527424      0.346005814154E-35
   464.955712731      0.327304382842E-35
   471.238898038      0.310419734718E-35
   477.522083346      0.312366909316E-35
   483.805268653      0.274220402909E-35
   490.088453960      0.294355729224E-35
   496.371639267      0.286782149705E-35
   502.654824574      0.253627613935E-35
   508.938009882      0.234882419322E-35
   515.221195189      0.231300942277E-35
   521.504380496      0.232100973870E-35
   527.787565803      0.194995913729E-35
   534.070751110      0.206290612205E-35
   540.353936417      0.166613331914E-35
   546.637121725      0.145921910901E-35
   552.920307032      0.156462487473E-35
   559.203492339      0.117906518079E-35
   565.486677646      0.142210236907E-35
   571.769862953      0.880249513095E-36
   578.053048261      0.769272154278E-36
   584.336233568      0.645944099310E-36
   590.619418875      0.571762650082E-36
   596.902604182      0.475229568947E-36
   603.185789489      0.427150224700E-36
   609.468974796      0.353618005656E-36
   615.752160104      0.350638628028E-36
   622.035345411      0.286528656878E-36
   628.318530718      0.242936576251E-36
   634.601716025      0.209785345043E-36
   640.884901332      0.183292892796E-36
   647.168086639      0.151724784410E-36
   653.451271947      0.861058053821E-37
   659.734457254      0.757062801904E-37
   666.017642561      0.692797835071E-37
   672.300827868      0.537506385196E-37
   678.584013175      0.350732535499E-37
   684.867198483      0.138039437755E-37
   691.150383790      0.901157331104E-38
   697.433569097      0.119748644586E-38
   6.28318530718      0.481542520585E-40
   12.5663706144      0.201470574917E-02
   18.8495559215      0.570960955825E-03
   25.1327412287      0.245206254456E-03
   31.4159265359      0.698513100186E-04
   37.6991118431      0.197555653052E-04
   43.9822971503      0.471517074773E-05
   50.2654824574      0.187458055008E-05
   56.5486677646      0.315297073119E-06
   62.8318530718      0.102760121968E-06
   69.1150383790      0.197620897931E-07
   75.3982236862      0.509711283830E-08
   81.6814089933      0.111747177736E-08
   87.9645943005      0.264779743824E-09
   94.2477796077      0.548196275403E-10
   100.530964915      0.128839135923E-10
   106.814150222      0.268509462117E-11
   113.097335529      0.610350462749E-12
   119.380520836      0.126502939497E-12
   125.663706144      0.278163453726E-13
   131.946891451      0.582465824603E-14
   138.230076758      0.124238602859E-14
   144.513262065      0.262796414553E-15
   150.796447372      0.550100056483E-16
   157.079632679      0.116728234605E-16
   163.362817987      0.241378966549E-17
   169.646003294      0.500966803249E-18
   175.929188601      0.103877939563E-18
   182.212373908      0.214954466210E-19
   188.495559215      0.443446188039E-20
   194.778744523      0.904003368258E-21
   201.061929830      0.187071253906E-21
   207.345115137      0.378198178475E-22
   213.628300444      0.774746286097E-23
   219.911485751      0.156124603916E-23
   226.194671058      0.312599237695E-24
   232.477856366      0.621954209610E-25
   238.761041673      0.118458880176E-25
   245.044226980      0.215866384600E-26
   251.327412287      0.325831291933E-27
   257.610597594      0.390322277090E-28
   263.893782902      0.410381047556E-29
   270.176968209      0.565226047100E-30
   276.460153516      0.433222643103E-33
   282.743338823      0.365778456091E-33
   289.026524130      0.258655251965E-33
   295.309709437      0.237787932269E-33
   301.592894745      0.228657611199E-33
   307.876080052      0.195902431522E-33
   314.159265359      0.201671513099E-33
   320.442450666      0.176125185604E-33
   326.725635973      0.145322464563E-33
   333.008821281      0.133106107506E-33
   339.292006588      0.168030889136E-33
   345.575191895      0.881052218501E-34
   351.858377202      0.119879632743E-33
   358.141562509      0.770592320369E-34
   364.424747816      0.698982217126E-34
   370.707933124      0.490923967111E-34
   376.991118431      0.348294986763E-34
   383.274303738      0.282733789553E-34
   389.557489045      0.233720815224E-34
   395.840674352      0.222570012865E-34
   402.123859659      0.349605018474E-34
   408.407044967      0.142625021923E-34
   414.690230274      0.113234497250E-34
   420.973415581      0.899249155879E-35
   427.256600888      0.779043837597E-35
   433.539786195      0.653812340042E-35
   439.822971503      0.546237516531E-35
   446.106156810      0.436541465289E-35
   452.389342117      0.432210101801E-35
   458.672527424      0.376820361985E-35
   464.955712731      0.373535912468E-35
   471.238898038      0.304107463894E-35
   477.522083346      0.310568721954E-35
   483.805268653      0.285213668246E-35
   490.088453960      0.279183400440E-35
   496.371639267      0.250501046676E-35
   502.654824574      0.268613270547E-35
   508.938009882      0.241094051089E-35
   515.221195189      0.212228666178E-35
   521.504380496      0.221266125638E-35
   527.787565803      0.201540239060E-35
   534.070751110      0.188787334314E-35
   540.353936417      0.168819736702E-35
   546.637121725      0.162162295677E-35
   552.920307032      0.170411343684E-35
   559.203492339      0.115754556397E-35
   565.486677646      0.118514599027E-35
   571.769862953      0.844169912818E-36
   578.053048261      0.761178941594E-36
   584.336233568      0.651817539167E-36
   590.619418875      0.594133630335E-36
   596.902604182      0.512067612751E-36
   603.185789489      0.462173503715E-36
   609.468974796      0.363465426693E-36
   615.752160104      0.331131390048E-36
   622.035345411      0.267208797812E-36
   628.318530718      0.248907898080E-36
   634.601716025      0.212308238231E-36
   640.884901332      0.164422198565E-36
   647.168086639      0.139115046539E-36
   653.451271947      0.896665217300E-37
   659.734457254      0.713639065479E-37
   666.017642561      0.706144155097E-37
   672.300827868      0.498028500523E-37
   678.584013175      0.312962666689E-37
   684.867198483      0.194163214184E-37
   691.150383790      0.125088406675E-37
   697.433569097      0.876741465793E-39
   6.28318530718      0.624395548769E-39
   12.5663706144      0.200057025307E-02
   18.8495559215      0.573597124733E-03
   25.1327412287      0.250229995099E-03
   31.4159265359      0.713142782049E-04
   37.6991118431      0.204089288784E-04
   43.9822971503      0.495684580700E-05
   50.2654824574      0.198345847659E-05
   56.5486677646      0.337709632599E-06
   62.8318530718      0.111654288240E-06
   69.1150383790      0.216373566685E-07
   75.3982236862      0.566611798404E-08
   81.6814089933      0.124746910568E-08
   87.9645943005      0.300373450485E-09
   94.2477796077      0.627527853928E-10
   100.530964915      0.149122553047E-10
   106.814150222      0.313933661702E-11
   113.097335529      0.720558248081E-12
   119.380520836      0.151047835334E-12
   125.663706144      0.335470341426E-13
   131.946891451      0.709880733181E-14
   138.230076758      0.153172159104E-14
   144.513262065      0.327038616726E-15
   150.796447372      0.692606510920E-16
   157.079632679      0.148333407846E-16
   163.362817987      0.310307476032E-17
   169.646003294      0.651068935266E-18
   175.929188601      0.136469413522E-18
   182.212373908      0.285395780781E-19
   188.495559215      0.595135010197E-20
   194.778744523      0.122727232233E-20
   201.061929830      0.256532518633E-21
   207.345115137      0.524767303206E-22
   213.628300444      0.108652118538E-22
   219.911485751      0.221580295963E-23
   226.194671058      0.449463703673E-24
   232.477856366      0.907116546781E-25
   238.761041673      0.176440905733E-25
   245.044226980      0.331227162295E-26
   251.327412287      0.532972104354E-27
   257.610597594      0.702670367725E-28
   263.893782902      0.702400270652E-29
   270.176968209      0.115172287217E-29
   276.460153516      0.439779465178E-33
   282.743338823      0.371546952290E-33
   289.026524130      0.262288060987E-33
   295.309709437      0.242375406945E-33
   301.592894745      0.231523666856E-33
   307.876080052      0.198791572545E-33
   314.159265359      0.201575833231E-33
   320.442450666      0.178709440822E-33
   326.725635973      0.149205048454E-33
   333.008821281      0.134993413879E-33
   339.292006588      0.169356590920E-33
   345.575191895      0.896365595422E-34
   351.858377202      0.122684188127E-33
   358.141562509      0.781510295046E-34
   364.424747816      0.703430620210E-34
   370.707933124      0.498743963319E-34
   376.991118431      0.357880326160E-34
   383.274303738      0.292538612349E-34
   389.557489045      0.256957060245E-34
   395.840674352      0.265856799412E-34
   402.123859659      0.349675452420E-34
   408.407044967      0.144002333415E-34
   414.690230274      0.113346776002E-34
   420.973415581      0.887983309761E-35
   427.256600888      0.883295558872E-35
   433.539786195      0.630798168181E-35
   439.822971503      0.530606771803E-35
   446.106156810      0.457465978912E-35
   452.389342117      0.434298563047E-35
   458.672527424      0.380542016089E-35
   464.955712731      0.327479853391E-35
   471.238898038      0.314502380434E-35
   477.522083346      0.315225995749E-35
   483.805268653      0.308286388562E-35
   490.088453960      0.302885948300E-35
   496.371639267      0.279613087498E-35
   502.654824574      0.269622250978E-35
   508.938009882      0.227639968283E-35
   515.221195189      0.209165593573E-35
   521.504380496      0.221873626840E-35
   527.787565803      0.198133012223E-35
   534.070751110      0.202011777525E-35
   540.353936417      0.157683742841E-35
   546.637121725      0.157247728171E-35
   552.920307032      0.164716181497E-35
   559.203492339      0.111548355321E-35
   565.486677646      0.120915540112E-35
   571.769862953      0.838981747904E-36
   578.053048261      0.742634775289E-36
   584.336233568      0.612823940715E-36
   590.619418875      0.551089988275E-36
   596.902604182      0.489223250282E-36
   603.185789489      0.445423638527E-36
   609.468974796      0.342530271136E-36
   615.752160104      0.317418277356E-36
   622.035345411      0.252997783386E-36
   628.318530718      0.236820688507E-36
   634.601716025      0.201922180781E-36
   640.884901332      0.173024678651E-36
   647.168086639      0.144486457388E-36
   653.451271947      0.952966270972E-37
   659.734457254      0.882106100574E-37
   666.017642561      0.814598208602E-37
   672.300827868      0.589064287124E-37
   678.584013175      0.343910991116E-37
   684.867198483      0.155158657041E-37
   691.150383790      0.947745258960E-38
   697.433569097      0.400264401462E-39
   6.28318530718      0.721070133850E-39
   12.5663706144      0.198647883229E-02
   18.8495559215      0.576130548223E-03
   25.1327412287      0.255263162797E-03
   31.4159265359      0.727864277635E-04
   37.6991118431      0.210689541066E-04
   43.9822971503      0.520629578906E-05
   50.2654824574      0.209672885223E-05
   56.5486677646      0.361280623790E-06
   62.8318530718      0.121158506143E-06
   69.1150383790      0.236556086388E-07
   75.3982236862      0.628797353484E-08
   81.6814089933      0.139000237492E-08
   87.9645943005      0.340057328384E-09
   94.2477796077      0.716706260529E-10
   100.530964915      0.172187486760E-10
   106.814150222      0.366087976901E-11
   113.097335529      0.848338921083E-12
   119.380520836      0.179813517215E-12
   125.663706144      0.403314184195E-13
   131.946891451      0.862262351067E-14
   138.230076758      0.188169120695E-14
   144.513262065      0.405468567888E-15
   150.796447372      0.868592406435E-16
   157.079632679      0.187724005167E-16
   163.362817987      0.397203462081E-17
   169.646003294      0.842323990974E-18
   175.929188601      0.178443058550E-18
   182.212373908      0.377070868401E-19
   188.495559215      0.794661342169E-20
   194.778744523      0.165731941140E-20
   201.061929830      0.349867573026E-21
   207.345115137      0.723993928903E-22
   213.628300444      0.151475013755E-22
   219.911485751      0.312518031816E-23
   226.194671058      0.641880838976E-24
   232.477856366      0.131293704843E-24
   238.761041673      0.260275292129E-25
   245.044226980      0.501450735934E-26
   251.327412287      0.852117195376E-27
   257.610597594      0.123390497682E-27
   263.893782902      0.128977126196E-28
   270.176968209      0.181471121841E-29
   276.460153516      0.440228842461E-33
   282.743338823      0.370442072532E-33
   289.026524130      0.261483044140E-33
   295.309709437      0.246481409613E-33
   301.592894745      0.235621726456E-33
   307.876080052      0.202327185681E-33
   314.159265359      0.203588594444E-33
   320.442450666      0.179716797394E-33
   326.725635973      0.149479048321E-33
   333.008821281      0.136225587753E-33
   339.292006588      0.172042511935E-33
   345.575191895      0.913668011793E-34
   351.858377202      0.122340780539E-33
   358.141562509      0.787453363146E-34
   364.424747816      0.707087513503E-34
   370.707933124      0.499328230089E-34
   376.991118431      0.356557590973E-34
   383.274303738      0.295300356947E-34
   389.557489045      0.259721776698E-34
   395.840674352      0.209924937499E-34
   402.123859659      0.264995466406E-34
   408.407044967      0.141800903764E-34
   414.690230274      0.117398363151E-34
   420.973415581      0.882076844174E-35
   427.256600888      0.821755668407E-35
   433.539786195      0.642727522272E-35
   439.822971503      0.526891469820E-35
   446.106156810      0.453350228528E-35
   452.389342117      0.412962760919E-35
   458.672527424      0.386364435987E-35
   464.955712731      0.327789334689E-35
   471.238898038      0.319588246824E-35
   477.522083346      0.304386632830E-35
   483.805268653      0.296541797568E-35
   490.088453960      0.295561416508E-35
   496.371639267      0.254276322311E-35
   502.654824574      0.306032765590E-35
   508.938009882      0.235467742004E-35
   515.221195189      0.217439677957E-35
   521.504380496      0.224411400811E-35
   527.787565803      0.195749869541E-35
   534.070751110      0.193542195897E-35
   540.353936417      0.174766371948E-35
   546.637121725      0.145009858625E-35
   552.920307032      0.162447240158E-35
   559.203492339      0.124641482176E-35
   565.486677646      0.128614652406E-35
   571.769862953      0.850337806677E-36
   578.053048261      0.787923871102E-36
   584.336233568      0.628637873453E-36
   590.619418875      0.565459982709E-36
   596.902604182      0.507991003313E-36
   603.185789489      0.445033696535E-36
   609.468974796      0.338799373752E-36
   615.752160104      0.328967267517E-36
   622.035345411      0.275685396310E-36
   628.318530718      0.239531490637E-36
   634.601716025      0.196938598227E-36
   640.884901332      0.182180682858E-36
   647.168086639      0.159421127078E-36
   653.451271947      0.118735123737E-36
   659.734457254      0.973822247183E-37
   666.017642561      0.782086151434E-37
   672.300827868      0.582077852072E-37
   678.584013175      0.293092947381E-37
   684.867198483      0.129807745198E-37
   691.150383790      0.940295689161E-38
   697.433569097      0.161243999366E-38
   6.28318530718      0.301792324152E-39
   12.5663706144      0.197243304601E-02
   18.8495559215      0.578562135360E-03
   25.1327412287      0.260303857759E-03
   31.4159265359      0.742678669967E-04
   37.6991118431      0.217352169216E-04
   43.9822971503      0.546354325811E-05
   50.2654824574      0.221446544806E-05
   56.5486677646      0.386041503255E-06
   62.8318530718      0.131302181463E-06
   69.1150383790      0.258247785980E-07
   75.3982236862      0.696652081329E-08
   81.6814089933      0.154600919276E-08
   87.9645943005      0.384216476862E-09
   94.2477796077      0.816735811687E-10
   100.530964915      0.198355871868E-10
   106.814150222      0.425819961592E-11
   113.097335529      0.996108553599E-12
   119.380520836      0.213428228947E-12
   125.663706144      0.483389769626E-13
   131.946891451      0.104391183940E-13
   138.230076758      0.230353279571E-14
   144.513262065      0.500873555571E-15
   150.796447372      0.108508920495E-15
   157.079632679      0.236622190356E-16
   163.362817987      0.506291078067E-17
   169.646003294      0.108493939392E-17
   175.929188601      0.232251265652E-18
   182.212373908      0.495810494023E-19
   188.495559215      0.105580934373E-19
   194.778744523      0.222644702831E-20
   201.061929830      0.474612920434E-21
   207.345115137      0.993289261943E-22
   213.628300444      0.209954940977E-22
   219.911485751      0.438099635217E-23
   226.194671058      0.910678962178E-24
   232.477856366      0.188653419693E-24
   238.761041673      0.380514425683E-25
   245.044226980      0.750074909851E-26
   251.327412287      0.133297411422E-26
   257.610597594      0.207971151657E-27
   263.893782902      0.240286427304E-28
   270.176968209      0.279698998116E-29
   276.460153516      0.703493757827E-33
   282.743338823      0.378886739525E-33
   289.026524130      0.267578299251E-33
   295.309709437      0.251448874281E-33
   301.592894745      0.237070030215E-33
   307.876080052      0.201407061316E-33
   314.159265359      0.205900746450E-33
   320.442450666      0.181422164055E-33
   326.725635973      0.150748213045E-33
   333.008821281      0.137534638001E-33
   339.292006588      0.174284261247E-33
   345.575191895      0.921288842350E-34
   351.858377202      0.126145800157E-33
   358.141562509      0.795889824421E-34
   364.424747816      0.720455253045E-34
   370.707933124      0.498857512847E-34
   376.991118431      0.352452523972E-34
   383.274303738      0.292130828536E-34
   389.557489045      0.258904239873E-34
   395.840674352      0.229069926604E-34
   402.123859659      0.531456730823E-34
   408.407044967      0.143864848001E-34
   414.690230274      0.115428895860E-34
   420.973415581      0.903201569183E-35
   427.256600888      0.785807991360E-35
   433.539786195      0.614184331163E-35
   439.822971503      0.509721085634E-35
   446.106156810      0.429152039582E-35
   452.389342117      0.428676884396E-35
   458.672527424      0.359762690664E-35
   464.955712731      0.316967606171E-35
   471.238898038      0.304702075734E-35
   477.522083346      0.308104230866E-35
   483.805268653      0.283613721653E-35
   490.088453960      0.295288670076E-35
   496.371639267      0.266068623005E-35
   502.654824574      0.289127859505E-35
   508.938009882      0.245173993181E-35
   515.221195189      0.245211663605E-35
   521.504380496      0.233359543641E-35
   527.787565803      0.188710630304E-35
   534.070751110      0.185156024113E-35
   540.353936417      0.159074173598E-35
   546.637121725      0.156531444770E-35
   552.920307032      0.155629243433E-35
   559.203492339      0.131268539173E-35
   565.486677646      0.141651658330E-35
   571.769862953      0.881753176051E-36
   578.053048261      0.753418659926E-36
   584.336233568      0.616865516520E-36
   590.619418875      0.560868951440E-36
   596.902604182      0.497969920939E-36
   603.185789489      0.435439275239E-36
   609.468974796      0.339214446532E-36
   615.752160104      0.319311600272E-36
   622.035345411      0.263975810979E-36
   628.318530718      0.241164147574E-36
   634.601716025      0.205955620070E-36
   640.884901332      0.188313311051E-36
   647.168086639      0.152691915905E-36
   653.451271947      0.106491126945E-36
   659.734457254      0.943737583325E-37
   666.017642561      0.782494339791E-37
   672.300827868      0.626188066428E-37
   678.584013175      0.315839895659E-37
   684.867198483      0.143048894282E-37
   691.150383790      0.141923250406E-37
   697.433569097      0.458691995666E-39
   6.28318530718      0.287514872594E-39
   12.5663706144      0.195843439277E-02
   18.8495559215      0.580892843058E-03
   25.1327412287      0.265350180344E-03
   31.4159265359      0.757587270327E-04
   37.6991118431      0.224072910402E-04
   43.9822971503      0.572860099273E-05
   50.2654824574      0.233673894536E-05
   56.5486677646      0.412023122086E-06
   62.8318530718      0.142115364778E-06
   69.1150383790      0.281530410164E-07
   75.3982236862      0.770579386394E-08
   81.6814089933      0.171647453188E-08
   87.9645943005      0.433263563470E-09
   94.2477796077      0.928698467805E-10
   100.530964915      0.227979480488E-10
   106.814150222      0.494063448156E-11
   113.097335529      0.116655946469E-11
   119.380520836      0.252598223723E-12
   125.663706144      0.577623311405E-13
   131.946891451      0.125976415301E-13
   138.230076758      0.281028009988E-14
   144.513262065      0.616517351265E-15
   150.796447372      0.135042195065E-15
   157.079632679      0.297086068328E-16
   163.362817987      0.642675446520E-17
   169.646003294      0.139137772859E-17
   175.929188601      0.300920344708E-18
   182.212373908      0.648885114233E-19
   188.495559215      0.139594926059E-19
   194.778744523      0.297580761914E-20
   201.061929830      0.640468148153E-21
   207.345115137      0.135531281197E-21
   213.628300444      0.289367186675E-22
   219.911485751      0.610505926850E-23
   226.194671058      0.128385337426E-23
   232.477856366      0.269188006842E-24
   238.761041673      0.551676847878E-25
   245.044226980      0.110978199059E-25
   251.327412287      0.204951702110E-26
   257.610597594      0.340955362948E-27
   263.893782902      0.428322370569E-28
   270.176968209      0.463938615168E-29
   276.460153516      0.520160121664E-32
   282.743338823      0.381536164241E-33
   289.026524130      0.269046272093E-33
   295.309709437      0.253355614494E-33
   301.592894745      0.241110643726E-33
   307.876080052      0.201974418785E-33
   314.159265359      0.211514872884E-33
   320.442450666      0.184606925649E-33
   326.725635973      0.150844898152E-33
   333.008821281      0.138367627077E-33
   339.292006588      0.174046635852E-33
   345.575191895      0.928768596079E-34
   351.858377202      0.125326865627E-33
   358.141562509      0.797136206616E-34
   364.424747816      0.724252237131E-34
   370.707933124      0.510674921832E-34
   376.991118431      0.356682091120E-34
   383.274303738      0.293251782500E-34
   389.557489045      0.249604385864E-34
   395.840674352      0.214384091669E-34
   402.123859659      0.350936959050E-34
   408.407044967      0.147127215694E-34
   414.690230274      0.118820883920E-34
   420.973415581      0.905131298355E-35
   427.256600888      0.790065968149E-35
   433.539786195      0.628306748937E-35
   439.822971503      0.521801960558E-35
   446.106156810      0.432898621872E-35
   452.389342117      0.420223772182E-35
   458.672527424      0.367898045832E-35
   464.955712731      0.382604213200E-35
   471.238898038      0.345330217453E-35
   477.522083346      0.313949298224E-35
   483.805268653      0.293229251308E-35
   490.088453960      0.296504658057E-35
   496.371639267      0.263897761070E-35
   502.654824574      0.272968096061E-35
   508.938009882      0.227094769069E-35
   515.221195189      0.219637466372E-35
   521.504380496      0.217998490026E-35
   527.787565803      0.190411942826E-35
   534.070751110      0.203925223481E-35
   540.353936417      0.182057508971E-35
   546.637121725      0.147349631769E-35
   552.920307032      0.158739006187E-35
   559.203492339      0.125851906433E-35
   565.486677646      0.133654031663E-35
   571.769862953      0.895502116418E-36
   578.053048261      0.763610668479E-36
   584.336233568      0.623837179988E-36
   590.619418875      0.576485714186E-36
   596.902604182      0.512817602157E-36
   603.185789489      0.434754624785E-36
   609.468974796      0.346511600259E-36
   615.752160104      0.328298969329E-36
   622.035345411      0.262563991880E-36
   628.318530718      0.245438497319E-36
   634.601716025      0.192287523746E-36
   640.884901332      0.163654740722E-36
   647.168086639      0.137056097982E-36
   653.451271947      0.870899584628E-37
   659.734457254      0.894951505829E-37
   666.017642561      0.833739630137E-37
   672.300827868      0.590102836069E-37
   678.584013175      0.369984687224E-37
   684.867198483      0.162470832304E-37
   691.150383790      0.111777619585E-37
   697.433569097      0.102577360738E-38
   6.28318530718      0.131965368613E-39
   12.5663706144      0.194448431146E-02
   18.8495559215      0.583123674029E-03
   25.1327412287      0.270400231783E-03
   31.4159265359      0.772591609795E-04
   37.6991118431      0.230847493362E-04
   43.9822971503      0.600147182890E-05
   50.2654824574      0.246361680451E-05
   56.5486677646      0.439255659930E-06
   62.8318530718      0.153628728132E-06
   69.1150383790      0.306488096995E-07
   75.3982236862      0.851002403719E-08
   81.6814089933      0.190243182584E-08
   87.9645943005      0.487640111136E-09
   94.2477796077      0.105375754302E-09
   100.530964915      0.261441917455E-10
   106.814150222      0.571844964103E-11
   113.097335529      0.136268495283E-11
   119.380520836      0.298115337668E-12
   125.663706144      0.688197996293E-13
   131.946891451      0.151546447324E-13
   138.230076758      0.341700020759E-14
   144.513262065      0.756208736068E-15
   150.796447372      0.167441134757E-15
   157.079632679      0.371565952581E-16
   163.362817987      0.812501744234E-17
   169.646003294      0.177679064261E-17
   175.929188601      0.388168396213E-18
   182.212373908      0.845318717625E-19
   188.495559215      0.183686604121E-19
   194.778744523      0.395756596187E-20
   201.061929830      0.859852623790E-21
   207.345115137      0.183939596558E-21
   213.628300444      0.396610215806E-22
   219.911485751      0.845838634160E-23
   226.194671058      0.179881796306E-23
   232.477856366      0.381541212062E-24
   238.761041673      0.793601591947E-25
   245.044226980      0.162572192014E-25
   251.327412287      0.310364501364E-26
   257.610597594      0.543213157300E-27
   263.893782902      0.746423781266E-28
   270.176968209      0.787927576126E-29
   276.460153516      0.193533728017E-31
   282.743338823      0.387773762518E-33
   289.026524130      0.272833675012E-33
   295.309709437      0.259102747822E-33
   301.592894745      0.242629841160E-33
   307.876080052      0.207178495972E-33
   314.159265359      0.210106892353E-33
   320.442450666      0.188020709680E-33
   326.725635973      0.151259058891E-33
   333.008821281      0.139733770670E-33
   339.292006588      0.176685156751E-33
   345.575191895      0.935492375628E-34
   351.858377202      0.127184805476E-33
   358.141562509      0.809683908858E-34
   364.424747816      0.718890083339E-34
   370.707933124      0.513700182121E-34
   376.991118431      0.371240962607E-34
   383.274303738      0.290368529244E-34
   389.557489045      0.254987751350E-34
   395.840674352      0.244178614546E-34
   402.123859659      0.244314959440E-34
   408.407044967      0.143621262288E-34
   414.690230274      0.117807723084E-34
   420.973415581      0.890963929777E-35
   427.256600888      0.790034754939E-35
   433.539786195      0.637402344804E-35
   439.822971503      0.525041032672E-35
   446.106156810      0.425233520662E-35
   452.389342117      0.420447257791E-35
   458.672527424      0.352131677699E-35
   464.955712731      0.346334567075E-35
   471.238898038      0.311407494824E-35
   477.522083346      0.316458249238E-35
   483.805268653      0.291009733090E-35
   490.088453960      0.310039856285E-35
   496.371639267      0.295686900408E-35
   502.654824574      0.245691272559E-35
   508.938009882      0.218848453150E-35
   515.221195189      0.208038623569E-35
   521.504380496      0.219236612975E-35
   527.787565803      0.188347433688E-35
   534.070751110      0.208706187228E-35
   540.353936417      0.160938308043E-35
   546.637121725      0.146864913526E-35
   552.920307032      0.158606729918E-35
   559.203492339      0.132871535256E-35
   565.486677646      0.127698728308E-35
   571.769862953      0.858017082645E-36
   578.053048261      0.756108107047E-36
   584.336233568      0.638295443068E-36
   590.619418875      0.599015364087E-36
   596.902604182      0.491453974527E-36
   603.185789489      0.439233845042E-36
   609.468974796      0.338401878718E-36
   615.752160104      0.336082550437E-36
   622.035345411      0.263012695984E-36
   628.318530718      0.231677855336E-36
   634.601716025      0.207285875612E-36
   640.884901332      0.168692707130E-36
   647.168086639      0.129502253231E-36
   653.451271947      0.107146619190E-36
   659.734457254      0.794542326650E-37
   666.017642561      0.827394140216E-37
   672.300827868      0.578446753982E-37
   678.584013175      0.352709322960E-37
   684.867198483      0.136142175319E-37
   691.150383790      0.990961561468E-38
   697.433569097      0.445188356888E-39
   6.28318530718      0.308001352323E-39
   12.5663706144      0.193058418225E-02
   18.8495559215      0.585255674755E-03
   25.1327412287      0.275452114897E-03
   31.4159265359      0.787693429912E-04
   37.6991118431      0.237671652202E-04
   43.9822971503      0.628214851936E-05
   50.2654824574      0.259516314066E-05
   56.5486677646      0.467768560573E-06
   62.8318530718      0.165873540141E-06
   69.1150383790      0.333207351677E-07
   75.3982236862      0.938364454329E-08
   81.6814089933      0.210496408505E-08
   87.9645943005      0.547817814754E-09
   94.2477796077      0.119316143744E-09
   100.530964915      0.299160687389E-10
   106.814150222      0.660290406476E-11
   113.097335529      0.158780557414E-11
   119.380520836      0.350865063326E-12
   125.663706144      0.817581609223E-13
   131.946891451      0.181745159996E-13
   138.230076758      0.414105518486E-14
   144.513262065      0.924377855009E-15
   150.796447372      0.206860125803E-15
   157.079632679      0.462968385980E-16
   163.362817987      0.102313821923E-16
   169.646003294      0.225952291814E-17
   175.929188601      0.498543790326E-18
   182.212373908      0.109626141617E-18
   188.495559215      0.240575394503E-19
   194.778744523      0.523752194944E-20
   201.061929830      0.114858824053E-20
   207.345115137      0.248330676124E-21
   213.628300444      0.540656537977E-22
   219.911485751      0.116526208822E-22
   226.194671058      0.250526528953E-23
   232.477856366      0.537309485346E-24
   238.761041673      0.113318341345E-24
   245.044226980      0.235992422920E-25
   251.327412287      0.463574508456E-26
   257.610597594      0.846875717336E-27
   263.893782902      0.125607635057E-27
   270.176968209      0.139462169125E-28
   276.460153516      0.477368095844E-31
   282.743338823      0.392114690973E-33
   289.026524130      0.276813251977E-33
   295.309709437      0.258340194867E-33
   301.592894745      0.245324635589E-33
   307.876080052      0.209597714110E-33
   314.159265359      0.211110389839E-33
   320.442450666      0.188983764787E-33
   326.725635973      0.152761275808E-33
   333.008821281      0.140549641071E-33
   339.292006588      0.178254381624E-33
   345.575191895      0.930305568419E-34
   351.858377202      0.128804432327E-33
   358.141562509      0.816863455935E-34
   364.424747816      0.731631342310E-34
   370.707933124      0.525125084861E-34
   376.991118431      0.370916102340E-34
   383.274303738      0.296693486320E-34
   389.557489045      0.248307947650E-34
   395.840674352      0.252204141252E-34
   402.123859659      0.241115394786E-34
   408.407044967      0.149404916291E-34
   414.690230274      0.117289223528E-34
   420.973415581      0.912920672366E-35
   427.256600888      0.833578543741E-35
   433.539786195      0.628651488930E-35
   439.822971503      0.521781443377E-35
   446.106156810      0.460448824367E-35
   452.389342117      0.433474963587E-35
   458.672527424      0.368072351521E-35
   464.955712731      0.345926058305E-35
   471.238898038      0.326539067045E-35
   477.522083346      0.330543397585E-35
   483.805268653      0.275443475892E-35
   490.088453960      0.292540710466E-35
   496.371639267      0.262520995502E-35
   502.654824574      0.273297989817E-35
   508.938009882      0.226670584338E-35
   515.221195189      0.209093383236E-35
   521.504380496      0.207329336930E-35
   527.787565803      0.207090499035E-35
   534.070751110      0.201435203143E-35
   540.353936417      0.176795864766E-35
   546.637121725      0.153382982363E-35
   552.920307032      0.159986743389E-35
   559.203492339      0.113996939892E-35
   565.486677646      0.152809061547E-35
   571.769862953      0.834522566786E-36
   578.053048261      0.755781836685E-36
   584.336233568      0.625861936054E-36
   590.619418875      0.567056154195E-36
   596.902604182      0.481870212030E-36
   603.185789489      0.441153346121E-36
   609.468974796      0.345848735359E-36
   615.752160104      0.324535574113E-36
   622.035345411      0.272511684699E-36
   628.318530718      0.237045053202E-36
   634.601716025      0.187519286176E-36
   640.884901332      0.168517197256E-36
   647.168086639      0.140833469454E-36
   653.451271947      0.967901105486E-37
   659.734457254      0.883354826507E-37
   666.017642561      0.799498068178E-37
   672.300827868      0.658642750804E-37
   678.584013175      0.385241250429E-37
   684.867198483      0.188911762177E-37
   691.150383790      0.953448538888E-38
   697.433569097      0.641273642759E-39
   6.28318530718      0.846592369529E-40
   12.5663706144      0.191673532770E-02
   18.8495559215      0.587289933512E-03
   25.1327412287      0.280503934794E-03
   31.4159265359      0.802894672507E-04
   37.6991118431      0.244541140226E-04
   43.9822971503      0.657061360937E-05
   50.2654824574      0.273143860622E-05
   56.5486677646      0.497590469257E-06
   62.8318530718      0.178881639568E-06
   69.1150383790      0.361777016404E-07
   75.3982236862      0.103312949867E-07
   81.6814089933      0.232520504369E-08
   87.9645943005      0.614299889730E-09
   94.2477796077      0.134824738734E-09
   100.530964915      0.341589332834E-10
   106.814150222      0.760631969826E-11
   113.097335529      0.184559701891E-11
   119.380520836      0.411835136943E-12
   125.663706144      0.968556335795E-13
   131.946891451      0.217304870131E-13
   138.230076758      0.500238938435E-14
   144.513262065      0.112616103339E-14
   150.796447372      0.254651393096E-15
   157.079632679      0.574728727982E-16
   163.362817987      0.128338593375E-16
   169.646003294      0.286169566553E-17
   175.929188601      0.637587165284E-18
   182.212373908      0.141542981722E-18
   188.495559215      0.313640488148E-19
   194.778744523      0.689827647053E-20
   201.061929830      0.152673244950E-20
   207.345115137      0.333542621847E-21
   213.628300444      0.733114339443E-22
   219.911485751      0.159644403267E-22
   226.194671058      0.346882844708E-23
   232.477856366      0.751971965417E-24
   238.761041673      0.160669867008E-24
   245.044226980      0.339710552914E-25
   251.327412287      0.684059710707E-26
   257.610597594      0.129558671438E-26
   263.893782902      0.204525795103E-27
   270.176968209      0.242438411046E-28
   276.460153516      0.105198187108E-30
   282.743338823      0.398752866755E-33
   289.026524130      0.282590782012E-33
   295.309709437      0.262379347035E-33
   301.592894745      0.247264149218E-33
   307.876080052      0.211010705440E-33
   314.159265359      0.215529780434E-33
   320.442450666      0.192166285334E-33
   326.725635973      0.154532612748E-33
   333.008821281      0.144364105638E-33
   339.292006588      0.181142005742E-33
   345.575191895      0.942327610874E-34
   351.858377202      0.129060229176E-33
   358.141562509      0.806413067732E-34
   364.424747816      0.720960322487E-34
   370.707933124      0.519319198677E-34
   376.991118431      0.366206969340E-34
   383.274303738      0.295840853535E-34
   389.557489045      0.257821580482E-34
   395.840674352      0.218070694479E-34
   402.123859659      0.259547603048E-34
   408.407044967      0.146979305981E-34
   414.690230274      0.116206850693E-34
   420.973415581      0.897307306524E-35
   427.256600888      0.831463701951E-35
   433.539786195      0.668512382612E-35
   439.822971503      0.529829640366E-35
   446.106156810      0.445543387532E-35
   452.389342117      0.444001612883E-35
   458.672527424      0.368650837258E-35
   464.955712731      0.346840311858E-35
   471.238898038      0.312189384105E-35
   477.522083346      0.321343173201E-35
   483.805268653      0.287462753891E-35
   490.088453960      0.281649413353E-35
   496.371639267      0.268960719416E-35
   502.654824574      0.255392744820E-35
   508.938009882      0.225841967249E-35
   515.221195189      0.208784015150E-35
   521.504380496      0.215900538459E-35
   527.787565803      0.182446292407E-35
   534.070751110      0.191314668379E-35
   540.353936417      0.163677841816E-35
   546.637121725      0.155176970336E-35
   552.920307032      0.158645246603E-35
   559.203492339      0.129655722607E-35
   565.486677646      0.162937052203E-35
   571.769862953      0.874958116491E-36
   578.053048261      0.756840582093E-36
   584.336233568      0.618073856857E-36
   590.619418875      0.557085925961E-36
   596.902604182      0.501966774962E-36
   603.185789489      0.408931695091E-36
   609.468974796      0.333748368883E-36
   615.752160104      0.328425977436E-36
   622.035345411      0.277675823593E-36
   628.318530718      0.237461700180E-36
   634.601716025      0.198740934580E-36
   640.884901332      0.180254384446E-36
   647.168086639      0.145582211183E-36
   653.451271947      0.101105798834E-36
   659.734457254      0.889331515108E-37
   666.017642561      0.795004939937E-37
   672.300827868      0.620607117944E-37
   678.584013175      0.425911090907E-37
   684.867198483      0.140471374380E-37
   691.150383790      0.124597172412E-37
   697.433569097      0.494273624587E-39
   6.28318530718      0.321193046097E-40
   12.5663706144      0.190293901378E-02
   18.8495559215      0.589227578423E-03
   25.1327412287      0.285553799561E-03
   31.4159265359      0.818197468720E-04
   37.6991118431      0.251451743779E-04
   43.9822971503      0.686683932894E-05
   50.2654824574      0.287250028060E-05
   56.5486677646      0.528749171888E-06
   62.8318530718      0.192685407394E-06
   69.1150383790      0.392288236068E-07
   75.3982236862      0.113578258918E-07
   81.6814089933      0.256434034901E-08
   87.9645943005      0.687622455666E-09
   94.2477796077      0.152044523015E-09
   100.530964915      0.389219642999E-10
   106.814150222      0.874215323236E-11
   113.097335529      0.214011963953E-11
   119.380520836      0.482124653224E-12
   125.663706144      0.114425084238E-12
   131.946891451      0.259056182708E-13
   138.230076758      0.602384402161E-14
   144.513262065      0.136749471491E-14
   150.796447372      0.312393537759E-15
   157.079632679      0.710893176176E-16
   163.362817987      0.160371824351E-16
   169.646003294      0.360987837267E-17
   175.929188601      0.812020157177E-18
   182.212373908      0.181962522616E-18
   188.495559215      0.407062182214E-19
   194.778744523      0.904303453442E-20
   201.061929830      0.201958982406E-20
   207.345115137      0.445741834793E-21
   213.628300444      0.988924140845E-22
   219.911485751      0.217535778045E-22
   226.194671058      0.477571699429E-23
   232.477856366      0.104606041586E-23
   238.761041673      0.226279532369E-24
   245.044226980      0.485170297823E-25
   251.327412287      0.998388250603E-26
   257.610597594      0.195268951747E-26
   263.893782902      0.325857900201E-27
   270.176968209      0.416708954428E-28
   276.460153516      0.208877784890E-30
   282.743338823      0.399145053501E-33
   289.026524130      0.281804913362E-33
   295.309709437      0.262132981977E-33
   301.592894745      0.249701809975E-33
   307.876080052      0.213459274992E-33
   314.159265359      0.213412451051E-33
   320.442450666      0.192865506054E-33
   326.725635973      0.153900234414E-33
   333.008821281      0.143407444547E-33
   339.292006588      0.180719569253E-33
   345.575191895      0.951647243804E-34
   351.858377202      0.129411496659E-33
   358.141562509      0.834643468373E-34
   364.424747816      0.732925847427E-34
   370.707933124      0.524372331224E-34
   376.991118431      0.371536058089E-34
   383.274303738      0.303769207809E-34
   389.557489045      0.255479938914E-34
   395.840674352      0.226900206114E-34
   402.123859659      0.254813756880E-34
   408.407044967      0.151311129045E-34
   414.690230274      0.116270713151E-34
   420.973415581      0.921673003949E-35
   427.256600888      0.833316279404E-35
   433.539786195      0.635075301589E-35
   439.822971503      0.551401240417E-35
   446.106156810      0.448549192814E-35
   452.389342117      0.441406264401E-35
   458.672527424      0.375937057496E-35
   464.955712731      0.359783933028E-35
   471.238898038      0.330195918094E-35
   477.522083346      0.317517355635E-35
   483.805268653      0.284963361544E-35
   490.088453960      0.295725912492E-35
   496.371639267      0.266327097469E-35
   502.654824574      0.275058347116E-35
   508.938009882      0.231157914708E-35
   515.221195189      0.214369527757E-35
   521.504380496      0.222694795081E-35
   527.787565803      0.190507823044E-35
   534.070751110      0.185672071997E-35
   540.353936417      0.151266301568E-35
   546.637121725      0.153495551468E-35
   552.920307032      0.208218033698E-35
   559.203492339      0.116846034757E-35
   565.486677646      0.119855713090E-35
   571.769862953      0.820188051226E-36
   578.053048261      0.749188850363E-36
   584.336233568      0.629786704075E-36
   590.619418875      0.575110490404E-36
   596.902604182      0.487333108914E-36
   603.185789489      0.448009268384E-36
   609.468974796      0.348992130958E-36
   615.752160104      0.330885597226E-36
   622.035345411      0.259239180983E-36
   628.318530718      0.223727198736E-36
   634.601716025      0.196476690310E-36
   640.884901332      0.170781106768E-36
   647.168086639      0.145018675802E-36
   653.451271947      0.107556889805E-36
   659.734457254      0.111966374285E-36
   666.017642561      0.750682137781E-37
   672.300827868      0.469634875212E-37
   678.584013175      0.316527584080E-37
   684.867198483      0.133292458277E-37
   691.150383790      0.112323425276E-37
   697.433569097      0.142942708003E-38
   6.28318530718      0.247338740380E-39
   12.5663706144      0.188919645101E-02
   18.8495559215      0.591069775560E-03
   25.1327412287      0.290599820939E-03
   31.4159265359      0.833604127280E-04
   37.6991118431      0.258399296045E-04
   43.9822971503      0.717078750148E-05
   50.2654824574      0.301840156720E-05
   56.5486677646      0.561271536282E-06
   62.8318530718      0.207317737418E-06
   69.1150383790      0.424834419570E-07
   75.3982236862      0.124683032309E-07
   81.6814089933      0.282360880565E-08
   87.9645943005      0.768355959037E-09
   94.2477796077      0.171128118225E-09
   100.530964915      0.442583932673E-10
   106.814150222      0.100250703154E-10
   113.097335529      0.247584968447E-11
   119.380520836      0.562953721121E-12
   125.663706144      0.134817473530E-12
   131.946891451      0.307938660047E-13
   138.230076758      0.723150063357E-14
   144.513262065      0.165521920812E-14
   150.796447372      0.381923341678E-15
   157.079632679      0.876211145532E-16
   163.362817987      0.199655324075E-16
   169.646003294      0.453586035278E-17
   175.929188601      0.102996438653E-17
   182.212373908      0.232934084083E-18
   188.495559215      0.525989251879E-19
   194.778744523      0.118001525063E-19
   201.061929830      0.265893436702E-20
   207.345115137      0.592748933737E-21
   213.628300444      0.132721743836E-21
   219.911485751      0.294852971654E-22
   226.194671058      0.653853559910E-23
   232.477856366      0.144666123654E-23
   238.761041673      0.316633037473E-24
   245.044226980      0.687780700055E-25
   251.327412287      0.144324575247E-25
   257.610597594      0.290320958695E-26
   263.893782902      0.510221932711E-27
   270.176968209      0.716296551886E-28
   276.460153516      0.376054746059E-30
   282.743338823      0.402967679017E-33
   289.026524130      0.290177803309E-33
   295.309709437      0.266796972292E-33
   301.592894745      0.252433458138E-33
   307.876080052      0.218789427610E-33
   314.159265359      0.222409495947E-33
   320.442450666      0.195780587527E-33
   326.725635973      0.156149313627E-33
   333.008821281      0.146064739196E-33
   339.292006588      0.183718764421E-33
   345.575191895      0.956919424079E-34
   351.858377202      0.133211712737E-33
   358.141562509      0.837927837741E-34
   364.424747816      0.758964589887E-34
   370.707933124      0.542671021695E-34
   376.991118431      0.376184328597E-34
   383.274303738      0.300334260290E-34
   389.557489045      0.254573024128E-34
   395.840674352      0.260004720957E-34
   402.123859659      0.295176499512E-34
   408.407044967      0.144554653853E-34
   414.690230274      0.120957533590E-34
   420.973415581      0.935896277753E-35
   427.256600888      0.822319021027E-35
   433.539786195      0.634562627543E-35
   439.822971503      0.518803273728E-35
   446.106156810      0.453396980717E-35
   452.389342117      0.422263504184E-35
   458.672527424      0.355175276837E-35
   464.955712731      0.340700269079E-35
   471.238898038      0.341867340672E-35
   477.522083346      0.322734914017E-35
   483.805268653      0.304050701569E-35
   490.088453960      0.293102865238E-35
   496.371639267      0.247510249166E-35
   502.654824574      0.250179892278E-35
   508.938009882      0.219696644109E-35
   515.221195189      0.223679540548E-35
   521.504380496      0.237884103703E-35
   527.787565803      0.183051203479E-35
   534.070751110      0.205427074750E-35
   540.353936417      0.161153330867E-35
   546.637121725      0.152200755185E-35
   552.920307032      0.153841453229E-35
   559.203492339      0.117982997033E-35
   565.486677646      0.122729656606E-35
   571.769862953      0.851019969057E-36
   578.053048261      0.723913141553E-36
   584.336233568      0.632390983680E-36
   590.619418875      0.584284889411E-36
   596.902604182      0.489145471364E-36
   603.185789489      0.432586174778E-36
   609.468974796      0.347413555865E-36
   615.752160104      0.319828251284E-36
   622.035345411      0.267800631229E-36
   628.318530718      0.225168188853E-36
   634.601716025      0.191968710566E-36
   640.884901332      0.169672883116E-36
   647.168086639      0.139552399257E-36
   653.451271947      0.983442772587E-37
   659.734457254      0.907592670650E-37
   666.017642561      0.814348627214E-37
   672.300827868      0.561060569782E-37
   678.584013175      0.343272120444E-37
   684.867198483      0.126198942254E-37
   691.150383790      0.813460932661E-38
   697.433569097      0.355091994968E-39
   6.28318530718      0.927676127536E-39
   12.5663706144      0.187550879560E-02
   18.8495559215      0.592817727074E-03
   25.1327412287      0.295640115008E-03
   31.4159265359      0.849117122059E-04
   37.6991118431      0.265379690777E-04
   43.9822971503      0.748240946910E-05
   50.2654824574      0.316919209789E-05
   56.5486677646      0.595183455579E-06
   62.8318530718      0.222812005419E-06
   69.1150383790      0.459511196445E-07
   75.3982236862      0.136680129663E-07
   81.6814089933      0.310430368816E-08
   87.9645943005      0.857106639438E-09
   94.2477796077      0.192238162935E-09
   100.530964915      0.502257391052E-10
   106.814150222      0.114710221591E-10
   113.097335529      0.285771229454E-11
   119.380520836      0.655673674294E-12
   125.663706144      0.158425550199E-12
   131.946891451      0.365012351190E-13
   138.230076758      0.865505505528E-14
   144.513262065      0.199719295497E-14
   150.796447372      0.465371101621E-15
   157.079632679      0.107623898650E-15
   163.362817987      0.247656261453E-16
   169.646003294      0.567753296824E-17
   175.929188601      0.130119456021E-17
   182.212373908      0.296947027933E-18
   188.495559215      0.676736300802E-19
   194.778744523      0.153285500853E-19
   201.061929830      0.348447992246E-20
   207.345115137      0.784434606338E-21
   213.628300444      0.177237098491E-21
   219.911485751      0.397582499897E-22
   226.194671058      0.890359049379E-23
   232.477856366      0.198930890390E-23
   238.761041673      0.440320737931E-24
   245.044226980      0.968220236898E-25
   251.327412287      0.206780170147E-25
   257.610597594      0.426308234386E-26
   263.893782902      0.785042561192E-27
   270.176968209      0.120671413487E-27
   276.460153516      0.627778976799E-30
   282.743338823      0.405246563393E-33
   289.026524130      0.288943413711E-33
   295.309709437      0.268104529884E-33
   301.592894745      0.255539431105E-33
   307.876080052      0.220833845945E-33
   314.159265359      0.220479391415E-33
   320.442450666      0.198593653463E-33
   326.725635973      0.158252150090E-33
   333.008821281      0.145877575366E-33
   339.292006588      0.184993147183E-33
   345.575191895      0.967753640562E-34
   351.858377202      0.131955786398E-33
   358.141562509      0.843240995033E-34
   364.424747816      0.752528180354E-34
   370.707933124      0.546381438047E-34
   376.991118431      0.381763858152E-34
   383.274303738      0.307999718663E-34
   389.557489045      0.264324239384E-34
   395.840674352      0.269157092054E-34
   402.123859659      0.256824941533E-34
   408.407044967      0.144988258494E-34
   414.690230274      0.117187810497E-34
   420.973415581      0.898587047311E-35
   427.256600888      0.797252696250E-35
   433.539786195      0.628552444506E-35
   439.822971503      0.540077913168E-35
   446.106156810      0.449360271684E-35
   452.389342117      0.425305233529E-35
   458.672527424      0.365856099584E-35
   464.955712731      0.328084744802E-35
   471.238898038      0.312737217643E-35
   477.522083346      0.309895623164E-35
   483.805268653      0.273260876235E-35
   490.088453960      0.283745875825E-35
   496.371639267      0.267852416502E-35
   502.654824574      0.258071732336E-35
   508.938009882      0.226577669015E-35
   515.221195189      0.215179717567E-35
   521.504380496      0.264294475850E-35
   527.787565803      0.187186222548E-35
   534.070751110      0.203659185943E-35
   540.353936417      0.168199716638E-35
   546.637121725      0.148022997491E-35
   552.920307032      0.153170963965E-35
   559.203492339      0.116277731956E-35
   565.486677646      0.140298269778E-35
   571.769862953      0.858609388000E-36
   578.053048261      0.749245115385E-36
   584.336233568      0.635478979280E-36
   590.619418875      0.557226014398E-36
   596.902604182      0.485734822844E-36
   603.185789489      0.433431962159E-36
   609.468974796      0.330978463824E-36
   615.752160104      0.330705363690E-36
   622.035345411      0.279227306075E-36
   628.318530718      0.235453330223E-36
   634.601716025      0.199253796452E-36
   640.884901332      0.170013298602E-36
   647.168086639      0.130446864303E-36
   653.451271947      0.988160052257E-37
   659.734457254      0.883589857218E-37
   666.017642561      0.791223176463E-37
   672.300827868      0.563260189697E-37
   678.584013175      0.321170713579E-37
   684.867198483      0.113064795212E-37
   691.150383790      0.912975163940E-38
   697.433569097      0.886771136829E-39
   6.28318530718      0.712153461648E-40
   12.5663706144      0.186187715062E-02
   18.8495559215      0.594472669374E-03
   25.1327412287      0.300672802848E-03
   31.4159265359      0.864739078970E-04
   37.6991118431      0.272388895920E-04
   43.9822971503      0.780164603439E-05
   50.2654824574      0.332491764526E-05
   56.5486677646      0.630509793961E-06
   62.8318530718      0.239202036914E-06
   69.1150383790      0.496416368399E-07
   75.3982236862      0.149624656186E-07
   81.6814089933      0.340777413537E-08
   87.9645943005      0.954518044747E-09
   94.2477796077      0.215547693098E-09
   100.530964915      0.568860500432E-10
   106.814150222      0.130973244899E-10
   113.097335529      0.329111631951E-11
   119.380520836      0.761777850169E-12
   125.663706144      0.185687803901E-12
   131.946891451      0.431470225023E-13
   138.230076758      0.103282235739E-13
   144.513262065      0.240241806293E-14
   150.796447372      0.565199765540E-15
   157.079632679      0.131745608193E-15
   163.362817987      0.306102060665E-16
   169.646003294      0.707989486400E-17
   175.929188601      0.163742989318E-17
   182.212373908      0.377013100758E-18
   188.495559215      0.867015489712E-19
   194.778744523      0.198241231153E-19
   201.061929830      0.454564070972E-20
   207.345115137      0.103319814224E-20
   213.628300444      0.235529390225E-21
   219.911485751      0.533388292565E-22
   226.194671058      0.120599794480E-22
   232.477856366      0.272037020484E-23
   238.761041673      0.608663349679E-24
   245.044226980      0.135397745553E-24
   251.327412287      0.293818811763E-25
   257.610597594      0.619116989809E-26
   263.893782902      0.118672955394E-26
   270.176968209      0.197694218014E-27
   276.460153516      0.989265459970E-30
   282.743338823      0.411391193690E-33
   289.026524130      0.292162965096E-33
   295.309709437      0.271671537858E-33
   301.592894745      0.257409346261E-33
   307.876080052      0.221142760328E-33
   314.159265359      0.220510425586E-33
   320.442450666      0.199136260140E-33
   326.725635973      0.157211170488E-33
   333.008821281      0.148650001502E-33
   339.292006588      0.188061267946E-33
   345.575191895      0.967030966003E-34
   351.858377202      0.132512451621E-33
   358.141562509      0.837717531807E-34
   364.424747816      0.751250647025E-34
   370.707933124      0.538493844558E-34
   376.991118431      0.377201509915E-34
   383.274303738      0.312351232707E-34
   389.557489045      0.265294107572E-34
   395.840674352      0.294124217550E-34
   402.123859659      0.271973768583E-34
   408.407044967      0.148835118827E-34
   414.690230274      0.118654517198E-34
   420.973415581      0.929421555015E-35
   427.256600888      0.846737144720E-35
   433.539786195      0.656195576023E-35
   439.822971503      0.540383966688E-35
   446.106156810      0.475672146986E-35
   452.389342117      0.434696616458E-35
   458.672527424      0.367606189120E-35
   464.955712731      0.335153738678E-35
   471.238898038      0.318011463748E-35
   477.522083346      0.298330527700E-35
   483.805268653      0.281131636878E-35
   490.088453960      0.288231350318E-35
   496.371639267      0.267073589071E-35
   502.654824574      0.274450080177E-35
   508.938009882      0.219526347912E-35
   515.221195189      0.218940344995E-35
   521.504380496      0.234988290539E-35
   527.787565803      0.188780951624E-35
   534.070751110      0.190554756488E-35
   540.353936417      0.163312098514E-35
   546.637121725      0.152562558885E-35
   552.920307032      0.163372586276E-35
   559.203492339      0.110985686862E-35
   565.486677646      0.125783582177E-35
   571.769862953      0.831014788617E-36
   578.053048261      0.742351180680E-36
   584.336233568      0.624726004728E-36
   590.619418875      0.565192635143E-36
   596.902604182      0.478603036013E-36
   603.185789489      0.424515314721E-36
   609.468974796      0.333505600127E-36
   615.752160104      0.324745511533E-36
   622.035345411      0.243757198526E-36
   628.318530718      0.229282599191E-36
   634.601716025      0.188517736415E-36
   640.884901332      0.162119703100E-36
   647.168086639      0.140526151083E-36
   653.451271947      0.947631017975E-37
   659.734457254      0.892857354119E-37
   666.017642561      0.736372999570E-37
   672.300827868      0.618748410147E-37
   678.584013175      0.290912434260E-37
   684.867198483      0.128230687180E-37
   691.150383790      0.111475508778E-37
   697.433569097      0.106938415345E-38
   6.28318530718      0.587837264934E-39
   12.5663706144      0.184830256719E-02
   18.8495559215      0.596035871335E-03
   25.1327412287      0.305696011222E-03
   31.4159265359      0.880472762228E-04
   37.6991118431      0.279422967092E-04
   43.9822971503      0.812842741889E-05
   50.2654824574      0.348562004253E-05
   56.5486677646      0.667274334772E-06
   62.8318530718      0.256522073558E-06
   69.1150383790      0.535649855335E-07
   75.3982236862      0.163574008700E-07
   81.6814089933      0.373542664089E-08
   87.9645943005      0.106127260131E-08
   94.2477796077      0.241240524230E-09
   100.530964915      0.643061524955E-10
   106.814150222      0.149227388015E-10
   113.097335529      0.378199101557E-11
   119.380520836      0.882912952001E-12
   125.663706144      0.217092687414E-12
   131.946891451      0.508651551886E-13
   138.230076758      0.122891829430E-13
   144.513262065      0.288117787179E-14
   150.796447372      0.684248153707E-15
   157.079632679      0.160739442365E-15
   163.362817987      0.377019697511E-16
   169.646003294      0.879619332860E-17
   175.929188601      0.205266841505E-17
   182.212373908      0.476761754392E-18
   188.495559215      0.110620752626E-18
   194.778744523      0.255273089442E-19
   201.061929830      0.590363002197E-20
   207.345115137      0.135454316454E-20
   213.628300444      0.311499161683E-21
   219.911485751      0.712033149451E-22
   226.194671058      0.162508434663E-22
   232.477856366      0.370002787581E-23
   238.761041673      0.836493879021E-24
   245.044226980      0.188137012811E-24
   251.327412287      0.414300584832E-25
   257.610597594      0.890056054454E-26
   263.893782902      0.176654177580E-26
   270.176968209      0.313845434390E-27
   276.460153516      0.148940893037E-29
   282.743338823      0.415538702807E-33
   289.026524130      0.295171747323E-33
   295.309709437      0.276116067203E-33
   301.592894745      0.258384572794E-33
   307.876080052      0.222006138651E-33
   314.159265359      0.224339435454E-33
   320.442450666      0.201659227326E-33
   326.725635973      0.161198233274E-33
   333.008821281      0.150739666245E-33
   339.292006588      0.188745400636E-33
   345.575191895      0.989801826130E-34
   351.858377202      0.132450348598E-33
   358.141562509      0.846015427848E-34
   364.424747816      0.747769017323E-34
   370.707933124      0.549838453771E-34
   376.991118431      0.380419228564E-34
   383.274303738      0.305873934255E-34
   389.557489045      0.270565451384E-34
   395.840674352      0.290203561159E-34
   402.123859659      0.244065217639E-34
   408.407044967      0.152117809730E-34
   414.690230274      0.120096973377E-34
   420.973415581      0.937964977806E-35
   427.256600888      0.860929726164E-35
   433.539786195      0.684978429661E-35
   439.822971503      0.539955407923E-35
   446.106156810      0.459426714111E-35
   452.389342117      0.450103993940E-35
   458.672527424      0.366089023519E-35
   464.955712731      0.345178270106E-35
   471.238898038      0.326249008894E-35
   477.522083346      0.318462426862E-35
   483.805268653      0.294936339065E-35
   490.088453960      0.280546137737E-35
   496.371639267      0.271545603453E-35
   502.654824574      0.263823038774E-35
   508.938009882      0.225779469430E-35
   515.221195189      0.224207817985E-35
   521.504380496      0.210946265199E-35
   527.787565803      0.190306930967E-35
   534.070751110      0.196184624624E-35
   540.353936417      0.154225162977E-35
   546.637121725      0.151333870494E-35
   552.920307032      0.160325025797E-35
   559.203492339      0.114786884895E-35
   565.486677646      0.130373182454E-35
   571.769862953      0.854461471230E-36
   578.053048261      0.747472221656E-36
   584.336233568      0.617638330306E-36
   590.619418875      0.575766138048E-36
   596.902604182      0.476913356176E-36
   603.185789489      0.424051002231E-36
   609.468974796      0.348307168697E-36
   615.752160104      0.322220438061E-36
   622.035345411      0.264455150239E-36
   628.318530718      0.243783361247E-36
   634.601716025      0.193772396810E-36
   640.884901332      0.178632234886E-36
   647.168086639      0.140530966973E-36
   653.451271947      0.976554265804E-37
   659.734457254      0.871958960135E-37
   666.017642561      0.822626082026E-37
   672.300827868      0.483828753224E-37
   678.584013175      0.299297013827E-37
   684.867198483      0.977002433373E-38
   691.150383790      0.114298762269E-37
   697.433569097      0.116864444911E-38
   6.28318530718      0.954522874044E-39
   12.5663706144      0.183478604570E-02
   18.8495559215      0.597508632546E-03
   25.1327412287      0.310707873243E-03
   31.4159265359      0.896321060048E-04
   37.6991118431      0.286478060885E-04
   43.9822971503      0.846267323833E-05
   50.2654824574      0.365133711161E-05
   56.5486677646      0.705499731169E-06
   62.8318530718      0.274806738209E-06
   69.1150383790      0.577313635350E-07
   75.3982236862      0.178587922150E-07
   81.6814089933      0.408872665411E-08
   87.9645943005      0.117809324613E-08
   94.2477796077      0.269511635909E-09
   100.530964915      0.725579069968E-10
   106.814150222      0.169675558684E-10
   113.097335529      0.433682468656E-11
   119.380520836      0.102089100907E-11
   125.663706144      0.253183119274E-12
   131.946891451      0.598056279985E-13
   138.230076758      0.145810459688E-13
   144.513262065      0.344518735650E-14
   150.796447372      0.825778557166E-15
   157.079632679      0.195478283332E-15
   163.362817987      0.462779811135E-16
   169.646003294      0.108892158040E-16
   175.929188601      0.256356910728E-17
   182.212373908      0.600550070280E-18
   188.495559215      0.140567732969E-18
   194.778744523      0.327319740563E-19
   201.061929830      0.763395155642E-20
   207.345115137      0.176776720809E-20
   213.628300444      0.410045804729E-21
   219.911485751      0.945893551159E-22
   226.194671058      0.217872493221E-22
   232.477856366      0.500599778836E-23
   238.761041673      0.114315079065E-23
   245.044226980      0.259822474854E-24
   251.327412287      0.579987015227E-25
   257.610597594      0.126791551699E-25
   263.893782902      0.259450506516E-26
   270.176968209      0.486041005618E-27
   276.460153516      0.216354695292E-29
   282.743338823      0.422545438243E-33
   289.026524130      0.299385829817E-33
   295.309709437      0.278101474515E-33
   301.592894745      0.262110778654E-33
   307.876080052      0.224219596881E-33
   314.159265359      0.228357489682E-33
   320.442450666      0.204300996318E-33
   326.725635973      0.163380305811E-33
   333.008821281      0.151345654258E-33
   339.292006588      0.192325351516E-33
   345.575191895      0.992755092735E-34
   351.858377202      0.136786269549E-33
   358.141562509      0.848342574793E-34
   364.424747816      0.755187436577E-34
   370.707933124      0.550733054548E-34
   376.991118431      0.386609623904E-34
   383.274303738      0.314469116580E-34
   389.557489045      0.272334052817E-34
   395.840674352      0.257516063306E-34
   402.123859659      0.241324265546E-34
   408.407044967      0.151242222515E-34
   414.690230274      0.123294478328E-34
   420.973415581      0.955213670246E-35
   427.256600888      0.830277720269E-35
   433.539786195      0.673307167323E-35
   439.822971503      0.527487766138E-35
   446.106156810      0.456705821271E-35
   452.389342117      0.436860178271E-35
   458.672527424      0.369199319843E-35
   464.955712731      0.332378961755E-35
   471.238898038      0.330747557459E-35
   477.522083346      0.324982366314E-35
   483.805268653      0.280741085693E-35
   490.088453960      0.293615216836E-35
   496.371639267      0.260514231968E-35
   502.654824574      0.284546333779E-35
   508.938009882      0.245084508791E-35
   515.221195189      0.242317038714E-35
   521.504380496      0.258653325033E-35
   527.787565803      0.184792417083E-35
   534.070751110      0.188090126751E-35
   540.353936417      0.165412011339E-35
   546.637121725      0.187455621755E-35
   552.920307032      0.157649241226E-35
   559.203492339      0.115621500504E-35
   565.486677646      0.125171922040E-35
   571.769862953      0.854636404308E-36
   578.053048261      0.728399693589E-36
   584.336233568      0.604406747406E-36
   590.619418875      0.563705322212E-36
   596.902604182      0.485645296056E-36
   603.185789489      0.415377600342E-36
   609.468974796      0.341086631098E-36
   615.752160104      0.331498485546E-36
   622.035345411      0.259154406399E-36
   628.318530718      0.243889567327E-36
   634.601716025      0.211006774334E-36
   640.884901332      0.180517063593E-36
   647.168086639      0.148319866273E-36
   653.451271947      0.994109496192E-37
   659.734457254      0.956822041373E-37
   666.017642561      0.768925430777E-37
   672.300827868      0.554925547372E-37
   678.584013175      0.310953592595E-37
   684.867198483      0.114705523613E-37
   691.150383790      0.101154739112E-37
   697.433569097      0.309803836677E-39
   6.28318530718      0.208757888720E-39
   12.5663706144      0.182132853705E-02
   18.8495559215      0.598892281595E-03
   25.1327412287      0.315706529056E-03
   31.4159265359      0.912286969803E-04
   37.6991118431      0.293550447954E-04
   43.9822971503      0.880429249454E-05
   50.2654824574      0.382210259918E-05
   56.5486677646      0.745207459365E-06
   62.8318530718      0.294090998719E-06
   69.1150383790      0.621511678123E-07
   75.3982236862      0.194728516656E-07
   81.6814089933      0.446920030605E-08
   87.9645943005      0.130574512868E-08
   94.2477796077      0.300567559338E-09
   100.530964915      0.817184712950E-10
   106.814150222      0.192536814887E-10
   113.097335529      0.496270533462E-11
   119.380520836      0.117770195113E-11
   125.663706144      0.294561278229E-12
   131.946891451      0.701360454681E-13
   138.230076758      0.172523744123E-13
   144.513262065      0.410775720055E-14
   150.796447372      0.993529015941E-15
   157.079632679      0.236970705781E-15
   163.362817987      0.566146069445E-16
   169.646003294      0.134327464963E-16
   175.929188601      0.318988720354E-17
   182.212373908      0.753589053397E-18
   188.495559215      0.177914031821E-18
   194.778744523      0.417958119223E-19
   201.061929830      0.982934400023E-20
   207.345115137      0.229678382991E-20
   213.628300444      0.537295315777E-21
   219.911485751      0.125058510320E-21
   226.194671058      0.290652216599E-22
   232.477856366      0.673811960094E-23
   238.761041673      0.155370122203E-23
   245.044226980      0.356715237472E-24
   251.327412287      0.806429592518E-25
   257.610597594      0.179116530738E-25
   263.893782902      0.376314138709E-26
   270.176968209      0.736998193580E-27
   276.460153516      0.297113401164E-29
   282.743338823      0.424069850709E-33
   289.026524130      0.303461792247E-33
   295.309709437      0.280201713360E-33
   301.592894745      0.263753893346E-33
   307.876080052      0.229156844089E-33
   314.159265359      0.233904227711E-33
   320.442450666      0.206064288907E-33
   326.725635973      0.166341733599E-33
   333.008821281      0.153134298289E-33
   339.292006588      0.192693106100E-33
   345.575191895      0.101014420877E-33
   351.858377202      0.137553185422E-33
   358.141562509      0.860882841417E-34
   364.424747816      0.771729261470E-34
   370.707933124      0.555079072055E-34
   376.991118431      0.394201266399E-34
   383.274303738      0.315930703400E-34
   389.557489045      0.279014703863E-34
   395.840674352      0.243959862492E-34
   402.123859659      0.235834208873E-34
   408.407044967      0.154082395108E-34
   414.690230274      0.119458455367E-34
   420.973415581      0.911723950457E-35
   427.256600888      0.822952770268E-35
   433.539786195      0.631273612843E-35
   439.822971503      0.540473060593E-35
   446.106156810      0.451071715390E-35
   452.389342117      0.406315634182E-35
   458.672527424      0.364078783266E-35
   464.955712731      0.331061226638E-35
   471.238898038      0.322076457100E-35
   477.522083346      0.316876471011E-35
   483.805268653      0.264566432291E-35
   490.088453960      0.279146309355E-35
   496.371639267      0.279829819161E-35
   502.654824574      0.277837792727E-35
   508.938009882      0.222287407870E-35
   515.221195189      0.218329180656E-35
   521.504380496      0.235916240882E-35
   527.787565803      0.194228148584E-35
   534.070751110      0.205464586576E-35
   540.353936417      0.162939901658E-35
   546.637121725      0.153002673961E-35
   552.920307032      0.168183479212E-35
   559.203492339      0.111706102643E-35
   565.486677646      0.131552069758E-35
   571.769862953      0.835466228834E-36
   578.053048261      0.759629273547E-36
   584.336233568      0.627575083994E-36
   590.619418875      0.553616045939E-36
   596.902604182      0.464007954269E-36
   603.185789489      0.418985269410E-36
   609.468974796      0.340215494202E-36
   615.752160104      0.331548217468E-36
   622.035345411      0.269268686834E-36
   628.318530718      0.237555142677E-36
   634.601716025      0.199077059002E-36
   640.884901332      0.173144151029E-36
   647.168086639      0.140257744503E-36
   653.451271947      0.969882984204E-37
   659.734457254      0.866477832305E-37
   666.017642561      0.839447798234E-37
   672.300827868      0.640780308498E-37
   678.584013175      0.315860418162E-37
   684.867198483      0.152027627975E-37
   691.150383790      0.146410158513E-37
   697.433569097      0.368767022082E-39
   6.28318530718      0.888445155047E-40
   12.5663706144      0.180793094391E-02
   18.8495559215      0.600188174386E-03
   25.1327412287      0.320690126516E-03
   31.4159265359      0.928373582701E-04
   37.6991118431      0.300636525869E-04
   43.9822971503      0.915318358438E-05
   50.2654824574      0.399794612104E-05
   56.5486677646      0.786417774585E-06
   62.8318530718      0.314410130480E-06
   69.1150383790      0.668349871051E-07
   75.3982236862      0.212060345192E-07
   81.6814089933      0.487843627440E-08
   87.9645943005      0.144503739111E-08
   94.2477796077      0.334626769039E-09
   100.530964915      0.918705707452E-10
   106.814150222      0.218047244318E-10
   113.097335529      0.566736338957E-11
   119.380520836      0.135552681432E-11
   125.663706144      0.341893701316E-12
   131.946891451      0.820432730874E-13
   138.230076758      0.203577309937E-13
   144.513262065      0.488397241034E-14
   150.796447372      0.119177058959E-14
   157.079632679      0.286378703945E-15
   163.362817987      0.690330251171E-16
   169.646003294      0.165132040088E-16
   175.929188601      0.395496839664E-17
   182.212373908      0.942088216932E-18
   188.495559215      0.224308587274E-18
   194.778744523      0.531524591038E-19
   201.061929830      0.126032473349E-19
   207.345115137      0.297109865674E-20
   213.628300444      0.700873310552E-21
   219.911485751      0.164571904042E-21
   226.194671058      0.385865114180E-22
   232.477856366      0.902403372872E-23
   238.761041673      0.210048111082E-23
   245.044226980      0.486960009640E-24
   251.327412287      0.111403722006E-24
   257.610597594      0.251062520480E-25
   263.893782902      0.539943686765E-26
   270.176968209      0.109774383129E-26
   276.460153516      0.349904578713E-29
   282.743338823      0.430829745761E-33
   289.026524130      0.306784145270E-33
   295.309709437      0.285066968223E-33
   301.592894745      0.268150442661E-33
   307.876080052      0.231237363871E-33
   314.159265359      0.232822034575E-33
   320.442450666      0.207796360530E-33
   326.725635973      0.166499233179E-33
   333.008821281      0.155199320692E-33
   339.292006588      0.197859543516E-33
   345.575191895      0.102350438350E-33
   351.858377202      0.136288995156E-33
   358.141562509      0.860993974696E-34
   364.424747816      0.795986571215E-34
   370.707933124      0.563848974933E-34
   376.991118431      0.407455271976E-34
   383.274303738      0.323709502927E-34
   389.557489045      0.285232432688E-34
   395.840674352      0.244805838727E-34
   402.123859659      0.251302726592E-34
   408.407044967      0.152345135463E-34
   414.690230274      0.120637375987E-34
   420.973415581      0.938711754311E-35
   427.256600888      0.843507871307E-35
   433.539786195      0.642555482424E-35
   439.822971503      0.541808138459E-35
   446.106156810      0.445656422150E-35
   452.389342117      0.424528098505E-35
   458.672527424      0.361447871641E-35
   464.955712731      0.339419993463E-35
   471.238898038      0.323742194267E-35
   477.522083346      0.300695777857E-35
   483.805268653      0.282398965114E-35
   490.088453960      0.273946800081E-35
   496.371639267      0.276387693278E-35
   502.654824574      0.270499707355E-35
   508.938009882      0.220815976797E-35
   515.221195189      0.217245484677E-35
   521.504380496      0.217410986677E-35
   527.787565803      0.188444212282E-35
   534.070751110      0.194567206002E-35
   540.353936417      0.167765439706E-35
   546.637121725      0.161165166062E-35
   552.920307032      0.159237942342E-35
   559.203492339      0.120379566211E-35
   565.486677646      0.127735947591E-35
   571.769862953      0.891287338738E-36
   578.053048261      0.763114935024E-36
   584.336233568      0.636273409965E-36
   590.619418875      0.560098089006E-36
   596.902604182      0.485664804727E-36
   603.185789489      0.426059646616E-36
   609.468974796      0.336021617648E-36
   615.752160104      0.348250578733E-36
   622.035345411      0.256441676368E-36
   628.318530718      0.228888601841E-36
   634.601716025      0.201771409976E-36
   640.884901332      0.185810068142E-36
   647.168086639      0.139794693539E-36
   653.451271947      0.102071061793E-36
   659.734457254      0.770741270184E-37
   666.017642561      0.740280518039E-37
   672.300827868      0.521031832974E-37
   678.584013175      0.327315174800E-37
   684.867198483      0.104462256601E-37
   691.150383790      0.105499324672E-37
   697.433569097      0.530232153231E-39
   6.28318530718      0.153985886316E-39
   12.5663706144      0.179459412195E-02
   18.8495559215      0.601397692496E-03
   25.1327412287      0.325656821889E-03
   31.4159265359      0.944584068035E-04
   37.6991118431      0.307732831678E-04
   43.9822971503      0.950923432552E-05
   50.2654824574      0.417889311491E-05
   56.5486677646      0.829149669790E-06
   62.8318530718      0.335799677790E-06
   69.1150383790      0.717935937415E-07
   75.3982236862      0.230650441942E-07
   81.6814089933      0.531808780153E-08
   87.9645943005      0.159682503601E-08
   94.2477796077      0.371920079943E-09
   100.530964915      0.103102776212E-09
   106.814150222      0.246460865806E-10
   113.097335529      0.645921658912E-11
   119.380520836      0.155675159746E-11
   125.663706144      0.395916697926E-12
   131.946891451      0.957352031146E-13
   138.230076758      0.239582723357E-13
   144.513262065      0.579088637944E-14
   150.796447372      0.142536994335E-14
   157.079632679      0.345037273486E-15
   163.362817987      0.839053532252E-16
   169.646003294      0.202314768945E-16
   175.929188601      0.488630811807E-17
   182.212373908      0.117342052958E-17
   188.495559215      0.281726513639E-18
   194.778744523      0.673255588125E-19
   201.061929830      0.160938675169E-19
   207.345115137      0.382696316729E-20
   213.628300444      0.910230869237E-21
   219.911485751      0.215581327065E-21
   226.194671058      0.509838481717E-22
   232.477856366      0.120261270619E-22
   238.761041673      0.282498965958E-23
   245.044226980      0.661103399172E-24
   251.327412287      0.152953479279E-24
   257.610597594      0.349349965308E-25
   263.893782902      0.767044455359E-26
   270.176968209      0.160921427219E-26
   276.460153516      0.423234815565E-29
   282.743338823      0.435576898743E-33
   289.026524130      0.309543531278E-33
   295.309709437      0.286865258511E-33
   301.592894745      0.273281788780E-33
   307.876080052      0.234953724096E-33
   314.159265359      0.237531761003E-33
   320.442450666      0.212466683385E-33
   326.725635973      0.168506239613E-33
   333.008821281      0.156782107194E-33
   339.292006588      0.196745254003E-33
   345.575191895      0.103308524124E-33
   351.858377202      0.140623190169E-33
   358.141562509      0.867448476073E-34
   364.424747816      0.769213136894E-34
   370.707933124      0.566285388006E-34
   376.991118431      0.394523268971E-34
   383.274303738      0.328398012785E-34
   389.557489045      0.296822225545E-34
   395.840674352      0.261973851867E-34
   402.123859659      0.294362502795E-34
   408.407044967      0.151343040044E-34
   414.690230274      0.118916993219E-34
   420.973415581      0.936980444967E-35
   427.256600888      0.847139871763E-35
   433.539786195      0.679464798633E-35
   439.822971503      0.519928092003E-35
   446.106156810      0.439711703446E-35
   452.389342117      0.421299028890E-35
   458.672527424      0.367780313438E-35
   464.955712731      0.354422538864E-35
   471.238898038      0.308344950603E-35
   477.522083346      0.304823402001E-35
   483.805268653      0.295392026920E-35
   490.088453960      0.283443878752E-35
   496.371639267      0.273357802089E-35
   502.654824574      0.258452897614E-35
   508.938009882      0.227398319710E-35
   515.221195189      0.217852077154E-35
   521.504380496      0.208767867524E-35
   527.787565803      0.179603873002E-35
   534.070751110      0.202419368976E-35
   540.353936417      0.163284847317E-35
   546.637121725      0.156158707932E-35
   552.920307032      0.150299092618E-35
   559.203492339      0.110647789810E-35
   565.486677646      0.120781433580E-35
   571.769862953      0.835495464063E-36
   578.053048261      0.716944011523E-36
   584.336233568      0.614868033920E-36
   590.619418875      0.547434646487E-36
   596.902604182      0.484276256490E-36
   603.185789489      0.438615223692E-36
   609.468974796      0.342702288208E-36
   615.752160104      0.346592405250E-36
   622.035345411      0.256271794573E-36
   628.318530718      0.238679852272E-36
   634.601716025      0.222450950104E-36
   640.884901332      0.194278324515E-36
   647.168086639      0.142341139272E-36
   653.451271947      0.904040706870E-37
   659.734457254      0.872088471875E-37
   666.017642561      0.814341029141E-37
   672.300827868      0.516167724723E-37
   678.584013175      0.314454825926E-37
   684.867198483      0.152921469467E-37
   691.150383790      0.158650335353E-37
   697.433569097      0.158875655748E-38
   6.28318530718      0.644138433963E-39
   12.5663706144      0.178131888119E-02
   18.8495559215      0.602522241553E-03
   25.1327412287      0.330604780543E-03
   31.4159265359      0.960921657036E-04
   37.6991118431      0.314836054163E-04
   43.9822971503      0.987232199936E-05
   50.2654824574      0.436496480172E-05
   56.5486677646      0.873420837254E-06
   62.8318530718      0.358295414090E-06
   69.1150383790      0.770379345794E-07
   75.3982236862      0.250568371367E-07
   81.6814089933      0.578987487862E-08
   87.9645943005      0.176201089208E-08
   94.2477796077      0.412691051461E-09
   100.530964915      0.115509789750E-09
   106.814150222      0.278050552712E-10
   113.097335529      0.734741708657E-11
   119.380520836      0.178398178906E-11
   125.663706144      0.457442092785E-12
   131.946891451      0.111442640526E-12
   138.230076758      0.281223847441E-13
   144.513262065      0.684773135546E-14
   150.796447372      0.169985758405E-14
   157.079632679      0.414475993481E-15
   163.362817987      0.101661448956E-15
   169.646003294      0.247049750831E-16
   175.929188601      0.601618249256E-17
   182.212373908      0.145630996382E-17
   188.495559215      0.352525097188E-18
   194.778744523      0.849450234303E-19
   201.061929830      0.204689240558E-19
   207.345115137      0.490873290397E-20
   213.628300444      0.117703171973E-20
   219.911485751      0.281138437958E-21
   226.194671058      0.670514444558E-22
   232.477856366      0.159500133050E-22
   238.761041673      0.378022978394E-23
   245.044226980      0.892735915582E-24
   251.327412287      0.208759434729E-24
   257.610597594      0.482774171604E-25
   263.893782902      0.107992455134E-25
   270.176968209      0.233020301614E-26
   276.460153516      0.526240730170E-29
   282.743338823      0.440720263274E-33
   289.026524130      0.311878338067E-33
   295.309709437      0.289389086876E-33
   301.592894745      0.276289503699E-33
   307.876080052      0.238113962121E-33
   314.159265359      0.239522401932E-33
   320.442450666      0.213056263923E-33
   326.725635973      0.169194482448E-33
   333.008821281      0.156803442166E-33
   339.292006588      0.198802940625E-33
   345.575191895      0.103277778446E-33
   351.858377202      0.140584764488E-33
   358.141562509      0.876260049979E-34
   364.424747816      0.785646210348E-34
   370.707933124      0.579306443138E-34
   376.991118431      0.402739865472E-34
   383.274303738      0.323153875665E-34
   389.557489045      0.290357232755E-34
   395.840674352      0.304855036607E-34
   402.123859659      0.239295501155E-34
   408.407044967      0.154988597692E-34
   414.690230274      0.119519375049E-34
   420.973415581      0.907181630130E-35
   427.256600888      0.809087563936E-35
   433.539786195      0.630742165021E-35
   439.822971503      0.518229413589E-35
   446.106156810      0.446687883930E-35
   452.389342117      0.429233708764E-35
   458.672527424      0.362175164436E-35
   464.955712731      0.350412856526E-35
   471.238898038      0.300121217444E-35
   477.522083346      0.332778333942E-35
   483.805268653      0.268315472437E-35
   490.088453960      0.271792701532E-35
   496.371639267      0.263912234570E-35
   502.654824574      0.263861210842E-35
   508.938009882      0.215659074183E-35
   515.221195189      0.212569907957E-35
   521.504380496      0.212832105025E-35
   527.787565803      0.193321512442E-35
   534.070751110      0.181665553274E-35
   540.353936417      0.169578811881E-35
   546.637121725      0.146266092854E-35
   552.920307032      0.163830546618E-35
   559.203492339      0.116463513176E-35
   565.486677646      0.114389174313E-35
   571.769862953      0.852421955789E-36
   578.053048261      0.738349860463E-36
   584.336233568      0.620496888487E-36
   590.619418875      0.549266907868E-36
   596.902604182      0.480707222178E-36
   603.185789489      0.424246081450E-36
   609.468974796      0.329417720296E-36
   615.752160104      0.303935850093E-36
   622.035345411      0.249350238552E-36
   628.318530718      0.219450351188E-36
   634.601716025      0.189002214478E-36
   640.884901332      0.170113217644E-36
   647.168086639      0.144637788410E-36
   653.451271947      0.945542754515E-37
   659.734457254      0.925767747011E-37
   666.017642561      0.832234129572E-37
   672.300827868      0.593878665117E-37
   678.584013175      0.266470334540E-37
   684.867198483      0.148258720119E-37
   691.150383790      0.103942170384E-37
   697.433569097      0.103014738089E-38
   6.28318530718      0.691196395699E-41
   12.5663706144      0.176810598722E-02
   18.8495559215      0.603563249662E-03
   25.1327412287      0.335532177669E-03
   31.4159265359      0.977389626400E-04
   37.6991118431      0.321943045765E-04
   43.9822971503      0.102423134111E-04
   50.2654824574      0.455617815554E-05
   56.5486677646      0.919247633050E-06
   62.8318530718      0.381933301121E-06
   69.1150383790      0.825791209909E-07
   75.3982236862      0.271886277980E-07
   81.6814089933      0.629558660822E-08
   87.9645943005      0.194154768851E-08
   94.2477796077      0.457196400384E-09
   100.530964915      0.129192738430E-09
   106.814150222      0.313108978487E-10
   113.097335529      0.834190086636E-11
   119.380520836      0.204005758760E-11
   125.663706144      0.527363311549E-12
   131.946891451      0.129421314997E-12
   138.230076758      0.329263648041E-13
   144.513262065      0.807614630949E-14
   150.796447372      0.202150209239E-14
   157.079632679      0.496442762191E-15
   163.362817987      0.122796436190E-15
   169.646003294      0.300699161998E-16
   175.929188601      0.738235803247E-17
   182.212373908      0.180104405392E-17
   188.495559215      0.439507860360E-18
   194.778744523      0.106765771191E-18
   201.061929830      0.259311747748E-19
   207.345115137      0.627046017710E-20
   213.628300444      0.151561043901E-20
   219.911485751      0.365025067952E-21
   226.194671058      0.877817571721E-22
   232.477856366      0.210548430699E-22
   238.761041673      0.503356218679E-23
   245.044226980      0.119927842363E-23
   251.327412287      0.283305758844E-24
   257.610597594      0.662832353588E-25
   263.893782902      0.150785387394E-25
   270.176968209      0.333633419894E-26
   276.460153516      0.660182491117E-29
   282.743338823      0.442771758656E-33
   289.026524130      0.313177203347E-33
   295.309709437      0.293548848392E-33
   301.592894745      0.279105701429E-33
   307.876080052      0.239678414774E-33
   314.159265359      0.244819427872E-33
   320.442450666      0.216755645200E-33
   326.725635973      0.172095771127E-33
   333.008821281      0.159555476389E-33
   339.292006588      0.202472060644E-33
   345.575191895      0.103663880771E-33
   351.858377202      0.143831741622E-33
   358.141562509      0.889226166539E-34
   364.424747816      0.795482756435E-34
   370.707933124      0.572890278221E-34
   376.991118431      0.408746494735E-34
   383.274303738      0.325149541564E-34
   389.557489045      0.279290235354E-34
   395.840674352      0.268409727988E-34
   402.123859659      0.255312163186E-34
   408.407044967      0.155957118012E-34
   414.690230274      0.125168760856E-34
   420.973415581      0.939307144457E-35
   427.256600888      0.846630364821E-35
   433.539786195      0.643155151887E-35
   439.822971503      0.520683400687E-35
   446.106156810      0.437048774793E-35
   452.389342117      0.436381959112E-35
   458.672527424      0.364334079017E-35
   464.955712731      0.331087537526E-35
   471.238898038      0.343038893187E-35
   477.522083346      0.320921049500E-35
   483.805268653      0.303049938118E-35
   490.088453960      0.291100730844E-35
   496.371639267      0.261004885773E-35
   502.654824574      0.264435473889E-35
   508.938009882      0.229336615738E-35
   515.221195189      0.235432696456E-35
   521.504380496      0.223587181185E-35
   527.787565803      0.205254033488E-35
   534.070751110      0.195073117584E-35
   540.353936417      0.160006600457E-35
   546.637121725      0.158443223380E-35
   552.920307032      0.164577810563E-35
   559.203492339      0.119471277613E-35
   565.486677646      0.116147494535E-35
   571.769862953      0.851172476468E-36
   578.053048261      0.744767235849E-36
   584.336233568      0.596991245945E-36
   590.619418875      0.553718419795E-36
   596.902604182      0.484777827827E-36
   603.185789489      0.410591981594E-36
   609.468974796      0.317630358326E-36
   615.752160104      0.320102715118E-36
   622.035345411      0.251863709761E-36
   628.318530718      0.240269486941E-36
   634.601716025      0.194720455286E-36
   640.884901332      0.171319143219E-36
   647.168086639      0.135221030445E-36
   653.451271947      0.109755996243E-36
   659.734457254      0.748695626593E-37
   666.017642561      0.715618000155E-37
   672.300827868      0.616594282496E-37
   678.584013175      0.366714811627E-37
   684.867198483      0.148393941222E-37
   691.150383790      0.110496842044E-37
   697.433569097      0.109489212159E-38
   6.28318530718      0.432679381390E-39
   12.5663706144      0.175495616249E-02
   18.8495559215      0.604522165850E-03
   25.1327412287      0.340437199000E-03
   31.4159265359      0.993991281519E-04
   37.6991118431      0.329050834118E-04
   43.9822971503      0.106190649674E-04
   50.2654824574      0.475254588231E-05
   56.5486677646      0.966645044517E-06
   62.8318530718      0.406749447090E-06
   69.1150383790      0.884284177985E-07
   75.3982236862      0.294678936813E-07
   81.6814089933      0.683708375608E-08
   87.9645943005      0.213644024983E-08
   94.2477796077      0.505706424767E-09
   100.530964915      0.144259476739E-09
   106.814150222      0.351949584799E-10
   113.097335529      0.945343955257E-11
   119.380520836      0.232806983955E-11
   125.663706144      0.606661823453E-12
   131.946891451      0.149954025191E-12
   138.230076758      0.384551468644E-13
   144.513262065      0.950042326226E-14
   150.796447372      0.239739071084E-14
   157.079632679      0.592929849467E-15
   163.362817987      0.147879013478E-15
   169.646003294      0.364838669504E-16
   175.929188601      0.902888760830E-17
   182.212373908      0.221971404782E-17
   188.495559215      0.545997616520E-18
   194.778744523      0.133689237522E-18
   201.061929830      0.327248223698E-19
   207.345115137      0.797775436492E-20
   213.628300444      0.194351266828E-20
   219.911485751      0.471908145170E-21
   226.194671058      0.114409504988E-21
   232.477856366      0.276657633574E-22
   238.761041673      0.667020555938E-23
   245.044226980      0.160295710289E-23
   251.327412287      0.382366044532E-24
   257.610597594      0.904475226228E-25
   263.893782902      0.208911841314E-25
   270.176968209      0.472785406268E-26
   276.460153516      0.791643627733E-29
   282.743338823      0.449550374984E-33
   289.026524130      0.317632642066E-33
   295.309709437      0.293852090628E-33
   301.592894745      0.284264978721E-33
   307.876080052      0.239684412118E-33
   314.159265359      0.246927299551E-33
   320.442450666      0.218301033283E-33
   326.725635973      0.175402224745E-33
   333.008821281      0.159123509346E-33
   339.292006588      0.203241772232E-33
   345.575191895      0.103720676623E-33
   351.858377202      0.141598637905E-33
   358.141562509      0.887989927766E-34
   364.424747816      0.792491701297E-34
   370.707933124      0.579669239542E-34
   376.991118431      0.403438194419E-34
   383.274303738      0.325959801682E-34
   389.557489045      0.268479819935E-34
   395.840674352      0.267375032474E-34
   402.123859659      0.288888746891E-34
   408.407044967      0.157683301632E-34
   414.690230274      0.121878103862E-34
   420.973415581      0.959081139236E-35
   427.256600888      0.853565124096E-35
   433.539786195      0.652699153981E-35
   439.822971503      0.524551967005E-35
   446.106156810      0.457169443306E-35
   452.389342117      0.433765060324E-35
   458.672527424      0.357798540661E-35
   464.955712731      0.344870301588E-35
   471.238898038      0.303048754720E-35
   477.522083346      0.299341453913E-35
   483.805268653      0.287614402849E-35
   490.088453960      0.271374733962E-35
   496.371639267      0.253643621644E-35
   502.654824574      0.263228109997E-35
   508.938009882      0.221016729338E-35
   515.221195189      0.231815097694E-35
   521.504380496      0.227057347801E-35
   527.787565803      0.181281614780E-35
   534.070751110      0.183455682721E-35
   540.353936417      0.169855310615E-35
   546.637121725      0.151416081482E-35
   552.920307032      0.168249394677E-35
   559.203492339      0.117549622710E-35
   565.486677646      0.124040250287E-35
   571.769862953      0.830303965182E-36
   578.053048261      0.744434801874E-36
   584.336233568      0.619799863327E-36
   590.619418875      0.544794978224E-36
   596.902604182      0.458945591647E-36
   603.185789489      0.409239026742E-36
   609.468974796      0.326715228859E-36
   615.752160104      0.319083669115E-36
   622.035345411      0.267386405434E-36
   628.318530718      0.213933098795E-36
   634.601716025      0.196942449963E-36
   640.884901332      0.177079897358E-36
   647.168086639      0.146278247677E-36
   653.451271947      0.103247137598E-36
   659.734457254      0.835988357824E-37
   666.017642561      0.782676124206E-37
   672.300827868      0.512946738771E-37
   678.584013175      0.287982348585E-37
   684.867198483      0.141037590716E-37
   691.150383790      0.801109664774E-38
   697.433569097      0.536108833677E-39
   6.28318530718      0.310886801244E-39
   12.5663706144      0.174187008764E-02
   18.8495559215      0.605400458543E-03
   25.1327412287      0.345318041552E-03
   31.4159265359      0.101072993948E-03
   37.6991118431      0.336156633195E-04
   43.9822971503      0.110024227707E-04
   50.2654824574      0.495407640741E-05
   56.5486677646      0.101562666075E-05
   62.8318530718      0.432780063900E-06
   69.1150383790      0.945972310702E-07
   75.3982236862      0.319023804511E-07
   81.6814089933      0.741630150199E-08
   87.9645943005      0.234774782349E-08
   94.2477796077      0.558505441265E-09
   100.530964915      0.160824898132E-09
   106.814150222      0.394907572835E-10
   113.097335529      0.106936947006E-10
   119.380520836      0.265137672227E-11
   125.663706144      0.696413956463E-12
   131.946891451      0.173352922079E-12
   138.230076758      0.448030795936E-13
   144.513262065      0.111477731805E-13
   150.796447372      0.283551666158E-14
   157.079632679      0.706202438463E-15
   163.362817987      0.177560604504E-15
   169.646003294      0.441285609616E-16
   175.929188601      0.110070007347E-16
   182.212373908      0.272648542666E-17
   188.495559215      0.675919519955E-18
   194.778744523      0.166787987876E-18
   201.061929830      0.411429148328E-19
   207.345115137      0.101099464558E-19
   213.628300444      0.248212919334E-20
   219.911485751      0.607523029712E-21
   226.194671058      0.148464223550E-21
   232.477856366      0.361889210116E-22
   238.761041673      0.879747163571E-23
   245.044226980      0.213199489935E-23
   251.327412287      0.513330883845E-24
   257.610597594      0.122694205858E-24
   263.893782902      0.287366361163E-25
   270.176968209      0.663683305197E-26
   276.460153516      0.939326010919E-29
   282.743338823      0.452874423192E-33
   289.026524130      0.320335622756E-33
   295.309709437      0.296593975038E-33
   301.592894745      0.284598304770E-33
   307.876080052      0.242115112348E-33
   314.159265359      0.246660252488E-33
   320.442450666      0.218905993976E-33
   326.725635973      0.174030636634E-33
   333.008821281      0.161129013398E-33
   339.292006588      0.205773168487E-33
   345.575191895      0.103837870003E-33
   351.858377202      0.146207879768E-33
   358.141562509      0.900845115196E-34
   364.424747816      0.826477711636E-34
   370.707933124      0.582661554771E-34
   376.991118431      0.415044989811E-34
   383.274303738      0.329500345726E-34
   389.557489045      0.291808148825E-34
   395.840674352      0.251241061347E-34
   402.123859659      0.282533038956E-34
   408.407044967      0.160699999941E-34
   414.690230274      0.123097165246E-34
   420.973415581      0.972900411740E-35
   427.256600888      0.869402208430E-35
   433.539786195      0.677938493090E-35
   439.822971503      0.544729882827E-35
   446.106156810      0.453775276699E-35
   452.389342117      0.408348457410E-35
   458.672527424      0.364110223884E-35
   464.955712731      0.340053808346E-35
   471.238898038      0.337618504973E-35
   477.522083346      0.302596688069E-35
   483.805268653      0.289546483110E-35
   490.088453960      0.297603125103E-35
   496.371639267      0.259793924757E-35
   502.654824574      0.265429958377E-35
   508.938009882      0.222899982114E-35
   515.221195189      0.217764656294E-35
   521.504380496      0.223255252171E-35
   527.787565803      0.181208855032E-35
   534.070751110      0.179335797353E-35
   540.353936417      0.164459080549E-35
   546.637121725      0.166658225304E-35
   552.920307032      0.152963602088E-35
   559.203492339      0.129132125577E-35
   565.486677646      0.132500520166E-35
   571.769862953      0.817749392930E-36
   578.053048261      0.705150906221E-36
   584.336233568      0.614563333693E-36
   590.619418875      0.565951348181E-36
   596.902604182      0.493832216856E-36
   603.185789489      0.452686162959E-36
   609.468974796      0.332885075113E-36
   615.752160104      0.314610024505E-36
   622.035345411      0.246228097485E-36
   628.318530718      0.240925726080E-36
   634.601716025      0.199188041976E-36
   640.884901332      0.176694896569E-36
   647.168086639      0.138801451415E-36
   653.451271947      0.993448490955E-37
   659.734457254      0.920454530048E-37
   666.017642561      0.839677650690E-37
   672.300827868      0.515870810221E-37
   678.584013175      0.331579725434E-37
   684.867198483      0.111188081702E-37
   691.150383790      0.109842696670E-37
   697.433569097      0.680461874079E-39
   6.28318530718      0.132138661800E-38
   12.5663706144      0.172884840278E-02
   18.8495559215      0.606199614077E-03
   25.1327412287      0.350172914378E-03
   31.4159265359      0.102760891185E-03
   37.6991118431      0.343257854015E-04
   43.9822971503      0.113922227323E-04
   50.2654824574      0.516077387229E-05
   56.5486677646      0.106620464619E-05
   62.8318530718      0.460061423534E-06
   69.1150383790      0.101097094677E-06
   75.3982236862      0.345001070954E-07
   81.6814089933      0.803525239709E-08
   87.9645943005      0.257658655301E-08
   94.2477796077      0.615892238696E-09
   100.530964915      0.179011256395E-09
   106.814150222      0.442340918650E-10
   113.097335529      0.120752746671E-10
   119.380520836      0.301362120131E-11
   125.663706144      0.797798101350E-12
   131.946891451      0.199961938508E-12
   138.230076758      0.520747539371E-13
   144.513262065      0.130486126249E-13
   150.796447372      0.334487358469E-14
   157.079632679      0.838829840306E-15
   163.362817987      0.212585413100E-15
   169.646003294      0.532130157714E-16
   175.929188601      0.133760967325E-16
   182.212373908      0.333790176195E-17
   188.495559215      0.833895192967E-18
   194.778744523      0.207333786534E-18
   201.061929830      0.515358718092E-19
   207.345115137      0.127625986908E-19
   213.628300444      0.315743790680E-20
   219.911485751      0.778889695278E-21
   226.194671058      0.191832709521E-21
   232.477856366      0.471294501550E-22
   238.761041673      0.115498713070E-22
   245.044226980      0.282206340548E-23
   251.327412287      0.685619406060E-24
   257.610597594      0.165497028855E-24
   263.893782902      0.392657825725E-25
   270.176968209      0.923532371604E-26
   276.460153516      0.112024949764E-28
   282.743338823      0.456865085192E-33
   289.026524130      0.323474461563E-33
   295.309709437      0.300574048174E-33
   301.592894745      0.289327271663E-33
   307.876080052      0.246360897001E-33
   314.159265359      0.248773419454E-33
   320.442450666      0.223325167865E-33
   326.725635973      0.176132869912E-33
   333.008821281      0.163432187662E-33
   339.292006588      0.206714507269E-33
   345.575191895      0.105879052178E-33
   351.858377202      0.145406493202E-33
   358.141562509      0.907747623870E-34
   364.424747816      0.818903568729E-34
   370.707933124      0.599892283016E-34
   376.991118431      0.418130381466E-34
   383.274303738      0.332088789288E-34
   389.557489045      0.280812348949E-34
   395.840674352      0.279376293399E-34
   402.123859659      0.261167511916E-34
   408.407044967      0.157953904389E-34
   414.690230274      0.125802598802E-34
   420.973415581      0.931048403705E-35
   427.256600888      0.853292771055E-35
   433.539786195      0.670892154126E-35
   439.822971503      0.526650217100E-35
   446.106156810      0.456810021044E-35
   452.389342117      0.429089203128E-35
   458.672527424      0.358209745142E-35
   464.955712731      0.356019837727E-35
   471.238898038      0.308968264079E-35
   477.522083346      0.312746827326E-35
   483.805268653      0.285034852403E-35
   490.088453960      0.274882536062E-35
   496.371639267      0.269633667511E-35
   502.654824574      0.240945399992E-35
   508.938009882      0.226240706138E-35
   515.221195189      0.217887153840E-35
   521.504380496      0.226324402706E-35
   527.787565803      0.190327969383E-35
   534.070751110      0.197618937669E-35
   540.353936417      0.162151361472E-35
   546.637121725      0.155736657779E-35
   552.920307032      0.151834702364E-35
   559.203492339      0.124192597745E-35
   565.486677646      0.130576583170E-35
   571.769862953      0.832048727805E-36
   578.053048261      0.731399471647E-36
   584.336233568      0.615013514084E-36
   590.619418875      0.566841631490E-36
   596.902604182      0.469641940332E-36
   603.185789489      0.427907994251E-36
   609.468974796      0.349244883112E-36
   615.752160104      0.327688186105E-36
   622.035345411      0.265710365290E-36
   628.318530718      0.228825222680E-36
   634.601716025      0.212955565839E-36
   640.884901332      0.188788754581E-36
   647.168086639      0.145810414636E-36
   653.451271947      0.104447314331E-36
   659.734457254      0.957588742083E-37
   666.017642561      0.812918183980E-37
   672.300827868      0.602707172216E-37
   678.584013175      0.315372851213E-37
   684.867198483      0.108555599778E-37
   691.150383790      0.104358351030E-37
   697.433569097      0.147569000431E-38
   6.28318530718      0.324587950127E-39
   12.5663706144      0.171589170876E-02
   18.8495559215      0.606921135230E-03
   25.1327412287      0.355000039334E-03
   31.4159265359      0.104463148736E-03
   37.6991118431      0.350352114894E-04
   43.9822971503      0.117882907020E-04
   50.2654824574      0.537263814006E-05
   56.5486677646      0.111838971730E-05
   62.8318530718      0.488629813687E-06
   69.1150383790      0.107939655509E-06
   75.3982236862      0.372693711284E-07
   81.6814089933      0.869602953339E-08
   87.9645943005      0.282413211018E-08
   94.2477796077      0.678180550911E-09
   100.530964915      0.198948497646E-09
   106.814150222      0.494631413721E-10
   113.097335529      0.136117941610E-10
   119.380520836      0.341874929422E-11
   125.663706144      0.912102322323E-12
   131.946891451      0.230159372799E-12
   138.230076758      0.603858849569E-13
   144.513262065      0.152368724055E-13
   150.796447372      0.393555750605E-14
   157.079632679      0.993719577178E-15
   163.362817987      0.253801448618E-15
   169.646003294      0.639769730885E-16
   175.929188601      0.162048498799E-16
   182.212373908      0.407322508537E-17
   188.495559215      0.102534909843E-17
   194.778744523      0.256829506618E-18
   201.061929830      0.643212672683E-19
   207.345115137      0.160504040233E-19
   213.628300444      0.400086837008E-20
   219.911485751      0.994566558987E-21
   226.194671058      0.246832939753E-21
   232.477856366      0.611129510450E-22
   238.761041673      0.150952948899E-22
   245.044226980      0.371804036460E-23
   251.327412287      0.911173078308E-24
   257.610597594      0.222026197299E-24
   263.893782902      0.533139717301E-25
   270.176968209      0.127482204800E-25
   276.460153516      0.137588314634E-28
   282.743338823      0.458078601676E-33
   289.026524130      0.328028546582E-33
   295.309709437      0.304231574760E-33
   301.592894745      0.296292772437E-33
   307.876080052      0.249654276661E-33
   314.159265359      0.253089522518E-33
   320.442450666      0.225857712354E-33
   326.725635973      0.177275750875E-33
   333.008821281      0.165052548396E-33
   339.292006588      0.207948932423E-33
   345.575191895      0.106272068339E-33
   351.858377202      0.146237797673E-33
   358.141562509      0.909547006527E-34
   364.424747816      0.817584444608E-34
   370.707933124      0.594377188969E-34
   376.991118431      0.405659011285E-34
   383.274303738      0.333295396188E-34
   389.557489045      0.307643676082E-34
   395.840674352      0.237393732521E-34
   402.123859659      0.248517674257E-34
   408.407044967      0.164385396781E-34
   414.690230274      0.122790377212E-34
   420.973415581      0.944631532222E-35
   427.256600888      0.839764000095E-35
   433.539786195      0.647457555353E-35
   439.822971503      0.519998094118E-35
   446.106156810      0.444731048419E-35
   452.389342117      0.417972641136E-35
   458.672527424      0.361753193060E-35
   464.955712731      0.331711294763E-35
   471.238898038      0.303261264933E-35
   477.522083346      0.295508566419E-35
   483.805268653      0.265401770318E-35
   490.088453960      0.287313249607E-35
   496.371639267      0.247237182655E-35
   502.654824574      0.281097624085E-35
   508.938009882      0.235934492943E-35
   515.221195189      0.209544281147E-35
   521.504380496      0.206752299264E-35
   527.787565803      0.179997496328E-35
   534.070751110      0.198881163441E-35
   540.353936417      0.156060172273E-35
   546.637121725      0.147462310406E-35
   552.920307032      0.151270887924E-35
   559.203492339      0.118478084668E-35
   565.486677646      0.129914239321E-35
   571.769862953      0.867446985962E-36
   578.053048261      0.742534007907E-36
   584.336233568      0.616207521751E-36
   590.619418875      0.566978473797E-36
   596.902604182      0.470641204908E-36
   603.185789489      0.402579647951E-36
   609.468974796      0.343023339230E-36
   615.752160104      0.310329377882E-36
   622.035345411      0.251640719910E-36
   628.318530718      0.224517080154E-36
   634.601716025      0.186812981016E-36
   640.884901332      0.155586519969E-36
   647.168086639      0.122030862923E-36
   653.451271947      0.952807232695E-37
   659.734457254      0.838801694254E-37
   666.017642561      0.822462822686E-37
   672.300827868      0.500805339830E-37
   678.584013175      0.334080518913E-37
   684.867198483      0.130918192803E-37
   691.150383790      0.100056248217E-37
   697.433569097      0.128384442646E-38
   6.28318530718      0.131398106151E-38
   12.5663706144      0.170300056846E-02
   18.8495559215      0.607566539788E-03
   25.1327412287      0.359797651871E-03
   31.4159265359      0.106180091449E-03
   37.6991118431      0.357437251199E-04
   43.9822971503      0.121904426164E-04
   50.2654824574      0.558966481038E-05
   56.5486677646      0.117219112248E-05
   62.8318530718      0.518521492730E-06
   69.1150383790      0.115136657252E-06
   75.3982236862      0.402187538137E-07
   81.6814089933      0.940080992863E-08
   87.9645943005      0.309162249998E-08
   94.2477796077      0.745699552397E-09
   100.530964915      0.220774603927E-09
   106.814150222      0.552185732171E-10
   113.097335529      0.153179365812E-10
   119.380520836      0.387102917618E-11
   125.663706144      0.104073239314E-11
   131.946891451      0.264360634762E-12
   138.230076758      0.698642502380E-13
   144.513262065      0.177503295856E-13
   150.796447372      0.461887676498E-14
   157.079632679      0.117415454236E-14
   163.362817987      0.302172590943E-15
   169.646003294      0.766946879890E-16
   175.929188601      0.195724362509E-16
   182.212373908      0.495481617292E-17
   188.495559215      0.125662841991E-17
   194.778744523      0.317045297113E-18
   201.061929830      0.799950255090E-19
   207.345115137      0.201105243784E-19
   213.628300444      0.505030596987E-20
   219.911485751      0.126494755415E-20
   226.194671058      0.316301231604E-21
   232.477856366      0.789110017174E-22
   238.761041673      0.196423845736E-22
   245.044226980      0.487614124187E-23
   251.327412287      0.120506656662E-23
   257.610597594      0.296312786570E-24
   263.893782902      0.719531403458E-25
   270.176968209      0.174666258101E-25
   276.460153516      0.163480216974E-28
   282.743338823      0.464592426524E-33
   289.026524130      0.330929208255E-33
   295.309709437      0.306906152406E-33
   301.592894745      0.299490297784E-33
   307.876080052      0.248629954681E-33
   314.159265359      0.253851661146E-33
   320.442450666      0.227116345374E-33
   326.725635973      0.179832006437E-33
   333.008821281      0.164424796831E-33
   339.292006588      0.207788230926E-33
   345.575191895      0.107608454577E-33
   351.858377202      0.149086035848E-33
   358.141562509      0.914669789639E-34
   364.424747816      0.808954439158E-34
   370.707933124      0.600976117299E-34
   376.991118431      0.414525809124E-34
   383.274303738      0.334811808862E-34
   389.557489045      0.321495808908E-34
   395.840674352      0.284100904419E-34
   402.123859659      0.245575367203E-34
   408.407044967      0.160872815197E-34
   414.690230274      0.125079270552E-34
   420.973415581      0.971992599970E-35
   427.256600888      0.854403999195E-35
   433.539786195      0.656185702505E-35
   439.822971503      0.540440221653E-35
   446.106156810      0.423349558977E-35
   452.389342117      0.433325735287E-35
   458.672527424      0.362125040003E-35
   464.955712731      0.338856617861E-35
   471.238898038      0.322967645685E-35
   477.522083346      0.327562528993E-35
   483.805268653      0.277121787035E-35
   490.088453960      0.278622529127E-35
   496.371639267      0.274046948406E-35
   502.654824574      0.257852223708E-35
   508.938009882      0.224992506100E-35
   515.221195189      0.213329365394E-35
   521.504380496      0.225876402039E-35
   527.787565803      0.186240550670E-35
   534.070751110      0.233422190031E-35
   540.353936417      0.159272850801E-35
   546.637121725      0.154269335224E-35
   552.920307032      0.155262700741E-35
   559.203492339      0.118131778073E-35
   565.486677646      0.144848710579E-35
   571.769862953      0.837289881204E-36
   578.053048261      0.740845231563E-36
   584.336233568      0.629048597774E-36
   590.619418875      0.581520841074E-36
   596.902604182      0.486841963434E-36
   603.185789489      0.420654335842E-36
   609.468974796      0.339565122206E-36
   615.752160104      0.322689163853E-36
   622.035345411      0.276175248982E-36
   628.318530718      0.217336331550E-36
   634.601716025      0.194944693790E-36
   640.884901332      0.158283780092E-36
   647.168086639      0.135496004587E-36
   653.451271947      0.962235607784E-37
   659.734457254      0.896310430511E-37
   666.017642561      0.842208069748E-37
   672.300827868      0.603500713493E-37
   678.584013175      0.320813771856E-37
   684.867198483      0.156169035248E-37
   691.150383790      0.987037365991E-38
   697.433569097      0.300218927201E-39
   6.28318530718      0.354470617494E-39
   12.5663706144      0.169017550810E-02
   18.8495559215      0.608137359128E-03
   25.1327412287      0.364564001832E-03
   31.4159265359      0.107912038394E-03
   37.6991118431      0.364511324598E-04
   43.9822971503      0.125984846645E-04
   50.2654824574      0.581184524353E-05
   56.5486677646      0.122761662512E-05
   62.8318530718      0.549772644131E-06
   69.1150383790      0.122699922616E-06
   75.3982236862      0.433571253888E-07
   81.6814089933      0.101518581267E-07
   87.9645943005      0.338036105223E-08
   94.2477796077      0.818794380317E-09
   100.530964915      0.244635949540E-09
   106.814150222      0.615436526496E-10
   113.097335529      0.172095192592E-10
   119.380520836      0.437507116522E-11
   125.663706144      0.118522027899E-11
   131.946891451      0.303021163229E-12
   138.230076758      0.806506877583E-13
   144.513262065      0.206309642694E-13
   150.796447372      0.540747035619E-14
   157.079632679      0.138383346026E-14
   163.362817987      0.358791768114E-15
   169.646003294      0.916790944434E-16
   175.929188601      0.235698925558E-16
   182.212373908      0.600855837696E-17
   188.495559215      0.153513780521E-17
   194.778744523      0.390059455961E-18
   201.061929830      0.991441926158E-19
   207.345115137      0.251064217923E-19
   213.628300444      0.635125406628E-20
   219.911485751      0.160260837190E-20
   226.194671058      0.403694613008E-21
   232.477856366      0.101471416636E-21
   238.761041673      0.254493399811E-22
   245.044226980      0.636649720966E-23
   251.327412287      0.158625107203E-23
   257.610597594      0.393461036146E-24
   263.893782902      0.965547224446E-25
   270.176968209      0.237672008602E-25
   276.460153516      0.183015108304E-28
   282.743338823      0.466671245809E-33
   289.026524130      0.332750121317E-33
   295.309709437      0.311412664996E-33
   301.592894745      0.304638963309E-33
   307.876080052      0.250683317217E-33
   314.159265359      0.255592365005E-33
   320.442450666      0.229974514093E-33
   326.725635973      0.182935974510E-33
   333.008821281      0.165493685555E-33
   339.292006588      0.210777916379E-33
   345.575191895      0.108406859153E-33
   351.858377202      0.150600891811E-33
   358.141562509      0.919476620724E-34
   364.424747816      0.821569193668E-34
   370.707933124      0.601238146620E-34
   376.991118431      0.422036033616E-34
   383.274303738      0.333796669002E-34
   389.557489045      0.296363788998E-34
   395.840674352      0.320604278811E-34
   402.123859659      0.237821576700E-34
   408.407044967      0.160899791439E-34
   414.690230274      0.126528684823E-34
   420.973415581      0.928603368628E-35
   427.256600888      0.842046012185E-35
   433.539786195      0.651876799457E-35
   439.822971503      0.539257257000E-35
   446.106156810      0.427842585913E-35
   452.389342117      0.439831953831E-35
   458.672527424      0.354024509557E-35
   464.955712731      0.335696316841E-35
   471.238898038      0.345661123176E-35
   477.522083346      0.333024025542E-35
   483.805268653      0.264525679127E-35
   490.088453960      0.272758546177E-35
   496.371639267      0.266731285282E-35
   502.654824574      0.261964072041E-35
   508.938009882      0.241207412392E-35
   515.221195189      0.208998830109E-35
   521.504380496      0.210232657672E-35
   527.787565803      0.194776554491E-35
   534.070751110      0.206784437168E-35
   540.353936417      0.170489587065E-35
   546.637121725      0.145013825131E-35
   552.920307032      0.168309422460E-35
   559.203492339      0.114820441473E-35
   565.486677646      0.113930352224E-35
   571.769862953      0.857115191239E-36
   578.053048261      0.718424952219E-36
   584.336233568      0.626502946940E-36
   590.619418875      0.569901316369E-36
   596.902604182      0.498138431213E-36
   603.185789489      0.437754797396E-36
   609.468974796      0.336700944159E-36
   615.752160104      0.307221471610E-36
   622.035345411      0.264246804788E-36
   628.318530718      0.216400653437E-36
   634.601716025      0.190903570502E-36
   640.884901332      0.175897572416E-36
   647.168086639      0.139198321830E-36
   653.451271947      0.100681643292E-36
   659.734457254      0.882679999768E-37
   666.017642561      0.798175148076E-37
   672.300827868      0.533790591912E-37
   678.584013175      0.316534214475E-37
   684.867198483      0.144448234487E-37
   691.150383790      0.122992382549E-37
   697.433569097      0.669888343242E-39
   6.28318530718      0.293118493188E-39
   12.5663706144      0.167741701846E-02
   18.8495559215      0.608635136835E-03
   25.1327412287      0.369297354275E-03
   31.4159265359      0.109659301120E-03
   37.6991118431      0.371572631755E-04
   43.9822971503      0.130122134722E-04
   50.2654824574      0.603916659380E-05
   56.5486677646      0.128467249000E-05
   62.8318530718      0.582419330441E-06
   69.1150383790      0.130641333919E-06
   75.3982236862      0.466936502612E-07
   81.6814089933      0.109515300110E-07
   87.9645943005      0.369171961414E-08
   94.2477796077      0.897826687028E-09
   100.530964915      0.270687671437E-09
   106.814150222      0.684843553993E-10
   113.097335529      0.193035617288E-10
   119.380520836      0.493584862797E-11
   125.663706144      0.134723308618E-11
   131.946891451      0.346639524944E-12
   138.230076758      0.929001563826E-13
   144.513262065      0.239253427133E-13
   150.796447372      0.631543516833E-14
   157.079632679      0.162691488531E-14
   163.362817987      0.424895323622E-15
   169.646003294      0.109286376449E-15
   175.929188601      0.283016179649E-16
   182.212373908      0.726432889806E-17
   188.495559215      0.186949043187E-17
   194.778744523      0.478304495860E-18
   201.061929830      0.122461464394E-18
   207.345115137      0.312322413885E-19
   213.628300444      0.795817468625E-20
   219.911485751      0.202270878240E-20
   226.194671058      0.513210648599E-21
   232.477856366      0.129953909198E-21
   238.761041673      0.328343979363E-22
   245.044226980      0.827619546647E-23
   251.327412287      0.207843553965E-23
   257.610597594      0.519909326341E-24
   263.893782902      0.128861548779E-24
   270.176968209      0.321362634373E-25
   276.460153516      0.214608084250E-28
   282.743338823      0.476702372375E-33
   289.026524130      0.336396759994E-33
   295.309709437      0.313768884457E-33
   301.592894745      0.309130799845E-33
   307.876080052      0.254254524473E-33
   314.159265359      0.258625018197E-33
   320.442450666      0.230956178989E-33
   326.725635973      0.183507505507E-33
   333.008821281      0.166347405719E-33
   339.292006588      0.213624756890E-33
   345.575191895      0.108422995990E-33
   351.858377202      0.150367251588E-33
   358.141562509      0.923663025471E-34
   364.424747816      0.829592781024E-34
   370.707933124      0.608767004471E-34
   376.991118431      0.418150202681E-34
   383.274303738      0.338945500559E-34
   389.557489045      0.298853586272E-34
   395.840674352      0.289413111732E-34
   402.123859659      0.270175336535E-34
   408.407044967      0.159867473532E-34
   414.690230274      0.126939929283E-34
   420.973415581      0.982416253350E-35
   427.256600888      0.860490193342E-35
   433.539786195      0.644775204939E-35
   439.822971503      0.537201037427E-35
   446.106156810      0.441105538073E-35
   452.389342117      0.427753009260E-35
   458.672527424      0.369481035725E-35
   464.955712731      0.324504386969E-35
   471.238898038      0.305361551956E-35
   477.522083346      0.296310646019E-35
   483.805268653      0.285116502175E-35
   490.088453960      0.290627140827E-35
   496.371639267      0.253683129228E-35
   502.654824574      0.250172788057E-35
   508.938009882      0.219788146077E-35
   515.221195189      0.219166849773E-35
   521.504380496      0.223965668596E-35
   527.787565803      0.184969417898E-35
   534.070751110      0.192643421275E-35
   540.353936417      0.162063786266E-35
   546.637121725      0.161432916742E-35
   552.920307032      0.161414555215E-35
   559.203492339      0.115731387224E-35
   565.486677646      0.170139246124E-35
   571.769862953      0.817725372733E-36
   578.053048261      0.704033010847E-36
   584.336233568      0.611518764180E-36
   590.619418875      0.551053042135E-36
   596.902604182      0.478469719274E-36
   603.185789489      0.406184111365E-36
   609.468974796      0.327729165125E-36
   615.752160104      0.316921001754E-36
   622.035345411      0.250388785094E-36
   628.318530718      0.219556572318E-36
   634.601716025      0.182418221467E-36
   640.884901332      0.167252921892E-36
   647.168086639      0.127118812493E-36
   653.451271947      0.900336900362E-37
   659.734457254      0.878097647004E-37
   666.017642561      0.819595626404E-37
   672.300827868      0.568592267378E-37
   678.584013175      0.285332863405E-37
   684.867198483      0.140570797732E-37
   691.150383790      0.161531587505E-37
   697.433569097      0.117163723553E-38
   6.28318530718      0.143211384032E-38
   12.5663706144      0.166472555616E-02
   18.8495559215      0.609061427336E-03
   25.1327412287      0.373995990314E-03
   31.4159265359      0.111422181912E-03
   37.6991118431      0.378619712475E-04
   43.9822971503      0.134314163040E-04
   50.2654824574      0.627161185229E-05
   56.5486677646      0.134336347288E-05
   62.8318530718      0.616497446976E-06
   69.1150383790      0.138972811912E-06
   75.3982236862      0.502377921465E-07
   81.6814089933      0.118022768251E-07
   87.9645943005      0.402714195769E-08
   94.2477796077      0.983175227380E-09
   100.530964915      0.299094055213E-09
   106.814150222      0.760894836543E-10
   113.097335529      0.216183571545E-10
   119.380520836      0.555871984966E-11
   125.663706144      0.152858250306E-11
   131.946891451      0.395760705467E-12
   138.230076758      0.106782862432E-12
   144.513262065      0.276850284183E-13
   150.796447372      0.735846263304E-14
   157.079632679      0.190806499637E-14
   163.362817987      0.501878654861E-15
   169.646003294      0.129920976203E-15
   175.929188601      0.338870306104E-16
   182.212373908      0.875652166792E-17
   188.495559215      0.226967696500E-17
   194.778744523      0.584618925573E-18
   201.061929830      0.150761666256E-18
   207.345115137      0.387178101661E-19
   213.628300444      0.993603047986E-20
   219.911485751      0.254345839078E-20
   226.194671058      0.649927143636E-21
   232.477856366      0.165772020691E-21
   238.761041673      0.421882186253E-22
   245.044226980      0.107129661063E-22
   251.327412287      0.271115699810E-23
   257.610597594      0.683739413280E-24
   263.893782902      0.171076342304E-24
   270.176968209      0.431848040119E-25
   276.460153516      0.254318244692E-28
   282.743338823      0.479411627059E-33
   289.026524130      0.340860652622E-33
   295.309709437      0.317877467798E-33
   301.592894745      0.310411467638E-33
   307.876080052      0.257565613332E-33
   314.159265359      0.261108201920E-33
   320.442450666      0.236015176708E-33
   326.725635973      0.185269548395E-33
   333.008821281      0.168693494138E-33
   339.292006588      0.216384996486E-33
   345.575191895      0.109416973575E-33
   351.858377202      0.153663123953E-33
   358.141562509      0.945427724504E-34
   364.424747816      0.839222067631E-34
   370.707933124      0.618517248880E-34
   376.991118431      0.421263371583E-34
   383.274303738      0.337415685717E-34
   389.557489045      0.291620359097E-34
   395.840674352      0.256109148249E-34
   402.123859659      0.262883916874E-34
   408.407044967      0.164664857773E-34
   414.690230274      0.128425599991E-34
   420.973415581      0.967880202810E-35
   427.256600888      0.847621929728E-35
   433.539786195      0.686187430202E-35
   439.822971503      0.530222490613E-35
   446.106156810      0.447666506315E-35
   452.389342117      0.437383780122E-35
   458.672527424      0.349623078610E-35
   464.955712731      0.336282729030E-35
   471.238898038      0.296351381236E-35
   477.522083346      0.308181413187E-35
   483.805268653      0.283194905856E-35
   490.088453960      0.293273264383E-35
   496.371639267      0.269697248329E-35
   502.654824574      0.262227451031E-35
   508.938009882      0.224978788163E-35
   515.221195189      0.210576132078E-35
   521.504380496      0.217414830458E-35
   527.787565803      0.176697782036E-35
   534.070751110      0.180371863923E-35
   540.353936417      0.162498137619E-35
   546.637121725      0.146743712565E-35
   552.920307032      0.148196298373E-35
   559.203492339      0.119120551197E-35
   565.486677646      0.122112500584E-35
   571.769862953      0.811290700607E-36
   578.053048261      0.718831023141E-36
   584.336233568      0.598564271673E-36
   590.619418875      0.549825014696E-36
   596.902604182      0.461530347848E-36
   603.185789489      0.425326838008E-36
   609.468974796      0.325156374060E-36
   615.752160104      0.321411116621E-36
   622.035345411      0.261677020105E-36
   628.318530718      0.222727386943E-36
   634.601716025      0.183512090512E-36
   640.884901332      0.169974543807E-36
   647.168086639      0.138148549157E-36
   653.451271947      0.955230568204E-37
   659.734457254      0.809163265067E-37
   666.017642561      0.723169920191E-37
   672.300827868      0.522963908544E-37
   678.584013175      0.327793751904E-37
   684.867198483      0.142816376469E-37
   691.150383790      0.106631042675E-37
   697.433569097      0.695180212727E-39
   6.28318530718      0.114366026812E-38
   12.5663706144      0.165210154492E-02
   18.8495559215      0.609417794557E-03
   25.1327412287      0.378658207970E-03
   31.4159265359      0.113200972057E-03
   37.6991118431      0.385651357239E-04
   43.9822971503      0.138558712838E-04
   50.2654824574      0.650915989912E-05
   56.5486677646      0.140369281351E-05
   62.8318530718      0.652042675328E-06
   69.1150383790      0.147706292771E-06
   75.3982236862      0.539993191107E-07
   81.6814089933      0.127066493897E-07
   87.9645943005      0.438814741574E-08
   94.2477796077      0.107523648541E-08
   100.530964915      0.330028938458E-09
   106.814150222      0.844107856846E-10
   113.097335529      0.241735470641E-10
   119.380520836      0.624945091500E-11
   125.663706144      0.173123475785E-11
   131.946891451      0.450979603642E-12
   138.230076758      0.122485456115E-12
   144.513262065      0.319670229904E-13
   150.796447372      0.855398533493E-14
   157.079632679      0.223250946235E-14
   163.362817987      0.591313209145E-15
   169.646003294      0.154041073106E-15
   175.929188601      0.404623912262E-16
   182.212373908      0.105246263136E-16
   188.495559215      0.274725409146E-17
   194.778744523      0.712305312859E-18
   201.061929830      0.185000395938E-18
   207.345115137      0.478343226620E-19
   213.628300444      0.123620521525E-19
   219.911485751      0.318665418749E-20
   226.194671058      0.819964588145E-21
   232.477856366      0.210642225807E-21
   238.761041673      0.539885012461E-22
   245.044226980      0.138095297515E-22
   251.327412287      0.352107243789E-23
   257.610597594      0.895063106614E-24
   263.893782902      0.225974043124E-24
   270.176968209      0.576960868735E-25
   276.460153516      0.314647080487E-28
   282.743338823      0.497307166009E-33
   289.026524130      0.341367259394E-33
   295.309709437      0.322615597410E-33
   301.592894745      0.314063491884E-33
   307.876080052      0.259168308457E-33
   314.159265359      0.261261374357E-33
   320.442450666      0.237432538293E-33
   326.725635973      0.188968861664E-33
   333.008821281      0.170670333418E-33
   339.292006588      0.218651205796E-33
   345.575191895      0.109819142039E-33
   351.858377202      0.153977060117E-33
   358.141562509      0.951042880591E-34
   364.424747816      0.853800964571E-34
   370.707933124      0.617897427478E-34
   376.991118431      0.429954198276E-34
   383.274303738      0.336511051376E-34
   389.557489045      0.298598207543E-34
   395.840674352      0.267615134429E-34
   402.123859659      0.280335626033E-34
   408.407044967      0.173360463557E-34
   414.690230274      0.129903540699E-34
   420.973415581      0.985803945852E-35
   427.256600888      0.862657168860E-35
   433.539786195      0.684669971199E-35
   439.822971503      0.533219691411E-35
   446.106156810      0.443295745554E-35
   452.389342117      0.409059450358E-35
   458.672527424      0.359984855603E-35
   464.955712731      0.370227019795E-35
   471.238898038      0.320162165554E-35
   477.522083346      0.345451919399E-35
   483.805268653      0.271057245813E-35
   490.088453960      0.275051061342E-35
   496.371639267      0.248554033712E-35
   502.654824574      0.268207300506E-35
   508.938009882      0.236380790237E-35
   515.221195189      0.217495986510E-35
   521.504380496      0.237236019465E-35
   527.787565803      0.183795276935E-35
   534.070751110      0.192258508639E-35
   540.353936417      0.154667680488E-35
   546.637121725      0.145842140071E-35
   552.920307032      0.172921435042E-35
   559.203492339      0.121401168940E-35
   565.486677646      0.116158698421E-35
   571.769862953      0.814558303295E-36
   578.053048261      0.741926027720E-36
   584.336233568      0.608547110544E-36
   590.619418875      0.583026471767E-36
   596.902604182      0.477854470143E-36
   603.185789489      0.417276877443E-36
   609.468974796      0.323727200552E-36
   615.752160104      0.309049700871E-36
   622.035345411      0.254563134357E-36
   628.318530718      0.217465028060E-36
   634.601716025      0.197269122281E-36
   640.884901332      0.176426020158E-36
   647.168086639      0.150003593711E-36
   653.451271947      0.931377695442E-37
   659.734457254      0.832457926226E-37
   666.017642561      0.710555335099E-37
   672.300827868      0.586778089961E-37
   678.584013175      0.269483982789E-37
   684.867198483      0.121343748143E-37
   691.150383790      0.882601203802E-38
   697.433569097      0.673633573573E-39
   6.28318530718      0.221092385302E-39
   12.5663706144      0.163954537678E-02
   18.8495559215      0.609705810611E-03
   25.1327412287      0.383282323048E-03
   31.4159265359      0.114995950128E-03
   37.6991118431      0.392666614142E-04
   43.9822971503      0.142853476334E-04
   50.2654824574      0.675178556501E-05
   56.5486677646      0.146566223194E-05
   62.8318530718      0.689090436861E-06
   69.1150383790      0.156853703132E-06
   75.3982236862      0.579883084764E-07
   81.6814089933      0.136673025038E-07
   87.9645943005      0.477633476020E-08
   94.2477796077      0.117442534528E-08
   100.530964915      0.363676133479E-09
   106.814150222      0.935030794734E-10
   113.097335529      0.269901995380E-10
   119.380520836      0.701423964932E-11
   125.663706144      0.195732112074E-11
   131.946891451      0.512944742146E-12
   138.230076758      0.140212301979E-12
   144.513262065      0.368342386982E-13
   150.796447372      0.992133417445E-14
   157.079632679      0.260608967671E-14
   163.362817987      0.694964929079E-15
   169.646003294      0.182164570111E-15
   175.929188601      0.481828072137E-16
   182.212373908      0.126138680154E-16
   188.495559215      0.331555444158E-17
   194.778744523      0.865195240396E-18
   201.061929830      0.226295062954E-18
   207.345115137      0.589007886731E-19
   213.628300444      0.153277593095E-19
   219.911485751      0.397829891474E-20
   226.194671058      0.103067426210E-20
   232.477856366      0.266641259745E-21
   238.761041673      0.688171679469E-22
   245.044226980      0.177287502953E-22
   251.327412287      0.455347709478E-23
   257.610597594      0.116646696282E-23
   263.893782902      0.297035305485E-24
   270.176968209      0.766563361766E-25
   276.460153516      0.391358096772E-28
   282.743338823      0.210980110044E-32
   289.026524130      0.345401099968E-33
   295.309709437      0.324748811475E-33
   301.592894745      0.316358714298E-33
   307.876080052      0.263262465457E-33
   314.159265359      0.265672464123E-33
   320.442450666      0.240829767689E-33
   326.725635973      0.192188411058E-33
   333.008821281      0.171139434165E-33
   339.292006588      0.219943706716E-33
   345.575191895      0.111852552536E-33
   351.858377202      0.154546589946E-33
   358.141562509      0.960413082910E-34
   364.424747816      0.843666601872E-34
   370.707933124      0.628573744506E-34
   376.991118431      0.423316356108E-34
   383.274303738      0.345852469196E-34
   389.557489045      0.288683869645E-34
   395.840674352      0.266878975942E-34
   402.123859659      0.266022415643E-34
   408.407044967      0.161215020381E-34
   414.690230274      0.130060763534E-34
   420.973415581      0.980557273906E-35
   427.256600888      0.860590919827E-35
   433.539786195      0.650410180793E-35
   439.822971503      0.546043071260E-35
   446.106156810      0.464428775689E-35
   452.389342117      0.418183338983E-35
   458.672527424      0.377390106519E-35
   464.955712731      0.340152006712E-35
   471.238898038      0.299570045026E-35
   477.522083346      0.315578888436E-35
   483.805268653      0.281310221773E-35
   490.088453960      0.271044170512E-35
   496.371639267      0.252318154684E-35
   502.654824574      0.249908524328E-35
   508.938009882      0.219521505868E-35
   515.221195189      0.193957092895E-35
   521.504380496      0.231358989834E-35
   527.787565803      0.211386493683E-35
   534.070751110      0.194505640075E-35
   540.353936417      0.154797117125E-35
   546.637121725      0.137254440571E-35
   552.920307032      0.146667681298E-35
   559.203492339      0.114848286575E-35
   565.486677646      0.125452962714E-35
   571.769862953      0.820999492246E-36
   578.053048261      0.712115340512E-36
   584.336233568      0.620445083908E-36
   590.619418875      0.571264234285E-36
   596.902604182      0.496515443567E-36
   603.185789489      0.424558402817E-36
   609.468974796      0.316585243673E-36
   615.752160104      0.314225855562E-36
   622.035345411      0.269358180297E-36
   628.318530718      0.235672845791E-36
   634.601716025      0.211615075699E-36
   640.884901332      0.167312598618E-36
   647.168086639      0.142780994773E-36
   653.451271947      0.979222682848E-37
   659.734457254      0.794247858290E-37
   666.017642561      0.854176834218E-37
   672.300827868      0.602305901103E-37
   678.584013175      0.388010874360E-37
   684.867198483      0.112010849176E-37
   691.150383790      0.138357256428E-37
   697.433569097      0.628657128103E-39
   6.28318530718      0.338683954255E-39
   12.5663706144      0.162705741331E-02
   18.8495559215      0.609927054494E-03
   25.1327412287      0.387866670029E-03
   31.4159265359      0.116807380284E-03
   37.6991118431      0.399664795186E-04
   43.9822971503      0.147196059302E-04
   50.2654824574      0.699945970239E-05
   56.5486677646      0.152927192826E-05
   62.8318530718      0.727675846352E-06
   69.1150383790      0.166426933113E-06
   75.3982236862      0.622151515468E-07
   81.6814089933      0.146869995106E-07
   87.9645943005      0.519338633491E-08
   94.2477796077      0.128117581154E-08
   100.530964915      0.400229871667E-09
   106.814150222      0.103424380774E-09
   113.097335529      0.300908910236E-10
   119.380520836      0.785974067169E-11
   125.663706144      0.220914898000E-11
   131.946891451      0.582362207620E-12
   138.230076758      0.160186827979E-12
   144.513262065      0.423560048155E-13
   150.796447372      0.114819067231E-13
   157.079632679      0.303532368162E-14
   163.362817987      0.814814245064E-15
   169.646003294      0.214875626954E-15
   175.929188601      0.572244313376E-16
   182.212373908      0.150759134352E-16
   188.495559215      0.398991984521E-17
   194.778744523      0.104772181359E-17
   201.061929830      0.275948571876E-18
   207.345115137      0.722913274137E-19
   213.628300444      0.189412637195E-19
   219.911485751      0.494931042236E-20
   226.194671058      0.129085556098E-20
   232.477856366      0.336272790342E-21
   238.761041673      0.873805094113E-22
   245.044226980      0.226697296117E-22
   251.327412287      0.586412155181E-23
   257.610597594      0.151355737497E-23
   263.893782902      0.388605066795E-24
   270.176968209      0.101310712777E-24
   276.460153516      0.496387129341E-28
   282.743338823      0.192962394822E-31
   289.026524130      0.348456091543E-33
   295.309709437      0.324523183621E-33
   301.592894745      0.319301070623E-33
   307.876080052      0.264766991132E-33
   314.159265359      0.271648938863E-33
   320.442450666      0.243867732792E-33
   326.725635973      0.194414979714E-33
   333.008821281      0.172124377992E-33
   339.292006588      0.222239020793E-33
   345.575191895      0.112708548887E-33
   351.858377202      0.157547262784E-33
   358.141562509      0.966185182421E-34
   364.424747816      0.855617041893E-34
   370.707933124      0.629170266140E-34
   376.991118431      0.431046433827E-34
   383.274303738      0.343233327004E-34
   389.557489045      0.297152225788E-34
   395.840674352      0.261354008620E-34
   402.123859659      0.281863789708E-34
   408.407044967      0.169006889803E-34
   414.690230274      0.132649202677E-34
   420.973415581      0.970227029133E-35
   427.256600888      0.911212967919E-35
   433.539786195      0.675020952391E-35
   439.822971503      0.527375716172E-35
   446.106156810      0.442435568535E-35
   452.389342117      0.417117622992E-35
   458.672527424      0.375414978594E-35
   464.955712731      0.333267608315E-35
   471.238898038      0.328220307767E-35
   477.522083346      0.325087061097E-35
   483.805268653      0.271252729827E-35
   490.088453960      0.275687332461E-35
   496.371639267      0.247008030371E-35
   502.654824574      0.260923578839E-35
   508.938009882      0.235300891419E-35
   515.221195189      0.238504452175E-35
   521.504380496      0.228560113048E-35
   527.787565803      0.187518321185E-35
   534.070751110      0.186223643219E-35
   540.353936417      0.165209604027E-35
   546.637121725      0.159047044701E-35
   552.920307032      0.157693004963E-35
   559.203492339      0.118417806498E-35
   565.486677646      0.120437840713E-35
   571.769862953      0.818512989485E-36
   578.053048261      0.716646932331E-36
   584.336233568      0.595602460575E-36
   590.619418875      0.549610781784E-36
   596.902604182      0.466922579661E-36
   603.185789489      0.411723572001E-36
   609.468974796      0.316431482813E-36
   615.752160104      0.315387266584E-36
   622.035345411      0.251845649698E-36
   628.318530718      0.222235900939E-36
   634.601716025      0.198402481596E-36
   640.884901332      0.168287187082E-36
   647.168086639      0.141908034781E-36
   653.451271947      0.101272637183E-36
   659.734457254      0.821089646544E-37
   666.017642561      0.832453168044E-37
   672.300827868      0.560664124294E-37
   678.584013175      0.296533517644E-37
   684.867198483      0.143732816118E-37
   691.150383790      0.131787475496E-37
   697.433569097      0.476249882941E-39
   6.28318530718      0.186350298988E-39
   12.5663706144      0.161463798678E-02
   18.8495559215      0.610083110813E-03
   25.1327412287      0.392409602978E-03
   31.4159265359      0.118635510591E-03
   37.6991118431      0.406645481915E-04
   43.9822971503      0.151583983822E-04
   50.2654824574      0.725214926590E-05
   56.5486677646      0.159452058571E-05
   62.8318530718      0.767833665926E-06
   69.1150383790      0.176437807215E-06
   75.3982236862      0.666905580949E-07
   81.6814089933      0.157686170062E-07
   87.9645943005      0.564107245507E-08
   94.2477796077      0.139594178400E-08
   100.530964915      0.439895272080E-09
   106.814150222      0.114236036073E-09
   113.097335529      0.334997919589E-10
   119.380520836      0.879309161467E-11
   125.663706144      0.248921352413E-11
   131.946891451      0.659999834979E-12
   138.230076758      0.182652958203E-12
   144.513262065      0.486086100090E-13
   150.796447372      0.132593474647E-13
   157.079632679      0.352747212886E-14
   163.362817987      0.953077719487E-15
   169.646003294      0.252831783243E-15
   175.929188601      0.677868702206E-16
   182.212373908      0.179696483111E-16
   188.495559215      0.478796001167E-17
   194.778744523      0.126500043535E-17
   201.061929830      0.335475923158E-18
   207.345115137      0.884433982000E-19
   213.628300444      0.233298883984E-19
   219.911485751      0.613633286758E-20
   226.194671058      0.161100616024E-20
   232.477856366      0.422544711740E-21
   238.761041673      0.110532656799E-21
   245.044226980      0.288749566653E-22
   251.327412287      0.752136232482E-23
   257.610597594      0.195560746389E-23
   263.893782902      0.506085586814E-24
   270.176968209      0.133221766399E-24
   276.460153516      0.638417281426E-28
   282.743338823      0.780129318992E-31
   289.026524130      0.350600437793E-33
   295.309709437      0.328972359678E-33
   301.592894745      0.325315648895E-33
   307.876080052      0.268666056539E-33
   314.159265359      0.272009202663E-33
   320.442450666      0.246819508853E-33
   326.725635973      0.193647304178E-33
   333.008821281      0.175706516668E-33
   339.292006588      0.225652728365E-33
   345.575191895      0.113002508205E-33
   351.858377202      0.158894310903E-33
   358.141562509      0.972149786258E-34
   364.424747816      0.852580119839E-34
   370.707933124      0.639971373508E-34
   376.991118431      0.431255058525E-34
   383.274303738      0.348803368805E-34
   389.557489045      0.307811955222E-34
   395.840674352      0.241200155568E-34
   402.123859659      0.328852124301E-34
   408.407044967      0.163709028389E-34
   414.690230274      0.127968291537E-34
   420.973415581      0.962890832478E-35
   427.256600888      0.855541912677E-35
   433.539786195      0.696342750056E-35
   439.822971503      0.573978092865E-35
   446.106156810      0.455397463856E-35
   452.389342117      0.421130878293E-35
   458.672527424      0.361901619322E-35
   464.955712731      0.319818652170E-35
   471.238898038      0.317442186196E-35
   477.522083346      0.306785932704E-35
   483.805268653      0.286562654649E-35
   490.088453960      0.263651708178E-35
   496.371639267      0.273507315828E-35
   502.654824574      0.249786275432E-35
   508.938009882      0.222221738956E-35
   515.221195189      0.196831683574E-35
   521.504380496      0.221407676329E-35
   527.787565803      0.187809369883E-35
   534.070751110      0.202252897353E-35
   540.353936417      0.156128850034E-35
   546.637121725      0.147825473408E-35
   552.920307032      0.154753161902E-35
   559.203492339      0.120941688463E-35
   565.486677646      0.118089441012E-35
   571.769862953      0.798639853605E-36
   578.053048261      0.681576954356E-36
   584.336233568      0.590573924738E-36
   590.619418875      0.545647190715E-36
   596.902604182      0.457397799392E-36
   603.185789489      0.406128833309E-36
   609.468974796      0.331983507496E-36
   615.752160104      0.313640470793E-36
   622.035345411      0.250807604005E-36
   628.318530718      0.216621204282E-36
   634.601716025      0.185947514985E-36
   640.884901332      0.159015506337E-36
   647.168086639      0.143743538709E-36
   653.451271947      0.842263579609E-37
   659.734457254      0.834179849340E-37
   666.017642561      0.654724156397E-37
   672.300827868      0.541149339103E-37
   678.584013175      0.368884404879E-37
   684.867198483      0.139929556521E-37
   691.150383790      0.116407492236E-37
   697.433569097      0.897335360880E-39
   6.28318530718      0.299610802942E-39
   12.5663706144      0.160228740143E-02
   18.8495559215      0.610175568527E-03
   25.1327412287      0.396909496466E-03
   31.4159265359      0.120480571381E-03
   37.6991118431      0.413608530383E-04
   43.9822971503      0.156014691222E-04
   50.2654824574      0.750981740228E-05
   56.5486677646      0.166140537732E-05
   62.8318530718      0.809598259499E-06
   69.1150383790      0.186898053066E-06
   75.3982236862      0.714255605653E-07
   81.6814089933      0.169151496635E-07
   87.9645943005      0.612125608383E-08
   94.2477796077      0.151919789268E-08
   100.530964915      0.482888837102E-09
   106.814150222      0.126002860998E-09
   113.097335529      0.372427564038E-10
   119.380520836      0.982194056704E-11
   125.663706144      0.280021006461E-11
   131.946891451      0.746691651606E-12
   138.230076758      0.207876634855E-12
   144.513262065      0.556758832163E-13
   150.796447372      0.152797406772E-13
   157.079632679      0.409060965310E-14
   163.362817987      0.111223145442E-14
   169.646003294      0.296771718272E-15
   175.929188601      0.800958189130E-16
   182.212373908      0.213620327790E-16
   188.495559215      0.572983888342E-17
   194.778744523      0.152291862165E-17
   201.061929830      0.406634024795E-18
   207.345115137      0.107867066211E-18
   213.628300444      0.286431375005E-19
   219.911485751      0.758266199791E-20
   226.194671058      0.200360924802E-20
   232.477856366      0.529058519038E-21
   238.761041673      0.139302903442E-21
   245.044226980      0.366387050852E-22
   251.327412287      0.960869854967E-23
   257.610597594      0.251633445599E-23
   263.893782902      0.656173452883E-24
   270.176968209      0.174333628172E-24
   276.460153516      0.833092258449E-28
   282.743338823      0.219287444728E-30
   289.026524130      0.351340401273E-33
   295.309709437      0.331370182757E-33
   301.592894745      0.325409107950E-33
   307.876080052      0.270062589582E-33
   314.159265359      0.270286060303E-33
   320.442450666      0.250705219479E-33
   326.725635973      0.197225223510E-33
   333.008821281      0.175510476960E-33
   339.292006588      0.228283269682E-33
   345.575191895      0.113850027832E-33
   351.858377202      0.159104251964E-33
   358.141562509      0.978419026992E-34
   364.424747816      0.869505791215E-34
   370.707933124      0.631613504844E-34
   376.991118431      0.428928693111E-34
   383.274303738      0.347863366850E-34
   389.557489045      0.291947141928E-34
   395.840674352      0.253651225018E-34
   402.123859659      0.300355449324E-34
   408.407044967      0.171121370046E-34
   414.690230274      0.133898707765E-34
   420.973415581      0.955989335208E-35
   427.256600888      0.866370984765E-35
   433.539786195      0.686243256846E-35
   439.822971503      0.566717451203E-35
   446.106156810      0.433225676172E-35
   452.389342117      0.429085961825E-35
   458.672527424      0.367821373371E-35
   464.955712731      0.313240512400E-35
   471.238898038      0.303543030351E-35
   477.522083346      0.294228777219E-35
   483.805268653      0.262507903160E-35
   490.088453960      0.281258580221E-35
   496.371639267      0.250243691327E-35
   502.654824574      0.261429890079E-35
   508.938009882      0.210606051414E-35
   515.221195189      0.204379525810E-35
   521.504380496      0.197897634475E-35
   527.787565803      0.191552757025E-35
   534.070751110      0.173620365582E-35
   540.353936417      0.155909810890E-35
   546.637121725      0.135648380320E-35
   552.920307032      0.171695665477E-35
   559.203492339      0.116953903204E-35
   565.486677646      0.129668107965E-35
   571.769862953      0.823030282888E-36
   578.053048261      0.705584090730E-36
   584.336233568      0.603177308628E-36
   590.619418875      0.552209581988E-36
   596.902604182      0.487666240342E-36
   603.185789489      0.430442293360E-36
   609.468974796      0.318114814132E-36
   615.752160104      0.303954019274E-36
   622.035345411      0.255921512275E-36
   628.318530718      0.230350832933E-36
   634.601716025      0.194781314894E-36
   640.884901332      0.163570454488E-36
   647.168086639      0.135813630662E-36
   653.451271947      0.973450810764E-37
   659.734457254      0.794581854325E-37
   666.017642561      0.742141812778E-37
   672.300827868      0.580879390863E-37
   678.584013175      0.375106486138E-37
   684.867198483      0.130396233825E-37
   691.150383790      0.104113334386E-37
   697.433569097      0.785605942459E-39
   6.28318530718      0.376283271307E-39
   12.5663706144      0.159000593451E-02
   18.8495559215      0.610206019710E-03
   25.1327412287      0.401364746516E-03
   31.4159265359      0.122342773628E-03
   37.6991118431      0.420554075417E-04
   43.9822971503      0.160485545205E-04
   50.2654824574      0.777242354958E-05
   56.5486677646      0.172992197594E-05
   62.8318530718      0.853003547883E-06
   69.1150383790      0.197819267915E-06
   75.3982236862      0.764315179259E-07
   81.6814089933      0.181297151401E-07
   87.9645943005      0.663589779527E-08
   94.2477796077      0.165144039839E-08
   100.530964915      0.529438978377E-09
   106.814150222      0.138793284802E-09
   113.097335529      0.413474159004E-10
   119.380520836      0.109544747984E-10
   125.663706144      0.314504703661E-11
   131.946891451      0.843342598322E-12
   138.230076758      0.236147435646E-12
   144.513262065      0.636498156702E-13
   150.796447372      0.175718167806E-13
   157.079632679      0.473370206417E-14
   163.362817987      0.129503638324E-14
   169.646003294      0.347523698825E-15
   175.929188601      0.944059389644E-16
   182.212373908      0.253290409963E-16
   188.495559215      0.683859108685E-17
   194.778744523      0.182823570017E-17
   201.061929830      0.491455033109E-18
   207.345115137      0.131155410769E-18
   213.628300444      0.350560563915E-19
   219.911485751      0.933929779299E-20
   226.194671058      0.248346244603E-20
   232.477856366      0.660112300287E-21
   238.761041673      0.174927421825E-21
   245.044226980      0.463168142161E-22
   251.327412287      0.122277498276E-22
   257.610597594      0.322480015727E-23
   263.893782902      0.847124110049E-24
   270.176968209      0.227066071238E-24
   276.460153516      0.109062781657E-27
   282.743338823      0.542589117505E-30
   289.026524130      0.355683205320E-33
   295.309709437      0.335177933501E-33
   301.592894745      0.330871899122E-33
   307.876080052      0.272423148861E-33
   314.159265359      0.272319476810E-33
   320.442450666      0.253395633936E-33
   326.725635973      0.201301187839E-33
   333.008821281      0.176395411533E-33
   339.292006588      0.228994783534E-33
   345.575191895      0.112976640055E-33
   351.858377202      0.161452042399E-33
   358.141562509      0.988033816787E-34
   364.424747816      0.869567382527E-34
   370.707933124      0.648076302675E-34
   376.991118431      0.448503075138E-34
   383.274303738      0.352332585890E-34
   389.557489045      0.299392060033E-34
   395.840674352      0.290770657724E-34
   402.123859659      0.248875525462E-34
   408.407044967      0.171273753980E-34
   414.690230274      0.128587798751E-34
   420.973415581      0.961452739748E-35
   427.256600888      0.841847614577E-35
   433.539786195      0.688097971928E-35
   439.822971503      0.536729068000E-35
   446.106156810      0.425230980343E-35
   452.389342117      0.407327176072E-35
   458.672527424      0.351817615091E-35
   464.955712731      0.323300649045E-35
   471.238898038      0.335963252911E-35
   477.522083346      0.288931499665E-35
   483.805268653      0.292959132011E-35
   490.088453960      0.259847381655E-35
   496.371639267      0.238274822451E-35
   502.654824574      0.239490975027E-35
   508.938009882      0.225218709296E-35
   515.221195189      0.205230880102E-35
   521.504380496      0.213540495076E-35
   527.787565803      0.179667661359E-35
   534.070751110      0.199054877960E-35
   540.353936417      0.156671080999E-35
   546.637121725      0.151199375542E-35
   552.920307032      0.154716302136E-35
   559.203492339      0.105927327950E-35
   565.486677646      0.125343494504E-35
   571.769862953      0.804485473578E-36
   578.053048261      0.694018774085E-36
   584.336233568      0.590106163096E-36
   590.619418875      0.533608886750E-36
   596.902604182      0.464611073780E-36
   603.185789489      0.409488920949E-36
   609.468974796      0.311400451594E-36
   615.752160104      0.300920042826E-36
   622.035345411      0.259621995170E-36
   628.318530718      0.217537732197E-36
   634.601716025      0.192466392776E-36
   640.884901332      0.174634448290E-36
   647.168086639      0.142434761874E-36
   653.451271947      0.946139053901E-37
   659.734457254      0.773178731037E-37
   666.017642561      0.720888552814E-37
   672.300827868      0.574417396710E-37
   678.584013175      0.294771894049E-37
   684.867198483      0.162447391613E-37
   691.150383790      0.948965227615E-38
   697.433569097      0.273129564471E-39
   6.28318530718      0.431842534143E-39
   12.5663706144      0.157779383750E-02
   18.8495559215      0.610176058335E-03
   25.1327412287      0.405773771555E-03
   31.4159265359      0.124222307373E-03
   37.6991118431      0.427482534178E-04
   43.9822971503      0.164993835146E-04
   50.2654824574      0.803992354560E-05
   56.5486677646      0.180006456781E-05
   62.8318530718      0.898082964767E-06
   69.1150383790      0.209212882865E-06
   75.3982236862      0.817201191073E-07
   81.6814089933      0.194155590306E-07
   87.9645943005      0.718706103127E-08
   94.2477796077      0.179318816453E-08
   100.530964915      0.579786576541E-09
   106.814150222      0.152679501597E-09
   113.097335529      0.458432778039E-10
   119.380520836      0.121994508258E-10
   125.663706144      0.352685971791E-11
   131.946891451      0.950933545192E-12
   138.230076758      0.267780293386E-12
   144.513262065      0.726312269399E-13
   150.796447372      0.201671730533E-13
   157.079632679      0.546668979975E-14
   163.362817987      0.150456557557E-14
   169.646003294      0.406014771178E-15
   175.929188601      0.111003998742E-15
   182.212373908      0.299566922466E-16
   188.495559215      0.814047108323E-17
   194.778744523      0.218869330376E-17
   201.061929830      0.592283569387E-18
   207.345115137      0.158996193888E-18
   213.628300444      0.427730243796E-19
   219.911485751      0.114661389247E-19
   226.194671058      0.306805341932E-20
   232.477856366      0.820819128820E-21
   238.761041673      0.218885936452E-21
   245.044226980      0.583380990641E-22
   251.327412287      0.155017579440E-22
   257.610597594      0.411649040918E-23
   263.893782902      0.108908987233E-23
   270.176968209      0.294416610086E-24
   276.460153516      0.142254757360E-27
   282.743338823      0.107539984202E-29
   289.026524130      0.357499115772E-33
   295.309709437      0.339467155188E-33
   301.592894745      0.333949667357E-33
   307.876080052      0.274908264627E-33
   314.159265359      0.275678400118E-33
   320.442450666      0.252716489560E-33
   326.725635973      0.199022621793E-33
   333.008821281      0.177668705636E-33
   339.292006588      0.229736154012E-33
   345.575191895      0.115473765538E-33
   351.858377202      0.161685445965E-33
   358.141562509      0.975884628923E-34
   364.424747816      0.869877454897E-34
   370.707933124      0.646541390164E-34
   376.991118431      0.431369493117E-34
   383.274303738      0.350636244859E-34
   389.557489045      0.327259374973E-34
   395.840674352      0.289799554835E-34
   402.123859659      0.284638492546E-34
   408.407044967      0.165962958172E-34
   414.690230274      0.132802861857E-34
   420.973415581      0.969556661150E-35
   427.256600888      0.848349589766E-35
   433.539786195      0.675762052694E-35
   439.822971503      0.573623554651E-35
   446.106156810      0.429041399596E-35
   452.389342117      0.396749306651E-35
   458.672527424      0.373976577963E-35
   464.955712731      0.362569999076E-35
   471.238898038      0.311345357591E-35
   477.522083346      0.295622596505E-35
   483.805268653      0.271809279388E-35
   490.088453960      0.263915979561E-35
   496.371639267      0.246462739312E-35
   502.654824574      0.269127546550E-35
   508.938009882      0.208445896019E-35
   515.221195189      0.210923469811E-35
   521.504380496      0.212530385050E-35
   527.787565803      0.189003321992E-35
   534.070751110      0.185815655639E-35
   540.353936417      0.153445252922E-35
   546.637121725      0.187507299581E-35
   552.920307032      0.163940529376E-35
   559.203492339      0.118527129763E-35
   565.486677646      0.115638377901E-35
   571.769862953      0.775705862443E-36
   578.053048261      0.683054347355E-36
   584.336233568      0.580841128340E-36
   590.619418875      0.546891384524E-36
   596.902604182      0.450659673195E-36
   603.185789489      0.409188373471E-36
   609.468974796      0.322778127474E-36
   615.752160104      0.310217725060E-36
   622.035345411      0.260951598168E-36
   628.318530718      0.219332507458E-36
   634.601716025      0.173786893199E-36
   640.884901332      0.162266426120E-36
   647.168086639      0.126733245302E-36
   653.451271947      0.928502140131E-37
   659.734457254      0.864091256151E-37
   666.017642561      0.825122352749E-37
   672.300827868      0.533075710320E-37
   678.584013175      0.306119157629E-37
   684.867198483      0.130411113375E-37
   691.150383790      0.108091971179E-37
   697.433569097      0.440213272281E-39
   6.28318530718      0.487227176096E-40
   12.5663706144      0.156565133719E-02
   18.8495559215      0.610087279070E-03
   25.1327412287      0.410135013383E-03
   31.4159265359      0.126119340185E-03
   37.6991118431      0.434394608987E-04
   43.9822971503      0.169536779586E-04
   50.2654824574      0.831226974549E-05
   56.5486677646      0.187182586960E-05
   62.8318530718      0.944869413784E-06
   69.1150383790      0.221090124797E-06
   75.3982236862      0.873033859619E-07
   81.6814089933      0.207760598229E-07
   87.9645943005      0.777691765790E-08
   94.2477796077      0.194498370586E-08
   100.530964915      0.634185578632E-09
   106.814150222      0.167737629138E-09
   113.097335529      0.507618283534E-10
   119.380520836      0.135662258858E-10
   125.663706144      0.394902470964E-11
   131.946891451      0.107052662151E-11
   138.230076758      0.303117325296E-12
   144.513262065      0.827304781036E-13
   150.796447372      0.231005097100E-13
   157.079632679      0.630057811665E-14
   163.362817987      0.174423369563E-14
   169.646003294      0.473280759111E-15
   175.929188601      0.130212296167E-15
   182.212373908      0.353421813508E-16
   188.495559215      0.966533783250E-17
   194.778744523      0.261313766119E-17
   201.061929830      0.711818185858E-18
   207.345115137      0.192184914862E-18
   213.628300444      0.520320266279E-19
   219.911485751      0.140333351468E-19
   226.194671058      0.377798779858E-20
   232.477856366      0.101724263371E-20
   238.761041673      0.272943982634E-21
   245.044226980      0.732175931139E-22
   251.327412287      0.195796373121E-22
   257.610597594      0.523457898503E-23
   263.893782902      0.139449159783E-23
   270.176968209      0.380078394456E-24
   276.460153516      0.185909132423E-27
   282.743338823      0.148530846319E-29
   289.026524130      0.360840221316E-33
   295.309709437      0.343454045450E-33
   301.592894745      0.338326764815E-33
   307.876080052      0.277795767598E-33
   314.159265359      0.278408275743E-33
   320.442450666      0.256950709784E-33
   326.725635973      0.202819704989E-33
   333.008821281      0.179237358823E-33
   339.292006588      0.232713866196E-33
   345.575191895      0.115787666336E-33
   351.858377202      0.162673897413E-33
   358.141562509      0.995015012837E-34
   364.424747816      0.875886762514E-34
   370.707933124      0.653415219969E-34
   376.991118431      0.446400543572E-34
   383.274303738      0.349080251923E-34
   389.557489045      0.293620184100E-34
   395.840674352      0.265719882685E-34
   402.123859659      0.318444998496E-34
   408.407044967      0.167113407954E-34
   414.690230274      0.131744359967E-34
   420.973415581      0.967088956655E-35
   427.256600888      0.871607782871E-35
   433.539786195      0.670951325556E-35
   439.822971503      0.540750718614E-35
   446.106156810      0.440360359615E-35
   452.389342117      0.410650474545E-35
   458.672527424      0.349931364697E-35
   464.955712731      0.313444628812E-35
   471.238898038      0.294959500242E-35
   477.522083346      0.291549257772E-35
   483.805268653      0.264101522683E-35
   490.088453960      0.278059149740E-35
   496.371639267      0.252180746949E-35
   502.654824574      0.250795419710E-35
   508.938009882      0.217761171807E-35
   515.221195189      0.202770930012E-35
   521.504380496      0.238488370598E-35
   527.787565803      0.202271101183E-35
   534.070751110      0.189548636200E-35
   540.353936417      0.153547593529E-35
   546.637121725      0.158349377421E-35
   552.920307032      0.158695487364E-35
   559.203492339      0.112053899715E-35
   565.486677646      0.119258000235E-35
   571.769862953      0.797026527911E-36
   578.053048261      0.682348343986E-36
   584.336233568      0.561327196372E-36
   590.619418875      0.540286578483E-36
   596.902604182      0.460040961689E-36
   603.185789489      0.400502920656E-36
   609.468974796      0.317068141960E-36
   615.752160104      0.318636697302E-36
   622.035345411      0.262199893010E-36
   628.318530718      0.220078235263E-36
   634.601716025      0.183353169963E-36
   640.884901332      0.170310811887E-36
   647.168086639      0.126783753371E-36
   653.451271947      0.915010609748E-37
   659.734457254      0.734410225055E-37
   666.017642561      0.719976063925E-37
   672.300827868      0.557303534629E-37
   678.584013175      0.318718178358E-37
   684.867198483      0.139997586649E-37
   691.150383790      0.966487762922E-38
   697.433569097      0.975047546359E-39
   6.28318530718      0.575718029002E-39
   12.5663706144      0.155357863679E-02
   18.8495559215      0.609941276099E-03
   25.1327412287      0.414446938154E-03
   31.4159265359      0.128034015663E-03
   37.6991118431      0.441291289417E-04
   43.9822971503      0.174111529895E-04
   50.2654824574      0.858941114828E-05
   56.5486677646      0.194519714902E-05
   62.8318530718      0.993395226855E-06
   69.1150383790      0.233461975972E-06
   75.3982236862      0.931936756717E-07
   81.6814089933      0.222147338096E-07
   87.9645943005      0.840775382435E-08
   94.2477796077      0.210739431979E-08
   100.530964915      0.692903637429E-09
   106.814150222      0.184047876000E-09
   113.097335529      0.561366407774E-10
   119.380520836      0.150647908735E-10
   125.663706144      0.441517522575E-11
   131.946891451      0.120327088051E-11
   138.230076758      0.342529780282E-12
   144.513262065      0.940682354202E-13
   150.796447372      0.264098824340E-13
   157.079632679      0.724753454011E-14
   163.362817987      0.201782876556E-14
   169.646003294      0.550477136012E-15
   175.929188601      0.152392385618E-15
   182.212373908      0.415951169877E-16
   188.495559215      0.114470780113E-16
   194.778744523      0.311165477404E-17
   201.061929830      0.853157489477E-18
   207.345115137      0.231639392830E-18
   213.628300444      0.631094564899E-19
   219.911485751      0.171228148996E-19
   226.194671058      0.463747555192E-20
   232.477856366      0.125655221415E-20
   238.761041673      0.339201589068E-21
   245.044226980      0.915718645145E-22
   251.327412287      0.246407601082E-22
   257.610597594      0.663142220801E-23
   263.893782902      0.177847968420E-23
   270.176968209      0.488590861184E-24
   276.460153516      0.241429300187E-27
   282.743338823      0.222436863229E-29
   289.026524130      0.364436048835E-33
   295.309709437      0.345242723867E-33
   301.592894745      0.340772358370E-33
   307.876080052      0.279380393172E-33
   314.159265359      0.280186271081E-33
   320.442450666      0.259199751188E-33
   326.725635973      0.203503152290E-33
   333.008821281      0.179604298570E-33
   339.292006588      0.234160616445E-33
   345.575191895      0.116831544003E-33
   351.858377202      0.163581033994E-33
   358.141562509      0.100801774320E-33
   364.424747816      0.880073083792E-34
   370.707933124      0.658162701827E-34
   376.991118431      0.444401458818E-34
   383.274303738      0.357984348441E-34
   389.557489045      0.312570917544E-34
   395.840674352      0.311863446293E-34
   402.123859659      0.270290976790E-34
   408.407044967      0.168524009448E-34
   414.690230274      0.134366834679E-34
   420.973415581      0.983850024186E-35
   427.256600888      0.875925231111E-35
   433.539786195      0.706064019696E-35
   439.822971503      0.555618018011E-35
   446.106156810      0.432032852259E-35
   452.389342117      0.421612990028E-35
   458.672527424      0.367081431476E-35
   464.955712731      0.333768998213E-35
   471.238898038      0.289943333379E-35
   477.522083346      0.295304483936E-35
   483.805268653      0.261126178018E-35
   490.088453960      0.281492801000E-35
   496.371639267      0.253982686970E-35
   502.654824574      0.249571776784E-35
   508.938009882      0.219897449181E-35
   515.221195189      0.210486102482E-35
   521.504380496      0.220409348243E-35
   527.787565803      0.182567870456E-35
   534.070751110      0.187748887964E-35
   540.353936417      0.160500195278E-35
   546.637121725      0.161672526183E-35
   552.920307032      0.142951971965E-35
   559.203492339      0.112514942633E-35
   565.486677646      0.123471823547E-35
   571.769862953      0.828010109376E-36
   578.053048261      0.712952816277E-36
   584.336233568      0.600548510210E-36
   590.619418875      0.543654662188E-36
   596.902604182      0.467501840560E-36
   603.185789489      0.394763880676E-36
   609.468974796      0.314428801440E-36
   615.752160104      0.306768649081E-36
   622.035345411      0.242366163310E-36
   628.318530718      0.211334163427E-36
   634.601716025      0.176290900931E-36
   640.884901332      0.159935782309E-36
   647.168086639      0.138933194067E-36
   653.451271947      0.891697867197E-37
   659.734457254      0.764215240635E-37
   666.017642561      0.718829569210E-37
   672.300827868      0.474396628970E-37
   678.584013175      0.301675852923E-37
   684.867198483      0.142096263545E-37
   691.150383790      0.824767458147E-38
   697.433569097      0.107031252294E-38
   6.28318530718      0.103698083692E-38
   12.5663706144      0.154157591697E-02
   18.8495559215      0.609739641960E-03
   25.1327412287      0.418708037373E-03
   31.4159265359      0.129966451993E-03
   37.6991118431      0.448173853630E-04
   43.9822971503      0.178715174114E-04
   50.2654824574      0.887129353223E-05
   56.5486677646      0.202016824892E-05
   62.8318530718      0.104369212405E-05
   69.1150383790      0.246339131336E-06
   75.3982236862      0.994036825309E-07
   81.6814089933      0.237352399007E-07
   87.9645943005      0.908197612529E-08
   94.2477796077      0.228101330557E-08
   100.530964915      0.756222797309E-09
   106.814150222      0.201694718142E-09
   113.097335529      0.620034887664E-10
   119.380520836      0.167058048173E-10
   125.663706144      0.492921724205E-11
   131.946891451      0.135040832054E-11
   138.230076758      0.386420113283E-12
   144.513262065      0.106776288145E-12
   150.796447372      0.301369725684E-13
   157.079632679      0.832099413422E-14
   163.362817987      0.232954639838E-14
   169.646003294      0.638890846220E-15
   175.929188601      0.177949132467E-15
   182.212373908      0.488388773461E-16
   188.495559215      0.135240710567E-16
   194.778744523      0.369571967948E-17
   201.061929830      0.101985136187E-17
   207.345115137      0.278416028241E-18
   213.628300444      0.763255035175E-19
   219.911485751      0.208300075822E-19
   226.194671058      0.567488267840E-20
   232.477856366      0.154719979759E-20
   238.761041673      0.420149041432E-21
   245.044226980      0.114136694619E-21
   251.327412287      0.309004510406E-22
   257.610597594      0.837026964228E-23
   263.893782902      0.225948613025E-23
   270.176968209      0.625514858416E-24
   276.460153516      0.312100488272E-27
   282.743338823      0.344371682348E-29
   289.026524130      0.134994837757E-32
   295.309709437      0.347517437253E-33
   301.592894745      0.342784409756E-33
   307.876080052      0.283495662268E-33
   314.159265359      0.278990265176E-33
   320.442450666      0.262130401781E-33
   326.725635973      0.206148472155E-33
   333.008821281      0.180449706881E-33
   339.292006588      0.236083611664E-33
   345.575191895      0.116854376160E-33
   351.858377202      0.168157224157E-33
   358.141562509      0.101249680522E-33
   364.424747816      0.891570874067E-34
   370.707933124      0.656563298045E-34
   376.991118431      0.460256645673E-34
   383.274303738      0.354722665579E-34
   389.557489045      0.329428002136E-34
   395.840674352      0.347107683786E-34
   402.123859659      0.246374863975E-34
   408.407044967      0.169153450781E-34
   414.690230274      0.135869783546E-34
   420.973415581      0.101640309731E-34
   427.256600888      0.892831717724E-35
   433.539786195      0.675758380965E-35
   439.822971503      0.520762511733E-35
   446.106156810      0.447038750822E-35
   452.389342117      0.414931273659E-35
   458.672527424      0.347164635616E-35
   464.955712731      0.333803650308E-35
   471.238898038      0.298086776311E-35
   477.522083346      0.301767774771E-35
   483.805268653      0.253959943817E-35
   490.088453960      0.251619760235E-35
   496.371639267      0.239399143957E-35
   502.654824574      0.259745362124E-35
   508.938009882      0.206013661548E-35
   515.221195189      0.216272441660E-35
   521.504380496      0.210041657422E-35
   527.787565803      0.174821208593E-35
   534.070751110      0.183879466113E-35
   540.353936417      0.148882953697E-35
   546.637121725      0.142233312310E-35
   552.920307032      0.173157296347E-35
   559.203492339      0.105995686352E-35
   565.486677646      0.121816619140E-35
   571.769862953      0.809458558766E-36
   578.053048261      0.688898411813E-36
   584.336233568      0.577515871498E-36
   590.619418875      0.525352598995E-36
   596.902604182      0.454632625295E-36
   603.185789489      0.406282866618E-36
   609.468974796      0.328772654361E-36
   615.752160104      0.323062477421E-36
   622.035345411      0.243992744830E-36
   628.318530718      0.212317145870E-36
   634.601716025      0.179650770552E-36
   640.884901332      0.167346603386E-36
   647.168086639      0.137150631069E-36
   653.451271947      0.991775715289E-37
   659.734457254      0.790345339406E-37
   666.017642561      0.782336031899E-37
   672.300827868      0.515782719193E-37
   678.584013175      0.317926586775E-37
   684.867198483      0.125379607831E-37
   691.150383790      0.122832004205E-37
   697.433569097      0.543186266396E-39
   6.28318530718      0.868198130217E-40
   12.5663706144      0.152964333691E-02
   18.8495559215      0.609483966391E-03
   25.1327412287      0.422916828893E-03
   31.4159265359      0.131916740552E-03
   37.6991118431      0.455043868948E-04
   43.9822971503      0.183344740973E-04
   50.2654824574      0.915785959875E-05
   56.5486677646      0.209672761492E-05
   62.8318530718      0.109579117517E-05
   69.1150383790      0.259731953538E-06
   75.3982236862      0.105946439028E-06
   81.6814089933      0.253413842803E-07
   87.9645943005      0.980211806428E-08
   94.2477796077      0.246646127693E-08
   100.530964915      0.824440231618E-09
   106.814150222      0.220767085890E-09
   113.097335529      0.684004656785E-10
   119.380520836      0.185006309537E-10
   125.663706144      0.549534655982E-11
   131.946891451      0.151328028591E-11
   138.230076758      0.435224196699E-12
   144.513262065      0.120998424425E-12
   150.796447372      0.343273762992E-13
   157.079632679      0.953577320501E-14
   163.362817987      0.268402667996E-14
   169.646003294      0.739953158627E-15
   175.929188601      0.207335120666E-15
   182.212373908      0.572120935504E-16
   188.495559215      0.159396995953E-16
   194.778744523      0.437836111519E-17
   201.061929830      0.121595775625E-17
   207.345115137      0.333727910658E-18
   213.628300444      0.920501880250E-19
   219.911485751      0.252657813627E-19
   226.194671058      0.692335561935E-20
   232.477856366      0.189912113708E-20
   238.761041673      0.518730756236E-21
   245.044226980      0.141787464398E-21
   251.327412287      0.386163779675E-22
   257.610597594      0.105272977033E-22
   263.893782902      0.285983272553E-23
   270.176968209      0.797626921359E-24
   276.460153516      0.403407879053E-27
   282.743338823      0.459232058732E-29
   289.026524130      0.551461902551E-32
   295.309709437      0.349652766115E-33
   301.592894745      0.346512705192E-33
   307.876080052      0.286552511377E-33
   314.159265359      0.283720858853E-33
   320.442450666      0.262983752526E-33
   326.725635973      0.208058092417E-33
   333.008821281      0.181427714941E-33
   339.292006588      0.237943580435E-33
   345.575191895      0.118033254432E-33
   351.858377202      0.168846009247E-33
   358.141562509      0.101874021001E-33
   364.424747816      0.885407018318E-34
   370.707933124      0.652502312357E-34
   376.991118431      0.447715343137E-34
   383.274303738      0.354381460857E-34
   389.557489045      0.326562912928E-34
   395.840674352      0.266599667564E-34
   402.123859659      0.262636554740E-34
   408.407044967      0.171293410536E-34
   414.690230274      0.136564445245E-34
   420.973415581      0.102341684234E-34
   427.256600888      0.894831021748E-35
   433.539786195      0.708577793643E-35
   439.822971503      0.552974858704E-35
   446.106156810      0.422991385546E-35
   452.389342117      0.415283123961E-35
   458.672527424      0.361043736411E-35
   464.955712731      0.323809984668E-35
   471.238898038      0.294265741768E-35
   477.522083346      0.310819904339E-35
   483.805268653      0.272365640916E-35
   490.088453960      0.275261745652E-35
   496.371639267      0.251063505285E-35
   502.654824574      0.243157412380E-35
   508.938009882      0.209788534250E-35
   515.221195189      0.205060922630E-35
   521.504380496      0.209624857001E-35
   527.787565803      0.178657398938E-35
   534.070751110      0.181684045937E-35
   540.353936417      0.151083035845E-35
   546.637121725      0.141968231055E-35
   552.920307032      0.146407707981E-35
   559.203492339      0.131368681890E-35
   565.486677646      0.124726631145E-35
   571.769862953      0.822724202485E-36
   578.053048261      0.691879529429E-36
   584.336233568      0.570175749733E-36
   590.619418875      0.504297526221E-36
   596.902604182      0.461777911727E-36
   603.185789489      0.401142421721E-36
   609.468974796      0.331826973595E-36
   615.752160104      0.301925986763E-36
   622.035345411      0.250462878163E-36
   628.318530718      0.216800521613E-36
   634.601716025      0.182190805805E-36
   640.884901332      0.155024922851E-36
   647.168086639      0.128750724678E-36
   653.451271947      0.936004272041E-37
   659.734457254      0.734923428646E-37
   666.017642561      0.668365713436E-37
   672.300827868      0.499734922214E-37
   678.584013175      0.268748525254E-37
   684.867198483      0.108462688328E-37
   691.150383790      0.547248771837E-38
   697.433569097      0.632697709283E-39
   6.28318530718      0.122022717750E-38
   12.5663706144      0.151778103531E-02
   18.8495559215      0.609175835210E-03
   25.1327412287      0.427071857930E-03
   31.4159265359      0.133884944570E-03
   37.6991118431      0.461903191658E-04
   43.9822971503      0.187997204075E-04
   50.2654824574      0.944904912464E-05
   56.5486677646      0.217486232655E-05
   62.8318530718      0.114972276328E-05
   69.1150383790      0.273650425707E-06
   75.3982236862      0.112835316148E-06
   81.6814089933      0.270371248420E-07
   87.9645943005      0.105708468127E-07
   94.2477796077      0.266438757289E-08
   100.530964915      0.897869036895E-09
   106.814150222      0.241358562546E-09
   113.097335529      0.753681098860E-10
   119.380520836      0.204613744723E-10
   125.663706144      0.611806684340E-11
   131.946891451      0.169333427141E-11
   138.230076758      0.489413679894E-12
   144.513262065      0.136891369509E-12
   150.796447372      0.390309143035E-13
   157.079632679      0.109081920991E-13
   163.362817987      0.308639389549E-14
   169.646003294      0.855253644347E-15
   175.929188601      0.241055440900E-15
   182.212373908      0.668702723311E-16
   188.495559215      0.187429091030E-16
   194.778744523      0.517434303784E-17
   201.061929830      0.144610559427E-17
   207.345115137      0.398964957313E-18
   213.628300444      0.110710109672E-18
   219.911485751      0.305586196011E-19
   226.194671058      0.842152665044E-20
   232.477856366      0.232396422866E-20
   238.761041673      0.638418227148E-21
   245.044226980      0.175562489673E-21
   251.327412287      0.480959374956E-22
   257.610597594      0.131939531430E-22
   263.893782902      0.360647257050E-23
   270.176968209      0.101316902991E-23
   276.460153516      0.518486872842E-27
   282.743338823      0.550956008929E-29
   289.026524130      0.171162357520E-31
   295.309709437      0.355397253254E-33
   301.592894745      0.349132728748E-33
   307.876080052      0.288004292504E-33
   314.159265359      0.285990934469E-33
   320.442450666      0.266838634885E-33
   326.725635973      0.207123029620E-33
   333.008821281      0.182444119718E-33
   339.292006588      0.239172335386E-33
   345.575191895      0.118982090570E-33
   351.858377202      0.168395569277E-33
   358.141562509      0.101715803763E-33
   364.424747816      0.881464860534E-34
   370.707933124      0.674639204060E-34
   376.991118431      0.453866062389E-34
   383.274303738      0.355498595668E-34
   389.557489045      0.304407186159E-34
   395.840674352      0.261137193693E-34
   402.123859659      0.349117412522E-34
   408.407044967      0.171564419547E-34
   414.690230274      0.131948243355E-34
   420.973415581      0.101754747784E-34
   427.256600888      0.860106579576E-35
   433.539786195      0.666876423716E-35
   439.822971503      0.521932456710E-35
   446.106156810      0.435999039467E-35
   452.389342117      0.414119184160E-35
   458.672527424      0.341496096246E-35
   464.955712731      0.328092931773E-35
   471.238898038      0.278946898948E-35
   477.522083346      0.293798581260E-35
   483.805268653      0.266619863873E-35
   490.088453960      0.270164950924E-35
   496.371639267      0.267078813230E-35
   502.654824574      0.255470644747E-35
   508.938009882      0.212335449125E-35
   515.221195189      0.200352832657E-35
   521.504380496      0.205175848614E-35
   527.787565803      0.193944942312E-35
   534.070751110      0.194639552969E-35
   540.353936417      0.156540318322E-35
   546.637121725      0.144227169585E-35
   552.920307032      0.136945510463E-35
   559.203492339      0.113936992692E-35
   565.486677646      0.111488219879E-35
   571.769862953      0.801540334490E-36
   578.053048261      0.702534720607E-36
   584.336233568      0.593728854251E-36
   590.619418875      0.517965272561E-36
   596.902604182      0.460584772828E-36
   603.185789489      0.402716291766E-36
   609.468974796      0.319863844885E-36
   615.752160104      0.310724011820E-36
   622.035345411      0.246051155732E-36
   628.318530718      0.221240171284E-36
   634.601716025      0.189706117131E-36
   640.884901332      0.156348679157E-36
   647.168086639      0.121945601564E-36
   653.451271947      0.879068199697E-37
   659.734457254      0.706147420741E-37
   666.017642561      0.658096892252E-37
   672.300827868      0.548442199316E-37
   678.584013175      0.286484504336E-37
   684.867198483      0.132603854493E-37
   691.150383790      0.718272959721E-38
   697.433569097      0.145226992303E-38
   6.28318530718      0.167818609252E-39
   12.5663706144      0.150598913142E-02
   18.8495559215      0.608816829195E-03
   25.1327412287      0.431171698077E-03
   31.4159265359      0.135871097850E-03
   37.6991118431      0.468753966029E-04
   43.9822971503      0.192669486254E-04
   50.2654824574      0.974479912245E-05
   56.5486677646      0.225455813193E-05
   62.8318530718      0.120551655045E-05
   69.1150383790      0.288104102080E-06
   75.3982236862      0.120084022823E-06
   81.6814089933      0.288265753356E-07
   87.9645943005      0.113909702552E-07
   94.2477796077      0.287547177169E-08
   100.530964915      0.976839089651E-09
   106.814150222      0.263567595888E-09
   113.097335529      0.829495367199E-10
   119.380520836      0.226009220025E-10
   125.663706144      0.680220869625E-11
   131.946891451      0.189213115612E-11
   138.230076758      0.549498508824E-12
   144.513262065      0.154625790867E-12
   150.796447372      0.443019634961E-13
   157.079632679      0.124562078167E-13
   163.362817987      0.354229931464E-14
   169.646003294      0.986555380079E-15
   175.929188601      0.279672889154E-15
   182.212373908      0.779875707069E-16
   188.495559215      0.219888209715E-16
   194.778744523      0.610036460265E-17
   201.061929830      0.171556432540E-17
   207.345115137      0.475716284637E-18
   213.628300444      0.132795982118E-18
   219.911485751      0.368570616395E-19
   226.194671058      0.102143095352E-19
   232.477856366      0.283534820136E-20
   238.761041673      0.783293126963E-21
   245.044226980      0.216689820061E-21
   251.327412287      0.597047395734E-22
   257.610597594      0.164796699261E-22
   263.893782902      0.453184802624E-23
   270.176968209      0.128212743019E-23
   276.460153516      0.662315131789E-27
   282.743338823      0.591692879217E-29
   289.026524130      0.740259294179E-31
   295.309709437      0.356266684485E-33
   301.592894745      0.351125765013E-33
   307.876080052      0.290895946471E-33
   314.159265359      0.287599000043E-33
   320.442450666      0.269979028138E-33
   326.725635973      0.205468630035E-33
   333.008821281      0.183105506645E-33
   339.292006588      0.239062592430E-33
   345.575191895      0.118901272848E-33
   351.858377202      0.169012399404E-33
   358.141562509      0.102866696221E-33
   364.424747816      0.895060278335E-34
   370.707933124      0.667367539420E-34
   376.991118431      0.449410386907E-34
   383.274303738      0.359918840107E-34
   389.557489045      0.312154855199E-34
   395.840674352      0.268812309415E-34
   402.123859659      0.264414047461E-34
   408.407044967      0.172518621231E-34
   414.690230274      0.137949809807E-34
   420.973415581      0.998002861561E-35
   427.256600888      0.889523095118E-35
   433.539786195      0.695961018714E-35
   439.822971503      0.562190424739E-35
   446.106156810      0.439773828524E-35
   452.389342117      0.416903292191E-35
   458.672527424      0.359976615780E-35
   464.955712731      0.335463803775E-35
   471.238898038      0.312406286439E-35
   477.522083346      0.287459292330E-35
   483.805268653      0.292956860327E-35
   490.088453960      0.266640931492E-35
   496.371639267      0.259701241825E-35
   502.654824574      0.252710957812E-35
   508.938009882      0.201469818105E-35
   515.221195189      0.207228352949E-35
   521.504380496      0.209924494574E-35
   527.787565803      0.182431363408E-35
   534.070751110      0.181884640275E-35
   540.353936417      0.157554352788E-35
   546.637121725      0.149162879292E-35
   552.920307032      0.147661312626E-35
   559.203492339      0.112229067962E-35
   565.486677646      0.134948347532E-35
   571.769862953      0.805684764712E-36
   578.053048261      0.683511964812E-36
   584.336233568      0.576991712471E-36
   590.619418875      0.527112010256E-36
   596.902604182      0.468107087815E-36
   603.185789489      0.390117785514E-36
   609.468974796      0.308287587249E-36
   615.752160104      0.301566639233E-36
   622.035345411      0.233101349717E-36
   628.318530718      0.205324352584E-36
   634.601716025      0.184400840616E-36
   640.884901332      0.152700185296E-36
   647.168086639      0.125542354925E-36
   653.451271947      0.856977119468E-37
   659.734457254      0.784811636521E-37
   666.017642561      0.726886601440E-37
   672.300827868      0.485374785945E-37
   678.584013175      0.271502603967E-37
   684.867198483      0.149380776259E-37
   691.150383790      0.113738125235E-37
   697.433569097      0.526898067696E-39
   6.28318530718      0.149146724878E-39
   12.5663706144      0.149426772591E-02
   18.8495559215      0.608408522994E-03
   25.1327412287      0.435214952324E-03
   31.4159265359      0.137875203553E-03
   37.6991118431      0.475598622553E-04
   43.9822971503      0.197358464087E-04
   50.2654824574      0.100450440084E-04
   56.5486677646      0.233579948595E-05
   62.8318530718      0.126320144583E-05
   69.1150383790      0.303102056558E-06
   75.3982236862      0.127706604440E-06
   81.6814089933      0.307140091507E-07
   87.9645943005      0.122654443093E-07
   94.2477796077      0.310042531187E-08
   100.530964915      0.106169797175E-08
   106.814150222      0.287497723990E-09
   113.097335529      0.911905775181E-10
   119.380520836      0.249329829154E-10
   125.663706144      0.755294984543E-11
   131.946891451      0.211135289278E-11
   138.230076758      0.616029619030E-12
   144.513262065      0.174387375093E-12
   150.796447372      0.501998126863E-13
   157.079632679      0.141995572183E-13
   163.362817987      0.405796726987E-14
   169.646003294      0.113581148959E-14
   175.929188601      0.323813608198E-15
   182.212373908      0.907587368053E-16
   188.495559215      0.257394035303E-16
   194.778744523      0.717528038339E-17
   201.061929830      0.203032077065E-17
   207.345115137      0.565795034973E-18
   213.628300444      0.158871034948E-18
   219.911485751      0.443324356992E-19
   226.194671058      0.123537952872E-19
   232.477856366      0.344915594075E-20
   238.761041673      0.958141828394E-21
   245.044226980      0.266617851010E-21
   251.327412287      0.738763764124E-22
   257.610597594      0.205150027692E-22
   263.893782902      0.567488047728E-23
   270.176968209      0.161656004091E-23
   276.460153516      0.843434551205E-27
   282.743338823      0.657666453225E-29
   289.026524130      0.246894006907E-30
   295.309709437      0.360338852546E-33
   301.592894745      0.353823672561E-33
   307.876080052      0.292767516693E-33
   314.159265359      0.293060159168E-33
   320.442450666      0.273112059907E-33
   326.725635973      0.209856561348E-33
   333.008821281      0.183363176639E-33
   339.292006588      0.241519941298E-33
   345.575191895      0.120107795580E-33
   351.858377202      0.169937657129E-33
   358.141562509      0.102545001210E-33
   364.424747816      0.889291883767E-34
   370.707933124      0.672084548634E-34
   376.991118431      0.462641389174E-34
   383.274303738      0.367655730031E-34
   389.557489045      0.316499381214E-34
   395.840674352      0.286871689611E-34
   402.123859659      0.264709818146E-34
   408.407044967      0.171302357314E-34
   414.690230274      0.135043967719E-34
   420.973415581      0.984708644605E-35
   427.256600888      0.902658523821E-35
   433.539786195      0.693831148109E-35
   439.822971503      0.534579064023E-35
   446.106156810      0.440335885960E-35
   452.389342117      0.403416355785E-35
   458.672527424      0.349067488405E-35
   464.955712731      0.353215773106E-35
   471.238898038      0.294963738016E-35
   477.522083346      0.316307558397E-35
   483.805268653      0.266839382798E-35
   490.088453960      0.279206786983E-35
   496.371639267      0.268297234016E-35
   502.654824574      0.251040714744E-35
   508.938009882      0.209744130880E-35
   515.221195189      0.198480427542E-35
   521.504380496      0.213935697373E-35
   527.787565803      0.189545192711E-35
   534.070751110      0.180543300788E-35
   540.353936417      0.147011039475E-35
   546.637121725      0.146992701169E-35
   552.920307032      0.169494398061E-35
   559.203492339      0.117237263055E-35
   565.486677646      0.112747506839E-35
   571.769862953      0.799697504107E-36
   578.053048261      0.678153048577E-36
   584.336233568      0.572944138464E-36
   590.619418875      0.513657388489E-36
   596.902604182      0.471040283839E-36
   603.185789489      0.419738882183E-36
   609.468974796      0.315988141314E-36
   615.752160104      0.320672905753E-36
   622.035345411      0.251129754822E-36
   628.318530718      0.212773915773E-36
   634.601716025      0.178503581894E-36
   640.884901332      0.150538673564E-36
   647.168086639      0.128072786340E-36
   653.451271947      0.939257509284E-37
   659.734457254      0.809416849477E-37
   666.017642561      0.704696479587E-37
   672.300827868      0.569796775702E-37
   678.584013175      0.372776217881E-37
   684.867198483      0.146738902382E-37
   691.150383790      0.147523954144E-37
   697.433569097      0.593261355540E-39
   6.28318530718      0.675397393140E-40
   12.5663706144      0.148261690190E-02
   18.8495559215      0.607952484044E-03
   25.1327412287      0.439200254088E-03
   31.4159265359      0.139897233049E-03
   37.6991118431      0.482439875397E-04
   43.9822971503      0.202060972570E-04
   50.2654824574      0.103497157781E-04
   56.5486677646      0.241856959181E-05
   62.8318530718      0.132280557642E-05
   69.1150383790      0.318652829311E-06
   75.3982236862      0.135717440341E-06
   81.6814089933      0.327038626580E-07
   87.9645943005      0.131973805013E-07
   94.2477796077      0.333999322426E-08
   100.530964915      0.115281197079E-08
   106.814150222      0.313257816896E-09
   113.097335529      0.100139926341E-09
   119.380520836      0.274721325184E-10
   125.663706144      0.837583651050E-11
   131.946891451      0.235281068040E-11
   138.230076758      0.689601816447E-12
   144.513262065      0.196377981905E-12
   150.796447372      0.567890441522E-13
   157.079632679      0.161599116675E-13
   163.362817987      0.464024478550E-14
   169.646003294      0.130518314776E-14
   175.929188601      0.374173207280E-15
   182.212373908      0.105401232542E-15
   188.495559215      0.300642059559E-16
   194.778744523      0.842034280468E-17
   201.061929830      0.239716392385E-17
   207.345115137      0.671265906734E-18
   213.628300444      0.189580370612E-18
   219.911485751      0.531819147011E-19
   226.194671058      0.149002594483E-19
   232.477856366      0.418386482950E-20
   238.761041673      0.116856269402E-20
   245.044226980      0.327050215044E-21
   251.327412287      0.911236271222E-22
   257.610597594      0.254552568524E-22
   263.893782902      0.708213563700E-23
   270.176968209      0.203098455248E-23
   276.460153516      0.106637236807E-26
   282.743338823      0.759314406574E-29
   289.026524130      0.577772155128E-30
   295.309709437      0.364046897765E-33
   301.592894745      0.356552063122E-33
   307.876080052      0.294577233917E-33
   314.159265359      0.292735410405E-33
   320.442450666      0.273956743151E-33
   326.725635973      0.214229816328E-33
   333.008821281      0.185396637981E-33
   339.292006588      0.243783804493E-33
   345.575191895      0.121567342677E-33
   351.858377202      0.174163709230E-33
   358.141562509      0.103275500213E-33
   364.424747816      0.905502214109E-34
   370.707933124      0.679800869943E-34
   376.991118431      0.458022795384E-34
   383.274303738      0.369351661743E-34
   389.557489045      0.327031216221E-34
   395.840674352      0.264170217512E-34
   402.123859659      0.262441232983E-34
   408.407044967      0.173027370017E-34
   414.690230274      0.138051476683E-34
   420.973415581      0.101128246341E-34
   427.256600888      0.880726771358E-35
   433.539786195      0.677242888820E-35
   439.822971503      0.535141795255E-35
   446.106156810      0.418286656390E-35
   452.389342117      0.405234138450E-35
   458.672527424      0.343954630672E-35
   464.955712731      0.309183715063E-35
   471.238898038      0.303988802336E-35
   477.522083346      0.308407809253E-35
   483.805268653      0.275127901919E-35
   490.088453960      0.277338622751E-35
   496.371639267      0.251094734850E-35
   502.654824574      0.267354233456E-35
   508.938009882      0.215277402481E-35
   515.221195189      0.228065903295E-35
   521.504380496      0.211546107157E-35
   527.787565803      0.184177746254E-35
   534.070751110      0.174280831496E-35
   540.353936417      0.151036396669E-35
   546.637121725      0.178544998010E-35
   552.920307032      0.145845715264E-35
   559.203492339      0.115625658714E-35
   565.486677646      0.127563133546E-35
   571.769862953      0.773427277454E-36
   578.053048261      0.673916495792E-36
   584.336233568      0.589302278932E-36
   590.619418875      0.522717087424E-36
   596.902604182      0.441083280380E-36
   603.185789489      0.408211400183E-36
   609.468974796      0.327484191550E-36
   615.752160104      0.310991826453E-36
   622.035345411      0.251504417261E-36
   628.318530718      0.216966317951E-36
   634.601716025      0.185462424794E-36
   640.884901332      0.158959127922E-36
   647.168086639      0.121635667905E-36
   653.451271947      0.833631366583E-37
   659.734457254      0.738786333761E-37
   666.017642561      0.753771876352E-37
   672.300827868      0.523479348882E-37
   678.584013175      0.298332221790E-37
   684.867198483      0.117982144891E-37
   691.150383790      0.106221764422E-37
   697.433569097      0.993591146875E-39
   6.28318530718      0.208876403459E-39
   12.5663706144      0.147103672578E-02
   18.8495559215      0.607450271515E-03
   25.1327412287      0.443126268229E-03
   31.4159265359      0.141937124832E-03
   37.6991118431      0.489280719055E-04
   43.9822971503      0.206773809936E-04
   50.2654824574      0.106587441885E-04
   56.5486677646      0.250285044611E-05
   62.8318530718      0.138435626067E-05
   69.1150383790      0.334764371597E-06
   75.3982236862      0.144131240232E-06
   81.6814089933      0.348007380284E-07
   87.9645943005      0.141900537783E-07
   94.2477796077      0.359495597800E-08
   100.530964915      0.125056716208E-08
   106.814150222      0.340962335811E-09
   113.097335529      0.109849294981E-09
   119.380520836      0.302338572252E-10
   125.663706144      0.927680603953E-11
   131.946891451      0.261845364839E-11
   138.230076758      0.770856861844E-12
   144.513262065      0.220816880851E-12
   150.796447372      0.641399433667E-13
   157.079632679      0.183610440237E-13
   163.362817987      0.529665504116E-14
   169.646003294      0.149705918490E-14
   175.929188601      0.431523398598E-15
   182.212373908      0.122157555645E-15
   188.495559215      0.350411604700E-16
   194.778744523      0.985946898988E-17
   201.061929830      0.282377844406E-17
   207.345115137      0.794475660835E-18
   213.628300444      0.225661373527E-18
   219.911485751      0.636319297816E-19
   226.194671058      0.179232929995E-19
   232.477856366      0.506091889246E-20
   238.761041673      0.142108767458E-20
   245.044226980      0.399985531938E-21
   251.327412287      0.112051305579E-21
   257.610597594      0.314846416347E-22
   263.893782902      0.880914170965E-23
   270.176968209      0.254283013423E-23
   276.460153516      0.133847630342E-26
   282.743338823      0.922325249038E-29
   289.026524130      0.997292035495E-30
   295.309709437      0.368952566826E-33
   301.592894745      0.359119422041E-33
   307.876080052      0.297237567528E-33
   314.159265359      0.295453701356E-33
   320.442450666      0.276994878396E-33
   326.725635973      0.211042371707E-33
   333.008821281      0.186960509482E-33
   339.292006588      0.247470634625E-33
   345.575191895      0.123043287056E-33
   351.858377202      0.173415918448E-33
   358.141562509      0.104038293708E-33
   364.424747816      0.912266449815E-34
   370.707933124      0.690834936362E-34
   376.991118431      0.456190004878E-34
   383.274303738      0.364030752433E-34
   389.557489045      0.316820176361E-34
   395.840674352      0.280223065125E-34
   402.123859659      0.330877794810E-34
   408.407044967      0.173918012229E-34
   414.690230274      0.136997305161E-34
   420.973415581      0.104720118384E-34
   427.256600888      0.913246150539E-35
   433.539786195      0.690326080171E-35
   439.822971503      0.538225569827E-35
   446.106156810      0.420460568554E-35
   452.389342117      0.399740386536E-35
   458.672527424      0.393052306815E-35
   464.955712731      0.336266591228E-35
   471.238898038      0.305003903477E-35
   477.522083346      0.300829477405E-35
   483.805268653      0.260504803157E-35
   490.088453960      0.276206147852E-35
   496.371639267      0.247779512345E-35
   502.654824574      0.246941822075E-35
   508.938009882      0.224417523865E-35
   515.221195189      0.213066331777E-35
   521.504380496      0.212352098109E-35
   527.787565803      0.176436928635E-35
   534.070751110      0.180515500562E-35
   540.353936417      0.145016157073E-35
   546.637121725      0.143640017569E-35
   552.920307032      0.163588336321E-35
   559.203492339      0.116524288013E-35
   565.486677646      0.118874483321E-35
   571.769862953      0.799225823935E-36
   578.053048261      0.679126806480E-36
   584.336233568      0.559615371055E-36
   590.619418875      0.522009309233E-36
   596.902604182      0.472003174706E-36
   603.185789489      0.390355157790E-36
   609.468974796      0.317509253512E-36
   615.752160104      0.304083315292E-36
   622.035345411      0.259106438994E-36
   628.318530718      0.202432967805E-36
   634.601716025      0.186397483782E-36
   640.884901332      0.166399600528E-36
   647.168086639      0.131756075271E-36
   653.451271947      0.948611960944E-37
   659.734457254      0.757936047880E-37
   666.017642561      0.673434067143E-37
   672.300827868      0.527626650430E-37
   678.584013175      0.285687641418E-37
   684.867198483      0.169464699706E-37
   691.150383790      0.885491279168E-38
   697.433569097      0.114608090749E-38
   6.28318530718      0.350546464723E-40
   12.5663706144      0.145952724815E-02
   18.8495559215      0.606903435262E-03
   25.1327412287      0.446991692080E-03
   31.4159265359      0.143994783515E-03
   37.6991118431      0.496124424231E-04
   43.9822971503      0.211493742629E-04
   50.2654824574      0.109720569471E-04
   56.5486677646      0.258862288719E-05
   62.8318530718      0.144787998508E-05
   69.1150383790      0.351443988947E-06
   75.3982236862      0.152963039431E-06
   81.6814089933      0.370094054409E-07
   87.9645943005      0.152469105296E-07
   94.2477796077      0.386613144282E-08
   100.530964915      0.135537057923E-08
   106.814150222      0.370731611628E-09
   113.097335529      0.120373576963E-09
   119.380520836      0.332346017890E-10
   125.663706144      0.102622109024E-10
   131.946891451      0.291037808143E-11
   138.230076758      0.860486776175E-12
   144.513262065      0.247942076754E-12
   150.796447372      0.723289393512E-13
   157.079632679      0.208290089677E-13
   163.362817987      0.603545498198E-14
   169.646003294      0.171407744333E-14
   175.929188601      0.496719192614E-15
   182.212373908      0.141297780493E-15
   188.495559215      0.407574587045E-16
   194.778744523      0.115195344741E-16
   201.061929830      0.331884764600E-17
   207.345115137      0.938086906293E-18
   213.628300444      0.267955278031E-18
   219.911485751      0.759419787533E-19
   226.194671058      0.215030707479E-19
   232.477856366      0.610514822347E-20
   238.761041673      0.172331991520E-20
   245.044226980      0.487762559447E-21
   251.327412287      0.137370869817E-21
   257.610597594      0.388210556014E-22
   263.893782902      0.109219411331E-22
   270.176968209      0.317294794412E-23
   276.460153516      0.166891818045E-26
   282.743338823      0.116625513251E-28
   289.026524130      0.138669957481E-29
   295.309709437      0.367657784422E-33
   301.592894745      0.361733081002E-33
   307.876080052      0.296308049232E-33
   314.159265359      0.298642766579E-33
   320.442450666      0.278460863213E-33
   326.725635973      0.214907005417E-33
   333.008821281      0.188518054388E-33
   339.292006588      0.249794104267E-33
   345.575191895      0.123942983490E-33
   351.858377202      0.176198157625E-33
   358.141562509      0.104660737392E-33
   364.424747816      0.918729162566E-34
   370.707933124      0.696510439804E-34
   376.991118431      0.456196008857E-34
   383.274303738      0.367620506107E-34
   389.557489045      0.320282022621E-34
   395.840674352      0.287299387184E-34
   402.123859659      0.258797981049E-34
   408.407044967      0.177491480099E-34
   414.690230274      0.143326626845E-34
   420.973415581      0.103112574319E-34
   427.256600888      0.913712331513E-35
   433.539786195      0.698912587421E-35
   439.822971503      0.554568718475E-35
   446.106156810      0.435116815592E-35
   452.389342117      0.433030545076E-35
   458.672527424      0.370499708630E-35
   464.955712731      0.321672888014E-35
   471.238898038      0.310409933975E-35
   477.522083346      0.289925800996E-35
   483.805268653      0.278814435278E-35
   490.088453960      0.254064256379E-35
   496.371639267      0.271232706922E-35
   502.654824574      0.252656071797E-35
   508.938009882      0.212871602935E-35
   515.221195189      0.197477446115E-35
   521.504380496      0.220763566814E-35
   527.787565803      0.178768467947E-35
   534.070751110      0.196920657131E-35
   540.353936417      0.152182332559E-35
   546.637121725      0.151450280616E-35
   552.920307032      0.151437347467E-35
   559.203492339      0.108943568345E-35
   565.486677646      0.115899828033E-35
   571.769862953      0.793638992364E-36
   578.053048261      0.683281465451E-36
   584.336233568      0.559884306127E-36
   590.619418875      0.527984402849E-36
   596.902604182      0.451855784942E-36
   603.185789489      0.387480368920E-36
   609.468974796      0.306219686907E-36
   615.752160104      0.291102638710E-36
   622.035345411      0.250711858767E-36
   628.318530718      0.220190937636E-36
   634.601716025      0.187772580906E-36
   640.884901332      0.160354832905E-36
   647.168086639      0.137471786031E-36
   653.451271947      0.840944381489E-37
   659.734457254      0.709942148320E-37
   666.017642561      0.653559371964E-37
   672.300827868      0.448317667688E-37
   678.584013175      0.276955764941E-37
   684.867198483      0.140567086935E-37
   691.150383790      0.101476680952E-37
   697.433569097      0.547442828276E-39
   6.28318530718      0.124473321658E-39
   12.5663706144      0.144808850462E-02
   18.8495559215      0.606313514802E-03
   25.1327412287      0.450795256461E-03
   31.4159265359      0.146070078895E-03
   37.6991118431      0.502974532922E-04
   43.9822971503      0.216217510399E-04
   50.2654824574      0.112895799072E-04
   56.5486677646      0.267586664689E-05
   62.8318530718      0.151340238411E-05
   69.1150383790      0.368698282936E-06
   75.3982236862      0.162228192876E-06
   81.6814089933      0.393348045920E-07
   87.9645943005      0.163715767871E-07
   94.2477796077      0.415437696911E-08
   100.530964915      0.146765148042E-08
   106.814150222      0.402692144737E-09
   113.097335529      0.131771021302E-09
   119.380520836      0.364918186943E-10
   125.663706144      0.113388441398E-10
   131.946891451      0.323083721487E-11
   138.230076758      0.959237385660E-12
   144.513262065      0.278011730325E-12
   150.796447372      0.814390784124E-13
   157.079632679      0.235923377280E-13
   163.362817987      0.686569742064E-14
   169.646003294      0.195914805437E-14
   175.929188601      0.570706698227E-15
   182.212373908      0.163122339490E-15
   188.495559215      0.473105086610E-16
   194.778744523      0.134306965160E-16
   201.061929830      0.389216687060E-17
   207.345115137      0.110511550586E-17
   213.628300444      0.317420013041E-18
   219.911485751      0.904088715991E-19
   226.194671058      0.257317722119E-19
   232.477856366      0.734524015192E-20
   238.761041673      0.208408922250E-20
   245.044226980      0.593111403953E-21
   251.327412287      0.167917151907E-21
   257.610597594      0.477215541635E-22
   263.893782902      0.134988611134E-22
   270.176968209      0.394622171812E-23
   276.460153516      0.206768879846E-26
   282.743338823      0.159053173362E-28
   289.026524130      0.199044278929E-29
   295.309709437      0.371722768891E-33
   301.592894745      0.362807449156E-33
   307.876080052      0.300299764025E-33
   314.159265359      0.300227556796E-33
   320.442450666      0.281288447696E-33
   326.725635973      0.217179095336E-33
   333.008821281      0.190474941548E-33
   339.292006588      0.250244730970E-33
   345.575191895      0.126091331812E-33
   351.858377202      0.177152274231E-33
   358.141562509      0.105717306562E-33
   364.424747816      0.912090408523E-34
   370.707933124      0.703352412867E-34
   376.991118431      0.468728314373E-34
   383.274303738      0.373161901527E-34
   389.557489045      0.318120099076E-34
   395.840674352      0.303805748924E-34
   402.123859659      0.288494880164E-34
   408.407044967      0.178663390511E-34
   414.690230274      0.139651644274E-34
   420.973415581      0.100364484190E-34
   427.256600888      0.877691863778E-35
   433.539786195      0.670799439024E-35
   439.822971503      0.546765544698E-35
   446.106156810      0.441843546048E-35
   452.389342117      0.423915125373E-35
   458.672527424      0.356132969712E-35
   464.955712731      0.328760277064E-35
   471.238898038      0.324786626454E-35
   477.522083346      0.289048127135E-35
   483.805268653      0.290731062764E-35
   490.088453960      0.261616007796E-35
   496.371639267      0.244734754125E-35
   502.654824574      0.238859268677E-35
   508.938009882      0.207667431066E-35
   515.221195189      0.203668993937E-35
   521.504380496      0.197495231602E-35
   527.787565803      0.181983104868E-35
   534.070751110      0.183879989088E-35
   540.353936417      0.157288864720E-35
   546.637121725      0.148202992456E-35
   552.920307032      0.169083911442E-35
   559.203492339      0.106988044653E-35
   565.486677646      0.115061642773E-35
   571.769862953      0.763576984573E-36
   578.053048261      0.672262012307E-36
   584.336233568      0.554613285644E-36
   590.619418875      0.507706018143E-36
   596.902604182      0.437193929158E-36
   603.185789489      0.390650966126E-36
   609.468974796      0.324880282063E-36
   615.752160104      0.292593397151E-36
   622.035345411      0.242732543694E-36
   628.318530718      0.214202117724E-36
   634.601716025      0.168950797828E-36
   640.884901332      0.157655546267E-36
   647.168086639      0.133621194095E-36
   653.451271947      0.885396070278E-37
   659.734457254      0.777027665549E-37
   666.017642561      0.689444173256E-37
   672.300827868      0.530889301144E-37
   678.584013175      0.318909197473E-37
   684.867198483      0.117708975193E-37
   691.150383790      0.105392208189E-37
   697.433569097      0.521402524403E-39
   6.28318530718      0.123376114863E-38
   12.5663706144      0.143672051665E-02
   18.8495559215      0.605682038308E-03
   25.1327412287      0.454535726696E-03
   31.4159265359      0.148162845093E-03
   37.6991118431      0.509834852723E-04
   43.9822971503      0.220941831544E-04
   50.2654824574      0.116112372680E-04
   56.5486677646      0.276456040542E-05
   62.8318530718      0.158094822354E-05
   69.1150383790      0.386533091758E-06
   75.3982236862      0.171942367834E-06
   81.6814089933      0.417820454140E-07
   87.9645943005      0.175678665691E-07
   94.2477796077      0.446059158632E-08
   100.530964915      0.158786271759E-08
   106.814150222      0.436976928194E-09
   113.097335529      0.144103416868E-09
   119.380520836      0.400240198148E-10
   125.663706144      0.125139663754E-10
   131.946891451      0.358225163108E-11
   138.230076758      0.106791212712E-11
   144.513262065      0.311305680750E-12
   150.796447372      0.915605343220E-13
   157.079632679      0.266822483505E-13
   163.362817987      0.779729801307E-14
   169.646003294      0.223547882097E-14
   175.929188601      0.654531578209E-15
   182.212373908      0.187965069144E-15
   188.495559215      0.548089793246E-16
   194.778744523      0.156267500709E-16
   201.061929830      0.455476819609E-17
   207.345115137      0.129897197565E-17
   213.628300444      0.375144453299E-18
   219.911485751      0.107371460584E-18
   226.194671058      0.307151720709E-19
   232.477856366      0.881426830571E-20
   238.761041673      0.251362746269E-20
   245.044226980      0.719211513518E-21
   251.327412287      0.204667367486E-21
   257.610597594      0.584886108897E-22
   263.893782902      0.166325532752E-22
   270.176968209      0.489228084411E-23
   276.460153516      0.254672433351E-26
   282.743338823      0.214811601012E-28
   289.026524130      0.285720746523E-29
   295.309709437      0.376147956520E-33
   301.592894745      0.366951069316E-33
   307.876080052      0.305013402537E-33
   314.159265359      0.303692598931E-33
   320.442450666      0.285660909274E-33
   326.725635973      0.217803163490E-33
   333.008821281      0.191050355154E-33
   339.292006588      0.253066523129E-33
   345.575191895      0.125764308086E-33
   351.858377202      0.181148757630E-33
   358.141562509      0.105999607984E-33
   364.424747816      0.935714427294E-34
   370.707933124      0.699609671596E-34
   376.991118431      0.474567093431E-34
   383.274303738      0.372008733019E-34
   389.557489045      0.322273617515E-34
   395.840674352      0.285134289090E-34
   402.123859659      0.261903731961E-34
   408.407044967      0.178443466219E-34
   414.690230274      0.142568115816E-34
   420.973415581      0.105508457012E-34
   427.256600888      0.901947581257E-35
   433.539786195      0.689925581717E-35
   439.822971503      0.531236966164E-35
   446.106156810      0.421367069932E-35
   452.389342117      0.433614977879E-35
   458.672527424      0.343394594687E-35
   464.955712731      0.315850172006E-35
   471.238898038      0.310161774600E-35
   477.522083346      0.302991333774E-35
   483.805268653      0.258494576553E-35
   490.088453960      0.250314802575E-35
   496.371639267      0.243576329987E-35
   502.654824574      0.261155347500E-35
   508.938009882      0.209266390165E-35
   515.221195189      0.199967126847E-35
   521.504380496      0.205817322313E-35
   527.787565803      0.183067903044E-35
   534.070751110      0.184337088641E-35
   540.353936417      0.150426546247E-35
   546.637121725      0.135121132325E-35
   552.920307032      0.161676771237E-35
   559.203492339      0.111362124224E-35
   565.486677646      0.127581415417E-35
   571.769862953      0.796678965865E-36
   578.053048261      0.681781317000E-36
   584.336233568      0.559575449066E-36
   590.619418875      0.519033147742E-36
   596.902604182      0.436355512399E-36
   603.185789489      0.389790897842E-36
   609.468974796      0.306258027536E-36
   615.752160104      0.286452296808E-36
   622.035345411      0.233147140909E-36
   628.318530718      0.217206031886E-36
   634.601716025      0.172981607258E-36
   640.884901332      0.154144227704E-36
   647.168086639      0.126429421302E-36
   653.451271947      0.939837761103E-37
   659.734457254      0.740974371632E-37
   666.017642561      0.727276688037E-37
   672.300827868      0.485931335386E-37
   678.584013175      0.305935855246E-37
   684.867198483      0.137947267412E-37
   691.150383790      0.864105549882E-38
   697.433569097      0.461805552356E-39
   6.28318530718      0.710668399532E-39
   12.5663706144      0.142542329233E-02
   18.8495559215      0.605010521617E-03
   25.1327412287      0.458211903610E-03
   31.4159265359      0.150272879781E-03
   37.6991118431      0.516709450370E-04
   43.9822971503      0.225663408261E-04
   50.2654824574      0.119369517806E-04
   56.5486677646      0.285468184949E-05
   62.8318530718      0.165054138739E-05
   69.1150383790      0.404953429865E-06
   75.3982236862      0.182121535252E-06
   81.6814089933      0.443564079081E-07
   87.9645943005      0.188397903264E-07
   94.2477796077      0.478571831931E-08
   100.530964915      0.171648221608E-08
   106.814150222      0.473725796496E-09
   113.097335529      0.157436288293E-09
   119.380520836      0.438508304524E-10
   125.663706144      0.137953345094E-10
   131.946891451      0.396722028736E-11
   138.230076758      0.118737613589E-11
   144.513262065      0.348127077482E-12
   150.796447372      0.102791158337E-12
   157.079632679      0.301328727489E-13
   163.362817987      0.884110753041E-14
   169.646003294      0.254660291005E-14
   175.929188601      0.749348215232E-15
   182.212373908      0.216196547850E-15
   188.495559215      0.633739406464E-16
   194.778744523      0.181455198445E-16
   201.061929830      0.531905755882E-17
   207.345115137      0.152350730298E-17
   213.628300444      0.442364222329E-18
   219.911485751      0.127215905813E-18
   226.194671058      0.365744186470E-19
   232.477856366      0.105502860247E-19
   238.761041673      0.302376635083E-20
   245.044226980      0.869757304847E-21
   251.327412287      0.248762730361E-21
   257.610597594      0.714772627529E-22
   263.893782902      0.204323299322E-22
   270.176968209      0.604624914609E-23
   276.460153516      0.311637877351E-26
   282.743338823      0.278057744092E-28
   289.026524130      0.361251191952E-29
   295.309709437      0.177344878079E-32
   301.592894745      0.370270079275E-33
   307.876080052      0.305696517632E-33
   314.159265359      0.303351636810E-33
   320.442450666      0.289275851918E-33
   326.725635973      0.218413449131E-33
   333.008821281      0.192979756878E-33
   339.292006588      0.255554951020E-33
   345.575191895      0.127406046872E-33
   351.858377202      0.181272939110E-33
   358.141562509      0.107669845914E-33
   364.424747816      0.938944695088E-34
   370.707933124      0.707809226357E-34
   376.991118431      0.470275681352E-34
   383.274303738      0.372637871483E-34
   389.557489045      0.327945095817E-34
   395.840674352      0.272088636343E-34
   402.123859659      0.347867321364E-34
   408.407044967      0.180597569750E-34
   414.690230274      0.140356142322E-34
   420.973415581      0.101814436563E-34
   427.256600888      0.914863228821E-35
   433.539786195      0.704624687877E-35
   439.822971503      0.544102329077E-35
   446.106156810      0.420691171934E-35
   452.389342117      0.404084610414E-35
   458.672527424      0.354788283326E-35
   464.955712731      0.324665471609E-35
   471.238898038      0.297129661450E-35
   477.522083346      0.298173165996E-35
   483.805268653      0.270096247072E-35
   490.088453960      0.277331259818E-35
   496.371639267      0.244092345415E-35
   502.654824574      0.250889593345E-35
   508.938009882      0.212369960262E-35
   515.221195189      0.205698407416E-35
   521.504380496      0.208388165988E-35
   527.787565803      0.173429066858E-35
   534.070751110      0.172611465042E-35
   540.353936417      0.149161063371E-35
   546.637121725      0.151371788791E-35
   552.920307032      0.142974400035E-35
   559.203492339      0.104721027471E-35
   565.486677646      0.116368978855E-35
   571.769862953      0.761647016217E-36
   578.053048261      0.682505921271E-36
   584.336233568      0.570256773503E-36
   590.619418875      0.515805966521E-36
   596.902604182      0.436653359537E-36
   603.185789489      0.371688532982E-36
   609.468974796      0.291841321825E-36
   615.752160104      0.282527292050E-36
   622.035345411      0.238979589227E-36
   628.318530718      0.204637419307E-36
   634.601716025      0.175611537220E-36
   640.884901332      0.159340542082E-36
   647.168086639      0.128734203314E-36
   653.451271947      0.868065458077E-37
   659.734457254      0.784270106903E-37
   666.017642561      0.651769473773E-37
   672.300827868      0.540455856225E-37
   678.584013175      0.277223584944E-37
   684.867198483      0.142172821951E-37
   691.150383790      0.109893289718E-37
   697.433569097      0.624255679905E-39
   6.28318530718      0.135615980936E-39
   12.5663706144      0.141419682713E-02
   18.8495559215      0.604300467261E-03
   25.1327412287      0.461822624533E-03
   31.4159265359      0.152399943486E-03
   37.6991118431      0.523602644507E-04
   43.9822971503      0.230378932108E-04
   50.2654824574      0.122666449579E-04
   56.5486677646      0.294620773344E-05
   62.8318530718      0.172220486870E-05
   69.1150383790      0.423963426967E-06
   75.3982236862      0.192781959681E-06
   81.6814089933      0.470633409976E-07
   87.9645943005      0.201915634443E-07
   94.2477796077      0.513074662088E-08
   100.530964915      0.185401457184E-08
   106.814150222      0.513085802335E-09
   113.097335529      0.171839104443E-09
   119.380520836      0.479930458939E-10
   125.663706144      0.151912322223E-10
   131.946891451      0.438853220631E-11
   138.230076758      0.131856064057E-11
   144.513262065      0.388804128866E-12
   150.796447372      0.115237072842E-12
   157.079632679      0.339815018623E-13
   163.362817987      0.100089898961E-13
   169.646003294      0.289640907894E-14
   175.929188601      0.856429649218E-15
   182.212373908      0.248227755396E-15
   188.495559215      0.731401073878E-16
   194.778744523      0.210292922522E-16
   201.061929830      0.619896543805E-17
   207.345115137      0.178306365315E-17
   213.628300444      0.520479202623E-18
   219.911485751      0.150381535234E-18
   226.194671058      0.434480212856E-19
   232.477856366      0.125969912966E-19
   238.761041673      0.362816006231E-20
   245.044226980      0.104903228403E-20
   251.327412287      0.301533008166E-21
   257.610597594      0.871032456278E-22
   263.893782902      0.250268474644E-22
   270.176968209      0.744974649486E-23
   276.460153516      0.378541966864E-26
   282.743338823      0.347740815512E-28
   289.026524130      0.426998759998E-29
   295.309709437      0.112212182204E-31
   301.592894745      0.375411535059E-33
   307.876080052      0.311627454640E-33
   314.159265359      0.309344069729E-33
   320.442450666      0.291260088443E-33
   326.725635973      0.222816083790E-33
   333.008821281      0.193842103575E-33
   339.292006588      0.258232961128E-33
   345.575191895      0.128191108196E-33
   351.858377202      0.182042707477E-33
   358.141562509      0.108077652321E-33
   364.424747816      0.936564453365E-34
   370.707933124      0.717190736710E-34
   376.991118431      0.472830317287E-34
   383.274303738      0.377236377735E-34
   389.557489045      0.336367403209E-34
   395.840674352      0.267023942499E-34
   402.123859659      0.291498604763E-34
   408.407044967      0.177255994600E-34
   414.690230274      0.139513424064E-34
   420.973415581      0.100227116934E-34
   427.256600888      0.918987916857E-35
   433.539786195      0.700224506071E-35
   439.822971503      0.552333224540E-35
   446.106156810      0.421264381948E-35
   452.389342117      0.419347111012E-35
   458.672527424      0.351864531078E-35
   464.955712731      0.326545957708E-35
   471.238898038      0.292398467023E-35
   477.522083346      0.326691338452E-35
   483.805268653      0.255904726370E-35
   490.088453960      0.267225531526E-35
   496.371639267      0.263818382942E-35
   502.654824574      0.249980900417E-35
   508.938009882      0.220259973981E-35
   515.221195189      0.192658439745E-35
   521.504380496      0.214409971489E-35
   527.787565803      0.193050044443E-35
   534.070751110      0.189230974306E-35
   540.353936417      0.156759808250E-35
   546.637121725      0.164358930628E-35
   552.920307032      0.140988453108E-35
   559.203492339      0.111237460474E-35
   565.486677646      0.126378606173E-35
   571.769862953      0.785825215458E-36
   578.053048261      0.670892506238E-36
   584.336233568      0.610225377196E-36
   590.619418875      0.538362817031E-36
   596.902604182      0.455037036928E-36
   603.185789489      0.387081380430E-36
   609.468974796      0.302332930794E-36
   615.752160104      0.291142780421E-36
   622.035345411      0.230369139945E-36
   628.318530718      0.210791974034E-36
   634.601716025      0.174379450055E-36
   640.884901332      0.153350794891E-36
   647.168086639      0.128710862896E-36
   653.451271947      0.905419169804E-37
   659.734457254      0.800388535348E-37
   666.017642561      0.732934886501E-37
   672.300827868      0.538915233217E-37
   678.584013175      0.303345174581E-37
   684.867198483      0.126555214955E-37
   691.150383790      0.133793274603E-37
   697.433569097      0.385862282061E-39
   6.28318530718      0.174851211712E-39
   12.5663706144      0.140304110466E-02
   18.8495559215      0.603553363514E-03
   25.1327412287      0.465366764270E-03
   31.4159265359      0.154543758980E-03
   37.6991118431      0.530518997709E-04
   43.9822971503      0.235085089577E-04
   50.2654824574      0.126002372886E-04
   56.5486677646      0.303911394331E-05
   62.8318530718      0.179596076417E-05
   69.1150383790      0.443566266677E-06
   75.3982236862      0.203940187733E-06
   81.6814089933      0.499084603057E-07
   87.9645943005      0.216276147487E-07
   94.2477796077      0.549671491776E-08
   100.530964915      0.200099277379E-08
   106.814150222      0.555211623838E-09
   113.097335529      0.187385500576E-09
   119.380520836      0.524726906338E-10
   125.663706144      0.167105024307E-10
   131.946891451      0.484917885947E-11
   138.230076758      0.146246769104E-11
   144.513262065      0.433691975657E-12
   150.796447372      0.129013312801E-12
   157.079632679      0.382688503435E-13
   163.362817987      0.113139065092E-13
   169.646003294      0.328917468238E-14
   175.929188601      0.977178352936E-15
   182.212373908      0.284514087708E-15
   188.495559215      0.842571961569E-16
   194.778744523      0.243252915882E-16
   201.061929830      0.721011239934E-17
   207.345115137      0.208253049323E-17
   213.628300444      0.611072933826E-18
   219.911485751      0.177367365096E-18
   226.194671058      0.514940700427E-19
   232.477856366      0.150044714093E-19
   238.761041673      0.434253571136E-20
   245.044226980      0.126199264933E-20
   251.327412287      0.364524353589E-21
   257.610597594      0.105852225078E-21
   263.893782902      0.305671642721E-22
   270.176968209      0.915191704091E-23
   276.460153516      0.456728019685E-26
   282.743338823      0.424998948882E-28
   289.026524130      0.547391880409E-29
   295.309709437      0.695690936925E-31
   301.592894745      0.377764820781E-33
   307.876080052      0.313379489043E-33
   314.159265359      0.315417837024E-33
   320.442450666      0.295574473554E-33
   326.725635973      0.224252259118E-33
   333.008821281      0.192427759687E-33
   339.292006588      0.259376270623E-33
   345.575191895      0.130365999955E-33
   351.858377202      0.183170756983E-33
   358.141562509      0.109196041334E-33
   364.424747816      0.950025401532E-34
   370.707933124      0.712450457513E-34
   376.991118431      0.466044006934E-34
   383.274303738      0.372660991471E-34
   389.557489045      0.318651086974E-34
   395.840674352      0.283980884248E-34
   402.123859659      0.296291018892E-34
   408.407044967      0.177911353100E-34
   414.690230274      0.138981217204E-34
   420.973415581      0.102400008638E-34
   427.256600888      0.897259982890E-35
   433.539786195      0.688052852472E-35
   439.822971503      0.534292002754E-35
   446.106156810      0.460101420980E-35
   452.389342117      0.419186693098E-35
   458.672527424      0.358014153482E-35
   464.955712731      0.321807466083E-35
   471.238898038      0.318696303563E-35
   477.522083346      0.301410589418E-35
   483.805268653      0.285404731430E-35
   490.088453960      0.284001057852E-35
   496.371639267      0.259320572699E-35
   502.654824574      0.261569254405E-35
   508.938009882      0.210558295979E-35
   515.221195189      0.213009679854E-35
   521.504380496      0.224555410312E-35
   527.787565803      0.184790730728E-35
   534.070751110      0.178378993219E-35
   540.353936417      0.167704453713E-35
   546.637121725      0.146218794134E-35
   552.920307032      0.161716677035E-35
   559.203492339      0.115936965933E-35
   565.486677646      0.106544676853E-35
   571.769862953      0.760087993654E-36
   578.053048261      0.678404613906E-36
   584.336233568      0.583742424493E-36
   590.619418875      0.527886866477E-36
   596.902604182      0.453046968076E-36
   603.185789489      0.392146809564E-36
   609.468974796      0.312028229780E-36
   615.752160104      0.296731216379E-36
   622.035345411      0.245693730681E-36
   628.318530718      0.214462788889E-36
   634.601716025      0.186317205551E-36
   640.884901332      0.162042555609E-36
   647.168086639      0.129233896511E-36
   653.451271947      0.909563904449E-37
   659.734457254      0.802074305528E-37
   666.017642561      0.810060957608E-37
   672.300827868      0.467669104211E-37
   678.584013175      0.238743843849E-37
   684.867198483      0.111188917124E-37
   691.150383790      0.106267561852E-37
   697.433569097      0.382612989010E-39
   6.28318530718      0.240366731833E-38
   12.5663706144      0.139195609733E-02
   18.8495559215      0.602770683461E-03
   25.1327412287      0.468843236071E-03
   31.4159265359      0.156704010755E-03
   37.6991118431      0.537463307766E-04
   43.9822971503      0.239778567748E-04
   50.2654824574      0.129376484541E-04
   56.5486677646      0.313337556374E-05
   62.8318530718      0.187183027287E-05
   69.1150383790      0.463764125177E-06
   75.3982236862      0.215613035036E-06
   81.6814089933      0.528975447632E-07
   87.9645943005      0.231525949605E-07
   94.2477796077      0.588471326600E-08
   100.530964915      0.215798005825E-08
   106.814150222      0.600266004952E-09
   113.097335529      0.204153515403E-09
   119.380520836      0.573130804400E-10
   125.663706144      0.183625818511E-10
   131.946891451      0.535236727497E-11
   138.230076758      0.162017524822E-11
   144.513262065      0.483174697856E-12
   150.796447372      0.144244519680E-12
   157.079632679      0.430393423046E-13
   163.362817987      0.127700074327E-13
   169.646003294      0.372960172993E-14
   175.929188601      0.111313791954E-14
   182.212373908      0.325559764051E-15
   188.495559215      0.968914059270E-16
   194.778744523      0.280862051879E-16
   201.061929830      0.836999090445E-17
   207.345115137      0.242740672887E-17
   213.628300444      0.715934091251E-18
   219.911485751      0.208739351732E-18
   226.194671058      0.608927132083E-19
   232.477856366      0.178300364908E-19
   238.761041673      0.518497491242E-20
   245.044226980      0.151436156650E-20
   251.327412287      0.439530812529E-21
   257.610597594      0.128290335748E-21
   263.893782902      0.372302441510E-22
   270.176968209      0.112106419587E-22
   276.460153516      0.547067578077E-26
   282.743338823      0.525417437670E-28
   289.026524130      0.692060744526E-29
   295.309709437      0.207742620522E-30
   301.592894745      0.381208757451E-33
   307.876080052      0.319132461898E-33
   314.159265359      0.316629691273E-33
   320.442450666      0.298408448180E-33
   326.725635973      0.226007437635E-33
   333.008821281      0.194272531803E-33
   339.292006588      0.259993523125E-33
   345.575191895      0.131044704250E-33
   351.858377202      0.184036577808E-33
   358.141562509      0.109140781796E-33
   364.424747816      0.941405381669E-34
   370.707933124      0.716457820105E-34
   376.991118431      0.479152207302E-34
   383.274303738      0.376877876815E-34
   389.557489045      0.330879719524E-34
   395.840674352      0.364763633444E-34
   402.123859659      0.297289045814E-34
   408.407044967      0.182697964661E-34
   414.690230274      0.143521690102E-34
   420.973415581      0.105901016736E-34
   427.256600888      0.918473258561E-35
   433.539786195      0.704764525438E-35
   439.822971503      0.554146939949E-35
   446.106156810      0.443222276666E-35
   452.389342117      0.397221147777E-35
   458.672527424      0.336504670919E-35
   464.955712731      0.316202836679E-35
   471.238898038      0.282141949300E-35
   477.522083346      0.288898870625E-35
   483.805268653      0.253405018817E-35
   490.088453960      0.275770072417E-35
   496.371639267      0.252057333486E-35
   502.654824574      0.230923093725E-35
   508.938009882      0.204639884819E-35
   515.221195189      0.211123037795E-35
   521.504380496      0.201582751982E-35
   527.787565803      0.179244597777E-35
   534.070751110      0.184652302822E-35
   540.353936417      0.153487904215E-35
   546.637121725      0.139903654524E-35
   552.920307032      0.148125147116E-35
   559.203492339      0.104878014261E-35
   565.486677646      0.110025690801E-35
   571.769862953      0.775681793994E-36
   578.053048261      0.678666158172E-36
   584.336233568      0.566828074956E-36
   590.619418875      0.512041704236E-36
   596.902604182      0.433583768509E-36
   603.185789489      0.383025483963E-36
   609.468974796      0.303514218065E-36
   615.752160104      0.303387577006E-36
   622.035345411      0.233441428245E-36
   628.318530718      0.206887305641E-36
   634.601716025      0.184331377185E-36
   640.884901332      0.149748761312E-36
   647.168086639      0.124424865683E-36
   653.451271947      0.901590816541E-37
   659.734457254      0.852823625047E-37
   666.017642561      0.676317025325E-37
   672.300827868      0.523563757821E-37
   678.584013175      0.286929572088E-37
   684.867198483      0.170319134675E-37
   691.150383790      0.107042612389E-37
   697.433569097      0.968487894758E-39
